customer_id,campaign_type,touch_count,clicks,conversions
CUST_1000,Promotion banner,3,3,0
CUST_1000,Promotion banner,4,2,0
CUST_1000,SMS,3,0,1
CUST_1000,SMS,1,2,1
CUST_1001,SMS,2,1,0
CUST_1001,Email,4,3,0
CUST_1001,Push Notification,1,2,1
CUST_1001,Promotion banner,5,1,1
CUST_1002,Push Notification,1,3,0
CUST_1002,SMS,2,3,0
CUST_1002,Promotion banner,2,3,0
CUST_1003,SMS,2,2,0
CUST_1003,SMS,2,0,0
CUST_1003,SMS,3,2,0
CUST_1003,Email,1,2,0
CUST_1004,Push Notification,4,3,0
CUST_1004,Push Notification,5,1,1
CUST_1004,Promotion banner,1,3,1
CUST_1004,Push Notification,3,3,1
CUST_1005,Email,2,3,1
CUST_1005,Push Notification,5,0,1
CUST_1006,Promotion banner,5,3,0
CUST_1007,Email,5,1,0
CUST_1007,Push Notification,3,3,1
CUST_1008,Promotion banner,2,2,0
CUST_1008,Push Notification,3,0,1
CUST_1008,Email,4,0,0
CUST_1008,SMS,5,1,0
CUST_1009,Push Notification,5,1,1
CUST_1010,SMS,3,0,0
CUST_1010,Promotion banner,4,0,1
CUST_1010,Email,4,0,0
CUST_1010,SMS,3,1,1
CUST_1011,Email,2,0,0
CUST_1011,SMS,5,1,1
CUST_1011,SMS,2,2,0
CUST_1011,Push Notification,3,2,1
CUST_1012,Promotion banner,4,1,1
CUST_1012,SMS,1,0,1
CUST_1013,Push Notification,3,1,1
CUST_1014,SMS,1,0,1
CUST_1014,Email,5,1,0
CUST_1014,Email,1,1,0
CUST_1014,Push Notification,2,0,0
CUST_1015,Promotion banner,3,2,0
CUST_1015,Promotion banner,2,1,0
CUST_1015,Push Notification,1,3,0
CUST_1016,Promotion banner,3,2,0
CUST_1016,Email,2,3,1
CUST_1016,Email,2,0,0
CUST_1016,SMS,2,0,0
CUST_1017,SMS,3,3,0
CUST_1018,SMS,2,3,0
CUST_1019,Email,1,1,0
CUST_1019,Email,2,2,1
CUST_1020,Push Notification,3,1,0
CUST_1020,SMS,3,1,0
CUST_1020,Push Notification,2,1,0
CUST_1021,Promotion banner,5,0,0
CUST_1021,SMS,1,2,0
CUST_1021,SMS,1,2,0
CUST_1021,Email,5,0,1
CUST_1022,SMS,3,3,1
CUST_1022,SMS,5,0,1
CUST_1022,SMS,4,2,0
CUST_1023,SMS,2,3,1
CUST_1023,Promotion banner,3,0,0
CUST_1024,Promotion banner,3,3,0
CUST_1025,Push Notification,4,0,0
CUST_1026,SMS,5,0,0
CUST_1027,SMS,5,3,1
CUST_1027,Push Notification,1,1,0
CUST_1027,SMS,5,3,1
CUST_1027,Email,4,2,1
CUST_1028,Push Notification,3,1,0
CUST_1028,Email,3,3,0
CUST_1029,Promotion banner,3,1,0
CUST_1029,SMS,4,2,1
CUST_1029,Email,5,0,0
CUST_1030,Push Notification,4,2,0
CUST_1031,Push Notification,3,0,0
CUST_1031,Promotion banner,4,0,1
CUST_1031,Push Notification,3,1,1
CUST_1031,Email,1,3,1
CUST_1032,Push Notification,1,1,1
CUST_1032,SMS,3,0,0
CUST_1033,Push Notification,3,3,1
CUST_1033,Email,3,3,0
CUST_1033,SMS,3,3,0
CUST_1034,Email,4,1,0
CUST_1035,Email,1,3,1
CUST_1035,SMS,3,1,1
CUST_1035,Push Notification,4,2,0
CUST_1035,Push Notification,5,2,0
CUST_1036,SMS,1,3,0
CUST_1036,Push Notification,3,0,1
CUST_1036,Email,2,1,0
CUST_1037,Promotion banner,2,3,0
CUST_1037,SMS,5,2,1
CUST_1037,Push Notification,4,0,1
CUST_1038,Push Notification,2,3,1
CUST_1039,SMS,4,2,0
CUST_1039,Email,2,3,1
CUST_1039,Push Notification,3,0,1
CUST_1039,Promotion banner,2,2,0
CUST_1040,SMS,1,0,0
CUST_1040,SMS,1,3,0
CUST_1040,Email,1,3,0
CUST_1040,Push Notification,1,1,1
CUST_1041,Promotion banner,1,1,0
CUST_1042,SMS,1,3,1
CUST_1043,Push Notification,1,2,1
CUST_1043,Push Notification,4,3,1
CUST_1043,Email,3,2,0
CUST_1043,Push Notification,4,3,1
CUST_1044,Promotion banner,1,0,0
CUST_1044,Push Notification,4,0,0
CUST_1044,Email,5,0,0
CUST_1044,Promotion banner,3,3,0
CUST_1045,SMS,5,3,0
CUST_1046,Push Notification,4,2,0
CUST_1046,SMS,4,2,0
CUST_1046,SMS,5,0,0
CUST_1047,Email,5,1,1
CUST_1047,Push Notification,2,1,0
CUST_1047,SMS,2,1,1
CUST_1047,Push Notification,4,1,1
CUST_1048,Push Notification,3,3,0
CUST_1048,Push Notification,1,3,0
CUST_1048,Promotion banner,3,1,1
CUST_1049,Promotion banner,2,1,0
CUST_1049,Promotion banner,2,3,0
CUST_1050,SMS,3,2,0
CUST_1050,Push Notification,4,0,0
CUST_1050,Push Notification,5,3,1
CUST_1050,Push Notification,1,0,1
CUST_1051,Email,5,1,0
CUST_1051,Push Notification,4,2,1
CUST_1051,Email,5,1,1
CUST_1052,Push Notification,5,1,0
CUST_1052,Email,2,1,1
CUST_1053,Push Notification,4,2,0
CUST_1053,SMS,5,1,0
CUST_1053,Promotion banner,4,1,1
CUST_1053,SMS,1,3,0
CUST_1054,Email,5,2,0
CUST_1054,SMS,4,2,1
CUST_1054,Push Notification,2,3,0
CUST_1055,SMS,5,2,1
CUST_1055,Email,1,0,1
CUST_1056,Email,2,0,1
CUST_1057,Push Notification,1,3,1
CUST_1057,Promotion banner,5,2,1
CUST_1058,Promotion banner,4,1,1
CUST_1059,Email,2,3,0
CUST_1059,SMS,1,1,1
CUST_1059,Push Notification,3,3,0
CUST_1060,SMS,2,3,0
CUST_1060,SMS,4,1,1
CUST_1061,Promotion banner,1,1,0
CUST_1061,Email,2,1,1
CUST_1061,SMS,1,1,0
CUST_1061,Push Notification,2,0,1
CUST_1062,Push Notification,3,3,0
CUST_1062,Email,5,3,1
CUST_1062,Promotion banner,1,2,1
CUST_1062,Promotion banner,2,2,1
CUST_1063,Email,3,0,1
CUST_1064,Promotion banner,3,1,1
CUST_1064,Push Notification,1,0,0
CUST_1065,SMS,2,2,0
CUST_1066,Promotion banner,5,2,0
CUST_1067,Push Notification,4,0,0
CUST_1067,Email,5,1,0
CUST_1067,Email,2,0,0
CUST_1067,Push Notification,1,3,1
CUST_1068,Email,2,3,0
CUST_1068,Promotion banner,2,1,0
CUST_1069,Push Notification,4,1,0
CUST_1070,SMS,3,2,1
CUST_1070,Email,5,3,0
CUST_1071,SMS,2,1,0
CUST_1071,Push Notification,4,0,1
CUST_1071,Email,3,1,0
CUST_1072,SMS,3,0,1
CUST_1072,Email,2,0,1
CUST_1073,Email,3,2,1
CUST_1073,Push Notification,5,2,0
CUST_1073,Promotion banner,2,0,0
CUST_1074,Email,5,2,1
CUST_1075,Email,5,1,1
CUST_1075,SMS,1,0,1
CUST_1075,Push Notification,3,1,0
CUST_1075,Email,4,3,1
CUST_1076,Email,4,2,1
CUST_1076,Promotion banner,1,2,1
CUST_1076,Promotion banner,2,1,1
CUST_1077,Promotion banner,4,3,1
CUST_1077,Push Notification,5,0,1
CUST_1077,SMS,1,0,1
CUST_1077,Promotion banner,3,3,1
CUST_1078,SMS,4,2,1
CUST_1079,SMS,3,3,1
CUST_1079,SMS,2,0,0
CUST_1080,Push Notification,5,1,1
CUST_1081,Email,4,2,1
CUST_1082,Email,1,0,0
CUST_1083,SMS,5,2,1
CUST_1084,Push Notification,5,3,0
CUST_1084,Email,5,0,0
CUST_1084,SMS,4,0,1
CUST_1085,Email,4,3,1
CUST_1085,Promotion banner,2,3,0
CUST_1085,Promotion banner,4,0,0
CUST_1086,SMS,5,3,0
CUST_1086,SMS,3,0,0
CUST_1086,Email,5,1,0
CUST_1087,SMS,3,3,1
CUST_1087,SMS,1,0,1
CUST_1087,SMS,3,2,1
CUST_1088,SMS,2,1,0
CUST_1088,Promotion banner,4,2,0
CUST_1088,Push Notification,5,2,0
CUST_1088,Email,4,0,1
CUST_1089,SMS,4,3,0
CUST_1089,SMS,4,3,1
CUST_1090,Promotion banner,3,2,0
CUST_1090,Email,3,0,0
CUST_1090,Promotion banner,2,2,0
CUST_1090,Promotion banner,1,2,0
CUST_1091,Email,2,3,0
CUST_1091,SMS,4,1,0
CUST_1092,Email,2,1,0
CUST_1092,SMS,3,0,0
CUST_1092,Push Notification,2,3,0
CUST_1092,Email,5,0,0
CUST_1093,SMS,5,0,0
CUST_1093,SMS,4,1,1
CUST_1093,SMS,3,3,1
CUST_1093,SMS,1,3,1
CUST_1094,Push Notification,5,2,1
CUST_1095,Email,3,3,1
CUST_1095,Promotion banner,4,2,0
CUST_1095,SMS,4,3,1
CUST_1096,Email,4,1,1
CUST_1096,SMS,4,3,0
CUST_1096,Promotion banner,1,2,0
CUST_1097,SMS,4,0,0
CUST_1097,Promotion banner,3,3,1
CUST_1098,SMS,3,0,1
CUST_1098,Promotion banner,2,1,0
CUST_1098,Promotion banner,3,0,0
CUST_1099,Promotion banner,2,3,1
CUST_1099,SMS,1,3,0
CUST_1099,SMS,3,0,1
CUST_1100,Push Notification,4,0,0
CUST_1100,SMS,3,0,0
CUST_1100,SMS,2,0,0
CUST_1101,Promotion banner,1,3,1
CUST_1102,Email,3,1,1
CUST_1102,Push Notification,3,2,1
CUST_1102,Email,1,1,0
CUST_1102,Promotion banner,2,1,1
CUST_1103,Promotion banner,3,2,1
CUST_1103,SMS,3,3,1
CUST_1103,Promotion banner,1,0,1
CUST_1103,Push Notification,1,2,0
CUST_1104,Email,5,1,0
CUST_1104,Promotion banner,5,3,0
CUST_1104,Push Notification,2,1,1
CUST_1105,Promotion banner,3,2,0
CUST_1106,SMS,1,0,0
CUST_1106,Promotion banner,3,0,0
CUST_1106,SMS,1,3,0
CUST_1106,Email,5,3,1
CUST_1107,Push Notification,5,1,1
CUST_1107,Push Notification,3,0,0
CUST_1107,Promotion banner,5,0,0
CUST_1107,Promotion banner,3,1,0
CUST_1108,SMS,3,2,0
CUST_1108,Email,3,2,0
CUST_1108,Push Notification,3,0,0
CUST_1108,Push Notification,3,2,0
CUST_1109,Email,2,1,1
CUST_1110,Promotion banner,2,3,1
CUST_1111,Push Notification,4,2,0
CUST_1112,Promotion banner,1,2,0
CUST_1112,SMS,3,0,1
CUST_1112,Push Notification,2,3,0
CUST_1113,SMS,1,0,0
CUST_1113,SMS,2,3,1
CUST_1113,Promotion banner,5,2,1
CUST_1114,SMS,5,1,1
CUST_1114,SMS,5,1,1
CUST_1114,Email,5,3,0
CUST_1115,Push Notification,4,2,1
CUST_1115,Push Notification,3,2,1
CUST_1115,Promotion banner,2,1,1
CUST_1115,Email,1,1,0
CUST_1116,Promotion banner,5,1,0
CUST_1116,Promotion banner,3,3,1
CUST_1116,Push Notification,1,0,0
CUST_1116,SMS,3,3,0
CUST_1117,Push Notification,5,0,0
CUST_1118,SMS,1,1,1
CUST_1118,Promotion banner,3,3,1
CUST_1119,Promotion banner,4,0,0
CUST_1119,Push Notification,4,2,1
CUST_1119,Push Notification,1,3,1
CUST_1119,SMS,3,1,1
CUST_1120,SMS,3,3,0
CUST_1120,Promotion banner,4,0,1
CUST_1120,SMS,1,3,1
CUST_1121,Email,4,2,1
CUST_1121,SMS,5,1,1
CUST_1122,Email,4,2,1
CUST_1122,Push Notification,3,0,1
CUST_1123,SMS,3,3,0
CUST_1123,Promotion banner,4,1,0
CUST_1123,Email,3,1,0
CUST_1124,Push Notification,5,1,1
CUST_1124,Email,4,2,1
CUST_1124,Push Notification,4,2,1
CUST_1124,Push Notification,2,3,1
CUST_1125,Push Notification,1,2,0
CUST_1125,Promotion banner,1,3,0
CUST_1125,SMS,4,3,1
CUST_1125,Email,2,2,1
CUST_1126,Push Notification,3,2,0
CUST_1126,Email,3,1,0
CUST_1126,Promotion banner,3,1,1
CUST_1126,Push Notification,2,2,1
CUST_1127,Email,1,0,1
CUST_1128,Promotion banner,4,3,0
CUST_1128,Email,5,3,0
CUST_1128,Promotion banner,2,0,1
CUST_1128,SMS,1,3,1
CUST_1129,Email,1,0,1
CUST_1130,Promotion banner,1,1,1
CUST_1130,Push Notification,5,3,1
CUST_1131,SMS,5,2,1
CUST_1132,Email,3,0,1
CUST_1132,Push Notification,2,2,0
CUST_1132,Push Notification,1,1,1
CUST_1132,Promotion banner,2,3,0
CUST_1133,Email,2,2,1
CUST_1133,Push Notification,5,0,0
CUST_1133,Promotion banner,5,1,1
CUST_1133,Push Notification,5,0,0
CUST_1134,Email,4,3,1
CUST_1134,Email,1,0,1
CUST_1134,Promotion banner,5,2,0
CUST_1134,Promotion banner,4,2,1
CUST_1135,Email,3,0,1
CUST_1135,SMS,5,3,0
CUST_1135,Promotion banner,3,3,0
CUST_1135,SMS,2,0,1
CUST_1136,Push Notification,4,0,1
CUST_1136,Email,1,3,1
CUST_1136,Push Notification,3,0,1
CUST_1137,Email,4,1,0
CUST_1138,Promotion banner,4,2,1
CUST_1139,Email,4,1,1
CUST_1140,Email,3,3,0
CUST_1140,Email,4,2,0
CUST_1140,SMS,4,0,1
CUST_1140,Email,2,0,0
CUST_1141,Push Notification,4,3,0
CUST_1141,Push Notification,5,3,1
CUST_1141,Push Notification,4,0,1
CUST_1141,SMS,4,2,1
CUST_1142,Push Notification,2,0,1
CUST_1142,SMS,3,2,0
CUST_1142,Push Notification,3,1,1
CUST_1143,Push Notification,1,0,0
CUST_1143,SMS,2,0,0
CUST_1144,Email,2,3,1
CUST_1144,SMS,3,3,1
CUST_1145,Email,1,3,1
CUST_1145,Email,2,1,0
CUST_1146,SMS,5,3,1
CUST_1146,Promotion banner,3,0,1
CUST_1146,Promotion banner,3,3,0
CUST_1146,SMS,1,2,1
CUST_1147,Push Notification,4,3,0
CUST_1147,SMS,4,3,1
CUST_1147,SMS,1,2,1
CUST_1147,Push Notification,1,1,0
CUST_1148,SMS,2,0,0
CUST_1149,Email,5,3,1
CUST_1149,SMS,3,0,0
CUST_1150,Email,1,2,1
CUST_1151,Email,3,1,0
CUST_1152,Promotion banner,5,1,0
CUST_1152,Email,1,3,0
CUST_1152,Email,4,1,1
CUST_1153,Promotion banner,5,3,1
CUST_1153,SMS,1,1,0
CUST_1153,Promotion banner,2,3,1
CUST_1153,Promotion banner,3,2,0
CUST_1154,Push Notification,5,2,1
CUST_1155,Push Notification,1,2,1
CUST_1155,SMS,3,3,1
CUST_1156,Promotion banner,4,3,1
CUST_1156,Email,3,0,0
CUST_1157,SMS,3,0,1
CUST_1157,Promotion banner,4,1,1
CUST_1158,Email,5,2,1
CUST_1159,SMS,1,3,0
CUST_1159,Promotion banner,5,3,1
CUST_1159,Email,4,2,0
CUST_1160,Promotion banner,3,3,1
CUST_1161,Promotion banner,1,0,0
CUST_1161,SMS,1,3,0
CUST_1161,Email,4,3,0
CUST_1162,Email,2,1,1
CUST_1162,Push Notification,2,3,0
CUST_1163,SMS,1,3,0
CUST_1163,Push Notification,4,1,1
CUST_1163,Email,4,2,1
CUST_1163,Email,2,2,1
CUST_1164,Email,3,0,0
CUST_1164,Promotion banner,4,0,1
CUST_1164,Promotion banner,3,1,0
CUST_1164,Push Notification,5,2,1
CUST_1165,Promotion banner,2,1,0
CUST_1165,SMS,3,2,0
CUST_1165,Email,2,0,1
CUST_1165,Promotion banner,5,1,1
CUST_1166,Promotion banner,3,0,1
CUST_1167,Push Notification,2,1,1
CUST_1167,Promotion banner,5,0,0
CUST_1167,Push Notification,5,0,1
CUST_1168,Email,3,1,1
CUST_1169,Email,5,1,1
CUST_1169,Promotion banner,4,3,0
CUST_1170,Push Notification,2,3,1
CUST_1170,Promotion banner,5,0,0
CUST_1171,SMS,4,0,0
CUST_1171,Push Notification,5,3,0
CUST_1171,Push Notification,1,2,0
CUST_1171,SMS,1,3,0
CUST_1172,Promotion banner,1,1,0
CUST_1172,Promotion banner,1,2,1
CUST_1173,Promotion banner,4,2,0
CUST_1173,Push Notification,1,2,1
CUST_1173,Email,2,1,0
CUST_1173,Promotion banner,2,2,0
CUST_1174,SMS,1,0,0
CUST_1174,Push Notification,3,1,1
CUST_1175,Push Notification,3,2,1
CUST_1175,SMS,2,2,1
CUST_1176,SMS,3,1,1
CUST_1176,Email,1,2,1
CUST_1177,Push Notification,1,0,1
CUST_1178,Push Notification,5,2,0
CUST_1178,Email,5,0,0
CUST_1179,Push Notification,1,0,1
CUST_1179,Push Notification,3,3,1
CUST_1180,Email,3,2,1
CUST_1180,Push Notification,4,3,0
CUST_1181,Promotion banner,5,3,0
CUST_1181,Email,4,1,0
CUST_1181,Push Notification,2,0,1
CUST_1181,Promotion banner,1,2,0
CUST_1182,SMS,1,0,0
CUST_1182,Promotion banner,4,2,0
CUST_1182,Push Notification,3,0,1
CUST_1183,Push Notification,5,1,1
CUST_1184,Email,5,3,1
CUST_1184,Email,2,2,1
CUST_1185,Promotion banner,2,2,1
CUST_1186,SMS,2,2,1
CUST_1186,SMS,4,0,0
CUST_1186,Email,3,3,0
CUST_1187,Email,5,2,0
CUST_1187,Push Notification,3,0,0
CUST_1188,Promotion banner,4,0,1
CUST_1188,Promotion banner,1,3,1
CUST_1188,SMS,3,2,0
CUST_1188,SMS,4,0,0
CUST_1189,Promotion banner,4,0,0
CUST_1189,Email,4,0,0
CUST_1189,Email,4,2,1
CUST_1190,SMS,4,2,0
CUST_1191,SMS,4,2,0
CUST_1192,SMS,3,3,0
CUST_1192,Email,5,3,1
CUST_1192,Promotion banner,4,0,1
CUST_1192,Promotion banner,5,2,0
CUST_1193,SMS,5,2,1
CUST_1193,Push Notification,1,2,0
CUST_1193,Push Notification,1,2,1
CUST_1194,SMS,4,0,0
CUST_1195,Promotion banner,3,1,1
CUST_1196,Promotion banner,3,3,1
CUST_1197,SMS,4,3,0
CUST_1197,SMS,1,1,0
CUST_1197,Promotion banner,5,3,0
CUST_1197,Email,4,3,1
CUST_1198,Promotion banner,5,0,1
CUST_1198,SMS,5,3,0
CUST_1199,Email,2,0,0
CUST_1199,Push Notification,2,2,1
CUST_1200,SMS,3,1,1
CUST_1200,Push Notification,1,1,1
CUST_1201,SMS,2,0,1
CUST_1201,Email,1,3,0
CUST_1202,Email,3,2,0
CUST_1202,Promotion banner,2,3,1
CUST_1203,SMS,2,2,1
CUST_1204,Push Notification,3,1,0
CUST_1204,Promotion banner,2,2,0
CUST_1205,Push Notification,1,0,0
CUST_1205,Promotion banner,1,0,1
CUST_1206,Promotion banner,4,0,0
CUST_1206,Email,5,0,1
CUST_1206,Push Notification,5,2,0
CUST_1207,Promotion banner,4,0,1
CUST_1207,SMS,1,0,0
CUST_1208,Email,3,2,1
CUST_1209,SMS,5,3,0
CUST_1209,SMS,2,0,0
CUST_1209,Promotion banner,1,0,0
CUST_1209,SMS,4,3,1
CUST_1210,SMS,2,0,1
CUST_1210,Promotion banner,3,2,0
CUST_1210,SMS,3,3,1
CUST_1211,Push Notification,2,3,0
CUST_1211,SMS,4,2,1
CUST_1211,Push Notification,1,0,0
CUST_1212,Email,2,1,1
CUST_1212,Push Notification,4,0,1
CUST_1213,Email,5,3,1
CUST_1214,Push Notification,2,2,0
CUST_1214,Push Notification,2,0,1
CUST_1214,Push Notification,3,1,0
CUST_1214,SMS,2,0,1
CUST_1215,Promotion banner,4,3,0
CUST_1215,Email,5,2,1
CUST_1215,SMS,4,3,0
CUST_1215,Promotion banner,1,2,1
CUST_1216,Promotion banner,4,3,0
CUST_1216,SMS,2,3,1
CUST_1217,Push Notification,5,2,0
CUST_1217,Promotion banner,3,2,0
CUST_1218,SMS,1,3,0
CUST_1218,Promotion banner,3,1,1
CUST_1218,Push Notification,5,3,1
CUST_1218,Push Notification,1,0,1
CUST_1219,Promotion banner,5,2,1
CUST_1219,Promotion banner,5,0,1
CUST_1219,Email,2,2,0
CUST_1220,SMS,5,1,1
CUST_1220,Email,3,2,1
CUST_1221,Promotion banner,5,1,1
CUST_1222,Push Notification,5,1,1
CUST_1222,SMS,1,3,1
CUST_1222,Promotion banner,5,1,1
CUST_1222,SMS,1,1,0
CUST_1223,Email,4,2,0
CUST_1223,SMS,2,3,1
CUST_1223,Email,5,0,0
CUST_1224,SMS,4,0,1
CUST_1225,SMS,2,2,1
CUST_1226,Push Notification,4,0,0
CUST_1226,Promotion banner,5,3,1
CUST_1226,Email,5,3,0
CUST_1226,Push Notification,1,2,1
CUST_1227,SMS,3,3,1
CUST_1227,Promotion banner,3,3,0
CUST_1228,Push Notification,3,2,1
CUST_1228,Email,1,1,0
CUST_1228,Email,2,2,0
CUST_1228,SMS,1,2,0
CUST_1229,Promotion banner,2,3,1
CUST_1229,SMS,5,3,1
CUST_1229,Promotion banner,2,2,0
CUST_1230,Promotion banner,2,2,0
CUST_1230,Push Notification,2,3,1
CUST_1230,Push Notification,2,2,1
CUST_1231,Promotion banner,2,2,0
CUST_1231,Promotion banner,5,1,0
CUST_1231,SMS,5,3,1
CUST_1232,Promotion banner,1,3,1
CUST_1232,Email,5,1,1
CUST_1233,Promotion banner,2,0,1
CUST_1233,Push Notification,5,1,1
CUST_1233,Promotion banner,3,2,0
CUST_1234,Email,3,0,0
CUST_1234,Promotion banner,2,3,1
CUST_1235,SMS,4,1,0
CUST_1236,Push Notification,1,3,1
CUST_1236,Email,3,3,1
CUST_1237,SMS,5,2,1
CUST_1237,Email,4,1,1
CUST_1238,Promotion banner,4,2,1
CUST_1239,SMS,5,0,0
CUST_1239,Email,1,3,1
CUST_1240,Email,2,2,0
CUST_1240,Promotion banner,5,3,0
CUST_1241,Push Notification,2,0,0
CUST_1241,Email,3,1,0
CUST_1241,SMS,5,2,1
CUST_1241,SMS,2,3,1
CUST_1242,Email,4,1,1
CUST_1242,Promotion banner,2,2,0
CUST_1242,Push Notification,2,1,0
CUST_1242,Push Notification,2,0,1
CUST_1243,Push Notification,1,3,0
CUST_1244,Promotion banner,2,0,1
CUST_1244,Push Notification,3,2,1
CUST_1244,SMS,3,3,0
CUST_1244,Promotion banner,5,3,0
CUST_1245,Push Notification,5,1,0
CUST_1246,Push Notification,4,1,1
CUST_1246,SMS,4,2,1
CUST_1246,Email,1,1,1
CUST_1247,SMS,3,3,1
CUST_1248,SMS,1,1,0
CUST_1248,Email,1,0,1
CUST_1249,Email,3,3,0
CUST_1249,Promotion banner,5,3,1
CUST_1249,Email,2,3,0
CUST_1250,Email,1,0,1
CUST_1250,Promotion banner,5,3,1
CUST_1251,SMS,5,3,1
CUST_1251,Push Notification,1,1,1
CUST_1251,SMS,5,0,0
CUST_1252,Push Notification,3,0,1
CUST_1252,Push Notification,4,2,0
CUST_1252,Promotion banner,2,3,0
CUST_1252,SMS,3,0,0
CUST_1253,SMS,2,0,1
CUST_1253,Push Notification,5,1,0
CUST_1253,Push Notification,5,3,0
CUST_1253,Email,2,2,0
CUST_1254,Promotion banner,4,2,0
CUST_1255,Promotion banner,1,1,1
CUST_1255,Promotion banner,1,0,1
CUST_1255,SMS,1,2,0
CUST_1255,Email,3,2,0
CUST_1256,Promotion banner,2,0,0
CUST_1256,Promotion banner,1,1,0
CUST_1256,Email,2,3,1
CUST_1256,Promotion banner,2,3,1
CUST_1257,Email,3,3,1
CUST_1257,SMS,5,0,0
CUST_1258,Email,1,1,0
CUST_1258,SMS,1,0,0
CUST_1258,SMS,2,2,0
CUST_1258,Push Notification,5,0,1
CUST_1259,Email,2,3,0
CUST_1259,Push Notification,4,3,1
CUST_1260,Push Notification,1,2,0
CUST_1261,Push Notification,3,2,0
CUST_1261,Push Notification,4,2,0
CUST_1261,Push Notification,3,0,0
CUST_1262,Promotion banner,3,0,0
CUST_1263,Email,4,3,0
CUST_1263,Promotion banner,4,0,1
CUST_1264,Email,1,2,0
CUST_1264,SMS,5,0,0
CUST_1264,Promotion banner,4,2,1
CUST_1265,Email,5,1,1
CUST_1265,Promotion banner,4,1,1
CUST_1266,Push Notification,4,2,0
CUST_1267,Promotion banner,4,1,0
CUST_1268,SMS,3,0,1
CUST_1269,Push Notification,2,2,0
CUST_1270,Push Notification,1,1,1
CUST_1271,SMS,3,1,1
CUST_1271,Push Notification,5,2,0
CUST_1272,Push Notification,1,3,0
CUST_1272,Push Notification,3,2,1
CUST_1272,Email,2,1,1
CUST_1272,Promotion banner,3,2,1
CUST_1273,Email,2,2,0
CUST_1274,Promotion banner,2,0,1
CUST_1274,Promotion banner,5,2,0
CUST_1274,Push Notification,3,0,1
CUST_1274,Email,2,0,0
CUST_1275,Email,2,3,0
CUST_1276,Push Notification,4,2,0
CUST_1276,SMS,5,2,0
CUST_1277,Promotion banner,5,1,0
CUST_1277,SMS,3,2,1
CUST_1278,SMS,5,1,0
CUST_1279,Email,2,3,0
CUST_1279,Email,2,1,1
CUST_1280,Promotion banner,3,0,1
CUST_1280,Push Notification,5,2,0
CUST_1280,Email,1,1,1
CUST_1281,SMS,3,0,0
CUST_1281,Email,4,2,0
CUST_1281,SMS,1,1,0
CUST_1282,Email,5,3,0
CUST_1282,Promotion banner,2,2,1
CUST_1282,Push Notification,4,1,1
CUST_1283,Promotion banner,4,1,1
CUST_1283,Promotion banner,4,3,0
CUST_1284,Email,3,1,1
CUST_1284,Email,5,2,1
CUST_1285,Push Notification,2,3,0
CUST_1285,SMS,3,3,1
CUST_1285,Promotion banner,2,0,0
CUST_1285,Push Notification,1,3,0
CUST_1286,SMS,2,2,1
CUST_1287,Push Notification,2,0,1
CUST_1287,SMS,3,2,1
CUST_1288,Promotion banner,1,2,1
CUST_1288,Push Notification,1,2,1
CUST_1288,Push Notification,4,3,0
CUST_1289,Push Notification,3,2,1
CUST_1289,Email,1,3,1
CUST_1289,SMS,3,2,0
CUST_1290,SMS,1,0,0
CUST_1291,SMS,3,2,1
CUST_1292,Promotion banner,2,0,1
CUST_1292,Email,3,1,0
CUST_1292,Email,5,3,0
CUST_1292,Promotion banner,4,0,1
CUST_1293,SMS,1,0,1
CUST_1293,SMS,2,2,1
CUST_1293,SMS,2,3,1
CUST_1294,Push Notification,1,3,1
CUST_1294,Promotion banner,4,0,1
CUST_1294,Email,4,2,0
CUST_1294,SMS,2,2,1
CUST_1295,Email,4,3,1
CUST_1296,Promotion banner,3,0,0
CUST_1296,Promotion banner,3,3,0
CUST_1296,Promotion banner,2,2,0
CUST_1297,Push Notification,1,0,0
CUST_1298,Push Notification,5,3,1
CUST_1298,Email,4,0,1
CUST_1298,Email,5,3,1
CUST_1298,Push Notification,1,0,0
CUST_1299,SMS,5,0,1
CUST_1299,SMS,2,3,0
CUST_1300,Email,5,0,0
CUST_1300,Promotion banner,2,0,0
CUST_1300,SMS,1,3,0
CUST_1301,SMS,3,3,1
CUST_1302,Promotion banner,2,0,1
CUST_1302,Email,5,2,1
CUST_1303,Email,4,1,1
CUST_1303,SMS,3,1,1
CUST_1303,Email,2,3,0
CUST_1303,SMS,4,2,1
CUST_1304,Push Notification,4,2,1
CUST_1304,Promotion banner,1,2,1
CUST_1305,Promotion banner,5,3,1
CUST_1305,Push Notification,5,0,0
CUST_1306,Promotion banner,4,3,1
CUST_1306,Email,5,1,1
CUST_1307,Push Notification,2,1,1
CUST_1307,Promotion banner,3,0,0
CUST_1307,Push Notification,5,1,1
CUST_1308,Push Notification,2,0,0
CUST_1308,Email,3,0,1
CUST_1308,SMS,5,2,0
CUST_1308,Promotion banner,5,3,1
CUST_1309,Push Notification,2,1,1
CUST_1309,SMS,3,2,0
CUST_1309,Push Notification,5,1,1
CUST_1310,Promotion banner,2,3,1
CUST_1310,Email,3,0,0
CUST_1311,Email,2,1,0
CUST_1312,Push Notification,5,1,1
CUST_1312,Promotion banner,4,2,1
CUST_1312,Promotion banner,3,2,1
CUST_1312,SMS,1,1,1
CUST_1313,SMS,3,0,0
CUST_1313,Push Notification,5,1,1
CUST_1313,Email,2,3,0
CUST_1313,SMS,4,0,0
CUST_1314,Email,1,3,1
CUST_1314,Promotion banner,5,1,1
CUST_1314,Email,3,0,1
CUST_1315,Promotion banner,4,0,1
CUST_1315,Email,5,3,0
CUST_1315,Push Notification,2,3,0
CUST_1315,Promotion banner,3,0,0
CUST_1316,Push Notification,5,1,0
CUST_1316,Push Notification,2,2,0
CUST_1316,Push Notification,4,1,0
CUST_1317,Promotion banner,1,1,0
CUST_1317,Email,3,2,1
CUST_1317,SMS,3,1,0
CUST_1318,Push Notification,4,0,1
CUST_1318,Push Notification,3,2,0
CUST_1318,Push Notification,5,2,0
CUST_1318,SMS,5,0,0
CUST_1319,SMS,3,1,1
CUST_1319,SMS,1,3,1
CUST_1320,SMS,1,0,1
CUST_1320,Email,4,1,1
CUST_1321,Promotion banner,5,2,1
CUST_1321,Email,1,0,1
CUST_1322,SMS,5,1,1
CUST_1323,Email,3,0,1
CUST_1323,Email,3,0,1
CUST_1323,Email,1,3,0
CUST_1323,SMS,2,0,1
CUST_1324,Push Notification,3,3,1
CUST_1324,Push Notification,4,2,0
CUST_1324,Push Notification,1,0,1
CUST_1324,SMS,2,3,0
CUST_1325,Push Notification,4,0,0
CUST_1325,Push Notification,1,2,0
CUST_1325,Promotion banner,4,1,0
CUST_1325,Email,5,2,1
CUST_1326,Email,1,0,0
CUST_1326,Push Notification,3,3,0
CUST_1326,Email,2,3,0
CUST_1326,Promotion banner,1,3,1
CUST_1327,Push Notification,2,3,1
CUST_1327,Push Notification,2,3,1
CUST_1328,Promotion banner,4,2,1
CUST_1328,Promotion banner,2,1,1
CUST_1329,Email,3,3,0
CUST_1329,Push Notification,2,3,1
CUST_1329,Promotion banner,2,2,1
CUST_1330,SMS,1,0,1
CUST_1330,Push Notification,3,2,0
CUST_1330,Email,2,0,1
CUST_1331,Push Notification,4,0,0
CUST_1331,SMS,3,2,0
CUST_1332,Email,4,2,0
CUST_1332,Email,1,1,1
CUST_1332,SMS,2,0,1
CUST_1332,Promotion banner,1,2,0
CUST_1333,Email,4,0,0
CUST_1333,Push Notification,4,1,1
CUST_1333,Email,1,2,1
CUST_1334,Promotion banner,4,3,1
CUST_1334,SMS,3,1,1
CUST_1334,Promotion banner,5,3,0
CUST_1334,SMS,1,1,1
CUST_1335,Push Notification,2,2,0
CUST_1336,Push Notification,4,3,0
CUST_1336,Email,1,0,1
CUST_1336,Email,2,3,1
CUST_1336,Promotion banner,4,1,1
CUST_1337,Push Notification,5,3,0
CUST_1338,Push Notification,4,1,0
CUST_1338,Push Notification,5,3,1
CUST_1338,Push Notification,4,1,1
CUST_1338,Email,4,1,1
CUST_1339,SMS,5,3,1
CUST_1339,Email,1,0,0
CUST_1339,Push Notification,2,0,0
CUST_1339,Push Notification,2,0,0
CUST_1340,Promotion banner,5,3,0
CUST_1341,Push Notification,2,0,1
CUST_1341,Email,3,3,0
CUST_1341,Promotion banner,1,0,1
CUST_1341,Promotion banner,1,1,1
CUST_1342,Push Notification,2,3,0
CUST_1342,Push Notification,1,1,1
CUST_1342,Push Notification,5,1,0
CUST_1343,Email,4,1,1
CUST_1344,Promotion banner,4,3,1
CUST_1344,Promotion banner,2,0,1
CUST_1345,Push Notification,2,0,1
CUST_1345,Push Notification,5,0,1
CUST_1345,SMS,5,0,0
CUST_1346,SMS,1,0,1
CUST_1346,Promotion banner,2,2,0
CUST_1346,Push Notification,3,3,1
CUST_1347,Promotion banner,1,3,0
CUST_1347,SMS,1,2,0
CUST_1347,SMS,1,2,0
CUST_1347,Email,1,1,0
CUST_1348,SMS,1,1,0
CUST_1348,Promotion banner,4,2,1
CUST_1348,Email,4,2,0
CUST_1348,Email,2,1,0
CUST_1349,Email,5,3,1
CUST_1349,Email,2,3,1
CUST_1349,SMS,3,0,1
CUST_1349,Push Notification,3,0,1
CUST_1350,Promotion banner,5,2,0
CUST_1350,Push Notification,1,2,0
CUST_1350,SMS,5,2,1
CUST_1351,Promotion banner,3,1,0
CUST_1351,SMS,5,3,0
CUST_1352,SMS,1,1,0
CUST_1353,Push Notification,5,2,1
CUST_1354,Promotion banner,4,0,0
CUST_1354,SMS,1,1,1
CUST_1355,Push Notification,5,1,0
CUST_1355,Email,4,3,0
CUST_1355,SMS,1,0,1
CUST_1356,Email,4,3,0
CUST_1356,SMS,2,3,1
CUST_1357,Email,4,1,0
CUST_1357,Push Notification,4,3,1
CUST_1358,SMS,2,0,1
CUST_1359,Email,1,1,0
CUST_1359,SMS,1,2,1
CUST_1360,SMS,2,0,0
CUST_1360,Promotion banner,2,3,1
CUST_1360,SMS,2,3,1
CUST_1360,Push Notification,2,2,0
CUST_1361,Promotion banner,3,3,0
CUST_1361,SMS,5,0,0
CUST_1361,Promotion banner,3,1,1
CUST_1362,Promotion banner,1,3,1
CUST_1362,Promotion banner,1,1,1
CUST_1362,Promotion banner,1,0,0
CUST_1362,Push Notification,3,0,0
CUST_1363,Email,4,3,1
CUST_1363,Push Notification,1,1,1
CUST_1363,Promotion banner,5,2,0
CUST_1363,Promotion banner,1,1,0
CUST_1364,Promotion banner,3,3,0
CUST_1365,Promotion banner,4,0,1
CUST_1365,SMS,4,3,1
CUST_1365,Email,4,2,1
CUST_1365,Push Notification,3,2,0
CUST_1366,Promotion banner,1,1,1
CUST_1367,Email,4,0,1
CUST_1367,Promotion banner,3,2,1
CUST_1367,Push Notification,5,2,1
CUST_1368,SMS,5,2,1
CUST_1369,Push Notification,5,3,1
CUST_1369,Push Notification,3,1,0
CUST_1369,Promotion banner,5,1,0
CUST_1369,Email,3,3,0
CUST_1370,SMS,1,3,1
CUST_1371,SMS,2,1,1
CUST_1371,Promotion banner,1,3,0
CUST_1371,Email,1,3,1
CUST_1372,SMS,3,3,0
CUST_1373,Push Notification,3,1,0
CUST_1373,SMS,5,2,0
CUST_1374,SMS,5,2,1
CUST_1374,Email,1,3,1
CUST_1374,Push Notification,5,3,0
CUST_1375,Push Notification,2,1,0
CUST_1375,SMS,5,1,1
CUST_1375,Email,2,2,0
CUST_1376,Promotion banner,4,2,1
CUST_1376,Push Notification,3,3,0
CUST_1377,SMS,4,3,1
CUST_1378,Promotion banner,1,2,1
CUST_1378,Push Notification,2,1,1
CUST_1378,Email,3,0,0
CUST_1378,SMS,2,1,1
CUST_1379,Push Notification,2,2,0
CUST_1380,Promotion banner,5,2,0
CUST_1380,SMS,4,0,1
CUST_1380,Email,3,1,1
CUST_1381,Push Notification,1,2,1
CUST_1382,Email,4,2,0
CUST_1382,Push Notification,3,0,0
CUST_1383,Promotion banner,3,1,1
CUST_1383,Push Notification,4,0,0
CUST_1384,Email,1,1,0
CUST_1384,SMS,5,2,1
CUST_1384,Email,4,2,1
CUST_1384,Promotion banner,3,3,1
CUST_1385,Promotion banner,2,3,0
CUST_1385,Email,2,3,1
CUST_1385,Email,4,2,1
CUST_1385,Email,5,0,1
CUST_1386,Email,1,3,1
CUST_1386,SMS,4,0,0
CUST_1387,Push Notification,4,2,1
CUST_1387,Push Notification,3,0,1
CUST_1387,SMS,4,2,0
CUST_1388,Push Notification,4,3,1
CUST_1388,SMS,3,1,1
CUST_1388,Email,2,0,0
CUST_1389,SMS,4,3,1
CUST_1390,SMS,5,1,1
CUST_1390,Push Notification,4,1,1
CUST_1390,Push Notification,2,1,0
CUST_1390,Push Notification,2,1,1
CUST_1391,SMS,4,2,1
CUST_1392,Push Notification,3,3,1
CUST_1392,SMS,3,0,1
CUST_1393,Push Notification,4,1,1
CUST_1393,Push Notification,5,3,0
CUST_1394,SMS,2,3,1
CUST_1395,Promotion banner,5,2,0
CUST_1395,Push Notification,4,0,0
CUST_1395,Email,4,0,1
CUST_1395,SMS,5,0,1
CUST_1396,Push Notification,5,0,0
CUST_1397,SMS,3,0,1
CUST_1397,SMS,1,1,1
CUST_1397,Email,1,2,1
CUST_1398,Promotion banner,4,3,0
CUST_1398,Promotion banner,4,2,0
CUST_1398,Email,5,2,1
CUST_1398,Push Notification,5,1,0
CUST_1399,Email,5,1,0
CUST_1400,Email,2,0,1
CUST_1400,Email,1,3,1
CUST_1400,Promotion banner,5,2,0
CUST_1401,Push Notification,5,1,0
CUST_1401,SMS,3,1,1
CUST_1401,SMS,3,0,0
CUST_1402,Promotion banner,4,3,0
CUST_1402,SMS,3,0,0
CUST_1403,SMS,1,1,0
CUST_1404,Email,1,3,1
CUST_1404,Promotion banner,2,2,1
CUST_1404,SMS,5,0,0
CUST_1404,Email,5,0,1
CUST_1405,Push Notification,2,0,1
CUST_1405,SMS,2,2,0
CUST_1406,Promotion banner,3,1,1
CUST_1406,SMS,4,1,1
CUST_1406,Promotion banner,2,2,1
CUST_1407,Email,2,2,0
CUST_1408,Email,2,2,0
CUST_1408,Promotion banner,4,0,1
CUST_1409,SMS,3,2,1
CUST_1409,SMS,5,1,1
CUST_1409,Push Notification,2,2,0
CUST_1409,Promotion banner,2,2,1
CUST_1410,SMS,5,3,1
CUST_1410,Email,4,2,1
CUST_1411,Push Notification,1,0,1
CUST_1412,Promotion banner,4,3,1
CUST_1412,Push Notification,1,3,1
CUST_1412,Push Notification,5,0,0
CUST_1413,Push Notification,2,3,0
CUST_1413,Push Notification,1,0,1
CUST_1414,Push Notification,5,3,0
CUST_1414,Push Notification,4,1,1
CUST_1414,Promotion banner,4,3,1
CUST_1415,Push Notification,3,2,0
CUST_1415,Promotion banner,3,1,1
CUST_1415,Push Notification,1,0,1
CUST_1415,Promotion banner,4,0,0
CUST_1416,Push Notification,3,0,1
CUST_1417,Push Notification,2,0,0
CUST_1417,Promotion banner,3,1,1
CUST_1417,Promotion banner,5,0,0
CUST_1417,SMS,2,3,1
CUST_1418,SMS,1,2,0
CUST_1418,Promotion banner,1,1,0
CUST_1418,Email,2,3,0
CUST_1419,SMS,4,3,0
CUST_1419,Promotion banner,1,3,1
CUST_1419,Promotion banner,1,2,1
CUST_1420,Email,1,1,1
CUST_1420,SMS,2,3,0
CUST_1420,Push Notification,2,1,0
CUST_1420,SMS,2,2,0
CUST_1421,Promotion banner,1,1,0
CUST_1421,Email,5,0,1
CUST_1421,SMS,4,0,1
CUST_1422,Email,5,2,0
CUST_1422,SMS,1,1,1
CUST_1422,Email,4,2,0
CUST_1422,SMS,1,3,1
CUST_1423,SMS,2,1,0
CUST_1424,Push Notification,5,2,0
CUST_1424,Push Notification,2,1,0
CUST_1424,SMS,2,3,0
CUST_1424,SMS,4,1,0
CUST_1425,SMS,3,3,1
CUST_1426,Push Notification,4,3,0
CUST_1426,Email,5,0,0
CUST_1427,SMS,4,3,0
CUST_1428,Email,5,0,0
CUST_1428,Promotion banner,3,2,1
CUST_1428,Promotion banner,5,1,0
CUST_1428,Push Notification,3,3,1
CUST_1429,Push Notification,3,2,1
CUST_1430,Push Notification,2,2,1
CUST_1430,SMS,2,1,0
CUST_1430,Promotion banner,4,1,1
CUST_1431,Email,2,3,0
CUST_1432,Promotion banner,2,3,0
CUST_1432,Promotion banner,3,3,0
CUST_1433,Email,5,3,0
CUST_1433,Email,5,1,1
CUST_1433,Email,5,2,0
CUST_1433,Push Notification,2,1,0
CUST_1434,Push Notification,2,3,1
CUST_1434,SMS,4,0,0
CUST_1434,Push Notification,1,1,1
CUST_1435,Push Notification,4,2,1
CUST_1436,Push Notification,5,0,0
CUST_1436,Promotion banner,5,2,1
CUST_1436,Push Notification,5,1,0
CUST_1436,Email,2,3,0
CUST_1437,SMS,3,2,1
CUST_1438,Promotion banner,4,1,0
CUST_1438,Promotion banner,5,1,1
CUST_1439,Email,2,3,1
CUST_1439,SMS,3,0,1
CUST_1439,Promotion banner,2,3,0
CUST_1440,Email,5,3,0
CUST_1440,Push Notification,3,1,1
CUST_1440,Email,2,0,0
CUST_1440,Promotion banner,3,3,1
CUST_1441,Promotion banner,2,1,0
CUST_1441,Email,2,1,0
CUST_1442,SMS,4,1,1
CUST_1443,Promotion banner,2,1,0
CUST_1444,Email,1,0,0
CUST_1444,SMS,5,2,0
CUST_1445,Email,5,2,1
CUST_1445,SMS,2,1,1
CUST_1445,Push Notification,2,3,0
CUST_1445,Email,1,3,1
CUST_1446,Promotion banner,4,0,1
CUST_1447,Email,4,2,1
CUST_1447,Promotion banner,4,2,0
CUST_1447,Push Notification,2,0,0
CUST_1447,SMS,3,1,0
CUST_1448,Email,3,0,0
CUST_1448,Email,3,1,0
CUST_1448,Email,2,1,1
CUST_1449,SMS,3,1,0
CUST_1449,Promotion banner,5,2,0
CUST_1449,Email,3,3,0
CUST_1450,Push Notification,3,2,0
CUST_1450,Push Notification,3,1,0
CUST_1451,Push Notification,5,2,0
CUST_1452,SMS,3,2,1
CUST_1453,Push Notification,1,2,0
CUST_1453,SMS,4,3,0
CUST_1453,Email,5,0,1
CUST_1453,Push Notification,1,2,0
CUST_1454,Email,3,1,1
CUST_1454,Push Notification,3,1,0
CUST_1454,Promotion banner,1,3,0
CUST_1455,Push Notification,2,1,0
CUST_1455,Email,2,3,1
CUST_1455,Promotion banner,5,3,1
CUST_1456,Push Notification,3,2,0
CUST_1456,Promotion banner,1,3,0
CUST_1456,Promotion banner,3,3,1
CUST_1456,Push Notification,1,0,0
CUST_1457,Push Notification,1,3,0
CUST_1457,Email,4,0,0
CUST_1457,Promotion banner,1,0,1
CUST_1458,Promotion banner,2,1,0
CUST_1458,Email,4,0,1
CUST_1459,Push Notification,4,3,0
CUST_1459,Push Notification,5,3,0
CUST_1460,Email,2,0,0
CUST_1461,Push Notification,5,3,1
CUST_1461,Email,5,1,1
CUST_1461,Promotion banner,5,2,1
CUST_1461,Email,5,1,1
CUST_1462,Email,5,1,0
CUST_1462,Email,4,2,0
CUST_1463,Promotion banner,4,3,0
CUST_1463,Promotion banner,4,0,0
CUST_1464,Email,3,2,1
CUST_1464,SMS,4,2,1
CUST_1465,Promotion banner,2,3,0
CUST_1465,SMS,1,2,1
CUST_1465,Promotion banner,4,1,0
CUST_1465,Email,5,0,1
CUST_1466,Push Notification,3,1,0
CUST_1466,Push Notification,4,3,1
CUST_1466,Promotion banner,2,3,1
CUST_1466,Promotion banner,2,0,0
CUST_1467,Promotion banner,2,0,0
CUST_1467,Email,1,0,1
CUST_1468,Promotion banner,1,2,0
CUST_1469,SMS,3,0,0
CUST_1470,SMS,3,1,0
CUST_1470,Email,1,2,0
CUST_1470,Email,3,2,0
CUST_1471,Push Notification,3,0,0
CUST_1471,Email,3,2,0
CUST_1472,Promotion banner,2,3,0
CUST_1473,SMS,4,3,1
CUST_1473,SMS,5,0,0
CUST_1473,SMS,4,1,0
CUST_1473,Email,5,2,1
CUST_1474,Promotion banner,4,2,0
CUST_1475,Email,1,2,1
CUST_1476,Email,5,1,0
CUST_1477,Promotion banner,4,0,1
CUST_1477,Push Notification,1,3,1
CUST_1478,Push Notification,4,3,1
CUST_1478,Promotion banner,2,2,0
CUST_1479,Email,3,0,0
CUST_1480,Promotion banner,2,1,1
CUST_1480,SMS,1,1,1
CUST_1481,Email,1,2,1
CUST_1481,SMS,2,0,0
CUST_1482,Email,3,1,0
CUST_1482,Email,1,3,0
CUST_1483,Promotion banner,1,2,1
CUST_1483,Push Notification,1,0,1
CUST_1483,Promotion banner,2,0,1
CUST_1484,Promotion banner,4,2,0
CUST_1485,SMS,2,1,0
CUST_1485,Email,5,0,1
CUST_1485,Email,3,0,0
CUST_1485,Promotion banner,2,2,0
CUST_1486,SMS,4,2,0
CUST_1486,Push Notification,1,0,1
CUST_1486,SMS,1,1,1
CUST_1486,Push Notification,3,2,1
CUST_1487,SMS,2,1,1
CUST_1487,Email,2,0,1
CUST_1488,Email,4,2,1
CUST_1488,Promotion banner,4,0,0
CUST_1488,Promotion banner,2,0,0
CUST_1489,Promotion banner,2,3,0
CUST_1490,Email,3,1,1
CUST_1490,SMS,5,0,0
CUST_1490,SMS,5,3,1
CUST_1490,Push Notification,5,3,1
CUST_1491,Email,4,1,0
CUST_1491,Email,3,1,0
CUST_1491,Push Notification,5,3,1
CUST_1491,SMS,3,2,1
CUST_1492,SMS,1,3,1
CUST_1492,Promotion banner,5,2,0
CUST_1492,SMS,2,2,0
CUST_1492,SMS,5,3,1
CUST_1493,SMS,1,0,1
CUST_1493,Push Notification,1,1,1
CUST_1493,Push Notification,5,2,1
CUST_1494,SMS,1,2,1
CUST_1494,Promotion banner,1,1,0
CUST_1494,SMS,1,1,1
CUST_1494,Push Notification,5,2,0
CUST_1495,Push Notification,1,0,1
CUST_1495,SMS,4,3,1
CUST_1495,Push Notification,3,3,1
CUST_1495,SMS,1,0,0
CUST_1496,SMS,3,0,0
CUST_1496,Push Notification,2,2,1
CUST_1497,SMS,2,1,0
CUST_1497,Push Notification,3,1,1
CUST_1498,Push Notification,2,3,0
CUST_1498,Email,5,1,1
CUST_1498,Push Notification,2,2,0
CUST_1498,Email,2,3,1
CUST_1499,Email,3,0,0
CUST_1499,SMS,2,2,1
CUST_1500,Promotion banner,1,3,1
CUST_1500,Email,5,2,0
CUST_1500,Push Notification,3,1,0
CUST_1500,SMS,2,3,1
CUST_1501,Email,1,1,0
CUST_1501,Email,5,0,1
CUST_1501,Promotion banner,2,2,1
CUST_1501,Push Notification,1,1,0
CUST_1502,SMS,1,1,0
CUST_1502,Push Notification,4,1,0
CUST_1502,Promotion banner,2,3,0
CUST_1502,Promotion banner,5,3,1
CUST_1503,SMS,4,0,0
CUST_1503,Promotion banner,3,2,1
CUST_1503,Email,1,1,1
CUST_1504,Push Notification,4,1,0
CUST_1505,SMS,1,2,0
CUST_1505,Promotion banner,5,1,1
CUST_1505,Push Notification,1,3,1
CUST_1506,SMS,4,3,1
CUST_1506,SMS,4,1,1
CUST_1507,SMS,1,2,1
CUST_1507,Promotion banner,1,3,0
CUST_1508,Push Notification,3,1,1
CUST_1508,Push Notification,4,0,1
CUST_1508,Promotion banner,3,3,1
CUST_1508,Email,3,0,0
CUST_1509,Email,5,0,1
CUST_1509,Promotion banner,3,1,0
CUST_1510,Email,4,2,0
CUST_1510,Email,5,1,1
CUST_1510,SMS,1,3,1
CUST_1510,SMS,4,0,1
CUST_1511,Push Notification,3,1,0
CUST_1511,SMS,1,0,1
CUST_1511,Email,3,3,1
CUST_1511,SMS,5,2,0
CUST_1512,Email,3,2,1
CUST_1512,Push Notification,5,1,0
CUST_1513,SMS,2,1,0
CUST_1513,Email,1,1,0
CUST_1514,Push Notification,2,2,0
CUST_1514,Email,2,3,0
CUST_1514,Push Notification,4,2,1
CUST_1514,Push Notification,3,0,0
CUST_1515,Push Notification,1,3,1
CUST_1515,Email,5,2,0
CUST_1515,Push Notification,5,0,0
CUST_1515,Promotion banner,2,3,0
CUST_1516,Push Notification,4,3,1
CUST_1516,Email,1,3,0
CUST_1517,Push Notification,5,2,1
CUST_1517,Promotion banner,2,3,1
CUST_1518,Email,1,2,1
CUST_1519,Email,3,3,0
CUST_1519,Promotion banner,4,0,0
CUST_1520,Promotion banner,1,3,0
CUST_1521,SMS,2,2,0
CUST_1521,SMS,5,0,0
CUST_1522,Email,2,3,1
CUST_1522,Promotion banner,1,2,1
CUST_1522,Promotion banner,3,1,0
CUST_1523,Promotion banner,4,3,1
CUST_1524,Push Notification,2,0,0
CUST_1525,Email,3,2,1
CUST_1525,Email,4,3,0
CUST_1526,Email,4,1,1
CUST_1526,Promotion banner,5,3,1
CUST_1526,Push Notification,2,1,1
CUST_1526,SMS,2,0,1
CUST_1527,SMS,3,2,0
CUST_1528,SMS,5,2,0
CUST_1528,Email,5,1,1
CUST_1529,Email,1,0,0
CUST_1530,SMS,2,0,0
CUST_1530,Promotion banner,5,3,1
CUST_1530,SMS,1,1,1
CUST_1530,SMS,5,2,1
CUST_1531,SMS,4,2,1
CUST_1532,SMS,2,3,0
CUST_1532,SMS,5,1,1
CUST_1533,Promotion banner,3,0,0
CUST_1533,Push Notification,1,2,1
CUST_1533,Email,1,3,1
CUST_1534,SMS,3,1,0
CUST_1534,Promotion banner,2,3,1
CUST_1534,Push Notification,4,0,0
CUST_1535,SMS,5,2,0
CUST_1535,Promotion banner,5,0,1
CUST_1536,Email,3,1,1
CUST_1536,Push Notification,1,1,1
CUST_1536,SMS,3,1,0
CUST_1537,Email,4,1,1
CUST_1537,SMS,1,0,0
CUST_1538,Promotion banner,2,1,1
CUST_1538,Email,4,0,1
CUST_1538,Email,3,1,1
CUST_1538,Email,2,2,1
CUST_1539,Push Notification,5,0,1
CUST_1539,Email,4,2,0
CUST_1539,Push Notification,1,3,1
CUST_1539,Email,4,3,1
CUST_1540,Email,4,2,0
CUST_1540,Promotion banner,3,1,0
CUST_1540,SMS,4,3,1
CUST_1540,SMS,5,3,1
CUST_1541,Push Notification,2,0,1
CUST_1541,Push Notification,2,3,0
CUST_1541,Promotion banner,5,1,1
CUST_1541,Promotion banner,4,2,0
CUST_1542,Push Notification,1,3,1
CUST_1542,Email,5,1,0
CUST_1543,SMS,1,1,1
CUST_1543,SMS,4,1,1
CUST_1543,Email,5,0,0
CUST_1544,Push Notification,5,0,0
CUST_1544,Promotion banner,1,3,0
CUST_1544,SMS,3,0,1
CUST_1545,Email,2,2,1
CUST_1545,Push Notification,1,1,1
CUST_1545,Promotion banner,3,3,1
CUST_1546,Push Notification,4,1,0
CUST_1546,SMS,3,1,0
CUST_1546,Promotion banner,3,0,0
CUST_1546,Promotion banner,3,0,1
CUST_1547,Email,1,1,0
CUST_1547,Email,4,0,0
CUST_1547,Promotion banner,1,2,0
CUST_1548,SMS,3,0,1
CUST_1549,SMS,4,2,1
CUST_1549,Email,1,1,0
CUST_1550,Push Notification,1,0,1
CUST_1550,Promotion banner,5,2,0
CUST_1550,Promotion banner,3,2,0
CUST_1551,Promotion banner,4,2,0
CUST_1551,Promotion banner,2,0,0
CUST_1551,Push Notification,2,3,0
CUST_1552,Email,3,0,1
CUST_1552,Push Notification,2,1,0
CUST_1552,Email,1,0,0
CUST_1552,SMS,4,0,0
CUST_1553,SMS,4,1,1
CUST_1553,SMS,2,3,1
CUST_1553,Push Notification,3,2,1
CUST_1553,Email,2,0,1
CUST_1554,Push Notification,4,1,0
CUST_1554,Email,1,1,1
CUST_1555,SMS,1,2,1
CUST_1556,Email,1,0,0
CUST_1556,Email,5,2,0
CUST_1557,SMS,2,3,1
CUST_1557,Push Notification,4,2,1
CUST_1558,Push Notification,1,1,1
CUST_1558,Push Notification,5,0,0
CUST_1558,SMS,3,0,0
CUST_1559,Email,4,1,1
CUST_1559,Email,4,1,0
CUST_1560,Promotion banner,2,0,0
CUST_1560,Promotion banner,1,3,0
CUST_1560,Email,1,3,1
CUST_1560,SMS,5,1,0
CUST_1561,Promotion banner,1,0,1
CUST_1561,Promotion banner,4,2,1
CUST_1562,Push Notification,1,0,0
CUST_1563,Promotion banner,3,0,1
CUST_1564,SMS,3,1,1
CUST_1564,SMS,2,2,0
CUST_1565,Push Notification,3,1,0
CUST_1565,Email,5,0,0
CUST_1565,SMS,5,1,0
CUST_1565,SMS,3,2,1
CUST_1566,SMS,5,0,1
CUST_1566,Email,5,0,0
CUST_1566,Promotion banner,2,3,1
CUST_1566,SMS,5,3,0
CUST_1567,SMS,5,1,0
CUST_1567,Email,1,3,0
CUST_1567,Promotion banner,1,2,0
CUST_1568,Push Notification,1,3,0
CUST_1568,Push Notification,3,1,0
CUST_1568,SMS,1,2,0
CUST_1569,Push Notification,5,1,0
CUST_1569,Push Notification,4,1,0
CUST_1569,Promotion banner,5,3,1
CUST_1570,Email,3,2,1
CUST_1570,Push Notification,2,3,1
CUST_1570,SMS,2,0,1
CUST_1571,Email,1,3,1
CUST_1571,Push Notification,3,0,1
CUST_1571,Promotion banner,3,3,1
CUST_1571,Push Notification,2,0,1
CUST_1572,Email,2,3,0
CUST_1572,Push Notification,2,3,1
CUST_1572,Push Notification,1,0,1
CUST_1572,SMS,2,1,0
CUST_1573,Email,1,1,1
CUST_1573,Promotion banner,1,2,0
CUST_1573,Promotion banner,5,2,0
CUST_1574,SMS,5,1,0
CUST_1575,Promotion banner,4,3,0
CUST_1576,Email,5,3,0
CUST_1576,SMS,4,1,1
CUST_1576,SMS,5,1,0
CUST_1576,Email,3,2,0
CUST_1577,Email,5,0,1
CUST_1578,Promotion banner,4,2,0
CUST_1578,Email,1,2,0
CUST_1578,SMS,5,2,1
CUST_1578,Promotion banner,3,1,0
CUST_1579,Promotion banner,5,1,1
CUST_1579,Email,4,3,0
CUST_1580,Email,2,3,0
CUST_1580,Promotion banner,2,2,0
CUST_1580,Promotion banner,4,0,1
CUST_1581,Push Notification,2,0,0
CUST_1582,Push Notification,3,0,1
CUST_1582,SMS,4,3,1
CUST_1583,SMS,2,1,1
CUST_1583,Promotion banner,1,1,0
CUST_1584,SMS,4,0,1
CUST_1584,Push Notification,2,2,1
CUST_1584,Push Notification,5,2,0
CUST_1584,Promotion banner,3,3,0
CUST_1585,Push Notification,3,1,0
CUST_1586,Push Notification,2,0,1
CUST_1586,Promotion banner,1,0,1
CUST_1587,Push Notification,2,2,1
CUST_1587,Promotion banner,4,1,0
CUST_1587,Email,3,2,1
CUST_1587,Push Notification,2,1,0
CUST_1588,Push Notification,4,2,0
CUST_1589,Promotion banner,4,1,0
CUST_1590,Email,3,2,1
CUST_1590,Promotion banner,5,3,1
CUST_1590,Promotion banner,4,1,1
CUST_1591,SMS,5,2,1
CUST_1591,Email,4,2,0
CUST_1591,Promotion banner,3,0,1
CUST_1591,SMS,4,1,0
CUST_1592,Email,2,2,0
CUST_1592,Promotion banner,1,0,1
CUST_1592,Email,2,1,1
CUST_1593,SMS,4,0,0
CUST_1594,Email,2,1,0
CUST_1595,SMS,3,2,1
CUST_1595,SMS,1,1,1
CUST_1596,SMS,4,0,0
CUST_1597,Email,4,2,1
CUST_1597,Email,5,1,0
CUST_1597,Promotion banner,1,3,1
CUST_1598,Email,3,3,1
CUST_1598,SMS,4,1,0
CUST_1598,Push Notification,4,3,1
CUST_1599,Email,1,2,1
CUST_1599,Email,1,3,0
CUST_1600,Push Notification,5,3,0
CUST_1600,Promotion banner,3,2,0
CUST_1600,Promotion banner,4,3,1
CUST_1601,Email,4,3,1
CUST_1601,SMS,3,1,0
CUST_1601,Email,4,2,0
CUST_1601,Promotion banner,5,1,1
CUST_1602,Promotion banner,3,0,1
CUST_1602,Email,4,1,1
CUST_1602,Promotion banner,5,3,1
CUST_1603,Push Notification,1,3,0
CUST_1603,Push Notification,4,1,1
CUST_1603,SMS,5,2,1
CUST_1603,Promotion banner,1,2,0
CUST_1604,Push Notification,4,0,0
CUST_1605,SMS,3,3,0
CUST_1606,Promotion banner,3,1,1
CUST_1606,Promotion banner,5,2,0
CUST_1607,Push Notification,3,1,0
CUST_1607,Promotion banner,3,2,0
CUST_1608,Email,3,2,1
CUST_1608,Promotion banner,1,0,1
CUST_1608,Promotion banner,3,3,1
CUST_1609,Push Notification,1,3,0
CUST_1609,Push Notification,1,2,1
CUST_1609,Email,2,0,1
CUST_1610,Push Notification,4,1,1
CUST_1611,Push Notification,3,2,1
CUST_1611,Email,2,3,1
CUST_1611,Email,3,1,1
CUST_1611,Email,4,1,0
CUST_1612,Push Notification,4,0,0
CUST_1612,Push Notification,4,2,0
CUST_1612,Push Notification,5,3,0
CUST_1613,SMS,3,2,0
CUST_1614,Promotion banner,1,1,0
CUST_1615,Email,1,3,1
CUST_1615,SMS,3,3,1
CUST_1616,Push Notification,5,1,1
CUST_1616,Push Notification,3,2,0
CUST_1617,Email,2,2,0
CUST_1617,Push Notification,1,2,1
CUST_1618,Email,3,3,1
CUST_1618,Push Notification,3,0,1
CUST_1619,SMS,5,2,1
CUST_1620,Promotion banner,2,1,0
CUST_1620,Push Notification,5,2,1
CUST_1620,Promotion banner,3,2,0
CUST_1620,Push Notification,5,1,1
CUST_1621,Email,5,3,0
CUST_1621,Push Notification,2,1,1
CUST_1622,Email,4,0,0
CUST_1622,SMS,2,3,0
CUST_1623,Push Notification,1,1,1
CUST_1624,Push Notification,1,2,0
CUST_1624,Email,5,0,0
CUST_1625,SMS,3,2,0
CUST_1625,Push Notification,1,0,1
CUST_1626,Email,3,1,0
CUST_1627,Promotion banner,3,1,0
CUST_1628,Promotion banner,2,0,0
CUST_1628,Promotion banner,4,1,0
CUST_1628,SMS,4,2,0
CUST_1629,Promotion banner,1,3,0
CUST_1630,Push Notification,5,2,1
CUST_1631,Promotion banner,1,3,0
CUST_1631,SMS,1,2,0
CUST_1631,Push Notification,1,3,1
CUST_1632,SMS,4,2,0
CUST_1632,SMS,4,1,0
CUST_1632,Promotion banner,1,3,1
CUST_1633,Promotion banner,4,0,0
CUST_1633,Push Notification,5,1,1
CUST_1633,SMS,1,0,1
CUST_1633,Push Notification,1,3,1
CUST_1634,Email,2,2,1
CUST_1635,Promotion banner,5,2,1
CUST_1635,Push Notification,4,3,1
CUST_1635,Email,1,1,0
CUST_1635,Push Notification,1,0,1
CUST_1636,Email,4,0,0
CUST_1636,SMS,1,0,0
CUST_1637,SMS,2,3,1
CUST_1638,SMS,1,3,0
CUST_1638,Push Notification,3,2,1
CUST_1638,Push Notification,1,0,0
CUST_1638,Push Notification,2,3,0
CUST_1639,Push Notification,4,0,0
CUST_1639,Email,2,3,0
CUST_1639,Email,4,1,0
CUST_1640,Email,3,0,1
CUST_1641,Promotion banner,2,2,0
CUST_1641,Email,1,3,1
CUST_1641,Push Notification,3,3,0
CUST_1642,SMS,4,3,1
CUST_1642,Push Notification,1,1,1
CUST_1642,Promotion banner,5,2,1
CUST_1642,Email,2,3,1
CUST_1643,Email,2,2,0
CUST_1643,Email,5,2,0
CUST_1644,Push Notification,4,2,1
CUST_1644,Push Notification,1,0,0
CUST_1644,SMS,3,3,1
CUST_1644,Promotion banner,4,3,0
CUST_1645,Email,1,3,0
CUST_1645,Email,5,2,0
CUST_1646,Email,3,0,0
CUST_1647,Promotion banner,2,2,1
CUST_1647,Push Notification,4,3,1
CUST_1647,Promotion banner,3,0,0
CUST_1647,Push Notification,1,2,0
CUST_1648,Push Notification,4,0,0
CUST_1648,Promotion banner,5,1,0
CUST_1649,Email,2,1,0
CUST_1650,Email,2,0,1
CUST_1650,Promotion banner,1,2,1
CUST_1650,Push Notification,1,2,0
CUST_1651,SMS,2,2,1
CUST_1651,SMS,5,1,0
CUST_1652,SMS,1,2,0
CUST_1652,Promotion banner,4,0,0
CUST_1653,Email,5,3,1
CUST_1654,Email,2,2,1
CUST_1654,Push Notification,1,3,1
CUST_1654,Push Notification,2,1,1
CUST_1654,Promotion banner,1,1,0
CUST_1655,Email,2,3,1
CUST_1655,Push Notification,2,1,0
CUST_1656,Email,4,0,1
CUST_1656,Push Notification,3,1,1
CUST_1656,Promotion banner,2,1,0
CUST_1656,Promotion banner,5,0,1
CUST_1657,Email,1,2,0
CUST_1657,SMS,3,2,1
CUST_1657,Email,1,2,1
CUST_1658,Push Notification,5,1,1
CUST_1659,Promotion banner,3,0,1
CUST_1659,Email,1,0,0
CUST_1659,Email,2,0,0
CUST_1660,Push Notification,2,3,0
CUST_1660,Email,5,2,0
CUST_1660,SMS,5,3,0
CUST_1661,SMS,2,2,0
CUST_1661,SMS,4,0,1
CUST_1661,SMS,4,3,1
CUST_1661,Email,3,3,0
CUST_1662,Promotion banner,5,2,1
CUST_1662,Promotion banner,1,0,0
CUST_1663,Email,5,3,0
CUST_1663,SMS,1,1,1
CUST_1663,Push Notification,4,0,0
CUST_1663,SMS,4,2,1
CUST_1664,SMS,3,1,1
CUST_1664,Push Notification,3,1,1
CUST_1664,Promotion banner,3,0,0
CUST_1665,Promotion banner,2,3,1
CUST_1665,Email,5,3,1
CUST_1666,Push Notification,4,2,1
CUST_1666,Promotion banner,4,0,1
CUST_1666,Push Notification,2,3,0
CUST_1666,SMS,5,2,1
CUST_1667,Email,1,0,0
CUST_1667,Push Notification,1,0,0
CUST_1667,SMS,4,0,0
CUST_1667,Promotion banner,5,0,0
CUST_1668,Push Notification,4,1,1
CUST_1668,SMS,5,1,1
CUST_1669,SMS,2,1,0
CUST_1669,Email,3,0,0
CUST_1669,SMS,5,1,0
CUST_1669,SMS,1,3,1
CUST_1670,Push Notification,5,3,0
CUST_1671,Promotion banner,1,0,0
CUST_1671,Push Notification,3,0,0
CUST_1671,Push Notification,3,3,0
CUST_1672,Promotion banner,1,1,0
CUST_1672,SMS,1,3,0
CUST_1673,Push Notification,3,1,1
CUST_1674,Push Notification,3,3,1
CUST_1674,Push Notification,3,3,1
CUST_1674,Promotion banner,2,1,0
CUST_1675,Promotion banner,1,0,0
CUST_1675,Promotion banner,2,1,0
CUST_1675,Push Notification,2,1,0
CUST_1676,Promotion banner,5,3,1
CUST_1677,Email,2,3,0
CUST_1677,Email,1,2,1
CUST_1678,Promotion banner,4,0,0
CUST_1678,Email,2,2,0
CUST_1678,Email,4,2,1
CUST_1679,SMS,3,2,1
CUST_1679,Push Notification,3,2,0
CUST_1680,Push Notification,4,2,1
CUST_1681,SMS,5,2,1
CUST_1682,Email,4,0,0
CUST_1683,Email,3,3,1
CUST_1683,Push Notification,2,0,0
CUST_1684,SMS,3,0,1
CUST_1684,SMS,2,0,1
CUST_1684,Push Notification,2,0,1
CUST_1684,Promotion banner,2,0,1
CUST_1685,Push Notification,3,0,1
CUST_1685,Email,2,2,0
CUST_1685,Promotion banner,4,0,1
CUST_1685,Email,4,0,0
CUST_1686,Promotion banner,2,0,1
CUST_1686,Push Notification,2,3,1
CUST_1686,Push Notification,3,0,0
CUST_1686,Push Notification,1,0,1
CUST_1687,Promotion banner,3,0,0
CUST_1687,Promotion banner,4,0,1
CUST_1687,Promotion banner,3,3,0
CUST_1688,Email,5,1,0
CUST_1689,Push Notification,5,2,1
CUST_1690,Push Notification,1,2,0
CUST_1690,Email,2,1,0
CUST_1690,Push Notification,5,3,1
CUST_1690,Push Notification,5,2,0
CUST_1691,Promotion banner,4,1,1
CUST_1692,Email,5,1,1
CUST_1693,SMS,2,3,0
CUST_1693,Push Notification,1,2,1
CUST_1693,SMS,2,1,0
CUST_1693,Promotion banner,4,0,1
CUST_1694,Push Notification,5,1,0
CUST_1695,Email,1,2,0
CUST_1695,Push Notification,3,3,0
CUST_1695,SMS,5,3,1
CUST_1696,Push Notification,4,2,0
CUST_1696,Promotion banner,1,2,0
CUST_1696,SMS,3,0,0
CUST_1697,SMS,3,1,1
CUST_1697,Email,4,0,1
CUST_1697,Push Notification,3,1,1
CUST_1698,Push Notification,3,1,0
CUST_1698,Email,1,2,0
CUST_1699,Push Notification,3,3,0
CUST_1699,SMS,3,3,0
CUST_1699,Promotion banner,2,2,1
CUST_1700,Promotion banner,3,1,0
CUST_1700,SMS,1,1,0
CUST_1701,Promotion banner,3,0,1
CUST_1701,Push Notification,3,1,1
CUST_1701,Promotion banner,3,1,1
CUST_1702,Push Notification,4,1,0
CUST_1702,Email,5,0,0
CUST_1703,Promotion banner,4,1,1
CUST_1703,Promotion banner,4,1,1
CUST_1704,SMS,5,2,0
CUST_1704,Email,1,2,0
CUST_1704,SMS,4,1,1
CUST_1704,Email,3,1,0
CUST_1705,Email,1,2,1
CUST_1705,Push Notification,2,3,1
CUST_1706,Email,5,1,0
CUST_1706,Email,3,3,0
CUST_1707,SMS,2,1,1
CUST_1708,Email,3,3,1
CUST_1708,SMS,1,3,0
CUST_1708,Push Notification,1,0,1
CUST_1708,Email,1,0,1
CUST_1709,Promotion banner,4,2,1
CUST_1709,Promotion banner,4,1,0
CUST_1710,Promotion banner,2,0,1
CUST_1710,Push Notification,2,1,1
CUST_1711,SMS,3,2,0
CUST_1712,Push Notification,2,3,1
CUST_1712,SMS,2,3,1
CUST_1712,Promotion banner,4,2,0
CUST_1712,SMS,5,2,1
CUST_1713,Push Notification,1,1,0
CUST_1713,Email,2,1,0
CUST_1713,Promotion banner,4,3,1
CUST_1713,Push Notification,3,3,1
CUST_1714,Email,1,1,1
CUST_1714,Promotion banner,4,1,1
CUST_1715,Push Notification,5,3,0
CUST_1715,Push Notification,1,0,1
CUST_1715,Promotion banner,2,0,0
CUST_1715,SMS,5,0,1
CUST_1716,SMS,2,3,1
CUST_1717,Promotion banner,5,3,0
CUST_1717,Push Notification,3,1,1
CUST_1717,Promotion banner,4,2,0
CUST_1718,SMS,5,1,1
CUST_1718,Promotion banner,3,1,0
CUST_1719,Push Notification,5,1,0
CUST_1720,SMS,4,2,1
CUST_1720,Email,1,0,0
CUST_1720,Promotion banner,3,2,0
CUST_1720,Email,5,2,1
CUST_1721,Push Notification,4,2,0
CUST_1721,Push Notification,1,0,1
CUST_1721,Promotion banner,1,3,1
CUST_1721,SMS,3,3,0
CUST_1722,Push Notification,2,2,1
CUST_1722,Promotion banner,5,1,1
CUST_1722,Promotion banner,1,2,1
CUST_1722,SMS,3,0,1
CUST_1723,SMS,5,0,0
CUST_1724,Push Notification,3,1,1
CUST_1724,SMS,4,2,1
CUST_1724,Push Notification,3,3,1
CUST_1724,Push Notification,2,0,0
CUST_1725,Push Notification,4,0,0
CUST_1726,Push Notification,4,2,0
CUST_1727,Email,3,3,0
CUST_1728,SMS,4,1,0
CUST_1728,Push Notification,1,0,0
CUST_1728,Push Notification,2,0,0
CUST_1729,SMS,4,3,1
CUST_1729,SMS,5,2,0
CUST_1730,Email,3,2,0
CUST_1730,Promotion banner,3,1,1
CUST_1730,Email,5,1,1
CUST_1731,Push Notification,4,2,0
CUST_1731,Promotion banner,2,2,0
CUST_1731,Push Notification,2,2,0
CUST_1731,SMS,3,0,1
CUST_1732,Promotion banner,3,0,1
CUST_1732,Email,5,1,1
CUST_1733,Promotion banner,4,1,1
CUST_1733,Push Notification,1,1,0
CUST_1733,Email,5,3,1
CUST_1733,Email,2,1,0
CUST_1734,SMS,4,2,1
CUST_1734,Promotion banner,2,2,0
CUST_1734,Promotion banner,2,2,0
CUST_1735,Email,5,3,0
CUST_1735,Push Notification,3,0,1
CUST_1735,SMS,5,2,0
CUST_1735,Push Notification,3,2,1
CUST_1736,Push Notification,2,3,1
CUST_1736,Email,2,1,1
CUST_1737,Promotion banner,2,0,0
CUST_1737,Promotion banner,3,3,1
CUST_1737,Promotion banner,3,2,0
CUST_1738,SMS,3,0,1
CUST_1738,Email,5,0,0
CUST_1738,Push Notification,2,0,0
CUST_1738,Promotion banner,3,0,0
CUST_1739,Promotion banner,4,2,1
CUST_1739,Promotion banner,2,2,0
CUST_1740,Promotion banner,4,2,1
CUST_1740,SMS,1,3,0
CUST_1740,Promotion banner,1,3,0
CUST_1740,SMS,5,2,0
CUST_1741,SMS,5,2,0
CUST_1741,Email,1,2,0
CUST_1741,Push Notification,3,3,0
CUST_1742,SMS,4,3,1
CUST_1742,Push Notification,1,3,1
CUST_1742,Email,2,1,1
CUST_1742,Promotion banner,4,2,1
CUST_1743,Email,2,2,0
CUST_1743,SMS,2,0,1
CUST_1744,Push Notification,3,2,0
CUST_1744,SMS,1,3,0
CUST_1745,Promotion banner,1,3,1
CUST_1746,Push Notification,5,1,1
CUST_1746,Promotion banner,2,3,0
CUST_1746,Email,2,2,1
CUST_1747,Email,2,1,0
CUST_1748,Promotion banner,5,3,0
CUST_1748,SMS,1,0,1
CUST_1748,Email,3,3,0
CUST_1748,Promotion banner,1,0,1
CUST_1749,SMS,2,1,1
CUST_1749,Email,4,0,1
CUST_1750,Promotion banner,2,1,1
CUST_1750,SMS,3,3,0
CUST_1750,SMS,2,0,1
CUST_1750,Email,2,1,0
CUST_1751,Promotion banner,3,0,1
CUST_1752,Email,5,2,0
CUST_1752,SMS,4,2,1
CUST_1752,Promotion banner,5,2,1
CUST_1753,Promotion banner,4,2,0
CUST_1753,Email,3,3,0
CUST_1753,SMS,5,0,0
CUST_1753,Email,3,3,1
CUST_1754,Promotion banner,4,3,1
CUST_1754,SMS,5,2,1
CUST_1755,SMS,4,1,1
CUST_1755,Promotion banner,3,1,1
CUST_1755,Promotion banner,5,2,1
CUST_1755,Push Notification,4,1,0
CUST_1756,SMS,2,0,0
CUST_1756,Push Notification,3,1,1
CUST_1756,Promotion banner,4,2,0
CUST_1757,Promotion banner,1,0,1
CUST_1757,SMS,3,3,0
CUST_1758,SMS,4,3,1
CUST_1759,SMS,5,3,0
CUST_1759,Push Notification,1,3,1
CUST_1759,Promotion banner,1,2,1
CUST_1759,SMS,4,1,1
CUST_1760,Push Notification,3,0,0
CUST_1760,SMS,1,1,0
CUST_1761,Email,1,2,1
CUST_1761,Promotion banner,2,2,0
CUST_1761,Push Notification,4,1,1
CUST_1762,Promotion banner,1,1,0
CUST_1762,Push Notification,1,0,0
CUST_1763,Promotion banner,2,3,0
CUST_1763,Email,4,2,0
CUST_1763,Email,5,1,1
CUST_1763,Push Notification,3,3,1
CUST_1764,SMS,3,0,1
CUST_1765,Promotion banner,1,0,1
CUST_1766,Email,1,2,1
CUST_1766,Promotion banner,5,1,1
CUST_1766,Email,5,0,1
CUST_1767,Push Notification,2,0,1
CUST_1768,Promotion banner,1,3,0
CUST_1768,Promotion banner,1,2,0
CUST_1769,SMS,3,0,1
CUST_1769,Promotion banner,5,1,0
CUST_1769,Promotion banner,5,3,1
CUST_1770,Promotion banner,3,3,0
CUST_1770,Promotion banner,1,0,0
CUST_1770,Email,3,0,0
CUST_1771,SMS,3,0,0
CUST_1771,Push Notification,3,3,0
CUST_1771,Push Notification,3,1,0
CUST_1772,Email,4,1,0
CUST_1773,Push Notification,4,1,1
CUST_1774,Push Notification,4,0,0
CUST_1774,Promotion banner,4,1,1
CUST_1774,Email,3,2,1
CUST_1774,Promotion banner,1,3,1
CUST_1775,Push Notification,5,0,1
CUST_1776,Promotion banner,5,1,1
CUST_1776,Push Notification,2,2,1
CUST_1776,Promotion banner,2,1,0
CUST_1777,SMS,3,2,1
CUST_1777,Push Notification,2,2,0
CUST_1777,Promotion banner,2,0,0
CUST_1777,Email,4,3,1
CUST_1778,Promotion banner,5,1,0
CUST_1779,SMS,1,3,0
CUST_1779,Email,1,2,0
CUST_1780,SMS,4,1,0
CUST_1780,Push Notification,4,0,0
CUST_1780,Promotion banner,4,3,0
CUST_1780,Promotion banner,1,3,0
CUST_1781,Promotion banner,3,0,0
CUST_1781,SMS,4,0,1
CUST_1782,SMS,1,0,0
CUST_1783,SMS,2,0,0
CUST_1784,Promotion banner,2,1,0
CUST_1784,SMS,2,3,1
CUST_1785,SMS,1,3,1
CUST_1786,Email,1,2,0
CUST_1786,Email,2,0,1
CUST_1786,SMS,4,0,1
CUST_1787,Promotion banner,5,1,1
CUST_1787,Email,4,1,0
CUST_1788,SMS,2,0,0
CUST_1788,SMS,4,2,0
CUST_1789,Email,4,2,0
CUST_1790,Push Notification,1,2,1
CUST_1790,Promotion banner,5,0,1
CUST_1790,Email,2,1,0
CUST_1791,Promotion banner,5,0,1
CUST_1791,Push Notification,5,0,0
CUST_1792,Promotion banner,2,0,1
CUST_1793,SMS,4,2,0
CUST_1793,Promotion banner,4,1,1
CUST_1793,Email,4,1,1
CUST_1793,Promotion banner,5,3,1
CUST_1794,Email,4,2,0
CUST_1794,Promotion banner,4,3,0
CUST_1794,Push Notification,5,2,0
CUST_1794,SMS,3,2,0
CUST_1795,Email,1,0,0
CUST_1795,Email,5,3,1
CUST_1796,Promotion banner,1,1,1
CUST_1796,Email,1,1,0
CUST_1796,SMS,4,2,0
CUST_1796,Push Notification,4,1,1
CUST_1797,Promotion banner,5,1,0
CUST_1797,SMS,4,0,1
CUST_1797,Promotion banner,5,3,0
CUST_1798,Email,3,2,0
CUST_1798,Email,5,3,1
CUST_1799,Email,3,3,0
CUST_1799,Promotion banner,1,1,0
CUST_1799,Promotion banner,3,0,0
CUST_1799,SMS,2,3,1
CUST_1800,SMS,2,0,1
CUST_1800,SMS,4,0,0
CUST_1801,SMS,2,3,0
CUST_1801,SMS,5,0,1
CUST_1801,SMS,2,2,0
CUST_1801,Push Notification,4,3,1
CUST_1802,Promotion banner,1,0,1
CUST_1803,Email,3,0,1
CUST_1804,Push Notification,3,2,0
CUST_1804,Email,4,0,1
CUST_1804,Push Notification,5,3,1
CUST_1805,SMS,1,0,0
CUST_1806,Push Notification,1,0,0
CUST_1806,SMS,4,0,1
CUST_1806,Push Notification,2,2,1
CUST_1807,Promotion banner,5,3,0
CUST_1807,Push Notification,4,3,0
CUST_1807,SMS,4,3,1
CUST_1808,SMS,1,3,1
CUST_1808,Push Notification,5,1,1
CUST_1808,Push Notification,3,1,1
CUST_1809,SMS,5,3,0
CUST_1809,Email,2,0,1
CUST_1809,Email,5,2,1
CUST_1809,SMS,5,3,0
CUST_1810,Push Notification,5,2,1
CUST_1810,Email,3,2,1
CUST_1810,SMS,1,2,0
CUST_1810,SMS,3,3,1
CUST_1811,Push Notification,4,1,1
CUST_1811,Push Notification,4,0,1
CUST_1812,SMS,2,1,0
CUST_1812,SMS,5,0,0
CUST_1813,Email,1,2,1
CUST_1813,SMS,2,2,1
CUST_1814,Push Notification,5,1,1
CUST_1814,Promotion banner,5,2,0
CUST_1814,Email,4,3,0
CUST_1815,Push Notification,4,2,1
CUST_1815,Email,2,1,0
CUST_1815,Push Notification,4,0,0
CUST_1816,Push Notification,4,0,1
CUST_1817,Promotion banner,2,1,1
CUST_1817,SMS,4,2,1
CUST_1818,Push Notification,5,0,1
CUST_1818,Email,1,2,0
CUST_1818,Promotion banner,4,2,1
CUST_1819,SMS,5,1,1
CUST_1819,Push Notification,5,0,1
CUST_1820,Email,1,0,1
CUST_1820,Push Notification,4,2,0
CUST_1821,Promotion banner,3,0,1
CUST_1822,Email,5,0,1
CUST_1822,Email,4,0,1
CUST_1822,Promotion banner,4,1,1
CUST_1822,SMS,3,2,0
CUST_1823,Push Notification,2,0,1
CUST_1824,Promotion banner,1,2,1
CUST_1824,Email,3,1,0
CUST_1824,Promotion banner,1,0,0
CUST_1824,Push Notification,5,2,0
CUST_1825,Push Notification,5,2,1
CUST_1825,Promotion banner,4,1,1
CUST_1826,Promotion banner,5,3,1
CUST_1826,Email,4,2,1
CUST_1826,Promotion banner,2,1,0
CUST_1826,Email,4,3,1
CUST_1827,Push Notification,2,3,0
CUST_1827,Email,5,3,1
CUST_1827,Promotion banner,4,3,0
CUST_1828,Promotion banner,3,3,1
CUST_1828,Push Notification,2,2,0
CUST_1828,Push Notification,5,0,0
CUST_1829,Email,1,2,1
CUST_1830,SMS,1,0,1
CUST_1830,SMS,3,3,1
CUST_1830,SMS,1,3,0
CUST_1830,SMS,3,3,1
CUST_1831,Email,2,1,0
CUST_1831,SMS,2,3,0
CUST_1832,SMS,4,1,0
CUST_1832,SMS,2,2,1
CUST_1832,Promotion banner,2,0,0
CUST_1833,SMS,4,2,0
CUST_1833,Promotion banner,4,3,1
CUST_1833,SMS,5,2,1
CUST_1834,Email,3,1,0
CUST_1835,Push Notification,3,2,0
CUST_1835,Email,3,0,1
CUST_1835,Email,2,2,1
CUST_1835,Promotion banner,2,0,1
CUST_1836,Push Notification,1,3,0
CUST_1837,Email,2,1,0
CUST_1837,Promotion banner,2,3,1
CUST_1838,Push Notification,4,2,1
CUST_1838,Email,5,1,0
CUST_1838,Push Notification,4,0,0
CUST_1838,Promotion banner,2,3,1
CUST_1839,SMS,2,1,1
CUST_1839,Promotion banner,1,2,1
CUST_1840,Push Notification,1,1,0
CUST_1840,Email,1,2,0
CUST_1840,Promotion banner,4,2,0
CUST_1840,SMS,2,3,0
CUST_1841,SMS,1,1,1
CUST_1841,Promotion banner,5,0,1
CUST_1841,Email,5,1,0
CUST_1841,Promotion banner,3,3,0
CUST_1842,Email,5,0,0
CUST_1842,SMS,5,1,1
CUST_1843,Email,1,2,0
CUST_1843,Promotion banner,3,0,0
CUST_1843,Promotion banner,3,1,0
CUST_1843,Email,5,0,1
CUST_1844,Push Notification,1,2,1
CUST_1844,Promotion banner,3,1,0
CUST_1844,Push Notification,5,0,1
CUST_1844,Push Notification,3,1,0
CUST_1845,Email,2,2,1
CUST_1845,Push Notification,4,1,0
CUST_1845,SMS,4,1,0
CUST_1846,Push Notification,5,3,1
CUST_1847,Promotion banner,5,0,0
CUST_1847,SMS,5,0,0
CUST_1847,Promotion banner,2,1,0
CUST_1847,Promotion banner,5,1,0
CUST_1848,Email,1,0,1
CUST_1849,SMS,1,2,0
CUST_1850,Email,3,3,0
CUST_1850,Push Notification,1,2,1
CUST_1850,Email,5,0,1
CUST_1851,Push Notification,4,1,1
CUST_1851,Promotion banner,1,1,0
CUST_1852,Push Notification,2,2,1
CUST_1852,Email,5,2,0
CUST_1853,SMS,3,2,0
CUST_1854,Promotion banner,4,0,1
CUST_1854,Push Notification,2,3,1
CUST_1854,Email,2,0,0
CUST_1855,Promotion banner,2,0,0
CUST_1855,Push Notification,5,2,1
CUST_1855,Email,1,3,1
CUST_1855,Push Notification,4,3,0
CUST_1856,Email,2,0,0
CUST_1856,Promotion banner,5,3,1
CUST_1856,Push Notification,4,1,0
CUST_1856,SMS,4,3,1
CUST_1857,Promotion banner,1,2,0
CUST_1857,Push Notification,4,1,1
CUST_1858,Email,5,0,0
CUST_1858,Email,4,2,1
CUST_1858,Promotion banner,5,1,1
CUST_1858,Email,5,2,1
CUST_1859,Push Notification,4,0,0
CUST_1859,SMS,1,2,1
CUST_1859,Push Notification,5,0,1
CUST_1860,Email,4,2,1
CUST_1860,Promotion banner,2,2,0
CUST_1861,SMS,1,2,0
CUST_1861,Email,4,3,0
CUST_1861,SMS,2,0,1
CUST_1862,Email,5,3,1
CUST_1862,Email,3,2,1
CUST_1862,Promotion banner,1,2,1
CUST_1863,SMS,3,0,0
CUST_1863,Email,5,0,0
CUST_1863,Email,5,0,1
CUST_1864,Push Notification,1,3,1
CUST_1864,SMS,2,1,0
CUST_1865,SMS,2,2,0
CUST_1865,Push Notification,2,0,1
CUST_1866,Promotion banner,5,1,0
CUST_1866,SMS,1,1,1
CUST_1866,Promotion banner,3,2,0
CUST_1867,Push Notification,5,1,0
CUST_1867,Push Notification,5,3,0
CUST_1867,Push Notification,2,0,1
CUST_1868,Email,1,2,1
CUST_1868,Push Notification,2,1,1
CUST_1868,Promotion banner,5,1,0
CUST_1868,SMS,1,1,1
CUST_1869,Promotion banner,3,2,1
CUST_1870,Push Notification,5,0,1
CUST_1870,Push Notification,4,3,0
CUST_1870,Email,4,0,1
CUST_1871,Email,2,1,0
CUST_1871,Promotion banner,2,3,0
CUST_1871,Promotion banner,1,3,0
CUST_1872,SMS,1,2,0
CUST_1872,Push Notification,1,1,1
CUST_1873,Promotion banner,2,0,1
CUST_1873,SMS,5,2,0
CUST_1874,Promotion banner,3,1,0
CUST_1874,Email,2,0,1
CUST_1874,SMS,2,3,1
CUST_1874,Promotion banner,5,3,1
CUST_1875,Push Notification,2,3,0
CUST_1876,Promotion banner,3,2,0
CUST_1876,Push Notification,4,2,0
CUST_1877,SMS,3,2,1
CUST_1877,Email,5,3,0
CUST_1877,SMS,2,3,0
CUST_1877,Push Notification,1,0,0
CUST_1878,SMS,3,2,1
CUST_1878,SMS,5,1,0
CUST_1879,SMS,5,2,0
CUST_1879,Push Notification,5,2,1
CUST_1880,Promotion banner,1,1,1
CUST_1880,SMS,3,2,1
CUST_1880,Promotion banner,3,1,0
CUST_1880,Email,3,3,0
CUST_1881,Promotion banner,2,3,0
CUST_1882,Promotion banner,2,0,0
CUST_1882,Push Notification,5,3,0
CUST_1882,SMS,2,1,1
CUST_1883,Email,5,1,0
CUST_1884,Email,4,3,1
CUST_1884,Email,3,0,0
CUST_1884,Push Notification,3,1,0
CUST_1885,Email,5,3,1
CUST_1885,Promotion banner,4,1,0
CUST_1885,Promotion banner,2,3,1
CUST_1885,Email,4,2,1
CUST_1886,Push Notification,1,1,1
CUST_1886,Email,2,0,0
CUST_1886,SMS,3,2,0
CUST_1887,SMS,2,0,1
CUST_1887,Email,3,2,0
CUST_1888,Email,1,3,0
CUST_1888,Email,2,1,1
CUST_1888,Email,3,3,0
CUST_1889,Email,5,1,0
CUST_1889,Push Notification,1,1,0
CUST_1890,Email,3,2,0
CUST_1891,Promotion banner,4,3,0
CUST_1891,SMS,5,2,1
CUST_1892,Email,1,3,1
CUST_1892,Push Notification,2,2,0
CUST_1892,Promotion banner,1,3,0
CUST_1892,SMS,3,2,0
CUST_1893,Promotion banner,1,3,0
CUST_1893,Promotion banner,4,2,1
CUST_1893,Push Notification,3,1,0
CUST_1893,SMS,4,0,0
CUST_1894,SMS,3,2,1
CUST_1894,Promotion banner,4,0,0
CUST_1895,Email,2,0,1
CUST_1895,Email,1,2,1
CUST_1896,Email,1,0,1
CUST_1897,SMS,1,2,0
CUST_1897,Email,2,1,1
CUST_1897,Push Notification,1,2,0
CUST_1898,Promotion banner,5,0,1
CUST_1898,SMS,5,0,1
CUST_1898,SMS,2,0,0
CUST_1899,Push Notification,4,0,1
CUST_1899,Email,3,1,1
CUST_1899,Push Notification,4,0,0
CUST_1899,Email,4,0,0
CUST_1900,Email,3,2,0
CUST_1900,SMS,3,2,1
CUST_1900,Push Notification,4,1,0
CUST_1900,Promotion banner,2,1,1
CUST_1901,Email,1,2,0
CUST_1902,Email,5,0,1
CUST_1902,Promotion banner,4,0,0
CUST_1902,Promotion banner,5,3,0
CUST_1903,Email,3,0,0
CUST_1903,Email,5,2,1
CUST_1903,SMS,3,0,0
CUST_1904,Push Notification,3,2,0
CUST_1904,SMS,3,1,1
CUST_1904,Email,4,1,0
CUST_1905,SMS,3,3,1
CUST_1906,SMS,2,2,0
CUST_1906,Email,4,0,1
CUST_1907,Email,2,0,1
CUST_1907,SMS,1,2,0
CUST_1907,Push Notification,2,0,0
CUST_1907,Push Notification,5,2,0
CUST_1908,Promotion banner,5,1,1
CUST_1908,Email,5,2,0
CUST_1908,Promotion banner,2,0,0
CUST_1908,SMS,4,2,0
CUST_1909,Push Notification,1,2,0
CUST_1909,SMS,3,2,1
CUST_1909,SMS,4,1,1
CUST_1909,Promotion banner,3,3,1
CUST_1910,Email,1,1,1
CUST_1910,Push Notification,3,1,1
CUST_1911,SMS,3,2,0
CUST_1911,SMS,2,1,0
CUST_1911,Promotion banner,5,0,0
CUST_1911,Promotion banner,1,1,1
CUST_1912,Email,4,0,0
CUST_1912,Promotion banner,3,3,1
CUST_1912,Push Notification,5,0,0
CUST_1913,Push Notification,3,1,0
CUST_1913,SMS,2,2,1
CUST_1914,Promotion banner,2,1,1
CUST_1914,Promotion banner,4,3,1
CUST_1914,Push Notification,1,0,0
CUST_1915,Email,4,3,1
CUST_1915,SMS,5,3,0
CUST_1915,SMS,2,2,0
CUST_1916,Email,5,1,1
CUST_1916,SMS,2,1,0
CUST_1916,Push Notification,1,1,1
CUST_1917,Email,3,3,0
CUST_1918,Promotion banner,3,3,0
CUST_1918,Promotion banner,2,0,0
CUST_1918,SMS,2,2,1
CUST_1919,Email,5,0,1
CUST_1919,Email,3,1,1
CUST_1919,SMS,3,2,1
CUST_1920,Promotion banner,1,0,1
CUST_1920,Promotion banner,3,2,1
CUST_1921,Email,5,0,1
CUST_1922,Email,1,0,1
CUST_1922,Promotion banner,2,2,0
CUST_1922,SMS,1,2,0
CUST_1923,Push Notification,3,0,1
CUST_1923,Promotion banner,2,3,0
CUST_1924,Promotion banner,5,2,0
CUST_1925,Email,4,1,0
CUST_1925,Email,3,0,1
CUST_1925,Email,5,1,1
CUST_1926,Email,3,3,1
CUST_1926,SMS,2,2,1
CUST_1926,Push Notification,2,2,1
CUST_1927,SMS,3,2,1
CUST_1927,Email,5,1,1
CUST_1927,SMS,3,0,0
CUST_1928,Email,4,3,1
CUST_1929,Email,3,2,0
CUST_1929,Push Notification,4,3,1
CUST_1929,Promotion banner,1,3,0
CUST_1930,Push Notification,3,2,1
CUST_1931,SMS,5,0,0
CUST_1931,Email,5,1,0
CUST_1932,Promotion banner,3,0,0
CUST_1932,Push Notification,4,3,1
CUST_1933,Promotion banner,1,0,1
CUST_1933,Promotion banner,4,0,0
CUST_1933,Promotion banner,3,1,0
CUST_1934,SMS,4,0,1
CUST_1934,SMS,2,2,1
CUST_1934,Promotion banner,3,3,1
CUST_1934,Email,4,1,0
CUST_1935,SMS,3,3,1
CUST_1935,Promotion banner,5,2,0
CUST_1935,Email,1,3,1
CUST_1936,Promotion banner,5,3,0
CUST_1937,SMS,1,3,1
CUST_1937,Promotion banner,1,2,1
CUST_1937,Email,3,3,1
CUST_1937,Push Notification,5,2,1
CUST_1938,Promotion banner,4,1,0
CUST_1938,Promotion banner,2,0,0
CUST_1938,Email,1,1,1
CUST_1939,Promotion banner,1,1,1
CUST_1940,SMS,5,2,1
CUST_1940,Push Notification,1,0,1
CUST_1940,Email,2,3,0
CUST_1940,Push Notification,4,0,0
CUST_1941,Promotion banner,3,0,0
CUST_1942,Push Notification,3,0,0
CUST_1942,Push Notification,4,0,0
CUST_1942,Email,2,1,0
CUST_1942,Email,1,1,0
CUST_1943,Push Notification,4,3,1
CUST_1943,SMS,5,0,0
CUST_1943,Email,5,2,1
CUST_1944,SMS,2,1,0
CUST_1944,Email,3,1,0
CUST_1945,Push Notification,5,1,0
CUST_1946,Email,1,3,1
CUST_1947,Push Notification,3,3,0
CUST_1948,Push Notification,5,1,0
CUST_1948,Promotion banner,4,0,0
CUST_1948,SMS,5,0,0
CUST_1949,Push Notification,1,3,1
CUST_1949,Email,2,2,0
CUST_1949,SMS,5,0,1
CUST_1949,Email,4,1,0
CUST_1950,Push Notification,4,2,1
CUST_1951,SMS,3,2,1
CUST_1951,Push Notification,3,0,0
CUST_1951,Promotion banner,1,0,1
CUST_1952,Push Notification,3,2,0
CUST_1953,SMS,3,3,1
CUST_1953,SMS,2,1,0
CUST_1953,Email,4,3,1
CUST_1953,SMS,4,0,0
CUST_1954,Push Notification,3,0,1
CUST_1954,Push Notification,4,2,0
CUST_1954,Email,4,0,0
CUST_1955,Push Notification,3,1,0
CUST_1956,Push Notification,5,1,1
CUST_1956,Email,2,3,1
CUST_1956,SMS,2,2,1
CUST_1957,SMS,2,1,1
CUST_1957,Push Notification,2,1,1
CUST_1958,Promotion banner,3,3,0
CUST_1958,Push Notification,4,3,1
CUST_1958,SMS,3,2,0
CUST_1958,Email,3,3,0
CUST_1959,Promotion banner,2,1,1
CUST_1959,Email,5,0,0
CUST_1959,SMS,3,1,0
CUST_1960,Email,5,0,1
CUST_1960,Email,3,2,0
CUST_1960,Push Notification,3,3,1
CUST_1961,SMS,2,3,1
CUST_1961,SMS,1,3,1
CUST_1961,Promotion banner,2,1,0
CUST_1961,Push Notification,1,2,1
CUST_1962,Push Notification,5,1,0
CUST_1962,Email,5,3,1
CUST_1962,Promotion banner,1,3,1
CUST_1963,Email,5,0,1
CUST_1963,Promotion banner,1,2,0
CUST_1964,SMS,5,3,0
CUST_1964,Push Notification,3,1,0
CUST_1964,Promotion banner,1,0,0
CUST_1964,Push Notification,4,2,1
CUST_1965,Promotion banner,1,0,0
CUST_1966,SMS,2,0,1
CUST_1966,SMS,5,0,1
CUST_1966,Promotion banner,4,0,0
CUST_1967,Push Notification,5,0,1
CUST_1967,SMS,2,1,0
CUST_1967,SMS,2,0,0
CUST_1968,Promotion banner,3,1,0
CUST_1969,Push Notification,4,1,1
CUST_1970,SMS,5,2,0
CUST_1970,Email,1,3,1
CUST_1971,Email,1,2,0
CUST_1971,Push Notification,5,1,1
CUST_1971,Promotion banner,1,0,1
CUST_1971,Promotion banner,3,2,0
CUST_1972,SMS,2,3,1
CUST_1972,Push Notification,1,3,0
CUST_1973,Push Notification,3,2,1
CUST_1974,Push Notification,1,3,0
CUST_1974,SMS,1,1,0
CUST_1974,Push Notification,1,1,1
CUST_1974,SMS,4,2,0
CUST_1975,Promotion banner,3,3,1
CUST_1976,Email,1,1,0
CUST_1976,Push Notification,3,2,0
CUST_1976,Email,1,3,0
CUST_1976,Push Notification,1,0,0
CUST_1977,SMS,2,2,0
CUST_1977,Push Notification,2,0,0
CUST_1978,SMS,5,1,1
CUST_1978,Promotion banner,1,1,1
CUST_1978,Push Notification,1,2,1
CUST_1978,Push Notification,2,2,1
CUST_1979,Promotion banner,5,3,0
CUST_1979,Email,3,0,1
CUST_1979,Promotion banner,1,3,0
CUST_1980,SMS,3,3,1
CUST_1981,Push Notification,1,3,1
CUST_1981,Promotion banner,1,0,1
CUST_1981,Promotion banner,1,1,1
CUST_1982,Push Notification,2,3,0
CUST_1982,Promotion banner,5,2,1
CUST_1982,SMS,5,1,0
CUST_1982,Push Notification,5,2,0
CUST_1983,Push Notification,5,3,1
CUST_1983,Email,5,1,0
CUST_1984,Promotion banner,1,0,1
CUST_1984,Email,1,0,0
CUST_1984,SMS,4,3,1
CUST_1985,Email,4,0,0
CUST_1985,Push Notification,2,0,1
CUST_1985,Email,5,2,1
CUST_1986,Push Notification,4,0,0
CUST_1986,Email,2,3,1
CUST_1986,SMS,4,0,0
CUST_1986,Email,1,0,1
CUST_1987,SMS,5,2,1
CUST_1988,SMS,4,0,0
CUST_1988,Promotion banner,4,1,1
CUST_1988,SMS,3,3,1
CUST_1989,Email,1,0,0
CUST_1989,SMS,1,1,0
CUST_1990,SMS,4,0,1
CUST_1990,Push Notification,5,0,0
CUST_1990,Promotion banner,4,0,1
CUST_1990,Push Notification,1,3,1
CUST_1991,Push Notification,5,1,1
CUST_1991,Push Notification,4,3,0
CUST_1991,Promotion banner,2,0,0
CUST_1992,SMS,4,1,0
CUST_1993,SMS,1,3,1
CUST_1993,Email,4,3,0
CUST_1994,Email,1,1,1
CUST_1995,SMS,3,2,1
CUST_1995,SMS,1,3,0
CUST_1995,Push Notification,2,2,0
CUST_1996,Email,5,0,0
CUST_1996,Promotion banner,3,1,1
CUST_1997,Promotion banner,3,1,1
CUST_1998,Promotion banner,5,3,0
CUST_1998,Email,2,1,1
CUST_1998,Email,2,1,1
CUST_1999,Push Notification,4,0,0
CUST_1999,Promotion banner,4,0,0
CUST_1999,Email,2,1,1
CUST_1999,Promotion banner,1,3,0
CUST_2000,SMS,1,1,0
CUST_2000,Push Notification,4,2,0
CUST_2001,Push Notification,3,1,0
CUST_2002,Promotion banner,4,2,0
CUST_2002,Promotion banner,3,1,1
CUST_2003,Push Notification,4,1,1
CUST_2003,SMS,1,3,0
CUST_2003,SMS,5,2,0
CUST_2004,Push Notification,5,2,1
CUST_2004,Promotion banner,1,0,1
CUST_2005,SMS,3,0,0
CUST_2006,Push Notification,1,2,1
CUST_2007,Promotion banner,4,3,0
CUST_2008,Push Notification,4,2,0
CUST_2009,Promotion banner,5,0,0
CUST_2009,Email,5,2,1
CUST_2009,Promotion banner,5,2,1
CUST_2009,Push Notification,3,0,0
CUST_2010,Push Notification,4,0,1
CUST_2010,Promotion banner,1,0,1
CUST_2010,SMS,1,2,1
CUST_2010,SMS,2,3,1
CUST_2011,Email,3,0,0
CUST_2012,Push Notification,1,1,0
CUST_2013,Email,3,3,1
CUST_2013,Email,5,3,1
CUST_2014,Email,3,0,1
CUST_2014,Push Notification,4,0,0
CUST_2015,Promotion banner,5,3,1
CUST_2016,SMS,2,2,0
CUST_2016,Promotion banner,2,0,1
CUST_2017,Promotion banner,3,1,1
CUST_2017,Push Notification,5,3,0
CUST_2017,Push Notification,4,1,0
CUST_2017,Promotion banner,5,3,0
CUST_2018,Push Notification,3,2,1
CUST_2018,SMS,4,2,1
CUST_2018,Promotion banner,5,1,1
CUST_2019,Promotion banner,1,1,0
CUST_2019,SMS,3,1,1
CUST_2019,Promotion banner,1,2,1
CUST_2019,SMS,1,3,0
CUST_2020,Push Notification,2,0,0
CUST_2020,Promotion banner,4,0,0
CUST_2020,Email,5,0,0
CUST_2020,Promotion banner,4,0,1
CUST_2021,Push Notification,2,1,0
CUST_2022,Email,2,2,0
CUST_2023,SMS,2,0,0
CUST_2024,SMS,4,1,0
CUST_2025,Email,3,2,1
CUST_2025,Promotion banner,1,1,1
CUST_2026,Push Notification,5,3,0
CUST_2026,SMS,1,3,0
CUST_2026,SMS,3,0,0
CUST_2026,SMS,1,1,1
CUST_2027,Email,1,1,1
CUST_2027,Email,3,2,1
CUST_2028,SMS,4,2,0
CUST_2029,Email,1,1,1
CUST_2029,Push Notification,1,0,1
CUST_2029,SMS,3,0,1
CUST_2030,SMS,1,3,1
CUST_2030,SMS,2,3,0
CUST_2030,Promotion banner,5,2,0
CUST_2030,SMS,2,0,1
CUST_2031,Push Notification,3,0,1
CUST_2031,SMS,4,0,1
CUST_2032,Push Notification,4,0,1
CUST_2032,Email,5,0,0
CUST_2032,Push Notification,4,2,0
CUST_2032,Email,2,1,0
CUST_2033,Push Notification,4,2,0
CUST_2033,Promotion banner,4,3,1
CUST_2034,Push Notification,2,0,1
CUST_2034,SMS,4,3,0
CUST_2034,Push Notification,2,3,0
CUST_2035,SMS,2,3,0
CUST_2035,Push Notification,1,3,0
CUST_2035,SMS,5,2,1
CUST_2035,SMS,1,0,0
CUST_2036,SMS,4,1,1
CUST_2036,Email,1,3,0
CUST_2036,Promotion banner,3,0,1
CUST_2037,Push Notification,5,0,1
CUST_2037,Email,2,2,1
CUST_2037,Promotion banner,5,1,1
CUST_2037,Push Notification,4,2,0
CUST_2038,Push Notification,3,1,1
CUST_2039,SMS,4,0,0
CUST_2040,SMS,4,2,1
CUST_2040,SMS,4,0,1
CUST_2041,SMS,1,2,0
CUST_2041,Push Notification,3,0,0
CUST_2041,Email,3,1,0
CUST_2041,Push Notification,1,0,0
CUST_2042,SMS,5,0,0
CUST_2043,SMS,5,3,0
CUST_2043,Push Notification,2,1,0
CUST_2043,Promotion banner,3,1,1
CUST_2044,Email,4,3,1
CUST_2045,Push Notification,1,3,0
CUST_2045,Promotion banner,3,0,0
CUST_2045,Promotion banner,5,2,0
CUST_2045,Promotion banner,3,1,1
CUST_2046,SMS,2,0,1
CUST_2046,Promotion banner,3,2,1
CUST_2046,Email,3,3,1
CUST_2047,Promotion banner,4,2,0
CUST_2047,Email,1,2,0
CUST_2047,Promotion banner,2,0,1
CUST_2047,SMS,2,3,1
CUST_2048,Email,5,3,0
CUST_2049,SMS,1,0,1
CUST_2050,Push Notification,1,0,1
CUST_2050,SMS,1,1,1
CUST_2050,Push Notification,2,1,1
CUST_2050,Push Notification,2,2,0
CUST_2051,Email,4,1,1
CUST_2051,Email,4,0,0
CUST_2051,SMS,1,0,1
CUST_2051,Promotion banner,2,2,1
CUST_2052,Push Notification,1,2,1
CUST_2053,Push Notification,3,1,0
CUST_2054,Promotion banner,5,2,1
CUST_2055,Push Notification,5,2,0
CUST_2055,Promotion banner,1,0,1
CUST_2055,Promotion banner,2,1,0
CUST_2055,Promotion banner,4,1,1
CUST_2056,Push Notification,2,3,0
CUST_2056,Push Notification,3,1,0
CUST_2056,Email,3,1,0
CUST_2057,Email,4,2,1
CUST_2058,Push Notification,3,2,0
CUST_2058,Push Notification,5,3,0
CUST_2059,Email,1,0,1
CUST_2060,Push Notification,4,3,1
CUST_2061,Promotion banner,5,3,1
CUST_2061,Push Notification,4,0,1
CUST_2062,Promotion banner,3,1,0
CUST_2063,Push Notification,2,1,1
CUST_2063,Email,2,0,0
CUST_2063,SMS,3,1,1
CUST_2063,Push Notification,1,2,1
CUST_2064,Promotion banner,2,0,0
CUST_2065,Push Notification,5,1,1
CUST_2065,Push Notification,4,3,1
CUST_2065,Push Notification,2,2,1
CUST_2066,Email,4,3,1
CUST_2067,SMS,3,0,1
CUST_2068,Promotion banner,4,0,1
CUST_2069,Push Notification,4,1,1
CUST_2069,Promotion banner,1,3,1
CUST_2069,SMS,2,2,0
CUST_2069,Promotion banner,4,0,1
CUST_2070,SMS,5,2,1
CUST_2070,Email,4,0,0
CUST_2070,Push Notification,4,2,0
CUST_2071,SMS,5,3,1
CUST_2072,Promotion banner,3,2,0
CUST_2072,SMS,3,3,0
CUST_2072,Push Notification,3,0,1
CUST_2073,Promotion banner,3,2,0
CUST_2074,SMS,1,2,0
CUST_2074,Push Notification,2,3,1
CUST_2074,Push Notification,3,2,0
CUST_2074,Email,5,1,1
CUST_2075,Email,2,3,0
CUST_2075,SMS,3,1,1
CUST_2075,SMS,3,0,0
CUST_2075,Email,4,3,0
CUST_2076,Push Notification,2,0,0
CUST_2077,SMS,3,0,0
CUST_2077,Push Notification,3,3,0
CUST_2077,SMS,3,2,0
CUST_2077,Push Notification,3,1,0
CUST_2078,SMS,2,3,0
CUST_2078,Email,1,0,1
CUST_2078,SMS,4,1,1
CUST_2079,Email,3,0,0
CUST_2079,Email,5,1,1
CUST_2079,Push Notification,3,3,0
CUST_2080,Push Notification,3,2,1
CUST_2080,SMS,3,2,1
CUST_2080,Promotion banner,4,3,1
CUST_2081,SMS,2,3,1
CUST_2081,Email,2,3,0
CUST_2081,SMS,2,3,0
CUST_2082,Email,2,0,0
CUST_2082,Email,3,2,0
CUST_2082,SMS,5,3,1
CUST_2082,Promotion banner,4,3,0
CUST_2083,SMS,4,0,1
CUST_2083,Promotion banner,2,2,1
CUST_2083,Push Notification,5,0,0
CUST_2083,Promotion banner,5,1,0
CUST_2084,Push Notification,5,3,1
CUST_2084,Email,2,2,1
CUST_2084,SMS,4,3,0
CUST_2084,Push Notification,5,1,1
CUST_2085,Push Notification,4,2,0
CUST_2086,Push Notification,3,2,1
CUST_2087,Push Notification,2,0,0
CUST_2088,Push Notification,4,0,1
CUST_2089,Email,2,3,0
CUST_2090,Promotion banner,5,3,0
CUST_2090,Promotion banner,5,1,0
CUST_2090,Promotion banner,4,1,0
CUST_2090,SMS,4,0,0
CUST_2091,Push Notification,3,3,0
CUST_2092,Email,3,2,1
CUST_2092,SMS,1,0,0
CUST_2093,SMS,1,1,0
CUST_2093,Promotion banner,4,0,0
CUST_2094,SMS,3,0,0
CUST_2094,Push Notification,5,3,0
CUST_2094,Email,5,1,0
CUST_2095,SMS,2,3,1
CUST_2095,Promotion banner,4,2,0
CUST_2095,SMS,3,2,1
CUST_2095,SMS,5,1,0
CUST_2096,Email,4,1,1
CUST_2097,Email,2,2,1
CUST_2097,Push Notification,1,0,1
CUST_2097,Push Notification,5,1,1
CUST_2097,Email,5,3,1
CUST_2098,Promotion banner,2,2,1
CUST_2098,SMS,3,0,0
CUST_2098,Promotion banner,3,3,1
CUST_2099,Promotion banner,4,1,1
CUST_2099,Email,3,2,1
CUST_2099,Push Notification,1,2,0
CUST_2099,Promotion banner,1,0,0
CUST_2100,SMS,3,1,0
CUST_2100,SMS,1,2,0
CUST_2100,SMS,3,3,0
CUST_2101,Email,2,3,1
CUST_2101,SMS,1,0,1
CUST_2101,SMS,5,3,0
CUST_2102,Email,1,2,0
CUST_2103,Promotion banner,2,3,0
CUST_2104,SMS,4,2,1
CUST_2104,Push Notification,5,2,0
CUST_2105,Promotion banner,3,1,1
CUST_2105,Email,3,2,1
CUST_2106,Email,4,1,1
CUST_2106,Email,5,3,1
CUST_2106,SMS,4,1,1
CUST_2107,Push Notification,1,1,0
CUST_2107,Push Notification,4,2,0
CUST_2107,Promotion banner,3,2,1
CUST_2107,Email,5,2,1
CUST_2108,Push Notification,2,0,0
CUST_2108,Email,2,1,0
CUST_2108,Promotion banner,2,3,1
CUST_2108,Email,1,0,1
CUST_2109,Email,5,1,0
CUST_2109,Email,3,0,0
CUST_2110,SMS,2,2,0
CUST_2111,Email,4,0,0
CUST_2111,Push Notification,3,0,0
CUST_2111,Email,4,2,0
CUST_2112,SMS,3,2,0
CUST_2112,Promotion banner,2,0,1
CUST_2113,Email,4,0,0
CUST_2114,Email,4,0,0
CUST_2114,Push Notification,4,1,0
CUST_2114,Push Notification,3,2,1
CUST_2115,Promotion banner,5,0,0
CUST_2116,Promotion banner,1,2,0
CUST_2117,Push Notification,3,3,0
CUST_2117,Push Notification,3,1,0
CUST_2117,SMS,4,0,1
CUST_2117,Push Notification,2,2,1
CUST_2118,SMS,4,0,1
CUST_2118,Email,3,3,0
CUST_2118,SMS,2,1,0
CUST_2118,Promotion banner,1,0,1
CUST_2119,Push Notification,2,2,0
CUST_2120,SMS,2,3,1
CUST_2120,Push Notification,4,1,0
CUST_2121,Promotion banner,2,3,1
CUST_2121,SMS,5,2,1
CUST_2121,Promotion banner,3,0,0
CUST_2121,Push Notification,5,1,0
CUST_2122,SMS,4,0,1
CUST_2123,Promotion banner,3,2,0
CUST_2124,Push Notification,1,2,1
CUST_2124,Email,4,2,1
CUST_2124,Push Notification,3,3,0
CUST_2124,Promotion banner,5,1,0
CUST_2125,Push Notification,4,3,1
CUST_2125,Email,4,0,1
CUST_2126,Push Notification,5,3,0
CUST_2126,Promotion banner,3,3,0
CUST_2126,Push Notification,5,3,0
CUST_2127,Push Notification,3,0,0
CUST_2128,Push Notification,1,2,0
CUST_2128,Promotion banner,2,2,0
CUST_2129,Email,4,0,0
CUST_2129,Promotion banner,3,0,0
CUST_2129,Push Notification,5,0,1
CUST_2130,Email,3,1,1
CUST_2130,Push Notification,2,2,0
CUST_2130,Push Notification,5,1,1
CUST_2130,SMS,2,0,0
CUST_2131,Promotion banner,3,2,0
CUST_2131,Push Notification,2,0,0
CUST_2132,SMS,5,1,1
CUST_2132,Email,4,3,1
CUST_2132,Email,2,0,0
CUST_2132,Push Notification,3,2,1
CUST_2133,SMS,2,2,1
CUST_2133,Email,2,3,0
CUST_2134,Email,5,2,0
CUST_2134,Email,2,0,1
CUST_2134,Push Notification,3,1,0
CUST_2135,Email,5,0,1
CUST_2135,SMS,1,0,1
CUST_2135,Email,4,1,0
CUST_2135,Promotion banner,4,0,1
CUST_2136,Promotion banner,1,0,0
CUST_2136,Push Notification,1,0,1
CUST_2136,Promotion banner,3,1,1
CUST_2137,SMS,2,3,1
CUST_2137,Promotion banner,1,3,0
CUST_2137,SMS,1,3,1
CUST_2138,Email,1,3,1
CUST_2139,SMS,2,0,0
CUST_2139,Promotion banner,2,0,0
CUST_2139,Email,1,3,1
CUST_2139,Promotion banner,4,1,0
CUST_2140,SMS,2,0,1
CUST_2140,Email,2,3,1
CUST_2141,Email,5,0,0
CUST_2141,Promotion banner,2,0,0
CUST_2142,SMS,3,3,1
CUST_2142,Push Notification,3,3,0
CUST_2142,Push Notification,5,1,0
CUST_2143,SMS,5,0,1
CUST_2143,SMS,2,3,1
CUST_2143,Promotion banner,4,2,1
CUST_2143,Promotion banner,4,3,1
CUST_2144,SMS,4,0,1
CUST_2145,Email,2,0,1
CUST_2145,Push Notification,1,0,1
CUST_2145,Promotion banner,2,0,1
CUST_2145,Promotion banner,2,0,0
CUST_2146,Email,4,1,1
CUST_2146,Push Notification,3,0,0
CUST_2147,Email,1,3,1
CUST_2147,Promotion banner,3,1,0
CUST_2147,Email,2,2,0
CUST_2148,Email,3,0,1
CUST_2149,Email,4,0,0
CUST_2149,Push Notification,3,2,1
CUST_2150,Promotion banner,3,1,1
CUST_2151,Promotion banner,4,0,1
CUST_2151,Promotion banner,1,1,1
CUST_2151,Promotion banner,2,2,0
CUST_2152,Promotion banner,1,0,1
CUST_2153,SMS,1,3,1
CUST_2153,Email,3,2,1
CUST_2153,Push Notification,2,3,1
CUST_2153,Email,3,1,1
CUST_2154,Email,4,2,1
CUST_2155,Push Notification,2,0,1
CUST_2156,Email,3,3,1
CUST_2157,Push Notification,3,3,0
CUST_2157,SMS,4,2,0
CUST_2157,SMS,1,3,1
CUST_2158,Push Notification,1,2,1
CUST_2158,Push Notification,3,2,0
CUST_2158,SMS,5,1,1
CUST_2159,Promotion banner,5,0,0
CUST_2159,Email,1,2,1
CUST_2159,Push Notification,5,2,0
CUST_2159,Email,4,3,0
CUST_2160,Promotion banner,4,2,1
CUST_2160,Email,2,1,1
CUST_2161,SMS,3,0,1
CUST_2161,Push Notification,5,0,0
CUST_2161,Push Notification,2,2,1
CUST_2162,Email,2,0,0
CUST_2162,Promotion banner,5,1,1
CUST_2162,Promotion banner,4,1,0
CUST_2162,Push Notification,1,1,1
CUST_2163,Promotion banner,3,2,1
CUST_2163,Push Notification,4,0,1
CUST_2163,Promotion banner,5,3,0
CUST_2164,Promotion banner,5,0,0
CUST_2164,SMS,5,2,1
CUST_2165,Email,2,2,0
CUST_2166,Promotion banner,1,0,0
CUST_2166,Push Notification,4,3,1
CUST_2166,Push Notification,1,0,1
CUST_2167,SMS,2,3,0
CUST_2167,SMS,1,0,1
CUST_2167,Email,4,3,1
CUST_2167,Push Notification,1,0,1
CUST_2168,SMS,4,2,1
CUST_2168,Promotion banner,1,1,0
CUST_2168,Email,4,2,0
CUST_2168,Push Notification,3,0,1
CUST_2169,Push Notification,4,0,1
CUST_2169,SMS,2,3,1
CUST_2169,Email,2,2,0
CUST_2169,Email,4,3,0
CUST_2170,Email,1,0,1
CUST_2170,SMS,4,0,1
CUST_2171,Promotion banner,3,2,0
CUST_2171,Promotion banner,3,0,0
CUST_2172,Push Notification,2,3,0
CUST_2172,Email,4,0,0
CUST_2172,Email,5,3,0
CUST_2172,Push Notification,3,0,1
CUST_2173,Email,4,3,1
CUST_2173,Promotion banner,3,1,0
CUST_2173,Push Notification,3,0,1
CUST_2174,Promotion banner,5,3,1
CUST_2174,SMS,4,0,0
CUST_2175,Push Notification,2,1,0
CUST_2175,Push Notification,4,3,0
CUST_2175,Promotion banner,5,0,1
CUST_2175,Promotion banner,3,1,0
CUST_2176,SMS,2,2,1
CUST_2177,Email,4,3,0
CUST_2178,Email,2,3,1
CUST_2179,Promotion banner,4,3,1
CUST_2179,Promotion banner,2,3,1
CUST_2179,Push Notification,2,1,0
CUST_2180,Promotion banner,5,1,0
CUST_2180,SMS,1,1,0
CUST_2181,Promotion banner,2,1,0
CUST_2182,Promotion banner,4,3,0
CUST_2183,Promotion banner,5,0,0
CUST_2184,SMS,4,1,1
CUST_2185,Push Notification,1,3,0
CUST_2186,SMS,1,1,0
CUST_2186,Email,1,2,1
CUST_2187,Promotion banner,4,1,1
CUST_2187,Promotion banner,3,1,0
CUST_2187,Email,5,2,0
CUST_2188,Push Notification,2,3,1
CUST_2188,SMS,1,2,0
CUST_2188,Email,5,1,0
CUST_2188,Email,2,0,0
CUST_2189,Push Notification,5,0,1
CUST_2189,SMS,4,0,0
CUST_2189,Email,1,3,1
CUST_2189,SMS,5,0,1
CUST_2190,Push Notification,2,1,0
CUST_2190,Email,5,3,1
CUST_2190,Email,4,2,1
CUST_2190,Push Notification,1,3,0
CUST_2191,Push Notification,3,2,1
CUST_2191,Push Notification,3,3,0
CUST_2191,Push Notification,5,1,0
CUST_2191,Email,5,1,0
CUST_2192,Push Notification,3,1,1
CUST_2192,Promotion banner,5,1,1
CUST_2193,Push Notification,3,2,1
CUST_2193,Promotion banner,1,0,1
CUST_2193,Email,5,0,1
CUST_2194,Promotion banner,3,0,1
CUST_2194,SMS,3,2,1
CUST_2194,Email,3,2,1
CUST_2194,Promotion banner,2,2,1
CUST_2195,Email,5,0,1
CUST_2195,Email,4,0,1
CUST_2195,SMS,2,1,0
CUST_2196,SMS,5,2,0
CUST_2196,Email,2,0,0
CUST_2197,Promotion banner,2,2,0
CUST_2197,SMS,4,0,0
CUST_2198,SMS,5,0,1
CUST_2198,Push Notification,5,3,0
CUST_2198,Push Notification,1,0,1
CUST_2199,Push Notification,2,3,1
CUST_2199,Email,5,0,0
CUST_2199,SMS,3,3,1
CUST_2199,SMS,1,1,1
CUST_2200,SMS,3,2,1
CUST_2200,Email,4,1,1
CUST_2201,Promotion banner,3,2,0
CUST_2201,SMS,5,2,0
CUST_2201,Promotion banner,4,2,1
CUST_2202,Promotion banner,5,1,0
CUST_2203,Push Notification,4,0,0
CUST_2203,Promotion banner,5,2,0
CUST_2203,SMS,4,2,0
CUST_2204,Push Notification,4,1,0
CUST_2204,Email,1,1,1
CUST_2205,Email,5,1,0
CUST_2205,Push Notification,5,0,1
CUST_2206,SMS,5,3,0
CUST_2206,Email,2,2,0
CUST_2207,Promotion banner,4,0,1
CUST_2207,Email,5,2,0
CUST_2208,Promotion banner,2,3,0
CUST_2209,Promotion banner,1,1,0
CUST_2209,Email,1,2,1
CUST_2210,SMS,5,2,1
CUST_2211,Promotion banner,4,2,0
CUST_2211,Promotion banner,5,0,1
CUST_2211,Promotion banner,1,2,0
CUST_2211,SMS,1,3,1
CUST_2212,Push Notification,1,0,1
CUST_2212,Push Notification,1,0,1
CUST_2212,Push Notification,4,2,0
CUST_2213,Email,5,2,1
CUST_2213,Promotion banner,1,2,0
CUST_2213,SMS,2,1,0
CUST_2214,Push Notification,1,0,1
CUST_2215,Push Notification,5,0,0
CUST_2215,Promotion banner,5,2,0
CUST_2215,Email,3,3,1
CUST_2215,SMS,4,2,0
CUST_2216,Promotion banner,4,0,0
CUST_2216,Email,3,0,0
CUST_2216,Email,5,2,0
CUST_2216,Email,1,2,0
CUST_2217,Email,4,3,0
CUST_2217,Promotion banner,2,3,0
CUST_2218,SMS,3,2,0
CUST_2219,Email,4,0,1
CUST_2219,Promotion banner,3,1,0
CUST_2219,Promotion banner,4,2,1
CUST_2219,Push Notification,3,1,0
CUST_2220,Promotion banner,4,2,0
CUST_2220,Push Notification,4,3,1
CUST_2220,Email,3,1,1
CUST_2221,Push Notification,1,0,0
CUST_2221,SMS,2,3,1
CUST_2222,SMS,4,2,0
CUST_2222,Push Notification,2,0,1
CUST_2223,SMS,5,0,0
CUST_2223,SMS,5,2,1
CUST_2223,Push Notification,5,2,0
CUST_2224,SMS,3,3,0
CUST_2224,SMS,2,2,0
CUST_2224,Promotion banner,5,1,0
CUST_2224,Push Notification,3,2,1
CUST_2225,Email,3,2,0
CUST_2225,Promotion banner,2,0,1
CUST_2226,SMS,4,2,0
CUST_2226,Push Notification,1,0,1
CUST_2226,Email,5,1,1
CUST_2226,Email,2,1,1
CUST_2227,Email,3,2,1
CUST_2227,SMS,3,0,1
CUST_2227,Promotion banner,4,3,0
CUST_2227,Promotion banner,4,1,0
CUST_2228,Push Notification,1,1,1
CUST_2228,Email,4,0,0
CUST_2228,SMS,3,1,0
CUST_2228,Email,2,2,0
CUST_2229,SMS,2,0,1
CUST_2229,Promotion banner,2,1,0
CUST_2229,Promotion banner,4,3,1
CUST_2229,Email,2,3,0
CUST_2230,Push Notification,1,2,0
CUST_2230,Push Notification,5,2,1
CUST_2230,Email,2,0,1
CUST_2230,Push Notification,4,2,0
CUST_2231,Email,5,0,1
CUST_2232,Email,4,3,0
CUST_2232,Email,4,2,1
CUST_2232,Promotion banner,1,3,0
CUST_2232,Promotion banner,2,3,0
CUST_2233,Push Notification,4,1,0
CUST_2233,Push Notification,1,3,1
CUST_2233,SMS,1,1,1
CUST_2233,Push Notification,4,0,1
CUST_2234,Push Notification,5,0,1
CUST_2234,Push Notification,3,3,0
CUST_2235,SMS,5,1,1
CUST_2235,Push Notification,3,1,1
CUST_2235,Promotion banner,1,3,0
CUST_2236,SMS,1,0,0
CUST_2236,Push Notification,3,1,0
CUST_2236,Promotion banner,2,3,0
CUST_2237,Email,3,1,1
CUST_2237,Push Notification,5,0,0
CUST_2238,Email,2,0,1
CUST_2238,Email,2,3,1
CUST_2239,SMS,5,3,1
CUST_2239,SMS,5,2,0
CUST_2239,Email,5,0,1
CUST_2240,Email,2,2,0
CUST_2240,Push Notification,5,2,0
CUST_2240,Email,4,3,0
CUST_2240,Push Notification,5,1,0
CUST_2241,Push Notification,1,0,1
CUST_2241,Email,2,2,1
CUST_2241,SMS,4,1,1
CUST_2241,Email,2,3,0
CUST_2242,SMS,5,2,0
CUST_2243,Email,2,0,1
CUST_2243,SMS,2,1,1
CUST_2244,Promotion banner,4,3,0
CUST_2244,Promotion banner,1,2,1
CUST_2244,Email,1,1,0
CUST_2245,Promotion banner,5,1,0
CUST_2245,Email,5,3,1
CUST_2246,Push Notification,5,1,0
CUST_2246,SMS,5,2,1
CUST_2246,Push Notification,1,0,0
CUST_2246,Promotion banner,4,2,1
CUST_2247,SMS,4,0,0
CUST_2247,Push Notification,1,3,1
CUST_2248,SMS,5,1,1
CUST_2249,Push Notification,5,3,1
CUST_2249,Promotion banner,5,2,1
CUST_2249,Push Notification,4,3,1
CUST_2250,Email,1,3,1
CUST_2250,SMS,1,1,0
CUST_2250,Promotion banner,4,2,0
CUST_2251,Push Notification,2,1,0
CUST_2252,Push Notification,4,2,1
CUST_2252,SMS,5,1,0
CUST_2253,Push Notification,1,0,0
CUST_2253,SMS,2,1,0
CUST_2253,Push Notification,3,2,1
CUST_2253,Push Notification,2,0,0
CUST_2254,Promotion banner,1,1,0
CUST_2254,SMS,5,3,1
CUST_2254,SMS,4,0,1
CUST_2255,SMS,1,1,0
CUST_2256,Email,1,1,0
CUST_2256,Email,3,0,1
CUST_2256,Push Notification,1,1,1
CUST_2257,Push Notification,1,3,0
CUST_2257,Promotion banner,3,1,1
CUST_2258,Email,5,2,1
CUST_2258,Email,1,2,1
CUST_2259,Promotion banner,5,0,0
CUST_2259,Email,4,0,0
CUST_2259,SMS,2,2,1
CUST_2260,Email,4,2,1
CUST_2261,SMS,3,3,0
CUST_2261,SMS,4,3,0
CUST_2261,Promotion banner,5,0,0
CUST_2261,Promotion banner,3,1,1
CUST_2262,SMS,3,2,0
CUST_2262,Push Notification,3,1,0
CUST_2262,Push Notification,1,3,1
CUST_2262,SMS,1,2,1
CUST_2263,SMS,4,1,1
CUST_2263,Email,4,1,0
CUST_2264,Promotion banner,4,1,0
CUST_2264,Email,3,2,0
CUST_2264,SMS,2,1,1
CUST_2265,SMS,1,3,0
CUST_2265,Promotion banner,2,2,1
CUST_2265,Email,3,0,1
CUST_2266,Promotion banner,2,2,0
CUST_2266,SMS,4,0,0
CUST_2267,Push Notification,3,2,0
CUST_2268,Promotion banner,1,2,1
CUST_2268,Push Notification,4,1,1
CUST_2268,Push Notification,5,1,1
CUST_2269,Promotion banner,1,1,1
CUST_2270,Email,1,3,0
CUST_2271,Push Notification,4,0,0
CUST_2272,Promotion banner,3,2,0
CUST_2273,Promotion banner,2,1,0
CUST_2273,Promotion banner,4,3,1
CUST_2273,Promotion banner,4,0,0
CUST_2273,Push Notification,4,1,0
CUST_2274,Push Notification,1,1,1
CUST_2274,Push Notification,4,2,0
CUST_2274,Push Notification,4,0,1
CUST_2274,SMS,4,0,1
CUST_2275,SMS,4,3,0
CUST_2276,SMS,1,1,1
CUST_2276,Push Notification,5,3,0
CUST_2276,Email,3,0,0
CUST_2276,Email,5,1,0
CUST_2277,Promotion banner,5,3,0
CUST_2278,Promotion banner,1,0,1
CUST_2278,SMS,4,2,1
CUST_2278,Promotion banner,4,0,0
CUST_2278,SMS,4,2,0
CUST_2279,SMS,4,0,1
CUST_2279,Push Notification,1,3,0
CUST_2279,Email,1,3,0
CUST_2279,Email,5,2,1
CUST_2280,Push Notification,2,0,0
CUST_2280,Email,3,1,1
CUST_2281,Email,1,1,1
CUST_2281,SMS,3,3,0
CUST_2281,Promotion banner,3,3,0
CUST_2281,SMS,4,3,0
CUST_2282,SMS,1,3,0
CUST_2282,Push Notification,3,1,0
CUST_2282,SMS,3,1,1
CUST_2282,Promotion banner,2,3,0
CUST_2283,Push Notification,3,1,0
CUST_2284,Push Notification,2,2,1
CUST_2285,Email,1,0,1
CUST_2285,Email,4,1,1
CUST_2286,Email,1,3,1
CUST_2286,SMS,1,2,0
CUST_2286,Promotion banner,4,0,0
CUST_2287,Push Notification,3,3,0
CUST_2287,Promotion banner,1,1,0
CUST_2287,Promotion banner,5,1,0
CUST_2288,Push Notification,1,1,1
CUST_2288,Promotion banner,3,3,0
CUST_2288,Promotion banner,1,0,1
CUST_2288,Promotion banner,5,1,0
CUST_2289,Promotion banner,4,2,0
CUST_2289,Push Notification,1,1,0
CUST_2289,Promotion banner,5,0,0
CUST_2290,SMS,2,3,0
CUST_2290,SMS,2,3,0
CUST_2290,Push Notification,5,0,1
CUST_2290,Promotion banner,4,3,0
CUST_2291,Email,3,0,0
CUST_2291,Promotion banner,3,0,0
CUST_2291,SMS,4,0,0
CUST_2292,Email,3,0,1
CUST_2292,Push Notification,1,3,0
CUST_2292,SMS,3,2,0
CUST_2293,Email,5,3,0
CUST_2293,SMS,5,0,0
CUST_2294,Email,1,1,1
CUST_2294,Email,2,3,0
CUST_2295,Push Notification,2,2,1
CUST_2296,SMS,3,3,1
CUST_2296,Promotion banner,5,0,1
CUST_2297,Push Notification,5,2,1
CUST_2297,Email,5,2,1
CUST_2298,Email,5,0,0
CUST_2299,SMS,5,0,0
CUST_2300,Email,3,0,0
CUST_2300,SMS,2,3,0
CUST_2300,Email,2,3,0
CUST_2301,Promotion banner,5,0,1
CUST_2301,Email,3,2,1
CUST_2301,Push Notification,4,0,0
CUST_2301,Promotion banner,3,0,1
CUST_2302,Promotion banner,5,3,1
CUST_2303,Email,1,2,0
CUST_2303,Promotion banner,2,3,1
CUST_2304,Promotion banner,3,2,0
CUST_2304,Promotion banner,5,2,0
CUST_2304,Push Notification,4,3,1
CUST_2304,Email,5,3,0
CUST_2305,Promotion banner,3,0,0
CUST_2305,SMS,3,0,0
CUST_2306,Email,2,1,0
CUST_2306,SMS,3,3,1
CUST_2306,Push Notification,4,0,0
CUST_2306,Push Notification,1,1,0
CUST_2307,Promotion banner,3,1,1
CUST_2307,Email,2,1,1
CUST_2307,Promotion banner,2,2,0
CUST_2307,Email,4,2,1
CUST_2308,Push Notification,5,0,1
CUST_2308,Push Notification,2,2,0
CUST_2308,Push Notification,1,2,0
CUST_2309,Push Notification,2,0,0
CUST_2310,Email,4,2,0
CUST_2310,Email,1,3,0
CUST_2311,Push Notification,2,2,1
CUST_2311,Email,4,0,0
CUST_2312,SMS,1,2,1
CUST_2312,SMS,3,3,1
CUST_2312,Push Notification,3,2,0
CUST_2313,Push Notification,5,3,0
CUST_2313,Push Notification,1,3,1
CUST_2313,Promotion banner,2,0,1
CUST_2313,Push Notification,1,2,0
CUST_2314,SMS,1,1,1
CUST_2314,Email,4,1,1
CUST_2314,SMS,1,0,1
CUST_2315,Push Notification,1,1,1
CUST_2315,Push Notification,2,1,0
CUST_2315,Email,1,0,1
CUST_2316,Push Notification,2,0,0
CUST_2317,SMS,2,0,1
CUST_2317,Push Notification,4,1,0
CUST_2317,Push Notification,1,1,1
CUST_2318,Promotion banner,2,3,1
CUST_2319,SMS,3,1,1
CUST_2319,Push Notification,1,0,0
CUST_2320,Email,3,1,0
CUST_2320,Promotion banner,2,3,1
CUST_2320,Promotion banner,3,1,1
CUST_2321,Email,1,1,1
CUST_2322,Push Notification,1,1,1
CUST_2322,SMS,4,1,0
CUST_2322,Push Notification,4,1,0
CUST_2322,Promotion banner,5,0,1
CUST_2323,SMS,5,0,1
CUST_2324,Promotion banner,2,2,1
CUST_2324,Push Notification,2,0,1
CUST_2324,Push Notification,2,2,1
CUST_2325,Email,3,3,1
CUST_2325,SMS,3,2,0
CUST_2326,Email,2,3,0
CUST_2326,Push Notification,3,0,0
CUST_2327,Promotion banner,4,2,1
CUST_2327,Email,5,1,0
CUST_2327,Email,4,0,1
CUST_2327,SMS,1,2,1
CUST_2328,Promotion banner,5,2,0
CUST_2328,Push Notification,1,0,1
CUST_2328,Push Notification,1,0,0
CUST_2329,Promotion banner,2,2,0
CUST_2329,Push Notification,2,2,0
CUST_2329,SMS,5,3,0
CUST_2329,Promotion banner,3,1,1
CUST_2330,Push Notification,2,3,0
CUST_2330,Email,1,3,0
CUST_2330,Email,2,2,1
CUST_2330,Promotion banner,4,0,1
CUST_2331,Promotion banner,4,3,1
CUST_2331,SMS,1,3,1
CUST_2331,Push Notification,3,3,0
CUST_2332,Promotion banner,2,0,0
CUST_2332,Push Notification,2,1,0
CUST_2333,Push Notification,3,3,0
CUST_2334,SMS,2,2,1
CUST_2334,Email,1,3,0
CUST_2334,SMS,4,2,1
CUST_2334,Promotion banner,2,1,0
CUST_2335,SMS,4,0,1
CUST_2335,Promotion banner,5,1,1
CUST_2336,SMS,2,0,1
CUST_2336,Push Notification,4,2,0
CUST_2337,Push Notification,5,2,1
CUST_2337,Email,2,1,1
CUST_2337,Promotion banner,1,2,0
CUST_2338,Push Notification,1,0,0
CUST_2338,Promotion banner,1,0,0
CUST_2338,Promotion banner,2,1,0
CUST_2338,SMS,2,0,0
CUST_2339,Email,3,0,1
CUST_2339,Promotion banner,1,2,1
CUST_2339,Promotion banner,5,1,0
CUST_2340,Push Notification,2,2,0
CUST_2340,Promotion banner,4,3,1
CUST_2341,Promotion banner,5,3,0
CUST_2341,SMS,3,0,0
CUST_2341,SMS,4,2,0
CUST_2342,Promotion banner,3,2,1
CUST_2342,Push Notification,4,0,0
CUST_2342,Push Notification,5,1,1
CUST_2343,Push Notification,5,1,1
CUST_2343,Promotion banner,5,3,0
CUST_2344,SMS,3,3,0
CUST_2344,Promotion banner,2,0,1
CUST_2344,SMS,4,3,1
CUST_2345,SMS,2,0,1
CUST_2345,SMS,5,0,1
CUST_2345,Email,5,0,1
CUST_2346,Push Notification,1,0,0
CUST_2346,SMS,1,1,1
CUST_2346,Push Notification,5,1,1
CUST_2347,Email,2,0,0
CUST_2347,Push Notification,2,3,1
CUST_2347,SMS,5,1,0
CUST_2347,Email,2,0,0
CUST_2348,Email,2,1,1
CUST_2349,Email,5,2,1
CUST_2349,Promotion banner,5,1,1
CUST_2349,Push Notification,5,2,1
CUST_2350,SMS,1,0,1
CUST_2351,Email,4,2,0
CUST_2352,Push Notification,4,2,1
CUST_2352,Email,1,1,0
CUST_2352,Push Notification,1,0,1
CUST_2352,SMS,5,0,0
CUST_2353,Email,5,2,1
CUST_2353,Push Notification,4,2,0
CUST_2353,SMS,5,3,1
CUST_2353,Promotion banner,3,1,0
CUST_2354,Push Notification,2,2,1
CUST_2354,Push Notification,3,1,0
CUST_2354,Email,2,2,0
CUST_2355,Push Notification,4,3,1
CUST_2355,SMS,3,1,0
CUST_2355,Email,2,3,1
CUST_2356,Email,1,1,0
CUST_2356,Promotion banner,4,3,1
CUST_2357,Email,3,2,1
CUST_2357,Push Notification,3,3,0
CUST_2357,Push Notification,4,3,0
CUST_2358,SMS,1,0,0
CUST_2358,Promotion banner,4,1,1
CUST_2359,Push Notification,5,0,0
CUST_2359,Promotion banner,1,0,1
CUST_2359,Push Notification,4,1,0
CUST_2360,Push Notification,4,0,0
CUST_2361,Email,2,3,1
CUST_2361,SMS,3,3,1
CUST_2361,SMS,1,2,0
CUST_2361,SMS,1,3,0
CUST_2362,Push Notification,4,3,0
CUST_2362,SMS,2,3,1
CUST_2363,Promotion banner,4,3,0
CUST_2363,Email,3,0,0
CUST_2364,Push Notification,4,3,0
CUST_2365,Promotion banner,1,1,1
CUST_2365,Email,4,2,0
CUST_2366,Push Notification,5,3,1
CUST_2367,Promotion banner,3,3,0
CUST_2367,Push Notification,1,0,1
CUST_2367,Promotion banner,2,1,1
CUST_2367,Promotion banner,1,3,0
CUST_2368,Email,2,0,0
CUST_2368,Push Notification,4,2,0
CUST_2369,SMS,4,1,1
CUST_2369,SMS,1,0,0
CUST_2369,SMS,5,2,0
CUST_2370,Push Notification,2,0,1
CUST_2371,SMS,3,1,0
CUST_2371,SMS,2,0,1
CUST_2371,Push Notification,3,2,0
CUST_2372,SMS,5,3,0
CUST_2372,Email,3,3,0
CUST_2373,SMS,5,0,1
CUST_2373,Push Notification,5,2,0
CUST_2374,SMS,4,3,0
CUST_2374,Push Notification,5,0,1
CUST_2374,Promotion banner,1,0,0
CUST_2375,Email,2,3,0
CUST_2375,Email,2,0,0
CUST_2376,Promotion banner,2,3,0
CUST_2376,Promotion banner,5,0,0
CUST_2377,Email,2,2,1
CUST_2377,SMS,2,2,0
CUST_2377,Push Notification,4,3,0
CUST_2377,Promotion banner,4,2,1
CUST_2378,Email,2,2,0
CUST_2378,SMS,2,2,1
CUST_2379,Email,3,1,1
CUST_2380,SMS,2,0,1
CUST_2381,Push Notification,4,1,1
CUST_2381,SMS,2,1,0
CUST_2381,Email,4,1,0
CUST_2382,Email,3,2,0
CUST_2382,Push Notification,1,3,0
CUST_2382,Promotion banner,1,0,0
CUST_2383,Email,4,0,1
CUST_2383,Promotion banner,5,2,0
CUST_2383,Promotion banner,2,2,0
CUST_2384,Email,2,0,0
CUST_2385,SMS,1,0,0
CUST_2386,Promotion banner,5,2,0
CUST_2387,Promotion banner,2,2,1
CUST_2387,Email,4,0,0
CUST_2388,SMS,5,1,1
CUST_2388,SMS,4,0,0
CUST_2388,SMS,2,0,0
CUST_2389,SMS,1,1,0
CUST_2389,Push Notification,3,1,0
CUST_2389,SMS,2,1,1
CUST_2389,Email,1,1,1
CUST_2390,Promotion banner,4,0,0
CUST_2390,SMS,1,0,1
CUST_2390,Push Notification,1,2,0
CUST_2390,SMS,1,3,0
CUST_2391,Email,1,0,0
CUST_2392,Promotion banner,3,3,0
CUST_2392,Push Notification,1,0,1
CUST_2392,Email,5,2,0
CUST_2392,Push Notification,5,3,1
CUST_2393,Push Notification,1,1,0
CUST_2394,SMS,2,3,0
CUST_2394,SMS,2,3,0
CUST_2394,Promotion banner,4,1,1
CUST_2395,Push Notification,5,0,1
CUST_2395,SMS,3,1,1
CUST_2395,Promotion banner,1,3,1
CUST_2396,Promotion banner,3,1,0
CUST_2397,Email,2,3,1
CUST_2397,Promotion banner,4,2,1
CUST_2397,SMS,4,0,0
CUST_2397,Promotion banner,1,0,0
CUST_2398,SMS,5,3,1
CUST_2398,Push Notification,2,0,0
CUST_2398,Promotion banner,5,0,0
CUST_2398,Push Notification,1,0,1
CUST_2399,Promotion banner,1,1,1
CUST_2400,SMS,2,0,1
CUST_2400,Promotion banner,5,2,1
CUST_2400,Email,5,1,1
CUST_2400,Email,2,1,1
CUST_2401,Promotion banner,1,1,1
CUST_2402,Email,1,0,0
CUST_2402,Promotion banner,5,1,1
CUST_2402,Email,2,3,0
CUST_2402,Email,3,0,1
CUST_2403,Promotion banner,5,2,1
CUST_2403,Email,5,1,0
CUST_2403,SMS,4,2,1
CUST_2403,Promotion banner,4,2,1
CUST_2404,Promotion banner,4,2,0
CUST_2404,Promotion banner,4,1,1
CUST_2405,Promotion banner,5,2,0
CUST_2405,Push Notification,5,1,1
CUST_2406,Promotion banner,5,3,1
CUST_2406,Push Notification,4,3,1
CUST_2406,Email,2,1,1
CUST_2407,Promotion banner,1,0,0
CUST_2408,SMS,3,1,1
CUST_2408,Email,2,3,0
CUST_2408,Promotion banner,2,0,1
CUST_2409,Push Notification,5,1,0
CUST_2409,Push Notification,1,2,0
CUST_2409,Promotion banner,1,1,0
CUST_2410,Push Notification,1,1,1
CUST_2410,Email,2,2,0
CUST_2411,SMS,5,3,1
CUST_2412,Email,1,3,1
CUST_2412,Email,3,1,0
CUST_2413,Email,4,3,0
CUST_2414,SMS,4,2,1
CUST_2415,Email,5,2,0
CUST_2415,Email,3,0,1
CUST_2415,Promotion banner,5,3,1
CUST_2416,Email,2,2,0
CUST_2416,SMS,5,2,1
CUST_2417,SMS,2,3,1
CUST_2417,Email,4,0,0
CUST_2417,SMS,5,0,1
CUST_2418,Push Notification,4,0,0
CUST_2418,SMS,5,2,1
CUST_2419,Push Notification,1,3,0
CUST_2419,Email,2,0,0
CUST_2419,Promotion banner,5,2,1
CUST_2419,Push Notification,5,0,1
CUST_2420,Email,4,0,1
CUST_2420,SMS,3,3,0
CUST_2420,Promotion banner,1,1,0
CUST_2421,Email,5,2,0
CUST_2421,Promotion banner,3,0,1
CUST_2421,SMS,1,0,0
CUST_2421,Email,2,3,0
CUST_2422,SMS,4,0,1
CUST_2422,SMS,1,0,1
CUST_2422,Push Notification,1,1,1
CUST_2422,Email,4,3,0
CUST_2423,Promotion banner,5,1,1
CUST_2424,SMS,3,0,1
CUST_2424,Push Notification,3,1,0
CUST_2424,SMS,1,3,1
CUST_2425,Promotion banner,3,2,1
CUST_2425,SMS,2,0,1
CUST_2425,SMS,4,2,0
CUST_2425,Email,1,0,1
CUST_2426,Push Notification,5,1,1
CUST_2427,Email,2,0,1
CUST_2428,SMS,2,0,1
CUST_2428,Promotion banner,1,0,1
CUST_2428,Push Notification,3,0,0
CUST_2429,SMS,5,2,1
CUST_2429,Promotion banner,4,1,1
CUST_2429,SMS,2,3,1
CUST_2430,SMS,1,2,0
CUST_2430,SMS,5,0,1
CUST_2430,Promotion banner,5,3,1
CUST_2431,Email,5,2,1
CUST_2431,Email,5,2,1
CUST_2431,Push Notification,1,0,1
CUST_2432,SMS,2,3,0
CUST_2433,Promotion banner,3,2,1
CUST_2433,Promotion banner,2,1,1
CUST_2433,SMS,3,3,0
CUST_2433,Promotion banner,3,1,1
CUST_2434,Promotion banner,4,0,1
CUST_2434,Push Notification,2,0,1
CUST_2435,Promotion banner,1,0,0
CUST_2436,Promotion banner,3,1,1
CUST_2436,Email,5,3,0
CUST_2436,Promotion banner,5,0,1
CUST_2436,Push Notification,5,2,1
CUST_2437,Promotion banner,5,0,1
CUST_2437,SMS,3,3,0
CUST_2438,SMS,1,3,0
CUST_2439,SMS,3,3,0
CUST_2439,SMS,3,2,0
CUST_2439,SMS,5,0,1
CUST_2440,Email,4,2,1
CUST_2440,Push Notification,3,2,1
CUST_2441,Push Notification,1,0,1
CUST_2441,Promotion banner,5,3,0
CUST_2441,SMS,4,2,0
CUST_2441,Promotion banner,4,1,1
CUST_2442,Promotion banner,2,0,0
CUST_2442,SMS,1,1,1
CUST_2443,SMS,1,1,0
CUST_2444,Promotion banner,2,1,0
CUST_2444,Email,4,2,0
CUST_2444,Email,2,0,1
CUST_2445,SMS,1,0,0
CUST_2446,Email,1,2,0
CUST_2446,Push Notification,3,2,1
CUST_2446,Promotion banner,2,3,0
CUST_2446,Promotion banner,3,2,0
CUST_2447,Promotion banner,4,3,1
CUST_2447,Email,5,0,1
CUST_2448,Promotion banner,1,1,0
CUST_2448,Email,2,1,1
CUST_2448,Email,1,3,0
CUST_2448,SMS,5,1,0
CUST_2449,Email,2,3,0
CUST_2449,Promotion banner,2,0,1
CUST_2450,SMS,4,2,1
CUST_2450,Email,3,0,0
CUST_2450,Email,1,2,1
CUST_2451,Email,4,3,1
CUST_2451,SMS,2,2,0
CUST_2451,Push Notification,4,1,1
CUST_2452,Promotion banner,3,1,0
CUST_2453,Email,4,1,0
CUST_2453,Push Notification,2,0,1
CUST_2453,Push Notification,2,2,0
CUST_2453,SMS,4,0,1
CUST_2454,Email,5,1,1
CUST_2454,SMS,4,3,1
CUST_2454,Promotion banner,2,0,1
CUST_2455,Promotion banner,2,1,1
CUST_2456,Email,3,2,1
CUST_2456,Push Notification,4,1,0
CUST_2456,SMS,1,1,1
CUST_2456,Email,4,2,0
CUST_2457,Push Notification,1,2,1
CUST_2457,SMS,5,2,1
CUST_2458,SMS,3,3,0
CUST_2458,Push Notification,2,1,1
CUST_2458,Promotion banner,4,2,1
CUST_2458,Promotion banner,1,3,0
CUST_2459,Promotion banner,1,1,0
CUST_2459,SMS,4,2,0
CUST_2459,Promotion banner,4,0,0
CUST_2459,Push Notification,2,3,1
CUST_2460,SMS,5,3,1
CUST_2460,Promotion banner,4,0,0
CUST_2460,Push Notification,2,2,1
CUST_2460,Email,1,1,1
CUST_2461,Email,5,2,0
CUST_2461,Promotion banner,2,2,1
CUST_2461,Email,2,1,0
CUST_2461,SMS,2,2,0
CUST_2462,SMS,3,2,1
CUST_2463,Email,3,3,1
CUST_2463,Push Notification,2,3,1
CUST_2463,Email,2,2,1
CUST_2463,Email,4,0,1
CUST_2464,Email,4,0,0
CUST_2465,Push Notification,5,1,1
CUST_2465,Push Notification,2,3,0
CUST_2465,SMS,2,2,1
CUST_2466,SMS,5,2,0
CUST_2466,SMS,5,2,0
CUST_2466,Promotion banner,5,3,0
CUST_2467,SMS,5,1,0
CUST_2467,SMS,1,3,0
CUST_2467,Promotion banner,5,0,1
CUST_2467,Email,2,0,1
CUST_2468,SMS,2,1,0
CUST_2468,Promotion banner,2,0,0
CUST_2468,Email,5,2,1
CUST_2469,SMS,3,0,1
CUST_2469,SMS,5,0,0
CUST_2470,SMS,1,3,0
CUST_2470,Email,3,1,0
CUST_2470,Promotion banner,3,3,1
CUST_2470,Email,5,2,0
CUST_2471,Email,4,0,0
CUST_2472,Push Notification,3,1,1
CUST_2472,Promotion banner,1,3,1
CUST_2472,Promotion banner,3,2,1
CUST_2472,Push Notification,2,0,1
CUST_2473,Promotion banner,1,0,1
CUST_2473,SMS,2,3,0
CUST_2473,SMS,5,0,0
CUST_2474,SMS,2,0,0
CUST_2474,Push Notification,5,3,1
CUST_2474,Email,2,1,1
CUST_2475,Promotion banner,2,3,0
CUST_2476,Email,1,3,1
CUST_2476,Promotion banner,1,1,1
CUST_2477,SMS,5,2,1
CUST_2477,SMS,3,2,0
CUST_2478,SMS,5,3,0
CUST_2478,Email,5,0,1
CUST_2479,Push Notification,4,2,1
CUST_2479,Promotion banner,4,1,1
CUST_2479,Push Notification,5,0,0
CUST_2479,Push Notification,3,2,1
CUST_2480,Push Notification,4,2,0
CUST_2480,Email,2,0,1
CUST_2481,Email,4,3,1
CUST_2481,Promotion banner,5,3,1
CUST_2482,Promotion banner,5,1,0
CUST_2482,Push Notification,3,3,0
CUST_2482,Promotion banner,1,2,1
CUST_2482,Push Notification,1,0,1
CUST_2483,SMS,5,3,1
CUST_2484,Promotion banner,5,3,1
CUST_2484,Promotion banner,4,2,1
CUST_2484,Promotion banner,5,0,0
CUST_2484,Email,3,2,1
CUST_2485,Push Notification,4,3,1
CUST_2485,Promotion banner,1,2,0
CUST_2485,Promotion banner,1,2,0
CUST_2485,Email,5,1,1
CUST_2486,Push Notification,1,2,0
CUST_2486,SMS,4,0,1
CUST_2486,Email,1,3,1
CUST_2487,SMS,1,3,1
CUST_2487,Promotion banner,4,2,0
CUST_2487,SMS,1,0,1
CUST_2487,Promotion banner,5,1,0
CUST_2488,Promotion banner,4,2,1
CUST_2488,Email,4,0,0
CUST_2488,Email,5,3,1
CUST_2489,Promotion banner,1,1,0
CUST_2489,Promotion banner,3,3,1
CUST_2489,Email,5,3,1
CUST_2490,Email,2,2,0
CUST_2491,Push Notification,4,2,1
CUST_2491,Email,1,3,1
CUST_2491,Email,5,1,0
CUST_2491,Push Notification,3,1,1
CUST_2492,Push Notification,5,1,0
CUST_2492,Push Notification,2,2,1
CUST_2493,Push Notification,3,3,1
CUST_2494,Promotion banner,1,0,0
CUST_2495,Push Notification,1,3,1
CUST_2495,Promotion banner,4,1,0
CUST_2495,Push Notification,5,0,1
CUST_2496,Push Notification,2,3,0
CUST_2496,Promotion banner,3,2,0
CUST_2496,Promotion banner,2,2,1
CUST_2497,Email,1,2,1
CUST_2497,Push Notification,1,2,0
CUST_2498,SMS,2,3,1
CUST_2498,Push Notification,1,0,0
CUST_2499,Email,3,3,0
CUST_2499,Promotion banner,2,1,0
CUST_2499,SMS,1,1,1
CUST_2499,SMS,2,3,0
CUST_2500,Promotion banner,1,1,1
CUST_2500,SMS,4,2,1
CUST_2501,Email,4,2,0
CUST_2501,Promotion banner,2,3,1
CUST_2502,Push Notification,2,0,0
CUST_2503,Push Notification,5,2,1
CUST_2503,Email,3,3,1
CUST_2503,Email,2,2,1
CUST_2504,Promotion banner,3,2,1
CUST_2505,Push Notification,5,3,1
CUST_2505,SMS,1,2,0
CUST_2506,Email,1,1,0
CUST_2506,Email,5,3,0
CUST_2506,Promotion banner,5,3,0
CUST_2507,Email,5,2,0
CUST_2507,Push Notification,2,1,0
CUST_2508,Push Notification,5,3,0
CUST_2508,SMS,5,3,1
CUST_2509,SMS,3,0,0
CUST_2510,Promotion banner,1,0,1
CUST_2511,Email,4,0,1
CUST_2512,Email,1,2,0
CUST_2512,Push Notification,3,1,1
CUST_2513,Push Notification,5,1,0
CUST_2513,Email,3,3,0
CUST_2514,Push Notification,2,1,0
CUST_2514,Push Notification,3,3,1
CUST_2514,Promotion banner,5,2,1
CUST_2515,Email,5,2,0
CUST_2516,Email,1,2,1
CUST_2516,Email,4,0,0
CUST_2516,SMS,5,2,0
CUST_2517,Promotion banner,3,3,0
CUST_2517,Promotion banner,5,3,0
CUST_2517,Push Notification,3,2,0
CUST_2517,Promotion banner,4,0,1
CUST_2518,Promotion banner,1,2,0
CUST_2518,Promotion banner,3,2,1
CUST_2519,SMS,1,0,1
CUST_2519,Push Notification,2,3,1
CUST_2519,Email,5,0,1
CUST_2520,Email,5,3,1
CUST_2521,Push Notification,1,3,0
CUST_2521,Push Notification,4,0,1
CUST_2522,Email,1,0,0
CUST_2522,Email,5,1,0
CUST_2522,Promotion banner,4,3,0
CUST_2523,SMS,1,1,0
CUST_2523,Promotion banner,4,2,1
CUST_2523,Email,1,1,1
CUST_2524,Push Notification,1,0,0
CUST_2524,Push Notification,4,3,1
CUST_2524,Promotion banner,2,3,0
CUST_2524,Promotion banner,3,2,1
CUST_2525,SMS,3,3,1
CUST_2525,SMS,5,0,0
CUST_2526,Push Notification,5,2,1
CUST_2526,Push Notification,3,2,1
CUST_2527,Promotion banner,1,0,0
CUST_2528,Push Notification,4,1,0
CUST_2528,Push Notification,5,0,1
CUST_2528,Promotion banner,5,3,0
CUST_2529,Push Notification,3,3,0
CUST_2530,Promotion banner,5,0,0
CUST_2530,Email,2,3,0
CUST_2531,Push Notification,1,1,0
CUST_2532,Promotion banner,3,1,0
CUST_2532,Promotion banner,3,2,0
CUST_2532,Push Notification,1,2,0
CUST_2532,SMS,1,1,0
CUST_2533,Email,3,1,1
CUST_2534,Push Notification,1,1,0
CUST_2535,Promotion banner,1,0,1
CUST_2535,Email,4,0,1
CUST_2536,Promotion banner,2,2,1
CUST_2536,Promotion banner,2,3,0
CUST_2536,Promotion banner,2,0,0
CUST_2536,Promotion banner,1,2,1
CUST_2537,SMS,1,2,0
CUST_2537,SMS,3,3,0
CUST_2537,Push Notification,4,2,1
CUST_2538,Push Notification,3,1,0
CUST_2538,SMS,2,2,0
CUST_2538,Email,2,3,1
CUST_2538,Email,2,0,1
CUST_2539,Push Notification,2,3,1
CUST_2540,SMS,2,3,0
CUST_2540,Push Notification,2,2,1
CUST_2540,SMS,1,2,0
CUST_2541,Push Notification,4,0,0
CUST_2542,SMS,1,1,1
CUST_2542,Email,2,1,1
CUST_2542,SMS,3,0,0
CUST_2542,Email,1,2,0
CUST_2543,SMS,5,3,0
CUST_2543,Email,3,1,0
CUST_2544,Promotion banner,2,2,1
CUST_2544,Email,5,1,0
CUST_2544,Push Notification,1,1,1
CUST_2544,Email,2,2,1
CUST_2545,SMS,2,1,1
CUST_2545,Promotion banner,3,3,1
CUST_2546,Push Notification,2,1,1
CUST_2546,Promotion banner,1,2,0
CUST_2547,Promotion banner,2,3,0
CUST_2547,Promotion banner,4,0,0
CUST_2547,SMS,4,2,0
CUST_2548,Email,4,2,0
CUST_2548,Push Notification,5,3,1
CUST_2548,Email,1,3,1
CUST_2549,Email,3,0,0
CUST_2549,Promotion banner,2,1,1
CUST_2549,SMS,3,3,0
CUST_2550,Promotion banner,4,3,0
CUST_2551,Push Notification,3,2,1
CUST_2551,Promotion banner,3,3,1
CUST_2551,SMS,1,1,1
CUST_2552,Promotion banner,1,0,1
CUST_2552,Promotion banner,4,0,1
CUST_2552,Push Notification,4,3,0
CUST_2553,Promotion banner,4,0,0
CUST_2553,Promotion banner,3,2,1
CUST_2553,Push Notification,5,1,0
CUST_2553,SMS,4,1,0
CUST_2554,SMS,4,2,1
CUST_2554,SMS,1,1,1
CUST_2555,SMS,4,0,1
CUST_2555,Push Notification,2,2,1
CUST_2555,Promotion banner,4,0,0
CUST_2556,Promotion banner,3,0,1
CUST_2556,Promotion banner,1,2,0
CUST_2557,SMS,5,3,1
CUST_2557,Promotion banner,5,2,0
CUST_2557,Push Notification,5,1,1
CUST_2558,SMS,2,0,0
CUST_2558,Promotion banner,3,3,1
CUST_2559,Push Notification,4,0,1
CUST_2559,Promotion banner,4,2,1
CUST_2559,Push Notification,4,0,0
CUST_2559,Push Notification,2,2,1
CUST_2560,Email,1,0,1
CUST_2561,Email,4,1,1
CUST_2562,Promotion banner,3,2,0
CUST_2563,Push Notification,1,0,1
CUST_2563,Promotion banner,3,3,0
CUST_2563,Push Notification,2,1,1
CUST_2563,SMS,1,2,1
CUST_2564,SMS,5,0,1
CUST_2565,Email,4,3,0
CUST_2565,Push Notification,4,1,0
CUST_2565,Email,1,0,1
CUST_2566,Email,2,3,1
CUST_2566,Push Notification,3,0,0
CUST_2567,Push Notification,2,2,1
CUST_2567,SMS,1,1,0
CUST_2567,Promotion banner,1,2,0
CUST_2567,SMS,2,0,0
CUST_2568,Email,5,3,1
CUST_2568,SMS,5,0,1
CUST_2568,Email,1,3,1
CUST_2568,SMS,5,3,0
CUST_2569,Promotion banner,4,1,0
CUST_2570,Promotion banner,1,2,1
CUST_2570,SMS,5,0,1
CUST_2571,SMS,1,2,0
CUST_2571,Email,3,0,1
CUST_2571,SMS,1,2,0
CUST_2572,Email,4,2,1
CUST_2572,SMS,3,2,1
CUST_2573,Email,2,2,1
CUST_2573,SMS,1,2,1
CUST_2574,SMS,4,2,1
CUST_2575,Push Notification,4,3,1
CUST_2575,Promotion banner,2,0,0
CUST_2576,Email,2,0,0
CUST_2576,Promotion banner,3,0,0
CUST_2577,Push Notification,5,0,1
CUST_2577,Promotion banner,4,3,1
CUST_2577,Email,5,1,1
CUST_2577,Email,3,0,0
CUST_2578,Push Notification,2,3,0
CUST_2578,SMS,5,3,1
CUST_2578,Promotion banner,5,3,0
CUST_2578,SMS,5,1,1
CUST_2579,Promotion banner,2,1,1
CUST_2580,Email,4,3,0
CUST_2580,Email,1,3,0
CUST_2580,Promotion banner,5,2,0
CUST_2580,Push Notification,5,0,0
CUST_2581,Email,4,3,1
CUST_2581,Push Notification,5,2,0
CUST_2581,Promotion banner,5,3,1
CUST_2581,Push Notification,4,3,0
CUST_2582,Push Notification,3,1,1
CUST_2583,Email,3,1,1
CUST_2583,Promotion banner,5,1,1
CUST_2583,Push Notification,4,2,1
CUST_2583,Promotion banner,3,1,1
CUST_2584,Promotion banner,3,0,0
CUST_2584,Promotion banner,4,3,1
CUST_2584,Email,4,1,0
CUST_2584,Email,5,2,0
CUST_2585,Promotion banner,5,1,1
CUST_2586,Email,4,1,0
CUST_2586,SMS,4,2,0
CUST_2587,SMS,5,3,1
CUST_2587,Push Notification,5,2,0
CUST_2588,SMS,1,1,0
CUST_2589,Email,5,0,0
CUST_2589,Push Notification,1,1,1
CUST_2589,Email,3,0,1
CUST_2590,SMS,5,3,0
CUST_2590,Email,4,0,1
CUST_2590,Promotion banner,2,0,1
CUST_2590,Email,4,1,1
CUST_2591,Promotion banner,1,1,0
CUST_2591,SMS,3,2,1
CUST_2591,Promotion banner,5,2,1
CUST_2591,Push Notification,2,3,0
CUST_2592,SMS,2,1,0
CUST_2592,Email,2,2,0
CUST_2593,SMS,3,1,0
CUST_2593,Email,3,1,0
CUST_2593,Push Notification,3,0,1
CUST_2594,SMS,1,3,1
CUST_2594,Push Notification,3,2,1
CUST_2595,Push Notification,2,3,0
CUST_2595,Email,3,2,0
CUST_2596,Promotion banner,2,0,1
CUST_2596,Email,4,2,0
CUST_2596,SMS,4,2,1
CUST_2597,Email,3,3,1
CUST_2597,Email,1,1,0
CUST_2597,Push Notification,4,3,0
CUST_2597,SMS,5,3,0
CUST_2598,SMS,5,1,0
CUST_2598,SMS,3,1,0
CUST_2598,SMS,1,0,1
CUST_2598,Promotion banner,3,1,0
CUST_2599,Email,2,3,1
CUST_2599,Promotion banner,1,2,0
CUST_2599,SMS,2,0,0
CUST_2599,Email,2,2,1
CUST_2600,SMS,3,3,0
CUST_2601,Promotion banner,3,3,1
CUST_2601,SMS,2,0,1
CUST_2602,Push Notification,3,1,1
CUST_2602,SMS,3,1,1
CUST_2603,Push Notification,2,2,0
CUST_2603,Promotion banner,1,3,0
CUST_2603,Promotion banner,4,0,0
CUST_2603,SMS,2,2,1
CUST_2604,Push Notification,1,3,1
CUST_2604,Email,5,2,0
CUST_2604,Push Notification,1,2,0
CUST_2605,Email,4,1,1
CUST_2605,Email,5,3,1
CUST_2605,Promotion banner,2,3,1
CUST_2605,SMS,5,3,0
CUST_2606,SMS,2,3,1
CUST_2607,SMS,5,3,1
CUST_2607,Email,4,2,1
CUST_2607,SMS,1,3,1
CUST_2608,Email,1,1,1
CUST_2608,Email,3,1,0
CUST_2609,Promotion banner,5,2,1
CUST_2609,Promotion banner,4,0,0
CUST_2610,Push Notification,1,1,1
CUST_2610,SMS,4,2,0
CUST_2610,Push Notification,4,2,1
CUST_2611,Push Notification,3,1,0
CUST_2611,Email,4,2,1
CUST_2611,Promotion banner,5,0,0
CUST_2612,SMS,3,3,0
CUST_2613,Email,2,1,0
CUST_2614,Promotion banner,1,1,0
CUST_2614,Email,4,0,0
CUST_2614,Push Notification,1,2,0
CUST_2614,Push Notification,1,1,1
CUST_2615,Email,1,3,1
CUST_2615,Push Notification,1,2,0
CUST_2615,SMS,4,0,0
CUST_2616,Promotion banner,4,3,0
CUST_2617,Email,5,1,1
CUST_2618,Push Notification,4,1,1
CUST_2618,Promotion banner,4,2,1
CUST_2618,Email,3,0,1
CUST_2619,Push Notification,4,2,1
CUST_2619,Push Notification,5,0,1
CUST_2620,Push Notification,3,3,0
CUST_2620,Email,3,1,1
CUST_2621,Email,3,0,1
CUST_2621,Promotion banner,4,2,0
CUST_2622,Email,1,0,1
CUST_2622,SMS,4,2,1
CUST_2622,Push Notification,4,2,0
CUST_2622,Email,1,1,1
CUST_2623,Push Notification,1,0,1
CUST_2623,Email,5,0,1
CUST_2623,SMS,3,3,1
CUST_2623,Email,3,3,0
CUST_2624,Push Notification,3,2,1
CUST_2624,Push Notification,3,0,0
CUST_2624,Promotion banner,3,1,1
CUST_2625,SMS,5,1,0
CUST_2626,SMS,2,0,1
CUST_2627,Email,3,0,1
CUST_2627,Email,4,2,1
CUST_2627,Email,2,2,1
CUST_2628,Push Notification,1,0,0
CUST_2628,SMS,2,1,0
CUST_2628,Promotion banner,3,2,1
CUST_2629,Promotion banner,3,0,0
CUST_2630,Push Notification,4,2,1
CUST_2630,SMS,4,1,0
CUST_2631,SMS,5,1,0
CUST_2631,Push Notification,2,0,0
CUST_2632,SMS,2,2,1
CUST_2632,Promotion banner,4,0,0
CUST_2632,SMS,3,0,1
CUST_2632,Promotion banner,4,2,1
CUST_2633,SMS,4,1,1
CUST_2634,Promotion banner,5,0,1
CUST_2634,Push Notification,4,1,1
CUST_2635,Promotion banner,5,2,1
CUST_2635,SMS,5,1,1
CUST_2636,Promotion banner,4,0,0
CUST_2636,Promotion banner,4,2,0
CUST_2636,Promotion banner,5,1,0
CUST_2636,Promotion banner,5,1,0
CUST_2637,Email,4,1,1
CUST_2637,SMS,3,1,1
CUST_2638,Promotion banner,1,1,0
CUST_2638,Promotion banner,5,3,1
CUST_2638,Email,4,0,1
CUST_2638,Email,4,3,1
CUST_2639,Push Notification,3,3,0
CUST_2639,Push Notification,4,3,0
CUST_2640,Push Notification,5,1,1
CUST_2641,Promotion banner,3,0,0
CUST_2642,Promotion banner,4,1,0
CUST_2642,Email,5,2,1
CUST_2643,Push Notification,5,0,0
CUST_2644,SMS,2,3,1
CUST_2644,Promotion banner,3,1,1
CUST_2645,Promotion banner,1,1,0
CUST_2646,Email,2,1,0
CUST_2646,Push Notification,3,0,1
CUST_2646,Promotion banner,2,2,0
CUST_2646,Email,2,3,1
CUST_2647,SMS,2,0,0
CUST_2647,Email,3,1,0
CUST_2647,Promotion banner,3,1,0
CUST_2648,Promotion banner,5,0,0
CUST_2648,Promotion banner,4,0,1
CUST_2649,Email,5,0,0
CUST_2650,SMS,3,3,0
CUST_2650,SMS,3,1,0
CUST_2650,Promotion banner,1,3,0
CUST_2650,Push Notification,3,2,0
CUST_2651,Push Notification,5,1,0
CUST_2651,Promotion banner,5,1,0
CUST_2652,Email,1,1,0
CUST_2653,Email,5,1,0
CUST_2653,Promotion banner,5,0,1
CUST_2654,Push Notification,1,0,0
CUST_2654,Promotion banner,1,1,0
CUST_2654,Push Notification,5,2,0
CUST_2655,Push Notification,2,3,1
CUST_2655,Push Notification,5,0,1
CUST_2656,SMS,4,0,1
CUST_2656,Email,4,1,1
CUST_2657,Promotion banner,3,1,1
CUST_2658,Email,3,0,1
CUST_2658,Email,4,1,0
CUST_2658,Push Notification,3,2,0
CUST_2659,Email,1,0,1
CUST_2660,Push Notification,1,2,0
CUST_2660,Push Notification,4,2,1
CUST_2660,Email,1,2,1
CUST_2661,Promotion banner,3,3,0
CUST_2661,SMS,3,1,0
CUST_2661,Push Notification,2,2,1
CUST_2662,SMS,5,0,1
CUST_2663,Promotion banner,2,1,0
CUST_2663,Email,5,3,1
CUST_2664,SMS,5,1,0
CUST_2665,Push Notification,3,1,0
CUST_2665,Promotion banner,1,3,1
CUST_2665,Email,1,0,1
CUST_2665,Email,1,2,0
CUST_2666,SMS,5,0,1
CUST_2666,Promotion banner,3,0,0
CUST_2666,SMS,5,0,1
CUST_2667,Promotion banner,4,3,1
CUST_2667,Push Notification,3,3,0
CUST_2667,Promotion banner,4,3,1
CUST_2667,Email,3,2,0
CUST_2668,Push Notification,3,0,0
CUST_2668,Push Notification,5,0,0
CUST_2668,Promotion banner,3,3,0
CUST_2669,SMS,2,1,0
CUST_2669,Promotion banner,2,3,0
CUST_2669,SMS,1,0,0
CUST_2670,SMS,4,2,1
CUST_2670,SMS,4,1,1
CUST_2670,Push Notification,3,2,0
CUST_2671,Email,4,0,0
CUST_2671,Email,4,3,0
CUST_2671,Email,3,1,1
CUST_2672,Promotion banner,3,0,0
CUST_2673,Promotion banner,5,3,0
CUST_2673,Email,4,1,1
CUST_2673,Promotion banner,3,2,1
CUST_2674,Email,2,0,0
CUST_2674,Push Notification,1,1,0
CUST_2675,Promotion banner,2,2,1
CUST_2676,Email,5,2,0
CUST_2677,Push Notification,3,0,0
CUST_2677,Email,1,3,1
CUST_2677,Push Notification,5,2,1
CUST_2677,SMS,3,1,1
CUST_2678,SMS,5,1,0
CUST_2679,Promotion banner,3,0,1
CUST_2679,Email,2,3,1
CUST_2680,SMS,2,1,1
CUST_2680,Push Notification,5,2,1
CUST_2680,Email,5,2,1
CUST_2680,Email,2,2,1
CUST_2681,Promotion banner,3,2,1
CUST_2681,Push Notification,5,1,0
CUST_2681,SMS,5,0,1
CUST_2682,Email,2,1,1
CUST_2682,Promotion banner,2,3,1
CUST_2683,Promotion banner,5,0,1
CUST_2684,Promotion banner,4,1,0
CUST_2684,Push Notification,1,2,1
CUST_2684,Email,4,1,1
CUST_2684,Push Notification,4,2,1
CUST_2685,Promotion banner,5,3,0
CUST_2685,Email,2,3,0
CUST_2685,Push Notification,3,0,1
CUST_2686,Email,2,2,0
CUST_2686,Promotion banner,4,1,1
CUST_2686,SMS,2,2,0
CUST_2687,Email,2,0,0
CUST_2687,Push Notification,3,2,1
CUST_2687,SMS,4,0,0
CUST_2688,SMS,2,1,0
CUST_2688,Email,2,2,1
CUST_2688,Email,5,2,1
CUST_2689,SMS,2,1,0
CUST_2689,Push Notification,5,3,1
CUST_2690,Push Notification,5,2,1
CUST_2690,Email,4,2,0
CUST_2691,SMS,3,0,1
CUST_2692,Email,3,1,0
CUST_2693,SMS,4,0,0
CUST_2693,Promotion banner,1,0,1
CUST_2693,SMS,1,2,0
CUST_2694,Push Notification,4,0,1
CUST_2694,Promotion banner,4,0,1
CUST_2694,SMS,4,3,0
CUST_2694,Promotion banner,4,3,0
CUST_2695,Push Notification,3,0,1
CUST_2695,SMS,1,1,0
CUST_2695,SMS,2,1,1
CUST_2696,Email,2,1,0
CUST_2696,Promotion banner,5,1,1
CUST_2696,Promotion banner,4,3,0
CUST_2697,Promotion banner,5,1,0
CUST_2698,Email,4,2,0
CUST_2699,Push Notification,3,2,0
CUST_2699,Push Notification,3,3,1
CUST_2699,Email,1,2,0
CUST_2699,SMS,5,3,1
CUST_2700,Push Notification,4,0,0
CUST_2700,Promotion banner,3,1,1
CUST_2701,Promotion banner,3,3,0
CUST_2701,Promotion banner,4,1,0
CUST_2701,SMS,1,1,0
CUST_2702,SMS,2,3,0
CUST_2702,Push Notification,5,2,1
CUST_2702,Promotion banner,3,3,0
CUST_2702,Push Notification,3,1,0
CUST_2703,Promotion banner,4,0,1
CUST_2703,Email,1,0,0
CUST_2704,Promotion banner,5,3,1
CUST_2704,Promotion banner,3,3,0
CUST_2704,Email,3,1,0
CUST_2705,Email,4,2,1
CUST_2706,SMS,5,1,1
CUST_2706,Email,2,1,0
CUST_2706,SMS,4,3,1
CUST_2707,Email,5,3,0
CUST_2707,Promotion banner,2,3,1
CUST_2707,Email,3,3,0
CUST_2708,SMS,5,1,1
CUST_2708,SMS,5,3,0
CUST_2708,Promotion banner,5,1,0
CUST_2709,SMS,2,1,1
CUST_2710,SMS,1,2,0
CUST_2711,Push Notification,1,1,1
CUST_2711,SMS,1,1,0
CUST_2712,Promotion banner,2,2,1
CUST_2713,Email,1,1,0
CUST_2713,Email,2,0,1
CUST_2713,SMS,3,3,1
CUST_2714,SMS,3,2,0
CUST_2715,Promotion banner,2,0,1
CUST_2715,SMS,3,1,1
CUST_2715,Push Notification,3,3,1
CUST_2716,Promotion banner,2,3,1
CUST_2717,Push Notification,2,3,1
CUST_2718,SMS,1,2,1
CUST_2718,Push Notification,2,2,0
CUST_2718,Push Notification,1,1,1
CUST_2719,Email,2,0,1
CUST_2719,Push Notification,5,2,0
CUST_2719,SMS,3,2,1
CUST_2719,SMS,4,2,1
CUST_2720,Promotion banner,1,0,1
CUST_2720,SMS,5,0,1
CUST_2720,Push Notification,2,0,1
CUST_2720,Email,1,3,1
CUST_2721,Email,1,2,0
CUST_2721,SMS,4,2,0
CUST_2721,Email,1,2,1
CUST_2722,SMS,4,3,1
CUST_2722,Push Notification,5,2,0
CUST_2722,Push Notification,2,2,1
CUST_2723,Email,1,0,0
CUST_2723,Email,4,3,1
CUST_2723,Email,4,3,1
CUST_2724,Promotion banner,5,3,1
CUST_2724,Push Notification,3,1,0
CUST_2725,Email,2,0,0
CUST_2725,Email,1,3,1
CUST_2725,Email,5,0,1
CUST_2726,Push Notification,1,3,1
CUST_2727,Promotion banner,1,1,0
CUST_2727,Promotion banner,4,2,0
CUST_2727,Email,1,2,1
CUST_2728,SMS,1,0,1
CUST_2728,Promotion banner,3,3,0
CUST_2729,Email,2,1,1
CUST_2729,SMS,5,1,1
CUST_2729,Email,2,1,1
CUST_2729,SMS,1,3,0
CUST_2730,SMS,2,0,1
CUST_2730,SMS,3,2,0
CUST_2730,Promotion banner,5,0,1
CUST_2730,Email,4,3,1
CUST_2731,SMS,4,3,0
CUST_2731,Push Notification,3,1,1
CUST_2732,Email,1,3,1
CUST_2732,Push Notification,4,0,1
CUST_2732,Email,1,1,1
CUST_2732,SMS,3,2,1
CUST_2733,Email,3,0,0
CUST_2733,SMS,1,1,0
CUST_2733,Email,4,2,1
CUST_2734,Promotion banner,1,3,0
CUST_2734,Email,2,2,1
CUST_2734,Push Notification,2,2,0
CUST_2734,Promotion banner,1,2,1
CUST_2735,Push Notification,5,3,0
CUST_2735,Promotion banner,5,3,1
CUST_2735,Promotion banner,3,0,1
CUST_2736,SMS,1,3,0
CUST_2737,SMS,4,0,1
CUST_2737,SMS,3,1,0
CUST_2738,Push Notification,3,1,1
CUST_2738,Email,5,3,0
CUST_2738,SMS,3,0,0
CUST_2739,SMS,3,0,0
CUST_2740,Email,1,3,0
CUST_2740,SMS,4,3,0
CUST_2741,Promotion banner,2,1,1
CUST_2741,Push Notification,4,0,0
CUST_2741,SMS,3,2,0
CUST_2741,Promotion banner,1,0,1
CUST_2742,SMS,1,0,0
CUST_2742,SMS,3,0,1
CUST_2742,Email,4,3,1
CUST_2743,SMS,2,2,0
CUST_2743,Promotion banner,2,3,1
CUST_2744,Email,2,2,1
CUST_2744,SMS,2,2,1
CUST_2745,Push Notification,5,0,0
CUST_2745,SMS,1,2,1
CUST_2746,Push Notification,4,0,0
CUST_2746,Email,5,0,1
CUST_2747,Promotion banner,2,3,1
CUST_2747,Push Notification,2,1,0
CUST_2747,SMS,4,1,0
CUST_2747,SMS,2,1,0
CUST_2748,Push Notification,4,1,1
CUST_2748,SMS,4,0,1
CUST_2748,Promotion banner,3,3,1
CUST_2748,SMS,3,3,0
CUST_2749,SMS,5,1,0
CUST_2749,Promotion banner,3,1,0
CUST_2749,Push Notification,3,1,1
CUST_2750,Promotion banner,2,1,1
CUST_2750,Promotion banner,4,2,0
CUST_2751,Push Notification,4,0,1
CUST_2752,Email,4,1,0
CUST_2753,Push Notification,4,1,0
CUST_2753,Email,1,2,0
CUST_2753,SMS,5,1,1
CUST_2753,Promotion banner,2,2,0
CUST_2754,Push Notification,3,0,1
CUST_2754,Push Notification,3,3,1
CUST_2755,Email,1,0,1
CUST_2755,Push Notification,1,0,1
CUST_2755,Promotion banner,4,1,1
CUST_2755,SMS,1,3,1
CUST_2756,Promotion banner,2,3,1
CUST_2756,Email,3,3,1
CUST_2756,Promotion banner,1,1,0
CUST_2756,Email,2,1,0
CUST_2757,Push Notification,2,0,1
CUST_2757,Push Notification,5,1,1
CUST_2758,Promotion banner,3,3,0
CUST_2758,Promotion banner,2,2,0
CUST_2759,Email,4,3,1
CUST_2759,Push Notification,2,3,0
CUST_2760,SMS,2,3,0
CUST_2760,SMS,4,0,0
CUST_2761,Push Notification,5,1,1
CUST_2762,Push Notification,1,0,0
CUST_2762,SMS,5,2,1
CUST_2762,SMS,5,3,1
CUST_2762,SMS,4,1,0
CUST_2763,Email,1,2,0
CUST_2764,Promotion banner,5,1,0
CUST_2764,Email,5,3,1
CUST_2764,Promotion banner,5,3,1
CUST_2764,Promotion banner,2,3,1
CUST_2765,Email,3,1,1
CUST_2765,Email,5,2,0
CUST_2765,Push Notification,4,1,1
CUST_2766,Promotion banner,4,1,1
CUST_2766,Promotion banner,3,3,0
CUST_2767,Promotion banner,3,3,0
CUST_2767,Push Notification,4,2,1
CUST_2768,Promotion banner,4,0,0
CUST_2769,SMS,4,3,1
CUST_2769,SMS,1,2,1
CUST_2770,Promotion banner,1,3,0
CUST_2771,Promotion banner,2,2,1
CUST_2771,Email,2,0,1
CUST_2771,Email,1,1,0
CUST_2772,Email,2,3,1
CUST_2772,Email,2,1,0
CUST_2773,Push Notification,1,3,0
CUST_2773,Promotion banner,2,0,1
CUST_2773,Push Notification,3,0,0
CUST_2773,Promotion banner,5,3,0
CUST_2774,Promotion banner,1,0,0
CUST_2774,Email,3,1,1
CUST_2775,Email,5,2,0
CUST_2775,Promotion banner,1,2,0
CUST_2775,Push Notification,2,2,1
CUST_2776,Promotion banner,1,3,0
CUST_2776,Push Notification,2,2,0
CUST_2776,SMS,1,3,0
CUST_2776,Promotion banner,4,3,0
CUST_2777,SMS,4,0,0
CUST_2777,Promotion banner,2,1,1
CUST_2777,Email,2,3,1
CUST_2777,Email,5,3,0
CUST_2778,Promotion banner,2,0,1
CUST_2779,Promotion banner,4,2,0
CUST_2779,SMS,2,2,1
CUST_2779,SMS,4,0,0
CUST_2779,Email,3,0,1
CUST_2780,Promotion banner,2,0,1
CUST_2781,Email,2,0,0
CUST_2782,Email,5,0,1
CUST_2782,SMS,5,3,0
CUST_2783,Promotion banner,4,1,1
CUST_2783,Promotion banner,5,0,0
CUST_2783,SMS,2,0,0
CUST_2784,Promotion banner,2,3,1
CUST_2784,Promotion banner,4,2,1
CUST_2785,Email,3,1,0
CUST_2786,Email,5,0,1
CUST_2786,Email,5,2,0
CUST_2786,Promotion banner,5,3,0
CUST_2786,Push Notification,4,3,1
CUST_2787,SMS,3,0,0
CUST_2787,Email,1,2,0
CUST_2787,SMS,1,0,1
CUST_2787,Promotion banner,3,0,0
CUST_2788,Promotion banner,1,1,1
CUST_2788,SMS,1,2,1
CUST_2788,Promotion banner,2,0,0
CUST_2789,Promotion banner,5,3,1
CUST_2790,Promotion banner,2,0,0
CUST_2790,SMS,5,0,0
CUST_2790,Promotion banner,4,2,1
CUST_2790,Push Notification,1,1,0
CUST_2791,Email,3,0,1
CUST_2791,Email,5,3,0
CUST_2792,Email,5,1,0
CUST_2793,Push Notification,3,2,1
CUST_2793,SMS,1,2,1
CUST_2793,Push Notification,4,1,1
CUST_2794,SMS,4,0,1
CUST_2795,Email,5,0,0
CUST_2796,Push Notification,5,1,0
CUST_2796,SMS,5,0,1
CUST_2796,Promotion banner,1,3,0
CUST_2797,Email,2,0,1
CUST_2798,Promotion banner,1,1,0
CUST_2798,Push Notification,1,0,0
CUST_2798,Push Notification,1,0,0
CUST_2798,Promotion banner,1,1,0
CUST_2799,Promotion banner,2,1,0
CUST_2799,Push Notification,2,3,0
CUST_2800,Email,5,3,1
CUST_2800,Push Notification,1,1,0
CUST_2800,Promotion banner,2,3,0
CUST_2800,Email,1,2,0
CUST_2801,Email,5,1,0
CUST_2801,Promotion banner,3,3,1
CUST_2801,Push Notification,3,3,1
CUST_2802,Push Notification,3,0,0
CUST_2803,Email,2,2,0
CUST_2803,Email,5,3,1
CUST_2803,Promotion banner,4,1,0
CUST_2804,Push Notification,4,1,0
CUST_2804,Email,5,0,1
CUST_2805,Promotion banner,4,1,1
CUST_2805,Email,3,3,1
CUST_2805,Push Notification,4,2,1
CUST_2805,Email,4,3,0
CUST_2806,Email,5,1,1
CUST_2807,Promotion banner,2,1,0
CUST_2808,Email,4,2,0
CUST_2809,Email,1,3,0
CUST_2809,Push Notification,3,0,0
CUST_2809,SMS,4,0,0
CUST_2809,Promotion banner,4,1,0
CUST_2810,Push Notification,3,1,1
CUST_2810,SMS,2,3,1
CUST_2810,Email,4,3,0
CUST_2811,SMS,5,1,0
CUST_2812,Push Notification,3,0,1
CUST_2813,Push Notification,5,1,1
CUST_2813,Promotion banner,2,3,1
CUST_2814,Push Notification,3,3,0
CUST_2815,Promotion banner,1,2,1
CUST_2816,SMS,2,2,0
CUST_2816,SMS,1,1,1
CUST_2816,Push Notification,5,3,0
CUST_2816,SMS,5,3,0
CUST_2817,Email,1,1,1
CUST_2817,Email,2,0,0
CUST_2818,Push Notification,4,2,1
CUST_2818,Push Notification,5,3,0
CUST_2818,SMS,4,2,1
CUST_2819,Promotion banner,5,2,1
CUST_2819,Push Notification,4,0,0
CUST_2820,Email,3,0,1
CUST_2821,Push Notification,2,3,0
CUST_2821,SMS,4,0,1
CUST_2821,SMS,4,2,0
CUST_2821,Promotion banner,5,0,0
CUST_2822,Push Notification,1,2,0
CUST_2822,SMS,3,1,0
CUST_2822,Email,3,1,0
CUST_2822,SMS,5,0,1
CUST_2823,SMS,4,3,1
CUST_2823,Promotion banner,1,0,0
CUST_2823,Push Notification,4,3,1
CUST_2823,SMS,2,3,0
CUST_2824,Promotion banner,1,2,1
CUST_2824,SMS,2,1,0
CUST_2824,Push Notification,2,2,0
CUST_2824,Promotion banner,1,2,1
CUST_2825,Email,3,2,0
CUST_2825,Email,4,1,1
CUST_2825,Email,2,0,0
CUST_2826,Email,1,1,1
CUST_2827,Promotion banner,3,3,0
CUST_2827,Email,5,1,1
CUST_2827,Push Notification,3,0,0
CUST_2827,SMS,5,1,0
CUST_2828,SMS,1,1,1
CUST_2828,Promotion banner,5,2,1
CUST_2828,Email,2,1,0
CUST_2829,Promotion banner,4,3,1
CUST_2829,Email,4,3,1
CUST_2829,SMS,4,1,0
CUST_2830,Promotion banner,5,1,0
CUST_2830,Email,5,2,0
CUST_2831,Promotion banner,3,2,1
CUST_2831,Push Notification,1,1,0
CUST_2832,Push Notification,5,1,1
CUST_2832,Promotion banner,4,2,0
CUST_2832,Promotion banner,5,2,1
CUST_2833,SMS,4,0,1
CUST_2833,Email,5,2,1
CUST_2833,Email,4,1,0
CUST_2833,Email,5,2,0
CUST_2834,Email,5,3,1
CUST_2834,Email,2,3,0
CUST_2834,Email,2,3,0
CUST_2834,Push Notification,2,3,0
CUST_2835,Promotion banner,2,0,0
CUST_2835,Push Notification,4,2,0
CUST_2835,Promotion banner,1,1,1
CUST_2835,Promotion banner,1,1,0
CUST_2836,Email,2,0,0
CUST_2837,Promotion banner,5,1,1
CUST_2837,SMS,2,3,0
CUST_2837,Promotion banner,3,0,1
CUST_2838,Push Notification,3,1,0
CUST_2838,Push Notification,4,0,0
CUST_2838,Email,5,0,0
CUST_2838,Email,2,1,1
CUST_2839,Promotion banner,2,1,0
CUST_2839,Promotion banner,4,3,1
CUST_2839,Promotion banner,3,2,0
CUST_2840,Email,2,3,0
CUST_2840,SMS,1,1,0
CUST_2840,Promotion banner,4,3,0
CUST_2841,SMS,3,0,1
CUST_2841,Promotion banner,5,0,1
CUST_2842,Push Notification,2,0,1
CUST_2842,Push Notification,3,2,0
CUST_2842,SMS,2,0,0
CUST_2843,Email,3,2,0
CUST_2843,Email,2,2,1
CUST_2844,SMS,3,0,0
CUST_2844,SMS,5,1,0
CUST_2845,Push Notification,4,3,0
CUST_2845,Email,2,0,0
CUST_2845,Push Notification,2,3,0
CUST_2846,Push Notification,2,2,1
CUST_2846,SMS,4,0,1
CUST_2846,Push Notification,2,3,0
CUST_2847,Email,5,3,0
CUST_2847,Push Notification,2,0,1
CUST_2848,Email,5,3,0
CUST_2848,Promotion banner,1,3,1
CUST_2848,Promotion banner,3,1,1
CUST_2849,Push Notification,3,0,1
CUST_2849,Push Notification,1,3,0
CUST_2850,Promotion banner,5,2,1
CUST_2851,Promotion banner,5,0,1
CUST_2851,SMS,2,3,0
CUST_2851,Email,5,3,0
CUST_2852,SMS,5,3,1
CUST_2852,Promotion banner,1,3,1
CUST_2853,Push Notification,4,3,1
CUST_2854,SMS,1,1,1
CUST_2855,Email,5,2,0
CUST_2855,Promotion banner,4,2,0
CUST_2856,Promotion banner,4,2,1
CUST_2856,Email,4,1,0
CUST_2857,Email,4,0,1
CUST_2857,Promotion banner,4,1,1
CUST_2857,SMS,2,0,0
CUST_2858,Push Notification,4,1,1
CUST_2858,SMS,4,2,1
CUST_2858,SMS,4,3,1
CUST_2859,Email,4,1,1
CUST_2859,Promotion banner,2,0,0
CUST_2859,Push Notification,3,0,1
CUST_2859,Promotion banner,2,1,1
CUST_2860,Email,4,3,1
CUST_2861,Promotion banner,1,1,1
CUST_2861,Promotion banner,4,3,1
CUST_2862,Email,5,0,0
CUST_2862,Promotion banner,4,2,1
CUST_2863,Email,4,3,1
CUST_2864,SMS,5,2,1
CUST_2864,Push Notification,4,2,1
CUST_2864,Promotion banner,5,0,1
CUST_2864,Push Notification,1,0,0
CUST_2865,Push Notification,2,2,1
CUST_2865,SMS,1,1,1
CUST_2866,Email,2,1,0
CUST_2866,SMS,2,2,0
CUST_2866,Push Notification,5,3,0
CUST_2867,Email,5,0,0
CUST_2867,Push Notification,2,3,0
CUST_2867,Promotion banner,1,0,0
CUST_2867,SMS,3,2,1
CUST_2868,Promotion banner,4,3,0
CUST_2868,SMS,1,1,0
CUST_2869,SMS,2,3,1
CUST_2869,Email,1,3,1
CUST_2869,Email,3,1,0
CUST_2870,Promotion banner,4,1,1
CUST_2870,SMS,3,2,0
CUST_2870,Promotion banner,5,0,1
CUST_2871,Push Notification,5,1,1
CUST_2871,Email,2,1,1
CUST_2871,Promotion banner,3,1,0
CUST_2871,SMS,1,0,0
CUST_2872,Push Notification,3,0,0
CUST_2872,Promotion banner,2,0,1
CUST_2872,Promotion banner,5,3,0
CUST_2872,SMS,3,2,1
CUST_2873,Push Notification,1,0,1
CUST_2874,Push Notification,1,3,0
CUST_2875,SMS,3,1,1
CUST_2876,SMS,2,0,1
CUST_2877,Push Notification,5,0,0
CUST_2877,SMS,2,0,1
CUST_2877,Promotion banner,5,0,0
CUST_2878,Email,3,1,1
CUST_2878,Promotion banner,3,2,1
CUST_2878,Push Notification,5,2,0
CUST_2878,Push Notification,1,2,1
CUST_2879,SMS,3,2,0
CUST_2879,SMS,2,2,1
CUST_2880,Push Notification,5,1,1
CUST_2881,Email,1,2,0
CUST_2882,Push Notification,5,2,1
CUST_2882,Promotion banner,4,3,1
CUST_2883,Email,2,0,0
CUST_2883,Promotion banner,2,1,0
CUST_2884,Push Notification,2,1,1
CUST_2884,Push Notification,1,0,1
CUST_2884,Promotion banner,4,3,1
CUST_2885,Promotion banner,5,3,1
CUST_2885,Promotion banner,2,1,0
CUST_2885,Push Notification,3,0,1
CUST_2885,SMS,2,0,0
CUST_2886,Email,2,2,1
CUST_2886,Push Notification,1,1,0
CUST_2886,Email,5,2,1
CUST_2886,Push Notification,4,2,1
CUST_2887,Push Notification,2,0,1
CUST_2887,Push Notification,5,3,1
CUST_2887,Push Notification,1,2,1
CUST_2888,SMS,2,2,0
CUST_2888,Promotion banner,4,2,1
CUST_2889,Promotion banner,1,3,0
CUST_2889,SMS,4,3,1
CUST_2890,Promotion banner,1,0,1
CUST_2890,Promotion banner,4,3,0
CUST_2890,SMS,3,2,0
CUST_2891,Push Notification,1,3,0
CUST_2891,Push Notification,1,3,0
CUST_2891,SMS,4,0,0
CUST_2891,Push Notification,2,3,1
CUST_2892,Push Notification,4,3,0
CUST_2892,Promotion banner,2,1,1
CUST_2892,SMS,3,3,1
CUST_2892,Promotion banner,5,2,0
CUST_2893,Email,3,1,0
CUST_2893,Email,1,2,1
CUST_2893,Promotion banner,5,0,0
CUST_2893,SMS,1,0,0
CUST_2894,Email,4,0,1
CUST_2894,Promotion banner,4,2,1
CUST_2895,Promotion banner,2,2,0
CUST_2896,Email,1,2,0
CUST_2896,Promotion banner,3,0,1
CUST_2896,SMS,3,1,1
CUST_2897,SMS,1,2,0
CUST_2897,Push Notification,4,2,1
CUST_2897,Push Notification,5,3,1
CUST_2898,SMS,3,0,1
CUST_2898,Email,4,1,0
CUST_2898,Promotion banner,3,1,1
CUST_2898,SMS,3,2,0
CUST_2899,Promotion banner,4,3,0
CUST_2899,Promotion banner,3,2,1
CUST_2900,Email,4,1,1
CUST_2900,Email,3,0,1
CUST_2900,Promotion banner,3,1,1
CUST_2901,SMS,1,1,0
CUST_2901,Email,3,2,1
CUST_2901,Email,4,2,1
CUST_2901,Push Notification,1,3,1
CUST_2902,Push Notification,3,2,1
CUST_2903,Email,1,1,1
CUST_2904,Promotion banner,5,1,1
CUST_2904,Promotion banner,4,1,1
CUST_2904,Email,5,0,1
CUST_2904,SMS,4,1,0
CUST_2905,Email,3,0,1
CUST_2905,Promotion banner,2,0,0
CUST_2906,SMS,1,0,0
CUST_2907,Email,1,3,1
CUST_2907,SMS,4,3,0
CUST_2907,Promotion banner,2,0,0
CUST_2908,Push Notification,5,1,0
CUST_2909,Promotion banner,3,0,1
CUST_2909,Promotion banner,5,0,1
CUST_2909,Push Notification,1,2,1
CUST_2909,Email,2,1,0
CUST_2910,Promotion banner,5,1,1
CUST_2910,Push Notification,1,3,0
CUST_2910,Push Notification,5,3,1
CUST_2911,Promotion banner,5,0,1
CUST_2911,Push Notification,2,3,1
CUST_2911,Push Notification,5,0,1
CUST_2911,Promotion banner,4,2,1
CUST_2912,SMS,3,0,1
CUST_2912,SMS,3,2,1
CUST_2912,Promotion banner,5,2,0
CUST_2912,Push Notification,3,0,0
CUST_2913,SMS,3,3,0
CUST_2913,Promotion banner,5,1,1
CUST_2913,Promotion banner,3,2,0
CUST_2914,Promotion banner,3,1,1
CUST_2915,Promotion banner,1,2,0
CUST_2915,Promotion banner,4,2,1
CUST_2916,SMS,3,2,0
CUST_2916,SMS,2,3,1
CUST_2916,Email,5,1,1
CUST_2916,Push Notification,4,2,0
CUST_2917,Push Notification,1,2,1
CUST_2917,Push Notification,1,3,1
CUST_2918,Promotion banner,2,1,0
CUST_2919,SMS,5,3,0
CUST_2920,Email,5,2,1
CUST_2920,Push Notification,3,3,0
CUST_2920,SMS,3,0,0
CUST_2920,Push Notification,2,0,0
CUST_2921,SMS,5,0,0
CUST_2921,Email,1,1,0
CUST_2922,Push Notification,4,3,1
CUST_2922,Push Notification,4,3,0
CUST_2922,Push Notification,1,3,1
CUST_2922,Push Notification,5,1,0
CUST_2923,SMS,3,2,0
CUST_2923,SMS,4,2,1
CUST_2924,SMS,1,0,0
CUST_2924,Email,4,1,0
CUST_2924,SMS,1,2,1
CUST_2925,Email,5,3,0
CUST_2926,SMS,5,1,1
CUST_2927,Email,4,1,0
CUST_2927,Promotion banner,2,3,0
CUST_2927,Push Notification,2,1,0
CUST_2928,Email,4,0,0
CUST_2929,Email,3,2,1
CUST_2929,Push Notification,1,0,1
CUST_2929,Push Notification,2,0,1
CUST_2929,Push Notification,2,1,1
CUST_2930,SMS,2,0,1
CUST_2930,Push Notification,3,0,0
CUST_2930,Push Notification,5,2,1
CUST_2930,Push Notification,4,0,0
CUST_2931,Email,5,0,1
CUST_2932,SMS,1,2,1
CUST_2932,Push Notification,2,3,0
CUST_2932,Push Notification,5,2,0
CUST_2932,SMS,2,3,1
CUST_2933,Push Notification,1,2,1
CUST_2933,Email,1,2,0
CUST_2933,Promotion banner,3,2,1
CUST_2933,Push Notification,5,1,0
CUST_2934,Email,5,3,1
CUST_2934,SMS,4,3,0
CUST_2934,Email,4,1,1
CUST_2935,Promotion banner,2,0,0
CUST_2936,SMS,5,2,1
CUST_2936,SMS,5,2,1
CUST_2936,SMS,4,2,1
CUST_2936,Push Notification,5,0,0
CUST_2937,Push Notification,1,2,0
CUST_2937,SMS,1,0,0
CUST_2937,Push Notification,2,0,1
CUST_2937,Promotion banner,3,1,0
CUST_2938,Email,2,0,0
CUST_2938,Email,5,2,0
CUST_2939,Email,1,1,0
CUST_2939,Push Notification,4,2,0
CUST_2939,SMS,2,3,0
CUST_2940,Email,2,2,1
CUST_2940,Push Notification,5,0,1
CUST_2940,Push Notification,4,2,0
CUST_2940,Promotion banner,5,2,1
CUST_2941,Push Notification,5,0,1
CUST_2941,Push Notification,4,3,0
CUST_2941,Promotion banner,1,2,0
CUST_2941,Email,2,3,0
CUST_2942,Promotion banner,1,2,1
CUST_2942,SMS,5,1,1
CUST_2943,Promotion banner,5,2,1
CUST_2943,Email,3,2,1
CUST_2944,Email,1,2,0
CUST_2945,Email,1,1,1
CUST_2946,Email,2,3,0
CUST_2946,Promotion banner,1,1,1
CUST_2947,Push Notification,2,0,0
CUST_2948,Push Notification,2,2,0
CUST_2948,Promotion banner,4,3,0
CUST_2948,SMS,3,0,0
CUST_2949,SMS,2,0,0
CUST_2949,SMS,2,3,0
CUST_2949,SMS,2,2,1
CUST_2949,Email,5,3,1
CUST_2950,Push Notification,1,1,1
CUST_2950,Promotion banner,1,3,0
CUST_2950,Promotion banner,5,0,1
CUST_2951,Promotion banner,3,0,1
CUST_2951,Push Notification,3,3,1
CUST_2952,Push Notification,3,1,0
CUST_2953,SMS,5,2,0
CUST_2953,Promotion banner,5,0,1
CUST_2953,SMS,3,2,0
CUST_2953,Email,1,3,0
CUST_2954,Promotion banner,5,1,0
CUST_2954,Push Notification,3,0,0
CUST_2954,Promotion banner,5,0,1
CUST_2955,Push Notification,4,1,1
CUST_2955,Promotion banner,5,1,1
CUST_2955,Promotion banner,5,1,1
CUST_2955,Push Notification,4,3,0
CUST_2956,SMS,2,2,1
CUST_2956,Email,4,0,0
CUST_2956,SMS,1,2,0
CUST_2956,Promotion banner,3,1,0
CUST_2957,Promotion banner,2,3,0
CUST_2957,Push Notification,5,2,0
CUST_2957,Email,3,1,0
CUST_2958,Promotion banner,5,0,1
CUST_2958,Push Notification,2,0,0
CUST_2958,Email,2,3,0
CUST_2959,SMS,4,3,1
CUST_2959,Push Notification,2,1,0
CUST_2959,Email,5,3,0
CUST_2960,SMS,1,1,0
CUST_2960,SMS,5,0,1
CUST_2960,Push Notification,1,0,0
CUST_2960,Email,2,2,0
CUST_2961,Promotion banner,2,0,1
CUST_2962,Push Notification,1,0,0
CUST_2962,SMS,5,0,0
CUST_2962,Push Notification,5,0,1
CUST_2962,Push Notification,4,2,1
CUST_2963,SMS,5,0,1
CUST_2964,Push Notification,4,2,1
CUST_2964,SMS,4,3,0
CUST_2964,SMS,3,2,0
CUST_2964,Email,5,1,1
CUST_2965,Email,5,1,0
CUST_2965,SMS,4,0,0
CUST_2966,Promotion banner,4,3,0
CUST_2966,Push Notification,3,2,1
CUST_2966,SMS,4,0,1
CUST_2967,Promotion banner,2,0,1
CUST_2967,Promotion banner,1,2,0
CUST_2968,Push Notification,3,0,0
CUST_2968,Email,2,1,1
CUST_2968,Push Notification,3,1,0
CUST_2968,Push Notification,2,2,0
CUST_2969,SMS,2,3,0
CUST_2969,SMS,2,1,0
CUST_2970,Email,2,3,0
CUST_2970,Push Notification,2,0,1
CUST_2970,SMS,2,3,1
CUST_2970,Promotion banner,1,1,1
CUST_2971,Email,1,1,1
CUST_2971,Promotion banner,4,0,1
CUST_2971,Email,2,1,0
CUST_2971,Promotion banner,5,1,0
CUST_2972,Promotion banner,2,1,0
CUST_2972,Push Notification,5,1,0
CUST_2972,Promotion banner,1,0,0
CUST_2973,SMS,4,3,1
CUST_2973,Email,4,0,1
CUST_2974,Push Notification,2,3,1
CUST_2974,SMS,2,3,1
CUST_2975,Email,4,1,1
CUST_2976,SMS,5,0,0
CUST_2977,Push Notification,2,0,1
CUST_2977,SMS,1,0,0
CUST_2978,Push Notification,1,2,0
CUST_2979,SMS,1,1,1
CUST_2979,SMS,5,3,0
CUST_2979,Email,5,3,1
CUST_2980,Promotion banner,4,2,1
CUST_2981,Promotion banner,4,2,0
CUST_2981,SMS,5,1,1
CUST_2982,Promotion banner,1,0,1
CUST_2982,SMS,4,1,0
CUST_2983,Promotion banner,3,0,0
CUST_2983,Email,5,2,0
CUST_2983,SMS,5,0,0
CUST_2983,SMS,3,2,1
CUST_2984,Promotion banner,5,1,1
CUST_2985,SMS,1,3,1
CUST_2985,Promotion banner,3,0,1
CUST_2986,Push Notification,3,3,0
CUST_2987,SMS,2,1,0
CUST_2987,Promotion banner,4,1,1
CUST_2988,Promotion banner,3,2,1
CUST_2988,Push Notification,3,2,1
CUST_2988,Email,2,2,0
CUST_2989,Email,3,3,1
CUST_2989,Promotion banner,2,2,1
CUST_2990,Push Notification,2,3,1
CUST_2990,Push Notification,4,3,1
CUST_2990,Email,2,2,0
CUST_2991,SMS,3,2,0
CUST_2991,Promotion banner,4,2,0
CUST_2992,SMS,2,3,1
CUST_2992,Email,2,2,1
CUST_2992,Push Notification,4,1,1
CUST_2992,Promotion banner,3,3,1
CUST_2993,Promotion banner,2,2,0
CUST_2993,Push Notification,5,0,1
CUST_2993,SMS,3,2,0
CUST_2994,Push Notification,1,3,0
CUST_2994,Push Notification,1,3,0
CUST_2994,Promotion banner,2,1,0
CUST_2994,Push Notification,2,3,0
CUST_2995,Push Notification,2,0,0
CUST_2995,Promotion banner,4,0,1
CUST_2995,SMS,1,0,1
CUST_2996,Push Notification,2,2,1
CUST_2997,Push Notification,3,2,1
CUST_2997,Promotion banner,1,1,1
CUST_2997,Promotion banner,4,2,0
CUST_2997,Promotion banner,3,0,0
CUST_2998,Promotion banner,5,2,0
CUST_2998,Promotion banner,1,0,1
CUST_2998,Push Notification,2,3,0
CUST_2999,Push Notification,1,3,1
CUST_2999,SMS,5,3,0
CUST_3000,Push Notification,4,1,0
CUST_3000,SMS,3,2,0
CUST_3001,Email,1,1,1
CUST_3001,SMS,5,1,0
CUST_3001,SMS,5,3,0
CUST_3002,Push Notification,1,0,0
CUST_3003,Push Notification,3,2,0
CUST_3004,Promotion banner,2,3,0
CUST_3005,Promotion banner,4,2,0
CUST_3005,SMS,2,1,0
CUST_3005,Email,5,3,1
CUST_3006,SMS,3,3,1
CUST_3006,SMS,4,0,0
CUST_3007,Push Notification,2,2,1
CUST_3008,Push Notification,4,0,1
CUST_3009,Email,4,1,1
CUST_3009,Email,3,1,0
CUST_3009,Push Notification,3,0,1
CUST_3009,Email,3,2,1
CUST_3010,Email,5,2,1
CUST_3010,Push Notification,1,2,1
CUST_3011,Push Notification,1,2,1
CUST_3012,SMS,1,1,1
CUST_3013,SMS,1,0,1
CUST_3014,Push Notification,2,2,1
CUST_3014,Promotion banner,5,3,1
CUST_3014,SMS,2,0,0
CUST_3014,Email,1,0,1
CUST_3015,Push Notification,5,3,0
CUST_3015,Promotion banner,3,0,1
CUST_3015,SMS,3,3,0
CUST_3015,Email,4,0,0
CUST_3016,Promotion banner,2,2,0
CUST_3017,SMS,2,3,1
CUST_3017,Push Notification,3,3,0
CUST_3017,Push Notification,3,1,0
CUST_3018,Promotion banner,4,3,1
CUST_3018,Email,1,1,0
CUST_3018,Email,5,0,1
CUST_3019,Promotion banner,3,0,0
CUST_3019,Promotion banner,5,3,1
CUST_3020,Email,1,2,0
CUST_3020,Promotion banner,3,0,1
CUST_3020,SMS,4,0,0
CUST_3021,Email,3,2,0
CUST_3022,Push Notification,1,3,0
CUST_3022,Promotion banner,4,3,0
CUST_3022,Email,1,0,1
CUST_3022,Promotion banner,2,3,1
CUST_3023,Push Notification,1,0,1
CUST_3024,Promotion banner,2,1,1
CUST_3025,Push Notification,5,1,0
CUST_3026,Email,1,0,0
CUST_3026,Email,3,1,0
CUST_3026,Email,1,3,0
CUST_3027,Push Notification,5,2,0
CUST_3027,Promotion banner,2,3,1
CUST_3027,Promotion banner,3,1,0
CUST_3028,SMS,1,1,0
CUST_3029,Push Notification,1,3,1
CUST_3029,Email,5,1,1
CUST_3029,SMS,3,1,1
CUST_3029,Email,3,2,0
CUST_3030,Promotion banner,3,2,0
CUST_3030,Email,4,3,1
CUST_3031,Email,2,1,1
CUST_3031,Email,5,2,1
CUST_3031,Push Notification,4,1,1
CUST_3032,Promotion banner,2,3,0
CUST_3032,Promotion banner,2,2,0
CUST_3032,SMS,5,0,0
CUST_3033,Promotion banner,4,3,1
CUST_3033,SMS,2,0,0
CUST_3033,Push Notification,5,0,1
CUST_3033,Email,2,0,1
CUST_3034,SMS,2,1,0
CUST_3035,SMS,3,0,0
CUST_3035,Promotion banner,1,2,0
CUST_3036,Push Notification,4,1,0
CUST_3036,SMS,1,2,0
CUST_3036,Promotion banner,5,1,0
CUST_3036,Email,1,1,0
CUST_3037,Promotion banner,4,1,1
CUST_3037,Promotion banner,5,1,1
CUST_3037,Push Notification,4,1,1
CUST_3038,Push Notification,4,1,0
CUST_3038,Push Notification,2,0,0
CUST_3038,Push Notification,4,2,1
CUST_3038,Push Notification,3,3,1
CUST_3039,Promotion banner,1,2,0
CUST_3039,Push Notification,3,0,0
CUST_3039,SMS,2,2,1
CUST_3040,SMS,2,0,0
CUST_3040,SMS,2,3,0
CUST_3040,Push Notification,3,3,0
CUST_3040,Promotion banner,4,2,0
CUST_3041,Promotion banner,3,1,1
CUST_3041,Promotion banner,2,2,1
CUST_3042,Promotion banner,1,1,0
CUST_3043,SMS,4,3,1
CUST_3043,SMS,2,2,0
CUST_3044,Promotion banner,1,1,0
CUST_3044,Push Notification,1,0,1
CUST_3044,Push Notification,1,0,0
CUST_3044,Email,5,1,1
CUST_3045,SMS,3,0,1
CUST_3045,SMS,2,3,1
CUST_3045,Email,4,2,0
CUST_3045,SMS,4,3,0
CUST_3046,Promotion banner,5,0,1
CUST_3046,Email,5,1,1
CUST_3047,Promotion banner,5,2,0
CUST_3047,Push Notification,2,1,0
CUST_3047,Push Notification,3,2,1
CUST_3048,SMS,2,2,1
CUST_3049,Email,4,3,0
CUST_3049,Email,3,1,1
CUST_3049,Push Notification,1,3,1
CUST_3049,Promotion banner,1,2,0
CUST_3050,Promotion banner,1,0,1
CUST_3051,SMS,2,0,1
CUST_3051,SMS,5,1,1
CUST_3051,Promotion banner,2,0,1
CUST_3052,Push Notification,4,1,0
CUST_3052,Push Notification,5,2,1
CUST_3053,Push Notification,5,1,0
CUST_3053,Push Notification,1,3,1
CUST_3054,Promotion banner,2,0,0
CUST_3054,Push Notification,3,2,1
CUST_3055,SMS,1,0,0
CUST_3055,Email,3,3,1
CUST_3056,Email,3,3,0
CUST_3056,Promotion banner,3,1,0
CUST_3057,SMS,2,2,1
CUST_3058,SMS,5,1,0
CUST_3058,Email,1,3,1
CUST_3058,Email,5,3,0
CUST_3059,Push Notification,2,3,1
CUST_3059,Email,2,0,1
CUST_3059,Promotion banner,3,2,0
CUST_3060,Push Notification,2,2,1
CUST_3060,Email,3,3,1
CUST_3061,Push Notification,2,3,1
CUST_3062,Push Notification,4,0,1
CUST_3063,Push Notification,2,2,1
CUST_3064,SMS,5,1,1
CUST_3064,Email,3,0,1
CUST_3065,Promotion banner,4,2,0
CUST_3065,SMS,3,1,1
CUST_3065,Promotion banner,4,3,1
CUST_3066,Push Notification,4,3,0
CUST_3066,Push Notification,4,2,1
CUST_3066,Promotion banner,2,3,0
CUST_3066,Push Notification,3,2,0
CUST_3067,SMS,2,1,1
CUST_3067,SMS,5,2,1
CUST_3067,SMS,5,3,1
CUST_3068,SMS,3,3,0
CUST_3068,Email,1,2,1
CUST_3068,Push Notification,2,2,1
CUST_3069,Promotion banner,4,1,1
CUST_3070,SMS,5,3,0
CUST_3070,Promotion banner,4,1,0
CUST_3071,Promotion banner,2,0,1
CUST_3072,SMS,2,3,0
CUST_3072,Promotion banner,4,1,1
CUST_3072,Promotion banner,5,2,1
CUST_3072,SMS,5,2,0
CUST_3073,Email,3,3,0
CUST_3073,Email,3,2,0
CUST_3073,Email,4,0,1
CUST_3073,Email,1,3,1
CUST_3074,Promotion banner,5,2,1
CUST_3074,Promotion banner,2,3,0
CUST_3075,SMS,3,3,0
CUST_3075,Email,2,1,0
CUST_3076,SMS,1,1,1
CUST_3076,SMS,4,2,0
CUST_3076,Push Notification,4,1,0
CUST_3077,Promotion banner,2,2,0
CUST_3077,Push Notification,1,1,1
CUST_3077,Email,2,0,1
CUST_3078,Promotion banner,2,2,0
CUST_3078,Push Notification,4,2,1
CUST_3078,Promotion banner,5,1,1
CUST_3078,Promotion banner,5,2,0
CUST_3079,Promotion banner,3,2,0
CUST_3079,Email,2,0,1
CUST_3080,SMS,2,2,0
CUST_3080,SMS,3,0,1
CUST_3080,Push Notification,1,3,1
CUST_3081,Email,1,0,1
CUST_3081,SMS,3,0,0
CUST_3082,Email,3,1,0
CUST_3082,Push Notification,3,0,0
CUST_3082,SMS,3,0,0
CUST_3083,SMS,2,3,1
CUST_3083,Promotion banner,2,0,0
CUST_3083,Promotion banner,3,0,0
CUST_3084,Email,5,2,0
CUST_3084,Promotion banner,1,0,1
CUST_3084,SMS,1,3,1
CUST_3085,Push Notification,4,3,0
CUST_3085,Email,3,3,0
CUST_3085,Promotion banner,1,0,1
CUST_3086,Push Notification,1,0,0
CUST_3086,SMS,2,1,0
CUST_3086,SMS,2,1,0
CUST_3087,Email,4,0,0
CUST_3087,Email,1,1,0
CUST_3087,SMS,1,1,1
CUST_3088,Push Notification,3,2,1
CUST_3088,Push Notification,1,2,1
CUST_3088,Email,5,1,0
CUST_3088,Promotion banner,3,1,1
CUST_3089,SMS,1,3,0
CUST_3089,Push Notification,5,2,0
CUST_3089,SMS,3,0,0
CUST_3090,Push Notification,4,3,1
CUST_3091,Email,1,1,1
CUST_3091,Email,1,2,0
CUST_3091,Email,1,1,1
CUST_3091,SMS,3,3,0
CUST_3092,Email,1,2,1
CUST_3093,Push Notification,4,0,0
CUST_3093,Email,5,0,1
CUST_3094,Push Notification,2,2,1
CUST_3094,Push Notification,5,2,0
CUST_3094,Promotion banner,3,3,1
CUST_3095,SMS,1,1,1
CUST_3096,Promotion banner,1,1,1
CUST_3096,SMS,1,3,1
CUST_3096,Promotion banner,2,0,1
CUST_3097,Push Notification,2,0,0
CUST_3097,Email,2,1,1
CUST_3098,SMS,1,0,1
CUST_3099,Email,5,3,0
CUST_3099,Email,1,1,1
CUST_3099,SMS,1,1,1
CUST_3099,Email,4,1,1
CUST_3100,Push Notification,4,3,1
CUST_3101,Push Notification,1,3,0
CUST_3101,Promotion banner,3,3,0
CUST_3102,Promotion banner,3,2,1
CUST_3102,Push Notification,2,0,0
CUST_3103,SMS,2,0,0
CUST_3104,Promotion banner,4,3,0
CUST_3104,SMS,3,3,1
CUST_3104,Promotion banner,3,2,1
CUST_3104,Email,4,1,1
CUST_3105,Email,4,0,1
CUST_3106,Email,2,2,1
CUST_3106,Email,2,1,0
CUST_3106,Push Notification,4,1,1
CUST_3107,Push Notification,3,2,0
CUST_3107,Promotion banner,3,0,0
CUST_3107,SMS,5,2,1
CUST_3108,Promotion banner,4,2,0
CUST_3108,Email,4,0,1
CUST_3108,Push Notification,1,2,0
CUST_3109,SMS,1,0,0
CUST_3109,Promotion banner,1,0,1
CUST_3110,SMS,1,2,0
CUST_3110,Push Notification,1,2,0
CUST_3111,Promotion banner,4,1,0
CUST_3111,SMS,1,0,1
CUST_3111,Promotion banner,2,1,0
CUST_3112,Email,3,2,0
CUST_3112,SMS,3,2,1
CUST_3112,Email,2,1,1
CUST_3112,SMS,2,1,0
CUST_3113,Push Notification,4,3,1
CUST_3113,Promotion banner,2,2,1
CUST_3114,Email,5,2,1
CUST_3114,SMS,2,3,1
CUST_3115,Email,5,3,1
CUST_3115,Email,1,1,0
CUST_3116,Email,1,2,1
CUST_3116,Push Notification,5,2,1
CUST_3116,SMS,2,0,1
CUST_3117,Email,1,2,1
CUST_3118,SMS,4,0,1
CUST_3118,Push Notification,1,1,1
CUST_3118,Promotion banner,1,0,0
CUST_3119,Promotion banner,3,2,0
CUST_3120,Promotion banner,1,2,0
CUST_3121,SMS,2,0,0
CUST_3122,Email,1,3,0
CUST_3122,SMS,5,3,0
CUST_3122,Push Notification,1,1,1
CUST_3123,Promotion banner,1,0,0
CUST_3123,Promotion banner,5,0,0
CUST_3123,Promotion banner,3,2,1
CUST_3123,SMS,2,3,0
CUST_3124,Email,4,3,1
CUST_3125,Push Notification,3,0,0
CUST_3125,SMS,3,1,1
CUST_3126,Push Notification,4,1,0
CUST_3126,SMS,4,2,0
CUST_3127,Promotion banner,3,3,1
CUST_3128,SMS,1,1,1
CUST_3128,Email,1,2,0
CUST_3128,SMS,3,1,0
CUST_3128,SMS,2,0,1
CUST_3129,Email,5,3,0
CUST_3129,Promotion banner,5,3,0
CUST_3129,Promotion banner,1,0,0
CUST_3130,Email,4,0,1
CUST_3130,Push Notification,3,1,1
CUST_3130,Push Notification,3,0,0
CUST_3130,SMS,4,0,1
CUST_3131,Promotion banner,2,0,0
CUST_3131,SMS,1,3,1
CUST_3132,SMS,5,0,0
CUST_3132,Push Notification,5,0,0
CUST_3133,Push Notification,5,1,1
CUST_3133,Promotion banner,4,0,1
CUST_3133,Promotion banner,4,1,1
CUST_3133,SMS,1,3,0
CUST_3134,SMS,3,0,1
CUST_3134,Push Notification,5,0,1
CUST_3135,Push Notification,4,2,1
CUST_3136,Promotion banner,4,2,1
CUST_3136,Push Notification,1,0,0
CUST_3136,Push Notification,1,0,0
CUST_3137,SMS,1,1,0
CUST_3138,SMS,4,2,1
CUST_3138,Push Notification,1,1,1
CUST_3138,Email,4,3,0
CUST_3138,Push Notification,1,1,0
CUST_3139,SMS,2,1,1
CUST_3139,Email,5,0,1
CUST_3140,Push Notification,1,3,0
CUST_3140,SMS,2,0,0
CUST_3140,Email,3,1,0
CUST_3141,SMS,4,0,1
CUST_3141,Promotion banner,3,1,1
CUST_3142,Promotion banner,1,3,0
CUST_3142,Email,3,2,1
CUST_3142,SMS,2,3,0
CUST_3142,Email,4,2,1
CUST_3143,Promotion banner,1,1,1
CUST_3144,SMS,3,2,0
CUST_3144,SMS,5,3,1
CUST_3144,Promotion banner,1,3,0
CUST_3145,SMS,3,2,1
CUST_3146,SMS,3,3,0
CUST_3146,SMS,1,0,0
CUST_3146,Email,5,0,0
CUST_3146,SMS,3,3,1
CUST_3147,Promotion banner,1,3,1
CUST_3147,Email,2,0,0
CUST_3147,SMS,1,0,0
CUST_3148,SMS,1,1,0
CUST_3148,Email,2,3,0
CUST_3149,SMS,1,1,0
CUST_3150,Promotion banner,5,3,1
CUST_3150,Push Notification,3,0,1
CUST_3150,Push Notification,1,1,1
CUST_3151,SMS,1,0,0
CUST_3151,Push Notification,5,1,0
CUST_3152,Email,2,1,0
CUST_3152,Promotion banner,3,1,1
CUST_3152,SMS,1,2,0
CUST_3153,Email,3,3,1
CUST_3153,Promotion banner,5,3,0
CUST_3153,Push Notification,5,3,1
CUST_3154,SMS,5,2,0
CUST_3155,Promotion banner,3,0,1
CUST_3155,Promotion banner,3,0,0
CUST_3155,SMS,4,3,0
CUST_3155,Push Notification,5,2,1
CUST_3156,SMS,3,2,1
CUST_3157,Promotion banner,2,1,1
CUST_3157,Promotion banner,2,3,1
CUST_3157,Email,4,3,0
CUST_3158,Promotion banner,1,3,1
CUST_3158,SMS,4,3,1
CUST_3158,Push Notification,5,0,1
CUST_3159,Promotion banner,1,3,1
CUST_3159,Email,4,3,0
CUST_3159,Promotion banner,3,2,0
CUST_3159,Email,2,2,0
CUST_3160,SMS,2,2,0
CUST_3161,SMS,1,2,1
CUST_3161,Push Notification,3,3,1
CUST_3161,Promotion banner,2,3,0
CUST_3161,Promotion banner,4,1,1
CUST_3162,SMS,1,3,1
CUST_3162,Push Notification,3,3,1
CUST_3162,Email,5,3,0
CUST_3163,Email,4,0,1
CUST_3163,SMS,4,2,1
CUST_3163,SMS,5,3,1
CUST_3163,Promotion banner,5,2,1
CUST_3164,Email,4,0,1
CUST_3164,Push Notification,3,0,0
CUST_3164,Push Notification,3,3,0
CUST_3164,Push Notification,5,2,1
CUST_3165,SMS,5,1,0
CUST_3165,Push Notification,5,0,0
CUST_3166,Email,5,1,1
CUST_3166,SMS,2,2,0
CUST_3166,Push Notification,2,0,0
CUST_3166,Promotion banner,2,0,1
CUST_3167,Push Notification,3,1,0
CUST_3168,Email,5,2,0
CUST_3168,Promotion banner,2,1,0
CUST_3169,Promotion banner,2,1,0
CUST_3169,SMS,4,2,1
CUST_3170,Promotion banner,5,2,0
CUST_3170,Email,1,1,0
CUST_3170,Promotion banner,3,2,0
CUST_3171,Push Notification,2,3,1
CUST_3171,Push Notification,1,1,1
CUST_3171,Email,4,2,0
CUST_3172,Push Notification,2,2,0
CUST_3172,Email,1,3,1
CUST_3172,Email,2,1,0
CUST_3173,Promotion banner,1,2,0
CUST_3173,Push Notification,1,0,0
CUST_3173,Email,4,0,1
CUST_3174,Push Notification,4,2,1
CUST_3174,Push Notification,2,1,0
CUST_3174,Promotion banner,3,0,0
CUST_3175,SMS,1,1,1
CUST_3176,Promotion banner,5,2,1
CUST_3176,Push Notification,4,1,0
CUST_3177,SMS,2,0,1
CUST_3177,Email,4,0,1
CUST_3178,SMS,5,0,1
CUST_3178,Promotion banner,5,3,1
CUST_3178,Email,4,2,1
CUST_3179,SMS,4,0,0
CUST_3179,SMS,4,2,1
CUST_3179,SMS,5,0,0
CUST_3179,Email,4,1,1
CUST_3180,Push Notification,3,3,0
CUST_3180,Promotion banner,3,1,1
CUST_3180,Promotion banner,5,0,0
CUST_3180,Push Notification,5,3,0
CUST_3181,Email,1,2,0
CUST_3181,Promotion banner,1,1,0
CUST_3182,SMS,2,2,0
CUST_3182,Push Notification,1,3,1
CUST_3182,SMS,3,2,0
CUST_3182,Promotion banner,4,0,1
CUST_3183,SMS,3,1,0
CUST_3183,Push Notification,3,3,0
CUST_3183,Email,1,2,0
CUST_3184,SMS,2,0,1
CUST_3184,SMS,3,1,1
CUST_3185,SMS,1,1,0
CUST_3185,SMS,2,0,1
CUST_3186,Push Notification,2,3,1
CUST_3187,Promotion banner,4,1,0
CUST_3187,Email,4,0,1
CUST_3187,SMS,3,1,0
CUST_3187,Push Notification,5,3,0
CUST_3188,SMS,2,1,1
CUST_3188,Push Notification,3,1,0
CUST_3188,Email,2,0,0
CUST_3188,Promotion banner,3,0,0
CUST_3189,SMS,5,2,0
CUST_3189,SMS,5,1,1
CUST_3189,Push Notification,5,3,0
CUST_3190,Push Notification,2,0,1
CUST_3190,SMS,2,3,1
CUST_3190,Promotion banner,4,3,1
CUST_3191,Promotion banner,3,2,0
CUST_3191,SMS,1,2,1
CUST_3191,Promotion banner,2,1,1
CUST_3192,Push Notification,2,0,0
CUST_3192,Promotion banner,2,1,1
CUST_3192,Push Notification,2,2,0
CUST_3193,Push Notification,5,3,0
CUST_3194,Promotion banner,3,1,1
CUST_3195,Promotion banner,2,3,0
CUST_3196,Promotion banner,2,0,1
CUST_3196,Promotion banner,2,0,1
CUST_3196,Push Notification,1,3,1
CUST_3197,Email,5,1,1
CUST_3197,Promotion banner,3,0,1
CUST_3198,SMS,3,3,1
CUST_3198,Push Notification,5,1,0
CUST_3199,Email,1,3,1
CUST_3199,SMS,3,0,0
CUST_3199,SMS,5,0,1
CUST_3200,SMS,1,3,0
CUST_3200,Push Notification,5,0,1
CUST_3201,Promotion banner,4,0,1
CUST_3201,SMS,3,1,0
CUST_3201,SMS,2,2,0
CUST_3201,Push Notification,5,1,0
CUST_3202,SMS,1,0,1
CUST_3202,Promotion banner,4,3,0
CUST_3202,Push Notification,4,1,0
CUST_3202,SMS,1,3,1
CUST_3203,Email,4,3,0
CUST_3203,Email,1,3,0
CUST_3204,Push Notification,2,1,0
CUST_3204,Promotion banner,1,0,1
CUST_3204,Email,2,0,1
CUST_3204,Email,2,2,0
CUST_3205,Push Notification,5,0,1
CUST_3205,Push Notification,2,0,0
CUST_3205,Push Notification,2,3,1
CUST_3205,Email,2,2,1
CUST_3206,Push Notification,5,3,0
CUST_3206,Push Notification,2,1,1
CUST_3206,SMS,1,1,1
CUST_3207,Push Notification,2,2,1
CUST_3207,SMS,1,3,1
CUST_3208,Promotion banner,4,1,1
CUST_3208,Email,2,2,0
CUST_3208,Push Notification,1,0,0
CUST_3209,Email,2,1,0
CUST_3209,SMS,3,2,0
CUST_3209,Promotion banner,2,2,0
CUST_3209,Push Notification,1,2,1
CUST_3210,Email,4,0,0
CUST_3210,SMS,5,0,1
CUST_3210,Email,2,3,0
CUST_3211,Push Notification,2,3,0
CUST_3211,Email,2,2,0
CUST_3211,Push Notification,4,2,1
CUST_3212,Email,4,2,1
CUST_3212,Promotion banner,2,2,0
CUST_3212,Email,5,0,1
CUST_3213,Promotion banner,5,1,1
CUST_3213,Email,2,1,1
CUST_3213,Push Notification,4,1,0
CUST_3213,Promotion banner,5,1,1
CUST_3214,Email,5,3,1
CUST_3214,Push Notification,4,3,1
CUST_3215,Push Notification,5,3,0
CUST_3216,SMS,2,3,1
CUST_3216,Promotion banner,1,3,1
CUST_3216,Push Notification,2,3,1
CUST_3217,Email,2,2,0
CUST_3217,SMS,2,3,1
CUST_3217,SMS,3,3,1
CUST_3218,Push Notification,2,3,0
CUST_3218,SMS,2,3,1
CUST_3219,Promotion banner,1,2,1
CUST_3219,Email,5,2,0
CUST_3220,SMS,1,2,0
CUST_3220,Promotion banner,2,1,1
CUST_3221,Promotion banner,1,1,1
CUST_3221,Push Notification,1,2,1
CUST_3221,Push Notification,3,2,1
CUST_3222,Push Notification,4,1,1
CUST_3222,SMS,4,3,1
CUST_3222,Email,3,0,1
CUST_3223,Email,4,1,0
CUST_3223,Email,1,2,1
CUST_3223,Promotion banner,5,0,0
CUST_3223,SMS,4,2,1
CUST_3224,Push Notification,4,0,1
CUST_3224,Promotion banner,1,0,0
CUST_3224,Promotion banner,1,0,1
CUST_3224,SMS,2,3,1
CUST_3225,Push Notification,5,0,1
CUST_3225,Email,3,0,0
CUST_3226,Push Notification,5,0,0
CUST_3226,SMS,5,1,1
CUST_3226,Email,1,0,0
CUST_3227,Promotion banner,1,2,0
CUST_3227,Email,4,3,0
CUST_3227,Email,3,0,1
CUST_3228,SMS,1,3,1
CUST_3228,Email,2,0,0
CUST_3228,Email,5,3,0
CUST_3229,Email,1,1,1
CUST_3229,Email,4,1,0
CUST_3230,Email,1,1,1
CUST_3230,Push Notification,1,0,1
CUST_3231,Email,5,2,0
CUST_3231,SMS,2,2,0
CUST_3231,Email,2,0,1
CUST_3232,Promotion banner,2,0,1
CUST_3232,Email,1,2,0
CUST_3232,SMS,1,2,0
CUST_3233,Promotion banner,2,0,1
CUST_3233,SMS,5,2,1
CUST_3233,Push Notification,4,3,1
CUST_3234,Push Notification,2,0,1
CUST_3234,Promotion banner,1,1,1
CUST_3235,Email,4,3,0
CUST_3236,Push Notification,5,0,0
CUST_3236,Push Notification,3,1,1
CUST_3236,Promotion banner,4,0,0
CUST_3236,Push Notification,2,1,1
CUST_3237,Promotion banner,4,3,1
CUST_3237,Push Notification,2,2,1
CUST_3237,Promotion banner,5,0,1
CUST_3238,Push Notification,4,1,1
CUST_3239,Promotion banner,5,0,1
CUST_3239,SMS,2,0,1
CUST_3239,Promotion banner,2,3,1
CUST_3240,Email,1,3,0
CUST_3241,Push Notification,1,0,0
CUST_3242,Email,4,1,1
CUST_3243,Push Notification,5,0,1
CUST_3243,Promotion banner,4,3,1
CUST_3244,Push Notification,5,2,1
CUST_3244,Email,3,2,0
CUST_3245,Promotion banner,5,2,1
CUST_3246,SMS,4,3,1
CUST_3246,SMS,2,1,1
CUST_3247,Email,3,0,0
CUST_3247,Email,5,3,1
CUST_3247,Email,4,3,0
CUST_3247,Push Notification,4,1,1
CUST_3248,Email,5,1,1
CUST_3248,Email,5,2,1
CUST_3248,SMS,4,0,0
CUST_3248,Promotion banner,4,3,1
CUST_3249,Push Notification,5,0,0
CUST_3250,Promotion banner,1,1,0
CUST_3250,Push Notification,1,1,0
CUST_3250,Promotion banner,1,1,0
CUST_3250,Promotion banner,4,3,0
CUST_3251,Email,1,3,1
CUST_3252,SMS,3,2,1
CUST_3253,SMS,2,0,1
CUST_3253,SMS,5,3,1
CUST_3254,Push Notification,4,3,1
CUST_3254,SMS,1,3,1
CUST_3255,Promotion banner,3,0,0
CUST_3255,SMS,1,3,1
CUST_3255,Promotion banner,3,2,0
CUST_3255,Promotion banner,5,2,0
CUST_3256,Push Notification,1,1,1
CUST_3257,Push Notification,5,3,0
CUST_3257,Email,1,2,0
CUST_3258,SMS,4,1,1
CUST_3258,Push Notification,5,2,1
CUST_3258,Email,2,3,0
CUST_3259,Email,3,1,0
CUST_3259,Push Notification,4,3,1
CUST_3260,Promotion banner,4,1,1
CUST_3260,Email,5,1,0
CUST_3260,Email,3,1,1
CUST_3261,Email,5,2,1
CUST_3261,Promotion banner,4,2,1
CUST_3261,Promotion banner,4,3,0
CUST_3262,Email,5,0,0
CUST_3262,SMS,4,2,0
CUST_3263,Promotion banner,1,3,0
CUST_3263,Promotion banner,5,1,0
CUST_3263,Email,2,1,1
CUST_3263,SMS,2,3,0
CUST_3264,Promotion banner,2,0,1
CUST_3264,Email,5,1,1
CUST_3265,Push Notification,1,0,1
CUST_3265,SMS,4,3,0
CUST_3266,Push Notification,2,1,0
CUST_3266,Push Notification,3,3,0
CUST_3267,Promotion banner,5,3,1
CUST_3267,SMS,4,3,1
CUST_3268,Promotion banner,4,0,1
CUST_3268,SMS,4,2,0
CUST_3268,SMS,4,2,0
CUST_3268,Email,1,2,1
CUST_3269,Email,1,2,0
CUST_3269,Email,5,3,1
CUST_3269,Push Notification,1,3,0
CUST_3270,Email,3,2,0
CUST_3270,SMS,5,3,0
CUST_3270,SMS,2,3,1
CUST_3270,Email,5,2,0
CUST_3271,Promotion banner,2,0,0
CUST_3272,Email,5,0,1
CUST_3272,Push Notification,3,3,0
CUST_3272,Email,1,2,0
CUST_3272,Email,5,3,1
CUST_3273,SMS,4,3,1
CUST_3273,Push Notification,1,1,0
CUST_3273,Promotion banner,1,3,0
CUST_3274,Push Notification,1,0,0
CUST_3274,SMS,2,0,0
CUST_3274,Promotion banner,4,0,0
CUST_3274,Email,1,0,0
CUST_3275,Promotion banner,4,0,0
CUST_3276,Email,1,0,1
CUST_3277,Push Notification,1,2,0
CUST_3277,Push Notification,1,2,1
CUST_3278,SMS,2,2,0
CUST_3278,Email,1,2,1
CUST_3278,SMS,1,2,0
CUST_3279,Promotion banner,2,3,1
CUST_3279,Push Notification,5,0,0
CUST_3279,Email,3,0,1
CUST_3279,Promotion banner,4,3,1
CUST_3280,Email,2,1,0
CUST_3280,SMS,3,3,1
CUST_3280,Email,4,3,1
CUST_3280,SMS,5,1,1
CUST_3281,SMS,4,0,1
CUST_3281,Push Notification,3,3,0
CUST_3282,Push Notification,1,3,1
CUST_3282,SMS,4,1,1
CUST_3283,Email,1,2,1
CUST_3283,Promotion banner,2,3,0
CUST_3284,Push Notification,5,0,0
CUST_3284,Push Notification,1,3,1
CUST_3284,SMS,3,1,0
CUST_3284,SMS,1,0,1
CUST_3285,Email,3,3,1
CUST_3286,Push Notification,3,3,1
CUST_3287,SMS,4,2,1
CUST_3287,Promotion banner,1,2,1
CUST_3287,Promotion banner,1,0,1
CUST_3287,Email,5,1,0
CUST_3288,SMS,2,3,0
CUST_3288,SMS,3,0,1
CUST_3288,Email,2,1,0
CUST_3288,Email,3,0,0
CUST_3289,SMS,1,1,0
CUST_3290,SMS,1,3,1
CUST_3290,Promotion banner,2,3,0
CUST_3291,Push Notification,3,0,0
CUST_3292,Promotion banner,2,3,1
CUST_3292,Promotion banner,1,0,1
CUST_3292,Email,4,3,1
CUST_3293,Push Notification,5,1,1
CUST_3293,Push Notification,2,1,0
CUST_3293,Promotion banner,5,2,0
CUST_3294,Push Notification,1,3,1
CUST_3294,Push Notification,2,1,1
CUST_3294,SMS,3,3,0
CUST_3295,Push Notification,2,1,1
CUST_3295,Push Notification,1,2,1
CUST_3295,Promotion banner,5,0,0
CUST_3296,Push Notification,4,1,1
CUST_3297,SMS,1,3,1
CUST_3297,Email,1,1,1
CUST_3298,Promotion banner,3,2,0
CUST_3298,SMS,3,1,1
CUST_3299,Email,1,2,0
CUST_3299,Promotion banner,4,1,0
CUST_3300,Email,5,1,0
CUST_3300,Push Notification,4,2,0
CUST_3300,Promotion banner,2,3,1
CUST_3301,Email,3,0,0
CUST_3301,SMS,2,1,0
CUST_3301,Push Notification,3,0,1
CUST_3302,Push Notification,2,3,1
CUST_3302,SMS,5,0,0
CUST_3303,Email,4,3,1
CUST_3303,Push Notification,1,2,1
CUST_3303,Push Notification,5,0,0
CUST_3304,SMS,5,0,0
CUST_3304,Promotion banner,3,0,0
CUST_3304,Promotion banner,5,1,1
CUST_3305,Push Notification,4,1,1
CUST_3306,SMS,4,2,1
CUST_3306,Email,1,0,0
CUST_3306,Email,4,3,1
CUST_3307,SMS,3,3,1
CUST_3307,Promotion banner,5,3,1
CUST_3307,Promotion banner,3,0,0
CUST_3308,Push Notification,5,0,0
CUST_3308,Email,4,0,0
CUST_3308,Push Notification,3,2,0
CUST_3309,Push Notification,4,2,0
CUST_3309,SMS,4,3,0
CUST_3309,Email,2,2,0
CUST_3309,Push Notification,2,3,0
CUST_3310,SMS,1,0,0
CUST_3310,Email,4,3,1
CUST_3310,Promotion banner,3,1,1
CUST_3310,Push Notification,4,2,0
CUST_3311,Promotion banner,1,2,0
CUST_3311,Email,1,3,0
CUST_3311,Email,5,3,1
CUST_3312,Email,2,2,1
CUST_3312,Push Notification,3,3,0
CUST_3313,Promotion banner,3,1,0
CUST_3313,Promotion banner,4,1,1
CUST_3313,Email,1,1,0
CUST_3314,Push Notification,1,1,1
CUST_3314,Push Notification,5,2,0
CUST_3314,Push Notification,1,0,1
CUST_3315,SMS,5,3,1
CUST_3316,Promotion banner,4,1,1
CUST_3316,SMS,4,1,0
CUST_3317,SMS,5,3,0
CUST_3317,SMS,2,0,0
CUST_3317,Promotion banner,4,1,1
CUST_3318,Push Notification,2,1,1
CUST_3318,Promotion banner,4,2,1
CUST_3318,Email,4,0,1
CUST_3318,Email,2,0,1
CUST_3319,SMS,5,1,0
CUST_3319,Email,1,0,1
CUST_3320,Push Notification,4,0,1
CUST_3320,Promotion banner,1,0,1
CUST_3321,Promotion banner,2,2,0
CUST_3322,Promotion banner,1,2,1
CUST_3322,Promotion banner,5,3,1
CUST_3322,Promotion banner,3,2,0
CUST_3322,Promotion banner,5,3,0
CUST_3323,Promotion banner,2,1,0
CUST_3323,SMS,2,0,1
CUST_3324,Email,4,3,0
CUST_3325,Promotion banner,2,1,1
CUST_3325,SMS,5,1,0
CUST_3326,Push Notification,2,3,0
CUST_3326,Promotion banner,4,3,0
CUST_3326,Promotion banner,3,3,0
CUST_3327,Promotion banner,5,1,1
CUST_3327,Push Notification,5,3,0
CUST_3328,Email,1,3,0
CUST_3329,Push Notification,3,1,1
CUST_3329,Email,5,2,0
CUST_3329,SMS,1,1,0
CUST_3330,Push Notification,1,2,1
CUST_3330,SMS,1,3,0
CUST_3330,Promotion banner,4,2,0
CUST_3330,Email,3,3,0
CUST_3331,Push Notification,2,3,1
CUST_3332,Promotion banner,4,0,1
CUST_3332,Email,1,0,1
CUST_3333,Email,4,0,1
CUST_3333,Push Notification,2,1,1
CUST_3334,Push Notification,2,1,0
CUST_3334,Promotion banner,3,0,0
CUST_3334,Promotion banner,2,1,0
CUST_3335,SMS,5,2,1
CUST_3335,Push Notification,1,0,1
CUST_3335,Push Notification,2,1,0
CUST_3335,SMS,2,1,1
CUST_3336,Push Notification,1,0,1
CUST_3336,SMS,4,3,0
CUST_3336,Promotion banner,4,3,0
CUST_3337,Push Notification,4,1,1
CUST_3337,Email,3,2,1
CUST_3338,Promotion banner,5,2,0
CUST_3338,Push Notification,4,1,0
CUST_3338,SMS,1,2,1
CUST_3338,Email,2,0,1
CUST_3339,Push Notification,2,2,1
CUST_3339,Push Notification,1,2,1
CUST_3340,Email,2,0,1
CUST_3341,SMS,5,2,0
CUST_3341,Push Notification,4,0,0
CUST_3341,Promotion banner,5,1,1
CUST_3342,SMS,4,3,1
CUST_3342,Promotion banner,5,2,1
CUST_3343,Promotion banner,5,0,1
CUST_3343,Email,2,3,0
CUST_3344,SMS,3,0,0
CUST_3345,SMS,1,3,0
CUST_3345,Email,4,2,1
CUST_3345,SMS,4,2,0
CUST_3345,Email,1,0,0
CUST_3346,Promotion banner,4,3,0
CUST_3347,SMS,2,1,0
CUST_3348,Promotion banner,5,2,1
CUST_3348,SMS,4,1,0
CUST_3349,Push Notification,4,3,0
CUST_3349,Promotion banner,4,0,1
CUST_3349,Email,4,1,0
CUST_3349,Email,3,1,1
CUST_3350,SMS,2,0,1
CUST_3350,SMS,3,1,1
CUST_3350,SMS,4,2,1
CUST_3351,SMS,4,2,0
CUST_3351,SMS,3,1,0
CUST_3352,Email,1,2,0
CUST_3352,Promotion banner,2,1,1
CUST_3352,SMS,2,0,1
CUST_3352,Promotion banner,2,3,1
CUST_3353,Push Notification,5,1,1
CUST_3353,SMS,1,1,0
CUST_3353,Email,3,0,1
CUST_3353,Email,5,0,1
CUST_3354,SMS,4,1,0
CUST_3354,Push Notification,3,2,1
CUST_3355,SMS,1,1,1
CUST_3355,SMS,3,3,0
CUST_3355,Push Notification,1,2,0
CUST_3355,SMS,1,3,0
CUST_3356,Push Notification,4,0,0
CUST_3356,Email,1,3,1
CUST_3357,Promotion banner,5,3,0
CUST_3357,Promotion banner,3,0,0
CUST_3357,SMS,1,3,1
CUST_3357,Push Notification,2,3,0
CUST_3358,SMS,4,1,1
CUST_3359,Push Notification,2,2,0
CUST_3360,Push Notification,3,2,1
CUST_3360,Push Notification,5,3,0
CUST_3360,Promotion banner,2,0,1
CUST_3361,Promotion banner,5,0,0
CUST_3361,Email,5,1,1
CUST_3361,Email,2,3,1
CUST_3361,Email,4,1,1
CUST_3362,Promotion banner,3,1,0
CUST_3363,Promotion banner,1,1,0
CUST_3363,SMS,2,2,1
CUST_3363,SMS,3,1,0
CUST_3364,Promotion banner,2,2,0
CUST_3364,Email,5,2,0
CUST_3365,Push Notification,1,3,1
CUST_3365,Email,4,3,0
CUST_3365,SMS,3,2,0
CUST_3366,Email,3,2,1
CUST_3366,SMS,5,2,1
CUST_3366,Email,3,3,1
CUST_3367,Promotion banner,1,2,1
CUST_3367,Promotion banner,2,3,0
CUST_3368,SMS,3,3,1
CUST_3369,Email,3,1,0
CUST_3369,SMS,3,2,0
CUST_3369,Email,5,0,1
CUST_3369,Push Notification,4,1,1
CUST_3370,Promotion banner,2,1,1
CUST_3371,Promotion banner,5,0,0
CUST_3372,Push Notification,2,0,0
CUST_3372,SMS,4,1,1
CUST_3372,SMS,1,3,0
CUST_3373,SMS,1,2,1
CUST_3373,Push Notification,4,2,0
CUST_3373,Email,5,2,1
CUST_3374,Email,3,3,1
CUST_3375,Push Notification,4,1,0
CUST_3376,Push Notification,1,0,0
CUST_3376,SMS,3,0,0
CUST_3376,Promotion banner,2,0,0
CUST_3377,Promotion banner,4,2,0
CUST_3377,Promotion banner,1,2,0
CUST_3377,Email,2,3,0
CUST_3377,Promotion banner,4,1,0
CUST_3378,Promotion banner,5,0,1
CUST_3378,Email,5,2,0
CUST_3378,Email,1,1,0
CUST_3378,Push Notification,5,2,1
CUST_3379,Email,1,3,1
CUST_3379,Push Notification,2,1,1
CUST_3379,SMS,5,2,1
CUST_3380,Promotion banner,2,0,1
CUST_3380,Push Notification,5,2,1
CUST_3380,Promotion banner,1,0,0
CUST_3381,Push Notification,5,0,0
CUST_3381,Email,1,1,0
CUST_3381,Email,1,0,1
CUST_3381,Email,1,2,0
CUST_3382,Push Notification,4,1,1
CUST_3382,Promotion banner,2,2,0
CUST_3383,Email,5,2,0
CUST_3383,Promotion banner,2,2,0
CUST_3383,SMS,3,3,0
CUST_3383,SMS,4,0,1
CUST_3384,SMS,5,3,0
CUST_3384,Promotion banner,2,1,1
CUST_3385,Email,4,2,1
CUST_3385,Push Notification,1,2,1
CUST_3385,Email,2,0,1
CUST_3385,Promotion banner,2,1,0
CUST_3386,Promotion banner,2,3,1
CUST_3387,Email,2,2,1
CUST_3387,Promotion banner,2,3,0
CUST_3387,SMS,1,2,0
CUST_3388,Push Notification,4,2,1
CUST_3388,Push Notification,1,3,0
CUST_3389,Email,1,0,1
CUST_3390,SMS,1,1,0
CUST_3390,Push Notification,3,0,0
CUST_3390,Push Notification,3,3,0
CUST_3391,Promotion banner,2,2,1
CUST_3391,SMS,5,3,0
CUST_3391,Promotion banner,5,2,0
CUST_3392,Push Notification,4,0,0
CUST_3393,Push Notification,5,2,1
CUST_3393,Push Notification,3,1,1
CUST_3394,Email,4,2,0
CUST_3394,Push Notification,4,2,0
CUST_3394,Email,4,0,0
CUST_3395,SMS,2,0,0
CUST_3395,Promotion banner,4,0,1
CUST_3396,Push Notification,1,3,0
CUST_3397,Promotion banner,3,3,1
CUST_3397,SMS,4,2,0
CUST_3397,Email,4,1,1
CUST_3398,Email,1,2,1
CUST_3398,Email,3,3,0
CUST_3398,Email,1,1,0
CUST_3398,Promotion banner,3,3,0
CUST_3399,Push Notification,1,3,1
CUST_3399,Push Notification,3,2,1
CUST_3399,Promotion banner,4,0,0
CUST_3399,Promotion banner,3,3,1
CUST_3400,Email,1,1,0
CUST_3400,SMS,3,3,0
CUST_3400,Promotion banner,1,3,1
CUST_3401,SMS,5,3,0
CUST_3402,Email,2,2,0
CUST_3403,Promotion banner,2,2,1
CUST_3403,SMS,2,0,0
CUST_3403,SMS,1,3,0
CUST_3404,Push Notification,1,0,0
CUST_3404,Email,3,1,1
CUST_3404,Promotion banner,3,3,1
CUST_3405,SMS,1,1,1
CUST_3405,Push Notification,3,2,1
CUST_3406,Email,4,2,1
CUST_3406,SMS,5,2,0
CUST_3407,SMS,4,0,1
CUST_3407,Push Notification,5,0,0
CUST_3407,Push Notification,2,0,0
CUST_3408,Push Notification,2,1,0
CUST_3409,Push Notification,1,2,0
CUST_3409,SMS,3,3,1
CUST_3409,Push Notification,4,1,1
CUST_3409,SMS,3,2,1
CUST_3410,Push Notification,2,1,1
CUST_3411,SMS,3,3,0
CUST_3412,SMS,3,3,1
CUST_3412,Email,5,2,0
CUST_3413,Promotion banner,4,2,1
CUST_3414,Email,1,2,1
CUST_3415,SMS,3,1,0
CUST_3415,Email,2,2,1
CUST_3416,Push Notification,1,0,1
CUST_3416,SMS,5,2,0
CUST_3417,SMS,2,3,1
CUST_3417,Promotion banner,5,1,0
CUST_3417,Promotion banner,3,3,0
CUST_3417,Promotion banner,1,2,0
CUST_3418,Push Notification,5,3,1
CUST_3419,Email,5,1,1
CUST_3420,Email,3,2,0
CUST_3420,Promotion banner,3,3,0
CUST_3420,Promotion banner,4,0,0
CUST_3421,Promotion banner,1,1,0
CUST_3421,Promotion banner,4,3,1
CUST_3421,Push Notification,3,2,0
CUST_3421,Email,2,3,1
CUST_3422,Push Notification,3,3,0
CUST_3422,Push Notification,5,3,0
CUST_3423,Push Notification,1,2,1
CUST_3424,SMS,1,0,1
CUST_3424,Email,3,1,0
CUST_3425,Email,5,2,1
CUST_3425,SMS,2,3,0
CUST_3425,SMS,3,2,1
CUST_3426,Push Notification,1,0,0
CUST_3426,Push Notification,1,3,0
CUST_3426,Email,2,1,1
CUST_3427,SMS,3,1,0
CUST_3427,Promotion banner,5,1,1
CUST_3427,Email,2,1,1
CUST_3427,Email,4,3,1
CUST_3428,Push Notification,5,3,1
CUST_3429,Push Notification,1,0,0
CUST_3429,Promotion banner,5,0,0
CUST_3429,SMS,1,0,0
CUST_3429,Push Notification,1,2,0
CUST_3430,Email,3,0,0
CUST_3430,Push Notification,3,0,1
CUST_3430,Push Notification,1,3,1
CUST_3430,Email,2,3,1
CUST_3431,Promotion banner,5,1,1
CUST_3431,Push Notification,5,1,0
CUST_3432,Email,2,3,0
CUST_3432,Promotion banner,3,1,0
CUST_3432,Push Notification,3,0,0
CUST_3433,Push Notification,1,0,0
CUST_3433,SMS,4,0,0
CUST_3433,Email,1,1,1
CUST_3434,SMS,1,0,1
CUST_3434,Promotion banner,3,1,1
CUST_3434,Push Notification,3,3,0
CUST_3434,Push Notification,1,2,0
CUST_3435,SMS,5,3,0
CUST_3435,Promotion banner,3,0,1
CUST_3435,SMS,1,3,1
CUST_3435,Promotion banner,4,2,1
CUST_3436,Push Notification,3,0,0
CUST_3436,Push Notification,2,2,1
CUST_3436,SMS,2,3,1
CUST_3436,SMS,4,0,1
CUST_3437,Promotion banner,4,1,0
CUST_3437,Promotion banner,1,1,0
CUST_3437,SMS,2,0,1
CUST_3437,SMS,2,3,1
CUST_3438,Push Notification,3,1,0
CUST_3438,Push Notification,5,0,1
CUST_3438,SMS,3,1,1
CUST_3438,Email,5,0,0
CUST_3439,SMS,4,0,1
CUST_3440,SMS,4,1,0
CUST_3441,Promotion banner,4,2,0
CUST_3441,Push Notification,4,0,1
CUST_3442,Push Notification,5,3,0
CUST_3443,SMS,3,3,1
CUST_3443,Push Notification,2,2,1
CUST_3443,Push Notification,3,0,0
CUST_3444,Push Notification,4,0,0
CUST_3445,Email,2,1,0
CUST_3445,Push Notification,1,2,0
CUST_3446,Promotion banner,1,3,1
CUST_3446,SMS,3,0,1
CUST_3446,Promotion banner,2,3,0
CUST_3447,Push Notification,5,3,0
CUST_3447,SMS,5,1,1
CUST_3447,SMS,2,0,1
CUST_3448,SMS,3,0,1
CUST_3449,SMS,2,2,0
CUST_3449,Email,4,2,1
CUST_3450,Promotion banner,3,1,1
CUST_3450,SMS,1,3,0
CUST_3450,Promotion banner,1,2,0
CUST_3450,Promotion banner,1,0,0
CUST_3451,Promotion banner,3,2,1
CUST_3451,Email,3,2,1
CUST_3451,Promotion banner,3,3,1
CUST_3451,Email,2,1,1
CUST_3452,Email,2,1,1
CUST_3452,Email,5,1,0
CUST_3453,Email,1,1,0
CUST_3453,Promotion banner,3,1,0
CUST_3454,SMS,1,2,0
CUST_3455,Promotion banner,2,0,1
CUST_3455,Email,3,2,1
CUST_3455,Promotion banner,5,3,1
CUST_3456,Push Notification,1,0,0
CUST_3456,Email,3,0,1
CUST_3456,Promotion banner,2,3,1
CUST_3456,SMS,2,1,0
CUST_3457,Push Notification,3,0,0
CUST_3457,Push Notification,4,1,0
CUST_3457,Promotion banner,4,3,0
CUST_3457,Promotion banner,3,3,0
CUST_3458,Email,4,0,1
CUST_3459,Push Notification,5,2,1
CUST_3459,Promotion banner,1,1,0
CUST_3460,Push Notification,4,3,0
CUST_3460,SMS,3,3,0
CUST_3461,Promotion banner,1,0,0
CUST_3461,SMS,5,3,0
CUST_3461,Promotion banner,3,2,0
CUST_3461,Promotion banner,1,2,1
CUST_3462,Email,1,3,1
CUST_3463,SMS,3,3,0
CUST_3463,Push Notification,3,1,0
CUST_3464,Promotion banner,4,0,0
CUST_3464,Email,2,1,0
CUST_3465,Push Notification,4,0,0
CUST_3465,Promotion banner,4,3,0
CUST_3465,Promotion banner,1,1,0
CUST_3465,Email,1,0,0
CUST_3466,Promotion banner,1,1,0
CUST_3467,Push Notification,2,3,0
CUST_3467,Push Notification,1,0,0
CUST_3468,Promotion banner,3,3,0
CUST_3468,SMS,3,2,1
CUST_3469,Promotion banner,1,3,1
CUST_3470,Promotion banner,4,0,0
CUST_3470,Push Notification,1,2,1
CUST_3470,Promotion banner,2,0,1
CUST_3471,Email,5,2,0
CUST_3471,Push Notification,4,2,1
CUST_3471,SMS,2,1,1
CUST_3471,Promotion banner,1,3,0
CUST_3472,Push Notification,1,2,0
CUST_3472,SMS,3,3,1
CUST_3472,Email,4,3,1
CUST_3472,Email,2,0,0
CUST_3473,Promotion banner,3,0,0
CUST_3473,Email,2,3,1
CUST_3473,Email,3,0,0
CUST_3474,Promotion banner,2,2,1
CUST_3475,SMS,3,3,1
CUST_3475,SMS,4,0,1
CUST_3475,SMS,2,3,0
CUST_3475,Promotion banner,5,0,0
CUST_3476,Push Notification,3,1,1
CUST_3476,Push Notification,1,3,1
CUST_3476,Promotion banner,2,2,0
CUST_3477,Push Notification,1,2,1
CUST_3477,Email,1,3,0
CUST_3477,SMS,2,0,0
CUST_3478,Push Notification,2,3,0
CUST_3478,Email,2,1,0
CUST_3479,Promotion banner,4,0,0
CUST_3479,SMS,4,0,0
CUST_3479,Push Notification,1,2,1
CUST_3479,SMS,3,1,1
CUST_3480,SMS,4,0,0
CUST_3480,Email,5,1,1
CUST_3480,Push Notification,3,0,0
CUST_3481,Push Notification,1,2,1
CUST_3482,Email,1,2,0
CUST_3483,Email,5,0,1
CUST_3483,Email,1,3,0
CUST_3483,Email,2,3,0
CUST_3484,Email,3,3,0
CUST_3484,SMS,4,2,1
CUST_3485,Push Notification,1,2,0
CUST_3485,Push Notification,4,3,1
CUST_3485,Email,1,3,1
CUST_3486,Promotion banner,3,0,1
CUST_3486,Push Notification,2,2,0
CUST_3486,Promotion banner,1,3,0
CUST_3486,SMS,2,1,1
CUST_3487,Push Notification,5,3,0
CUST_3487,SMS,2,1,1
CUST_3487,SMS,4,0,0
CUST_3487,SMS,2,3,1
CUST_3488,Push Notification,4,0,1
CUST_3489,Promotion banner,3,2,0
CUST_3489,Email,3,3,1
CUST_3490,Push Notification,5,3,1
CUST_3490,Push Notification,4,1,0
CUST_3490,Email,4,3,1
CUST_3490,SMS,2,3,0
CUST_3491,Email,2,1,0
CUST_3491,SMS,2,2,0
CUST_3491,Push Notification,4,0,1
CUST_3492,Email,1,3,0
CUST_3493,Promotion banner,5,1,0
CUST_3493,Promotion banner,1,3,1
CUST_3493,SMS,1,0,0
CUST_3493,SMS,4,2,0
CUST_3494,Promotion banner,4,3,0
CUST_3494,Push Notification,5,1,1
CUST_3495,SMS,3,3,1
CUST_3496,SMS,4,0,0
CUST_3496,Email,3,0,1
CUST_3496,SMS,3,1,1
CUST_3496,Email,1,0,0
CUST_3497,Email,3,2,0
CUST_3497,Push Notification,1,2,0
CUST_3497,SMS,3,0,0
CUST_3498,Push Notification,3,2,0
CUST_3499,Push Notification,4,2,1
CUST_3499,Promotion banner,2,3,1
CUST_3499,Email,2,3,1
CUST_3500,Email,5,2,1
CUST_3500,Promotion banner,2,2,0
CUST_3501,SMS,1,0,0
CUST_3501,Promotion banner,4,3,1
CUST_3501,Push Notification,1,2,1
CUST_3502,Promotion banner,2,3,1
CUST_3502,SMS,4,2,0
CUST_3502,Promotion banner,1,2,1
CUST_3503,Push Notification,4,3,0
CUST_3504,SMS,4,1,0
CUST_3504,Push Notification,4,0,0
CUST_3505,Promotion banner,2,3,0
CUST_3505,SMS,5,0,0
CUST_3505,Email,5,3,0
CUST_3505,Promotion banner,5,2,0
CUST_3506,Promotion banner,2,0,1
CUST_3506,SMS,3,3,1
CUST_3506,Promotion banner,1,0,0
CUST_3506,SMS,1,2,0
CUST_3507,Email,5,1,1
CUST_3507,SMS,5,2,1
CUST_3507,SMS,4,1,0
CUST_3507,SMS,4,1,1
CUST_3508,Push Notification,1,0,0
CUST_3508,Promotion banner,2,2,1
CUST_3509,SMS,3,0,1
CUST_3509,Email,3,2,0
CUST_3509,Promotion banner,5,0,0
CUST_3510,Email,3,2,1
CUST_3510,Promotion banner,1,0,1
CUST_3510,Email,4,2,1
CUST_3511,Push Notification,1,3,1
CUST_3512,Email,4,3,0
CUST_3512,SMS,4,2,1
CUST_3513,Promotion banner,5,3,0
CUST_3513,SMS,3,1,1
CUST_3513,Push Notification,4,2,1
CUST_3514,SMS,3,0,0
CUST_3514,Email,1,0,1
CUST_3514,Promotion banner,1,2,1
CUST_3515,SMS,2,3,0
CUST_3515,Promotion banner,2,1,0
CUST_3515,SMS,1,3,0
CUST_3515,SMS,1,0,1
CUST_3516,SMS,1,1,1
CUST_3516,Push Notification,2,1,0
CUST_3517,Email,5,3,0
CUST_3518,SMS,2,1,1
CUST_3519,Promotion banner,4,0,1
CUST_3519,SMS,5,2,1
CUST_3520,Push Notification,2,3,0
CUST_3520,Push Notification,3,2,0
CUST_3521,Promotion banner,5,1,0
CUST_3521,Promotion banner,4,0,1
CUST_3521,Email,3,2,0
CUST_3521,Push Notification,2,2,1
CUST_3522,Email,3,1,1
CUST_3522,Promotion banner,5,0,0
CUST_3523,Email,3,1,1
CUST_3524,Email,3,3,0
CUST_3524,Email,1,0,1
CUST_3524,SMS,4,0,1
CUST_3525,SMS,5,2,1
CUST_3526,Promotion banner,4,3,1
CUST_3526,Push Notification,4,3,0
CUST_3526,SMS,5,1,1
CUST_3527,Promotion banner,3,3,0
CUST_3527,SMS,1,3,1
CUST_3528,SMS,2,3,1
CUST_3528,Email,4,1,0
CUST_3528,Push Notification,4,3,1
CUST_3528,Promotion banner,1,2,1
CUST_3529,Promotion banner,5,3,1
CUST_3530,SMS,4,3,0
CUST_3530,SMS,3,3,1
CUST_3531,Promotion banner,3,0,1
CUST_3531,Push Notification,2,3,1
CUST_3531,Promotion banner,1,2,0
CUST_3532,Promotion banner,3,0,0
CUST_3532,Promotion banner,2,2,0
CUST_3532,Promotion banner,5,2,1
CUST_3532,SMS,2,3,0
CUST_3533,Promotion banner,3,3,1
CUST_3534,SMS,5,3,1
CUST_3534,SMS,3,1,1
CUST_3534,Promotion banner,3,0,1
CUST_3534,Email,3,0,1
CUST_3535,SMS,4,3,1
CUST_3535,Push Notification,2,2,1
CUST_3535,SMS,2,0,1
CUST_3535,Push Notification,5,2,0
CUST_3536,Promotion banner,4,0,1
CUST_3537,Push Notification,3,3,1
CUST_3537,Email,4,2,1
CUST_3537,SMS,2,2,0
CUST_3538,SMS,2,1,1
CUST_3538,Email,5,3,1
CUST_3538,Push Notification,5,1,1
CUST_3538,Promotion banner,4,1,1
CUST_3539,SMS,5,0,1
CUST_3539,SMS,1,3,1
CUST_3540,Email,4,1,0
CUST_3541,SMS,1,0,1
CUST_3541,Push Notification,4,2,1
CUST_3541,Promotion banner,2,0,1
CUST_3541,Promotion banner,3,0,1
CUST_3542,Email,1,3,1
CUST_3542,SMS,5,0,0
CUST_3542,Promotion banner,4,0,0
CUST_3543,Email,1,3,1
CUST_3543,SMS,1,1,1
CUST_3544,SMS,5,2,1
CUST_3544,Promotion banner,5,1,0
CUST_3545,Promotion banner,2,2,0
CUST_3545,Email,3,1,0
CUST_3545,Email,1,3,1
CUST_3545,SMS,1,3,1
CUST_3546,Email,5,3,1
CUST_3546,SMS,4,1,1
CUST_3547,Email,4,3,0
CUST_3548,Email,1,1,0
CUST_3549,SMS,3,2,1
CUST_3549,Promotion banner,2,0,0
CUST_3549,Promotion banner,2,3,0
CUST_3549,Email,2,0,1
CUST_3550,Email,4,1,0
CUST_3550,Push Notification,3,0,0
CUST_3550,SMS,3,1,0
CUST_3550,Email,5,2,0
CUST_3551,Push Notification,3,2,1
CUST_3551,SMS,1,1,1
CUST_3552,SMS,3,3,0
CUST_3552,Email,5,3,1
CUST_3552,Promotion banner,4,2,0
CUST_3553,Email,4,2,1
CUST_3553,Email,5,3,1
CUST_3553,Email,2,3,1
CUST_3553,SMS,3,3,1
CUST_3554,Push Notification,5,3,0
CUST_3554,Push Notification,3,3,0
CUST_3554,Promotion banner,4,2,0
CUST_3554,Promotion banner,2,0,1
CUST_3555,SMS,3,3,1
CUST_3555,Push Notification,1,0,1
CUST_3555,Promotion banner,4,3,1
CUST_3555,Email,5,2,1
CUST_3556,Email,1,3,1
CUST_3556,Push Notification,2,0,1
CUST_3557,SMS,2,0,1
CUST_3558,SMS,5,3,0
CUST_3558,Promotion banner,2,3,0
CUST_3558,SMS,3,0,1
CUST_3558,Promotion banner,4,0,1
CUST_3559,Email,1,2,0
CUST_3559,Push Notification,3,3,0
CUST_3559,Email,4,0,1
CUST_3559,Promotion banner,4,1,1
CUST_3560,Push Notification,4,2,0
CUST_3560,Promotion banner,2,3,0
CUST_3560,Promotion banner,5,2,1
CUST_3560,Promotion banner,5,1,0
CUST_3561,Push Notification,2,1,0
CUST_3561,SMS,1,0,1
CUST_3562,Email,1,1,0
CUST_3563,Email,1,2,1
CUST_3564,SMS,3,1,1
CUST_3564,Email,2,2,0
CUST_3564,Email,1,2,1
CUST_3565,Promotion banner,1,1,0
CUST_3566,Push Notification,2,3,1
CUST_3566,SMS,5,1,1
CUST_3566,Promotion banner,2,2,1
CUST_3566,SMS,2,1,1
CUST_3567,SMS,2,1,1
CUST_3568,SMS,5,2,0
CUST_3568,Push Notification,1,3,0
CUST_3568,SMS,3,0,1
CUST_3569,SMS,5,1,1
CUST_3569,SMS,1,2,0
CUST_3569,SMS,3,3,1
CUST_3569,Email,2,1,1
CUST_3570,Push Notification,5,3,1
CUST_3571,SMS,4,2,0
CUST_3571,Email,2,0,0
CUST_3571,Promotion banner,3,0,0
CUST_3572,Promotion banner,3,0,1
CUST_3572,Email,2,3,0
CUST_3572,SMS,2,2,1
CUST_3573,Promotion banner,2,0,0
CUST_3573,Push Notification,2,2,1
CUST_3573,Promotion banner,4,2,1
CUST_3574,Push Notification,5,2,1
CUST_3575,Email,4,1,1
CUST_3575,SMS,1,3,0
CUST_3575,Push Notification,2,1,0
CUST_3575,Push Notification,4,1,0
CUST_3576,Push Notification,5,2,0
CUST_3577,Promotion banner,5,0,1
CUST_3577,SMS,1,0,0
CUST_3577,Email,4,1,0
CUST_3577,Promotion banner,1,1,0
CUST_3578,Promotion banner,5,3,0
CUST_3578,SMS,4,2,1
CUST_3578,Email,3,1,0
CUST_3578,Email,5,0,0
CUST_3579,Push Notification,2,2,1
CUST_3579,SMS,2,0,0
CUST_3579,Promotion banner,5,1,0
CUST_3580,Push Notification,2,0,0
CUST_3580,Push Notification,2,3,1
CUST_3581,Email,5,2,0
CUST_3581,Promotion banner,3,1,1
CUST_3581,Push Notification,5,0,1
CUST_3581,Email,3,3,0
CUST_3582,Email,4,3,0
CUST_3582,Email,2,0,1
CUST_3582,Email,2,1,0
CUST_3582,SMS,1,1,1
CUST_3583,Email,5,1,1
CUST_3583,SMS,4,1,1
CUST_3583,Promotion banner,5,3,1
CUST_3583,SMS,4,0,0
CUST_3584,SMS,5,3,0
CUST_3584,SMS,4,0,0
CUST_3584,Push Notification,1,2,0
CUST_3585,Email,3,0,1
CUST_3585,Promotion banner,2,2,1
CUST_3586,Promotion banner,4,1,0
CUST_3586,Email,1,3,1
CUST_3586,Push Notification,1,3,0
CUST_3586,Email,2,0,1
CUST_3587,Email,2,1,0
CUST_3588,Email,2,3,1
CUST_3588,SMS,2,0,0
CUST_3588,SMS,5,3,1
CUST_3588,Promotion banner,2,3,1
CUST_3589,Email,4,0,1
CUST_3589,Email,3,2,1
CUST_3590,Email,2,3,1
CUST_3591,SMS,4,1,1
CUST_3591,SMS,5,2,1
CUST_3591,Email,2,3,0
CUST_3591,Push Notification,5,1,1
CUST_3592,Push Notification,5,0,0
CUST_3592,Email,1,1,1
CUST_3592,Email,4,0,0
CUST_3592,SMS,3,3,0
CUST_3593,Push Notification,2,0,1
CUST_3594,SMS,2,1,1
CUST_3594,Email,1,3,1
CUST_3594,Promotion banner,5,1,0
CUST_3595,Push Notification,1,3,0
CUST_3596,Promotion banner,3,2,0
CUST_3597,Email,3,2,0
CUST_3598,SMS,1,3,1
CUST_3599,Promotion banner,4,1,0
CUST_3599,SMS,4,2,1
CUST_3600,Email,4,0,0
CUST_3600,SMS,5,2,0
CUST_3600,Push Notification,1,0,0
CUST_3600,Push Notification,3,3,0
CUST_3601,Promotion banner,1,0,1
CUST_3601,Promotion banner,5,0,0
CUST_3602,Push Notification,2,3,0
CUST_3602,Email,2,0,0
CUST_3602,Email,4,1,0
CUST_3603,Push Notification,2,3,1
CUST_3603,Promotion banner,1,1,1
CUST_3603,SMS,4,0,0
CUST_3604,Email,2,2,0
CUST_3604,Push Notification,4,2,1
CUST_3605,Promotion banner,2,3,0
CUST_3606,Promotion banner,5,1,0
CUST_3606,Email,5,1,0
CUST_3606,SMS,4,3,1
CUST_3607,Promotion banner,3,3,1
CUST_3608,Promotion banner,3,0,1
CUST_3608,Push Notification,4,0,0
CUST_3609,Push Notification,2,3,1
CUST_3609,SMS,4,0,1
CUST_3610,SMS,5,2,0
CUST_3610,Email,3,0,1
CUST_3610,SMS,2,0,1
CUST_3610,Push Notification,1,3,0
CUST_3611,Email,1,0,1
CUST_3611,Push Notification,4,3,1
CUST_3612,Push Notification,5,0,0
CUST_3612,Promotion banner,5,2,1
CUST_3612,Promotion banner,1,2,1
CUST_3613,Promotion banner,2,3,1
CUST_3613,Push Notification,2,1,0
CUST_3614,Email,3,0,0
CUST_3615,Push Notification,1,2,1
CUST_3615,Promotion banner,5,2,1
CUST_3616,Promotion banner,1,0,1
CUST_3616,Email,5,3,1
CUST_3616,Promotion banner,1,1,0
CUST_3617,Email,3,2,1
CUST_3617,Promotion banner,4,0,1
CUST_3618,Promotion banner,1,2,0
CUST_3619,Promotion banner,4,0,0
CUST_3619,Email,3,2,0
CUST_3619,Email,5,0,0
CUST_3620,Email,5,2,1
CUST_3620,Email,1,3,0
CUST_3620,Promotion banner,4,1,0
CUST_3620,Promotion banner,1,0,0
CUST_3621,Promotion banner,2,1,1
CUST_3622,SMS,4,0,0
CUST_3622,Promotion banner,5,0,0
CUST_3622,Push Notification,4,1,1
CUST_3622,Push Notification,3,3,0
CUST_3623,Push Notification,4,1,0
CUST_3624,SMS,3,1,1
CUST_3625,Push Notification,1,1,0
CUST_3625,Promotion banner,5,1,1
CUST_3625,SMS,2,1,0
CUST_3626,Promotion banner,1,2,1
CUST_3626,Email,3,1,0
CUST_3627,Email,1,3,0
CUST_3628,Push Notification,4,3,0
CUST_3628,Push Notification,1,1,0
CUST_3628,SMS,4,1,0
CUST_3629,Promotion banner,3,1,1
CUST_3629,Email,5,1,1
CUST_3630,Push Notification,1,3,0
CUST_3630,Promotion banner,3,1,0
CUST_3630,Promotion banner,4,0,1
CUST_3631,Push Notification,5,3,1
CUST_3631,Email,1,2,0
CUST_3631,Email,2,2,1
CUST_3631,Push Notification,4,1,1
CUST_3632,Email,4,0,0
CUST_3632,SMS,3,2,1
CUST_3632,Email,2,0,1
CUST_3632,Push Notification,4,0,1
CUST_3633,SMS,5,2,1
CUST_3633,Promotion banner,2,0,0
CUST_3634,Push Notification,5,3,1
CUST_3635,Email,1,0,0
CUST_3636,Push Notification,3,3,1
CUST_3636,Email,5,3,0
CUST_3636,Promotion banner,3,2,1
CUST_3636,Promotion banner,3,1,0
CUST_3637,Email,3,3,1
CUST_3637,Email,4,0,1
CUST_3638,SMS,2,0,0
CUST_3638,Push Notification,5,0,1
CUST_3638,Push Notification,5,3,1
CUST_3639,Email,2,0,1
CUST_3639,Promotion banner,3,0,0
CUST_3640,Email,3,2,1
CUST_3640,Email,5,2,0
CUST_3641,Push Notification,5,1,1
CUST_3641,Promotion banner,3,0,1
CUST_3642,SMS,4,3,0
CUST_3642,Push Notification,4,2,1
CUST_3642,Push Notification,3,3,0
CUST_3642,Email,1,1,0
CUST_3643,Email,4,0,1
CUST_3643,Promotion banner,1,0,1
CUST_3644,Push Notification,2,3,1
CUST_3644,Email,5,0,0
CUST_3644,Email,1,3,0
CUST_3645,Push Notification,3,1,1
CUST_3646,SMS,3,3,1
CUST_3646,SMS,3,2,0
CUST_3647,SMS,5,1,0
CUST_3647,SMS,2,2,0
CUST_3647,Email,5,1,1
CUST_3648,Push Notification,1,2,1
CUST_3648,SMS,4,0,0
CUST_3648,SMS,3,0,0
CUST_3648,SMS,3,3,0
CUST_3649,SMS,4,2,1
CUST_3649,Push Notification,5,2,0
CUST_3649,Push Notification,1,3,0
CUST_3650,SMS,1,2,1
CUST_3650,Push Notification,1,1,0
CUST_3650,SMS,3,2,0
CUST_3650,Email,2,3,0
CUST_3651,SMS,1,0,1
CUST_3651,Email,5,1,1
CUST_3652,SMS,3,0,0
CUST_3653,Push Notification,2,2,0
CUST_3654,Email,5,3,0
CUST_3654,SMS,2,0,1
CUST_3654,Promotion banner,4,2,0
CUST_3655,Promotion banner,1,0,1
CUST_3655,Push Notification,1,3,1
CUST_3655,Email,4,0,1
CUST_3656,SMS,3,3,0
CUST_3656,SMS,1,1,0
CUST_3656,Email,5,3,1
CUST_3656,Push Notification,2,2,1
CUST_3657,Promotion banner,1,3,1
CUST_3657,Push Notification,2,2,0
CUST_3657,SMS,1,0,0
CUST_3658,Promotion banner,3,3,0
CUST_3658,Email,3,0,0
CUST_3659,Email,2,2,1
CUST_3659,Push Notification,4,1,1
CUST_3659,SMS,3,3,0
CUST_3660,Push Notification,3,2,0
CUST_3660,Email,2,3,1
CUST_3660,SMS,2,0,1
CUST_3660,Promotion banner,2,1,0
CUST_3661,Email,4,0,0
CUST_3661,Push Notification,4,3,1
CUST_3662,Promotion banner,5,2,1
CUST_3662,Promotion banner,1,3,0
CUST_3662,SMS,5,0,0
CUST_3663,Push Notification,2,3,0
CUST_3664,Email,4,1,1
CUST_3664,Email,2,3,0
CUST_3664,Email,3,3,0
CUST_3664,Push Notification,5,3,1
CUST_3665,Email,1,0,0
CUST_3665,SMS,2,3,0
CUST_3665,Push Notification,3,3,0
CUST_3666,SMS,2,1,0
CUST_3666,Promotion banner,4,3,0
CUST_3667,SMS,3,1,0
CUST_3667,Email,3,0,0
CUST_3668,Push Notification,4,1,0
CUST_3668,SMS,5,2,1
CUST_3668,Push Notification,1,2,0
CUST_3669,SMS,4,1,0
CUST_3669,Email,5,0,1
CUST_3669,SMS,3,3,0
CUST_3669,Push Notification,3,2,1
CUST_3670,SMS,4,3,1
CUST_3670,Promotion banner,3,0,0
CUST_3670,Push Notification,2,0,1
CUST_3670,Push Notification,5,0,1
CUST_3671,Email,4,0,1
CUST_3671,Email,4,0,1
CUST_3671,Push Notification,4,1,1
CUST_3671,Promotion banner,2,2,1
CUST_3672,Email,3,3,1
CUST_3673,Email,1,3,0
CUST_3673,Promotion banner,5,2,0
CUST_3674,Push Notification,3,3,1
CUST_3674,Promotion banner,3,1,0
CUST_3674,SMS,3,3,0
CUST_3674,Promotion banner,3,2,0
CUST_3675,Promotion banner,3,1,0
CUST_3675,Promotion banner,5,3,0
CUST_3675,Promotion banner,5,0,1
CUST_3675,Push Notification,5,1,0
CUST_3676,Push Notification,3,1,1
CUST_3676,Email,3,2,1
CUST_3676,Promotion banner,1,2,0
CUST_3676,Promotion banner,5,2,0
CUST_3677,Promotion banner,2,0,1
CUST_3678,Email,4,0,1
CUST_3678,Push Notification,3,0,0
CUST_3678,Promotion banner,5,3,1
CUST_3679,SMS,4,2,0
CUST_3680,Push Notification,1,3,0
CUST_3681,Push Notification,1,0,1
CUST_3681,Push Notification,2,3,1
CUST_3681,Promotion banner,5,3,1
CUST_3681,Promotion banner,2,2,0
CUST_3682,Email,2,1,1
CUST_3683,Promotion banner,1,3,0
CUST_3683,Push Notification,2,2,1
CUST_3684,Push Notification,1,1,1
CUST_3684,SMS,5,3,0
CUST_3684,Email,4,0,1
CUST_3684,Email,5,0,1
CUST_3685,Email,3,0,0
CUST_3685,Email,4,1,0
CUST_3685,SMS,4,0,1
CUST_3686,Promotion banner,5,2,0
CUST_3687,Email,2,3,1
CUST_3688,Email,4,3,1
CUST_3688,Promotion banner,5,0,0
CUST_3688,SMS,1,0,0
CUST_3689,SMS,2,2,0
CUST_3690,Push Notification,3,0,0
CUST_3690,Email,4,0,1
CUST_3690,SMS,3,3,1
CUST_3690,Email,2,3,0
CUST_3691,Email,1,2,1
CUST_3692,Email,5,1,1
CUST_3692,Push Notification,1,3,1
CUST_3692,Email,3,0,1
CUST_3692,Email,1,3,0
CUST_3693,Promotion banner,3,1,0
CUST_3694,SMS,4,1,1
CUST_3694,SMS,2,3,0
CUST_3694,Promotion banner,4,2,1
CUST_3694,Promotion banner,4,0,1
CUST_3695,Promotion banner,5,1,0
CUST_3695,Push Notification,2,3,0
CUST_3696,Promotion banner,1,0,1
CUST_3696,Promotion banner,4,3,1
CUST_3696,Promotion banner,2,1,0
CUST_3696,Email,1,0,0
CUST_3697,Email,3,1,0
CUST_3697,Push Notification,4,1,0
CUST_3697,Email,2,1,1
CUST_3697,Email,4,1,1
CUST_3698,Push Notification,2,1,0
CUST_3699,Push Notification,4,1,0
CUST_3699,Promotion banner,4,1,0
CUST_3699,Email,2,3,0
CUST_3699,Promotion banner,1,1,0
CUST_3700,Push Notification,5,1,0
CUST_3700,SMS,4,1,0
CUST_3701,Push Notification,3,1,0
CUST_3701,Promotion banner,4,3,1
CUST_3702,Push Notification,3,3,1
CUST_3702,SMS,5,2,1
CUST_3702,SMS,4,0,1
CUST_3703,Promotion banner,4,3,1
CUST_3703,SMS,4,2,0
CUST_3703,SMS,1,3,1
CUST_3703,SMS,1,0,0
CUST_3704,Promotion banner,3,2,0
CUST_3705,Promotion banner,1,1,1
CUST_3705,Push Notification,4,3,1
CUST_3705,Email,2,2,0
CUST_3706,Email,1,0,0
CUST_3706,SMS,1,2,1
CUST_3706,SMS,3,0,1
CUST_3707,Promotion banner,1,0,1
CUST_3707,Promotion banner,4,3,1
CUST_3707,Push Notification,3,1,1
CUST_3707,Push Notification,3,0,1
CUST_3708,SMS,3,0,0
CUST_3708,SMS,1,2,1
CUST_3708,SMS,1,1,0
CUST_3708,Email,5,1,0
CUST_3709,Push Notification,2,1,0
CUST_3710,Promotion banner,5,1,1
CUST_3710,Promotion banner,4,3,0
CUST_3710,SMS,1,3,1
CUST_3710,SMS,4,2,1
CUST_3711,Push Notification,4,2,1
CUST_3712,Push Notification,3,0,0
CUST_3712,Promotion banner,2,2,0
CUST_3713,Promotion banner,5,2,0
CUST_3713,Push Notification,5,3,0
CUST_3714,SMS,1,3,1
CUST_3715,Email,2,3,0
CUST_3715,Promotion banner,5,2,0
CUST_3715,SMS,5,1,0
CUST_3715,SMS,2,0,0
CUST_3716,SMS,2,1,0
CUST_3717,Push Notification,4,0,0
CUST_3717,Push Notification,2,3,0
CUST_3718,Promotion banner,2,1,0
CUST_3718,Email,1,2,0
CUST_3718,Push Notification,5,1,0
CUST_3719,Email,5,1,1
CUST_3719,SMS,2,0,0
CUST_3719,Promotion banner,2,1,0
CUST_3720,Email,3,2,0
CUST_3720,SMS,4,2,0
CUST_3720,Push Notification,2,2,0
CUST_3720,Promotion banner,2,0,0
CUST_3721,Promotion banner,1,1,1
CUST_3721,Push Notification,1,3,0
CUST_3721,Email,1,3,1
CUST_3722,Push Notification,3,1,1
CUST_3722,Promotion banner,4,0,0
CUST_3722,Push Notification,3,1,1
CUST_3722,SMS,4,3,1
CUST_3723,Promotion banner,3,0,1
CUST_3723,Push Notification,1,2,1
CUST_3724,Push Notification,3,2,1
CUST_3724,Promotion banner,5,1,1
CUST_3724,Email,1,1,1
CUST_3724,Email,2,3,1
CUST_3725,Push Notification,1,2,1
CUST_3725,Email,4,1,1
CUST_3725,SMS,3,1,0
CUST_3725,Promotion banner,2,0,1
CUST_3726,Push Notification,1,0,1
CUST_3726,Push Notification,1,1,1
CUST_3726,Email,1,0,1
CUST_3727,Push Notification,4,0,1
CUST_3728,Promotion banner,3,3,0
CUST_3729,Push Notification,3,0,0
CUST_3729,Promotion banner,4,0,0
CUST_3729,Push Notification,2,2,0
CUST_3730,Promotion banner,2,2,0
CUST_3730,Email,5,1,1
CUST_3730,Email,2,2,1
CUST_3731,SMS,5,0,0
CUST_3731,Promotion banner,2,3,0
CUST_3732,Push Notification,1,2,0
CUST_3732,SMS,1,0,1
CUST_3733,SMS,1,3,0
CUST_3733,Email,3,1,1
CUST_3733,Email,3,3,0
CUST_3733,SMS,2,1,1
CUST_3734,SMS,1,3,0
CUST_3734,Email,1,2,1
CUST_3735,SMS,2,0,0
CUST_3736,Promotion banner,3,2,1
CUST_3736,Promotion banner,4,1,1
CUST_3736,Email,4,3,0
CUST_3736,Push Notification,4,0,1
CUST_3737,Email,5,1,1
CUST_3737,Push Notification,3,0,1
CUST_3738,Promotion banner,2,1,0
CUST_3738,Promotion banner,2,0,1
CUST_3738,Email,4,3,0
CUST_3738,SMS,3,0,0
CUST_3739,Promotion banner,1,0,0
CUST_3739,Push Notification,4,0,0
CUST_3739,SMS,2,2,0
CUST_3739,Email,5,2,0
CUST_3740,SMS,5,1,0
CUST_3740,Promotion banner,4,2,0
CUST_3741,SMS,1,2,0
CUST_3741,Email,1,3,1
CUST_3741,SMS,3,2,1
CUST_3741,Email,3,3,0
CUST_3742,SMS,2,2,0
CUST_3742,Push Notification,3,2,1
CUST_3742,SMS,4,1,1
CUST_3742,Promotion banner,5,0,0
CUST_3743,SMS,5,3,1
CUST_3744,Push Notification,3,1,1
CUST_3744,Email,3,1,1
CUST_3744,Push Notification,4,1,1
CUST_3745,SMS,2,1,0
CUST_3745,Email,5,0,0
CUST_3745,Push Notification,3,0,1
CUST_3745,Push Notification,1,1,0
CUST_3746,SMS,5,2,1
CUST_3747,Push Notification,5,0,1
CUST_3748,Push Notification,2,2,0
CUST_3748,SMS,3,0,1
CUST_3748,SMS,5,2,0
CUST_3748,Email,5,2,1
CUST_3749,Promotion banner,4,1,0
CUST_3749,SMS,1,3,0
CUST_3749,SMS,3,1,1
CUST_3750,SMS,2,1,1
CUST_3750,Push Notification,4,0,1
CUST_3750,Email,1,1,1
CUST_3750,Email,1,2,0
CUST_3751,Email,5,0,0
CUST_3751,Promotion banner,1,2,1
CUST_3751,Push Notification,4,3,0
CUST_3752,Promotion banner,4,3,0
CUST_3752,Push Notification,5,0,0
CUST_3753,Push Notification,3,0,0
CUST_3753,Promotion banner,1,0,0
CUST_3754,SMS,4,1,0
CUST_3754,SMS,3,2,0
CUST_3754,Promotion banner,5,3,0
CUST_3754,Push Notification,4,0,0
CUST_3755,Email,4,1,0
CUST_3755,Push Notification,4,1,1
CUST_3755,SMS,5,1,1
CUST_3755,Email,3,0,1
CUST_3756,SMS,2,2,0
CUST_3756,Email,4,0,0
CUST_3756,Push Notification,4,1,0
CUST_3756,Email,2,3,0
CUST_3757,Email,1,3,1
CUST_3757,Promotion banner,5,0,1
CUST_3757,Promotion banner,4,2,0
CUST_3758,Push Notification,1,0,0
CUST_3759,SMS,4,2,1
CUST_3760,SMS,1,1,1
CUST_3760,SMS,1,1,1
CUST_3760,Promotion banner,4,2,0
CUST_3761,SMS,5,1,0
CUST_3761,Promotion banner,4,1,0
CUST_3762,Promotion banner,2,1,1
CUST_3763,SMS,4,1,0
CUST_3764,Promotion banner,4,2,1
CUST_3764,SMS,5,1,0
CUST_3764,Push Notification,1,1,1
CUST_3765,Push Notification,3,2,1
CUST_3765,Email,5,3,0
CUST_3765,Push Notification,5,1,0
CUST_3766,Push Notification,1,1,0
CUST_3766,Push Notification,1,3,1
CUST_3766,Email,5,0,0
CUST_3767,Email,2,0,0
CUST_3767,SMS,4,2,0
CUST_3767,SMS,2,0,0
CUST_3767,SMS,1,0,0
CUST_3768,Promotion banner,2,0,0
CUST_3768,Push Notification,2,1,1
CUST_3768,Email,5,0,1
CUST_3768,Promotion banner,3,3,0
CUST_3769,Push Notification,1,2,1
CUST_3770,SMS,4,3,1
CUST_3770,Email,2,1,0
CUST_3771,Email,4,1,1
CUST_3771,Push Notification,3,2,1
CUST_3772,SMS,4,1,1
CUST_3773,Email,1,2,0
CUST_3773,SMS,5,1,0
CUST_3773,SMS,2,1,1
CUST_3774,Push Notification,4,3,1
CUST_3774,Promotion banner,4,1,0
CUST_3775,Email,2,3,1
CUST_3775,Push Notification,2,1,1
CUST_3776,Email,1,1,0
CUST_3777,SMS,3,3,0
CUST_3777,Push Notification,3,1,0
CUST_3777,SMS,5,1,1
CUST_3777,SMS,1,0,1
CUST_3778,Promotion banner,1,0,1
CUST_3778,Email,3,3,1
CUST_3778,Email,5,1,0
CUST_3778,Email,1,1,0
CUST_3779,Email,5,1,1
CUST_3779,Promotion banner,2,0,1
CUST_3779,SMS,5,3,0
CUST_3780,Push Notification,2,0,0
CUST_3780,Promotion banner,4,1,1
CUST_3780,Push Notification,5,0,1
CUST_3780,Email,1,3,1
CUST_3781,Promotion banner,4,3,0
CUST_3781,Email,2,1,1
CUST_3782,Push Notification,4,0,1
CUST_3782,Promotion banner,2,2,0
CUST_3782,Promotion banner,5,3,1
CUST_3782,SMS,3,3,1
CUST_3783,Promotion banner,4,0,1
CUST_3783,Email,4,1,1
CUST_3784,Email,4,3,0
CUST_3785,Promotion banner,1,3,0
CUST_3785,Email,3,3,0
CUST_3786,Email,5,1,1
CUST_3786,Push Notification,3,3,1
CUST_3787,Promotion banner,3,2,1
CUST_3787,SMS,2,0,0
CUST_3787,Promotion banner,4,1,1
CUST_3788,Push Notification,2,1,0
CUST_3788,Email,2,3,0
CUST_3789,SMS,3,1,0
CUST_3789,Push Notification,5,0,0
CUST_3790,Promotion banner,5,0,0
CUST_3791,Promotion banner,4,3,1
CUST_3791,Promotion banner,2,1,0
CUST_3792,SMS,1,1,1
CUST_3792,Promotion banner,5,0,0
CUST_3792,Email,3,1,0
CUST_3792,Promotion banner,3,3,0
CUST_3793,Promotion banner,4,3,1
CUST_3793,Push Notification,1,3,1
CUST_3793,Email,1,1,0
CUST_3794,Push Notification,5,2,0
CUST_3794,Promotion banner,4,1,1
CUST_3794,Email,3,1,1
CUST_3795,Push Notification,5,0,1
CUST_3795,Email,1,1,0
CUST_3796,SMS,1,3,1
CUST_3796,Push Notification,2,0,1
CUST_3797,Promotion banner,3,0,0
CUST_3797,Email,2,2,1
CUST_3797,Email,5,2,0
CUST_3797,Promotion banner,3,1,1
CUST_3798,Email,2,0,1
CUST_3798,SMS,5,2,0
CUST_3799,Push Notification,2,0,0
CUST_3800,Email,3,3,0
CUST_3801,Email,5,1,0
CUST_3801,SMS,2,1,0
CUST_3801,Promotion banner,2,2,0
CUST_3802,SMS,4,1,0
CUST_3803,SMS,5,0,1
CUST_3803,SMS,2,3,1
CUST_3803,Email,5,2,1
CUST_3804,SMS,4,3,1
CUST_3804,Push Notification,2,2,1
CUST_3805,Promotion banner,1,1,0
CUST_3805,Push Notification,1,3,0
CUST_3806,SMS,4,0,1
CUST_3806,Push Notification,3,3,1
CUST_3806,Push Notification,2,2,0
CUST_3806,Email,3,3,1
CUST_3807,Promotion banner,4,0,0
CUST_3807,Email,3,1,1
CUST_3807,Promotion banner,3,0,1
CUST_3807,Push Notification,2,1,1
CUST_3808,Email,4,3,1
CUST_3808,Push Notification,3,3,0
CUST_3809,Push Notification,4,3,0
CUST_3809,Email,2,0,0
CUST_3809,Promotion banner,4,2,1
CUST_3809,Email,3,0,0
CUST_3810,SMS,2,2,1
CUST_3810,SMS,3,2,0
CUST_3810,SMS,4,3,0
CUST_3810,Email,3,2,1
CUST_3811,Push Notification,5,1,1
CUST_3811,Promotion banner,5,0,1
CUST_3811,SMS,5,2,0
CUST_3812,SMS,4,3,1
CUST_3812,Push Notification,5,1,1
CUST_3812,Push Notification,3,2,0
CUST_3813,SMS,1,2,1
CUST_3813,Push Notification,1,0,1
CUST_3813,Email,1,1,1
CUST_3813,Push Notification,4,3,0
CUST_3814,Push Notification,1,3,0
CUST_3815,SMS,1,1,0
CUST_3815,SMS,2,3,0
CUST_3816,Push Notification,4,3,1
CUST_3816,Email,4,0,1
CUST_3817,Push Notification,1,2,1
CUST_3817,SMS,5,1,1
CUST_3818,Promotion banner,4,0,1
CUST_3818,Push Notification,5,0,1
CUST_3818,Push Notification,4,3,0
CUST_3819,SMS,1,1,1
CUST_3819,Push Notification,1,0,0
CUST_3820,Push Notification,3,1,1
CUST_3820,Promotion banner,2,2,1
CUST_3820,Email,1,0,1
CUST_3820,SMS,3,1,1
CUST_3821,Promotion banner,4,1,0
CUST_3822,SMS,2,0,1
CUST_3822,Promotion banner,5,0,0
CUST_3823,Promotion banner,3,1,0
CUST_3823,Email,2,3,1
CUST_3823,SMS,1,3,1
CUST_3824,Email,4,3,1
CUST_3825,Push Notification,4,2,1
CUST_3825,Email,5,1,0
CUST_3826,Email,3,0,0
CUST_3826,Email,3,1,0
CUST_3827,Push Notification,5,3,0
CUST_3827,Email,5,2,1
CUST_3828,Push Notification,1,2,1
CUST_3829,Promotion banner,2,3,1
CUST_3829,Push Notification,5,1,0
CUST_3829,Email,2,1,0
CUST_3829,Email,2,0,0
CUST_3830,Push Notification,5,0,1
CUST_3830,Push Notification,2,0,0
CUST_3831,Email,5,2,1
CUST_3831,SMS,4,1,0
CUST_3831,Push Notification,4,2,1
CUST_3831,Push Notification,5,3,1
CUST_3832,Email,2,2,1
CUST_3832,Email,1,0,0
CUST_3832,SMS,4,0,0
CUST_3833,Email,1,1,0
CUST_3833,SMS,4,0,1
CUST_3833,SMS,4,2,0
CUST_3834,Push Notification,1,2,0
CUST_3834,Email,1,3,0
CUST_3835,SMS,2,0,0
CUST_3836,Email,4,0,0
CUST_3837,Push Notification,2,1,0
CUST_3837,Push Notification,5,2,1
CUST_3837,Promotion banner,2,1,0
CUST_3837,Email,2,3,0
CUST_3838,Promotion banner,5,3,1
CUST_3838,Promotion banner,2,2,0
CUST_3839,Promotion banner,1,0,1
CUST_3840,SMS,2,2,0
CUST_3840,Promotion banner,2,1,0
CUST_3840,Push Notification,1,3,0
CUST_3841,Email,5,0,0
CUST_3841,SMS,1,3,0
CUST_3842,Push Notification,5,1,1
CUST_3842,SMS,5,0,1
CUST_3843,Promotion banner,5,3,0
CUST_3844,SMS,4,3,0
CUST_3844,Email,4,3,0
CUST_3844,SMS,3,2,0
CUST_3844,Email,5,0,0
CUST_3845,SMS,4,3,0
CUST_3846,Push Notification,4,2,0
CUST_3846,SMS,1,2,0
CUST_3847,Email,3,0,1
CUST_3847,Push Notification,2,1,0
CUST_3847,SMS,1,0,0
CUST_3847,SMS,3,0,1
CUST_3848,Promotion banner,4,3,0
CUST_3849,Email,1,3,1
CUST_3849,Promotion banner,3,0,1
CUST_3849,Email,4,2,1
CUST_3849,SMS,5,3,1
CUST_3850,Promotion banner,1,0,0
CUST_3850,Promotion banner,5,2,1
CUST_3850,Push Notification,4,0,1
CUST_3850,Push Notification,3,2,1
CUST_3851,SMS,3,2,0
CUST_3851,SMS,5,2,1
CUST_3852,SMS,1,1,0
CUST_3853,Push Notification,5,2,0
CUST_3853,Email,3,1,1
CUST_3853,Email,4,2,1
CUST_3854,SMS,5,0,0
CUST_3854,SMS,2,3,0
CUST_3854,Promotion banner,2,1,0
CUST_3854,Promotion banner,5,3,0
CUST_3855,Promotion banner,2,0,1
CUST_3856,Promotion banner,4,2,1
CUST_3857,Email,2,0,0
CUST_3857,Email,2,1,1
CUST_3857,Promotion banner,2,3,0
CUST_3857,SMS,2,1,1
CUST_3858,Email,2,1,1
CUST_3858,Email,4,1,1
CUST_3859,Promotion banner,3,1,1
CUST_3859,Push Notification,3,3,0
CUST_3859,Email,1,1,0
CUST_3859,SMS,4,1,0
CUST_3860,Promotion banner,5,3,1
CUST_3860,SMS,3,0,0
CUST_3860,Promotion banner,4,1,1
CUST_3861,Email,2,1,0
CUST_3862,SMS,3,2,1
CUST_3863,SMS,5,3,1
CUST_3863,Promotion banner,1,0,1
CUST_3863,Push Notification,5,0,0
CUST_3864,SMS,5,0,1
CUST_3865,Push Notification,1,3,1
CUST_3865,Email,3,0,1
CUST_3865,Promotion banner,5,1,1
CUST_3865,Push Notification,3,3,1
CUST_3866,SMS,5,0,0
CUST_3867,Promotion banner,4,2,1
CUST_3867,Push Notification,4,0,0
CUST_3867,Email,3,0,0
CUST_3868,Promotion banner,1,3,1
CUST_3868,SMS,1,2,1
CUST_3868,Promotion banner,1,2,1
CUST_3869,Email,3,2,1
CUST_3869,SMS,5,3,0
CUST_3869,Push Notification,1,0,1
CUST_3870,Email,5,2,0
CUST_3870,Promotion banner,1,0,0
CUST_3870,Email,2,2,0
CUST_3871,Email,3,2,1
CUST_3872,Push Notification,4,3,1
CUST_3872,Email,4,3,1
CUST_3872,Promotion banner,5,2,0
CUST_3873,Promotion banner,3,0,0
CUST_3873,Promotion banner,2,3,0
CUST_3874,Email,5,1,0
CUST_3874,Push Notification,3,1,1
CUST_3874,Promotion banner,2,1,0
CUST_3875,Promotion banner,2,1,1
CUST_3875,SMS,4,0,0
CUST_3875,Email,3,0,0
CUST_3876,Push Notification,5,1,0
CUST_3876,Push Notification,2,2,1
CUST_3877,Email,2,3,1
CUST_3877,Promotion banner,2,0,1
CUST_3877,Promotion banner,2,0,0
CUST_3878,SMS,1,3,1
CUST_3878,Push Notification,3,2,0
CUST_3879,Promotion banner,1,1,0
CUST_3879,Promotion banner,2,0,0
CUST_3879,SMS,4,3,1
CUST_3879,Push Notification,5,3,1
CUST_3880,SMS,2,0,0
CUST_3880,Email,2,3,1
CUST_3881,Email,5,1,1
CUST_3882,SMS,5,3,0
CUST_3883,Promotion banner,1,3,1
CUST_3883,Push Notification,3,0,1
CUST_3883,SMS,3,1,0
CUST_3884,Push Notification,3,3,1
CUST_3884,Promotion banner,4,0,0
CUST_3884,Email,2,1,0
CUST_3885,Push Notification,4,0,0
CUST_3885,Promotion banner,5,0,0
CUST_3886,Promotion banner,3,2,1
CUST_3886,Email,1,0,1
CUST_3886,Promotion banner,4,2,1
CUST_3886,SMS,3,2,1
CUST_3887,SMS,3,2,1
CUST_3888,Email,2,3,1
CUST_3888,Email,1,0,1
CUST_3889,Email,2,2,0
CUST_3890,Push Notification,3,2,0
CUST_3890,Push Notification,3,2,0
CUST_3891,SMS,2,0,0
CUST_3891,SMS,5,1,1
CUST_3891,Promotion banner,2,2,1
CUST_3891,SMS,5,1,1
CUST_3892,SMS,5,0,1
CUST_3892,Push Notification,1,0,0
CUST_3892,Push Notification,1,0,1
CUST_3892,Promotion banner,3,0,0
CUST_3893,Push Notification,3,0,1
CUST_3893,Promotion banner,5,2,1
CUST_3894,Email,2,1,0
CUST_3894,Push Notification,5,0,1
CUST_3894,Email,4,2,0
CUST_3894,SMS,1,2,1
CUST_3895,SMS,3,2,0
CUST_3896,Push Notification,1,2,0
CUST_3896,Push Notification,2,0,1
CUST_3896,SMS,2,3,0
CUST_3897,SMS,2,0,1
CUST_3897,Push Notification,1,3,0
CUST_3898,Email,2,0,1
CUST_3898,Promotion banner,3,0,1
CUST_3898,Email,1,1,1
CUST_3899,Push Notification,5,1,1
CUST_3899,Email,1,2,1
CUST_3899,Email,5,3,1
CUST_3899,Push Notification,2,2,1
CUST_3900,Email,3,0,1
CUST_3900,Email,1,1,1
CUST_3900,Promotion banner,5,2,0
CUST_3900,Push Notification,1,0,0
CUST_3901,Push Notification,4,3,1
CUST_3901,Email,4,0,0
CUST_3901,Promotion banner,4,0,1
CUST_3901,Email,5,2,1
CUST_3902,Email,3,1,1
CUST_3902,Promotion banner,5,1,1
CUST_3902,Promotion banner,5,0,0
CUST_3902,Push Notification,3,1,0
CUST_3903,Promotion banner,1,1,0
CUST_3904,SMS,4,1,0
CUST_3905,Push Notification,1,1,0
CUST_3906,Promotion banner,4,1,1
CUST_3907,Promotion banner,3,2,0
CUST_3907,Email,4,0,1
CUST_3907,Push Notification,1,2,1
CUST_3908,Promotion banner,4,3,1
CUST_3908,Email,4,3,1
CUST_3909,SMS,4,2,0
CUST_3910,Promotion banner,4,2,0
CUST_3910,SMS,5,2,1
CUST_3910,Promotion banner,4,0,1
CUST_3910,Email,3,2,0
CUST_3911,Push Notification,1,3,0
CUST_3911,Promotion banner,3,0,0
CUST_3911,Email,1,0,0
CUST_3911,Email,1,2,1
CUST_3912,Email,5,1,1
CUST_3912,SMS,1,1,1
CUST_3912,SMS,3,3,1
CUST_3912,Promotion banner,2,2,0
CUST_3913,SMS,3,1,1
CUST_3914,SMS,3,2,1
CUST_3914,Push Notification,5,1,1
CUST_3914,Email,2,1,1
CUST_3915,Promotion banner,1,3,0
CUST_3916,Push Notification,3,3,1
CUST_3916,Push Notification,1,1,1
CUST_3916,SMS,3,0,0
CUST_3916,Email,3,1,1
CUST_3917,Email,1,3,0
CUST_3917,SMS,5,1,0
CUST_3917,SMS,4,1,1
CUST_3918,SMS,3,0,0
CUST_3918,Push Notification,3,1,1
CUST_3918,SMS,5,0,1
CUST_3918,SMS,1,0,0
CUST_3919,Promotion banner,4,1,1
CUST_3920,SMS,4,3,0
CUST_3921,SMS,2,0,0
CUST_3921,Email,1,3,1
CUST_3921,SMS,3,3,1
CUST_3922,Email,2,1,0
CUST_3922,Push Notification,4,0,1
CUST_3923,SMS,2,0,0
CUST_3923,Promotion banner,4,1,0
CUST_3923,Push Notification,4,3,0
CUST_3923,Promotion banner,1,3,1
CUST_3924,SMS,5,3,1
CUST_3925,SMS,4,2,0
CUST_3925,SMS,1,1,1
CUST_3926,Promotion banner,3,0,0
CUST_3926,Email,5,2,1
CUST_3926,SMS,4,2,0
CUST_3926,Push Notification,4,0,0
CUST_3927,Push Notification,4,3,0
CUST_3928,Push Notification,1,3,1
CUST_3928,Push Notification,5,2,1
CUST_3928,Promotion banner,3,3,0
CUST_3929,SMS,3,2,1
CUST_3930,Promotion banner,5,1,1
CUST_3930,SMS,5,0,1
CUST_3930,Push Notification,3,1,1
CUST_3930,SMS,3,0,1
CUST_3931,Promotion banner,2,0,1
CUST_3931,Push Notification,4,2,1
CUST_3932,SMS,3,0,0
CUST_3933,SMS,4,3,0
CUST_3933,Promotion banner,1,3,0
CUST_3933,Promotion banner,5,2,0
CUST_3933,Promotion banner,4,2,1
CUST_3934,Email,5,2,1
CUST_3935,Promotion banner,4,0,1
CUST_3935,Push Notification,1,0,1
CUST_3935,Promotion banner,1,3,1
CUST_3936,SMS,5,0,1
CUST_3937,Push Notification,1,1,0
CUST_3937,Email,1,1,0
CUST_3937,Push Notification,5,2,1
CUST_3937,Email,2,0,0
CUST_3938,Push Notification,2,3,0
CUST_3938,Email,3,0,1
CUST_3938,SMS,1,3,1
CUST_3939,Email,2,2,1
CUST_3940,Promotion banner,1,0,0
CUST_3940,SMS,1,0,0
CUST_3941,Promotion banner,5,2,0
CUST_3941,SMS,5,3,1
CUST_3942,Email,3,1,1
CUST_3943,Email,1,3,1
CUST_3943,SMS,5,2,1
CUST_3943,SMS,3,1,0
CUST_3944,Push Notification,4,0,1
CUST_3944,Email,1,1,0
CUST_3944,SMS,3,1,1
CUST_3944,Promotion banner,2,1,0
CUST_3945,Push Notification,4,0,1
CUST_3945,Email,2,1,0
CUST_3945,Promotion banner,1,0,1
CUST_3945,Email,3,3,1
CUST_3946,Push Notification,2,2,1
CUST_3946,Push Notification,3,1,0
CUST_3947,Push Notification,3,1,0
CUST_3947,SMS,2,2,1
CUST_3948,Promotion banner,2,0,0
CUST_3948,Promotion banner,3,0,1
CUST_3949,Promotion banner,4,2,0
CUST_3949,Email,1,3,1
CUST_3949,Push Notification,2,0,0
CUST_3950,SMS,5,1,0
CUST_3951,Email,2,2,0
CUST_3951,Email,2,3,0
CUST_3951,SMS,2,3,0
CUST_3951,SMS,5,1,1
CUST_3952,Promotion banner,2,1,0
CUST_3952,Promotion banner,3,1,1
CUST_3952,Email,1,3,0
CUST_3952,Promotion banner,1,2,1
CUST_3953,Email,5,3,1
CUST_3954,Push Notification,3,2,1
CUST_3954,Promotion banner,1,0,0
CUST_3954,Promotion banner,4,3,0
CUST_3955,Push Notification,3,0,0
CUST_3955,Push Notification,1,3,1
CUST_3955,Promotion banner,2,0,0
CUST_3956,Email,1,1,1
CUST_3957,Promotion banner,5,2,1
CUST_3957,Promotion banner,5,3,0
CUST_3957,Push Notification,5,1,1
CUST_3957,Email,4,1,0
CUST_3958,Email,4,2,0
CUST_3958,SMS,4,1,0
CUST_3958,Push Notification,2,2,0
CUST_3958,Push Notification,4,1,0
CUST_3959,SMS,5,1,1
CUST_3959,Promotion banner,3,2,0
CUST_3959,Push Notification,5,0,1
CUST_3959,Promotion banner,4,2,1
CUST_3960,Email,1,2,0
CUST_3961,Promotion banner,3,0,0
CUST_3961,Push Notification,4,0,0
CUST_3961,Promotion banner,5,1,1
CUST_3961,Promotion banner,3,3,0
CUST_3962,Promotion banner,2,1,1
CUST_3963,SMS,1,0,1
CUST_3963,Email,3,1,0
CUST_3963,Email,4,1,1
CUST_3963,Promotion banner,3,1,0
CUST_3964,Email,2,1,0
CUST_3965,Promotion banner,2,3,1
CUST_3966,Push Notification,2,0,0
CUST_3966,Promotion banner,3,1,0
CUST_3966,Promotion banner,5,2,0
CUST_3966,Push Notification,3,1,1
CUST_3967,Push Notification,2,1,1
CUST_3967,Promotion banner,3,0,0
CUST_3967,Promotion banner,2,0,0
CUST_3967,Email,2,3,0
CUST_3968,Email,1,1,1
CUST_3968,SMS,3,3,1
CUST_3968,Promotion banner,4,3,0
CUST_3968,SMS,1,1,0
CUST_3969,Promotion banner,4,0,0
CUST_3969,Promotion banner,1,1,1
CUST_3969,SMS,1,0,0
CUST_3970,Promotion banner,5,2,0
CUST_3970,SMS,4,0,1
CUST_3970,Promotion banner,5,2,0
CUST_3971,Email,4,0,1
CUST_3971,Promotion banner,3,3,1
CUST_3971,SMS,2,0,1
CUST_3972,SMS,2,1,1
CUST_3973,Push Notification,4,0,1
CUST_3973,Email,3,0,1
CUST_3974,Push Notification,3,2,0
CUST_3974,Email,2,1,1
CUST_3975,Email,3,2,0
CUST_3975,Push Notification,3,1,0
CUST_3976,Push Notification,5,1,1
CUST_3977,Email,4,3,1
CUST_3978,SMS,2,1,1
CUST_3979,Promotion banner,1,0,1
CUST_3979,Push Notification,4,1,0
CUST_3980,Email,5,0,1
CUST_3980,Email,4,0,0
CUST_3980,SMS,5,0,1
CUST_3981,Push Notification,4,2,0
CUST_3981,Promotion banner,2,3,0
CUST_3981,SMS,3,3,0
CUST_3981,Promotion banner,5,3,1
CUST_3982,Promotion banner,2,1,1
CUST_3982,Promotion banner,5,1,1
CUST_3982,Email,2,1,0
CUST_3982,SMS,2,0,1
CUST_3983,Push Notification,5,0,1
CUST_3983,Push Notification,4,2,0
CUST_3984,Email,2,3,1
CUST_3985,Push Notification,2,1,1
CUST_3985,SMS,1,3,0
CUST_3986,Promotion banner,5,2,0
CUST_3986,Push Notification,2,0,0
CUST_3986,Push Notification,2,1,1
CUST_3986,SMS,5,1,0
CUST_3987,Promotion banner,3,2,1
CUST_3987,Promotion banner,3,0,0
CUST_3988,Push Notification,1,1,1
CUST_3988,Promotion banner,3,1,0
CUST_3988,Push Notification,5,1,1
CUST_3989,Push Notification,1,1,1
CUST_3989,Push Notification,2,0,1
CUST_3989,SMS,1,3,0
CUST_3990,Email,3,0,0
CUST_3991,Push Notification,2,3,1
CUST_3991,Email,5,2,0
CUST_3991,Push Notification,1,2,0
CUST_3991,Promotion banner,3,1,1
CUST_3992,Push Notification,5,0,1
CUST_3992,Email,2,0,0
CUST_3993,Email,5,1,1
CUST_3993,Email,2,0,1
CUST_3993,SMS,1,2,1
CUST_3994,SMS,3,2,0
CUST_3994,SMS,1,3,1
CUST_3994,Promotion banner,3,2,1
CUST_3994,Push Notification,3,2,1
CUST_3995,Push Notification,3,0,0
CUST_3995,Email,3,3,1
CUST_3995,SMS,3,1,1
CUST_3995,Push Notification,3,1,1
CUST_3996,Email,5,3,1
CUST_3996,SMS,2,0,1
CUST_3997,Email,1,1,0
CUST_3997,Push Notification,2,0,1
CUST_3997,Promotion banner,3,1,0
CUST_3997,SMS,3,3,1
CUST_3998,SMS,5,2,0
CUST_3998,SMS,2,3,1
CUST_3999,Promotion banner,3,1,0
CUST_4000,Push Notification,4,0,0
CUST_4000,Email,2,2,1
CUST_4001,Push Notification,2,3,0
CUST_4001,SMS,4,1,0
CUST_4002,Email,4,0,1
CUST_4002,Email,3,3,1
CUST_4002,SMS,5,1,0
CUST_4002,Email,1,2,1
CUST_4003,SMS,5,0,1
CUST_4003,Push Notification,5,3,1
CUST_4003,Email,2,0,1
CUST_4004,Promotion banner,4,3,0
CUST_4005,Push Notification,2,2,0
CUST_4005,Promotion banner,1,0,1
CUST_4005,SMS,4,3,0
CUST_4005,Promotion banner,2,2,0
CUST_4006,Push Notification,3,1,1
CUST_4006,SMS,1,1,1
CUST_4006,Push Notification,1,1,1
CUST_4006,Promotion banner,2,1,0
CUST_4007,Email,3,2,1
CUST_4007,SMS,3,1,1
CUST_4008,Promotion banner,5,1,1
CUST_4008,Push Notification,2,3,0
CUST_4008,Email,1,2,1
CUST_4009,Email,1,2,1
CUST_4009,SMS,4,3,1
CUST_4009,SMS,4,2,1
CUST_4009,SMS,1,2,1
CUST_4010,Email,1,2,0
CUST_4010,Promotion banner,1,2,1
CUST_4010,Email,2,3,1
CUST_4010,Promotion banner,3,2,1
CUST_4011,Push Notification,5,3,0
CUST_4011,SMS,4,3,0
CUST_4011,SMS,3,2,0
CUST_4011,Push Notification,3,1,1
CUST_4012,Promotion banner,4,2,1
CUST_4012,Push Notification,2,0,1
CUST_4012,Email,4,2,1
CUST_4012,Promotion banner,3,1,0
CUST_4013,Promotion banner,1,3,1
CUST_4013,Promotion banner,5,2,1
CUST_4013,SMS,5,3,1
CUST_4013,Promotion banner,4,1,0
CUST_4014,SMS,3,3,1
CUST_4014,Email,1,3,0
CUST_4015,Email,2,1,1
CUST_4015,SMS,1,1,1
CUST_4015,Push Notification,2,0,1
CUST_4015,SMS,1,1,1
CUST_4016,Push Notification,2,0,0
CUST_4016,Push Notification,1,2,1
CUST_4016,Email,2,3,0
CUST_4017,Push Notification,3,2,0
CUST_4018,Email,4,3,0
CUST_4018,Email,5,0,1
CUST_4018,Push Notification,2,1,1
CUST_4018,Push Notification,1,3,1
CUST_4019,Email,3,3,1
CUST_4019,Promotion banner,3,3,0
CUST_4020,Push Notification,4,1,1
CUST_4021,Push Notification,2,2,1
CUST_4022,Email,4,1,1
CUST_4022,Promotion banner,4,2,1
CUST_4022,Email,2,0,1
CUST_4022,SMS,1,3,0
CUST_4023,SMS,1,0,0
CUST_4023,Push Notification,4,0,1
CUST_4024,Email,2,2,0
CUST_4024,Push Notification,2,3,1
CUST_4024,SMS,5,1,1
CUST_4025,Promotion banner,4,1,0
CUST_4025,SMS,5,0,0
CUST_4026,Push Notification,3,1,1
CUST_4026,SMS,2,1,1
CUST_4026,SMS,4,3,0
CUST_4026,SMS,5,2,1
CUST_4027,SMS,1,2,0
CUST_4027,Email,1,0,1
CUST_4028,Promotion banner,2,1,1
CUST_4028,Promotion banner,3,3,1
CUST_4028,Promotion banner,1,3,0
CUST_4028,SMS,5,2,1
CUST_4029,SMS,3,1,0
CUST_4029,SMS,2,1,0
CUST_4029,SMS,5,1,0
CUST_4030,Promotion banner,4,0,1
CUST_4030,Push Notification,1,2,1
CUST_4030,SMS,3,2,1
CUST_4030,SMS,2,0,0
CUST_4031,SMS,1,3,0
CUST_4032,Promotion banner,1,1,1
CUST_4032,Push Notification,4,2,0
CUST_4032,Email,4,2,0
CUST_4032,SMS,3,0,0
CUST_4033,Push Notification,5,2,1
CUST_4034,Push Notification,5,0,1
CUST_4035,Email,1,1,1
CUST_4035,Promotion banner,4,0,1
CUST_4036,SMS,2,1,0
CUST_4037,Email,1,0,1
CUST_4037,Email,4,2,0
CUST_4037,Email,1,3,0
CUST_4038,Email,2,1,1
CUST_4039,Push Notification,5,2,0
CUST_4039,SMS,5,0,0
CUST_4039,Promotion banner,3,0,1
CUST_4040,Push Notification,4,0,0
CUST_4040,Promotion banner,5,3,1
CUST_4040,SMS,3,2,0
CUST_4041,Push Notification,5,2,1
CUST_4041,Promotion banner,5,2,1
CUST_4041,Push Notification,2,2,0
CUST_4041,Push Notification,5,0,1
CUST_4042,Promotion banner,1,0,1
CUST_4043,Email,3,1,0
CUST_4043,Email,5,1,1
CUST_4043,Push Notification,4,1,0
CUST_4044,Push Notification,3,0,1
CUST_4044,Email,1,0,0
CUST_4044,Promotion banner,3,2,0
CUST_4045,SMS,2,0,1
CUST_4045,Promotion banner,5,1,0
CUST_4045,Promotion banner,5,0,0
CUST_4046,Push Notification,4,0,0
CUST_4046,Promotion banner,5,0,0
CUST_4046,Push Notification,1,3,1
CUST_4046,Promotion banner,3,1,1
CUST_4047,Push Notification,4,2,0
CUST_4048,Email,2,3,1
CUST_4049,Push Notification,4,0,1
CUST_4049,SMS,5,3,1
CUST_4049,Push Notification,5,0,0
CUST_4049,Push Notification,4,3,0
CUST_4050,Promotion banner,1,0,0
CUST_4051,Email,3,0,1
CUST_4051,Push Notification,2,1,1
CUST_4052,Push Notification,3,1,0
CUST_4052,Promotion banner,3,1,1
CUST_4053,Email,5,1,0
CUST_4053,Email,5,2,1
CUST_4053,Email,4,1,0
CUST_4053,Email,4,1,1
CUST_4054,SMS,1,0,0
CUST_4054,Push Notification,4,2,1
CUST_4055,Push Notification,1,1,0
CUST_4055,Email,2,3,0
CUST_4055,Email,1,1,0
CUST_4056,SMS,4,0,1
CUST_4057,Push Notification,4,2,1
CUST_4058,Email,1,2,1
CUST_4059,Push Notification,3,0,0
CUST_4059,SMS,2,2,1
CUST_4059,Email,2,1,1
CUST_4059,Email,4,1,0
CUST_4060,Push Notification,2,0,1
CUST_4060,Promotion banner,2,0,0
CUST_4060,Promotion banner,5,0,1
CUST_4061,Push Notification,2,1,1
CUST_4062,SMS,5,1,0
CUST_4063,Promotion banner,4,3,0
CUST_4063,Push Notification,4,2,0
CUST_4064,Push Notification,4,2,0
CUST_4064,Email,2,3,1
CUST_4064,SMS,2,3,1
CUST_4064,Email,2,2,1
CUST_4065,Email,2,1,1
CUST_4066,Promotion banner,5,2,1
CUST_4066,Email,4,2,0
CUST_4066,Email,5,3,0
CUST_4066,Promotion banner,5,0,1
CUST_4067,SMS,4,3,0
CUST_4068,SMS,1,0,1
CUST_4069,Push Notification,5,2,0
CUST_4069,Promotion banner,4,2,0
CUST_4070,SMS,5,2,0
CUST_4070,Promotion banner,5,0,1
CUST_4070,Email,3,2,0
CUST_4071,Promotion banner,5,1,0
CUST_4071,SMS,2,0,1
CUST_4071,Email,3,3,0
CUST_4071,SMS,5,1,0
CUST_4072,Promotion banner,2,3,1
CUST_4072,Push Notification,2,0,1
CUST_4073,Promotion banner,5,0,1
CUST_4074,SMS,2,1,0
CUST_4075,Email,3,2,0
CUST_4076,Email,4,1,0
CUST_4076,Email,2,3,1
CUST_4077,Promotion banner,3,0,0
CUST_4077,Promotion banner,4,3,1
CUST_4077,Promotion banner,4,3,0
CUST_4077,Push Notification,2,2,0
CUST_4078,Promotion banner,2,1,1
CUST_4078,SMS,3,0,0
CUST_4079,Promotion banner,1,2,0
CUST_4079,Email,1,3,0
CUST_4079,Email,3,1,0
CUST_4080,SMS,1,3,0
CUST_4080,Push Notification,1,3,1
CUST_4080,Push Notification,5,0,1
CUST_4081,SMS,4,0,1
CUST_4081,Email,2,2,1
CUST_4081,Email,4,1,0
CUST_4082,Push Notification,3,3,0
CUST_4082,Email,4,0,0
CUST_4082,Promotion banner,2,2,1
CUST_4083,Push Notification,2,3,0
CUST_4083,SMS,1,1,0
CUST_4083,Promotion banner,2,3,0
CUST_4084,Promotion banner,3,2,1
CUST_4085,Promotion banner,4,2,1
CUST_4085,Promotion banner,1,0,1
CUST_4086,Push Notification,1,2,1
CUST_4087,Promotion banner,5,3,0
CUST_4087,SMS,1,2,1
CUST_4087,Email,4,1,0
CUST_4088,SMS,4,2,0
CUST_4088,Promotion banner,4,1,1
CUST_4089,Email,1,2,0
CUST_4090,SMS,1,3,0
CUST_4091,Promotion banner,4,3,0
CUST_4091,Email,2,1,0
CUST_4091,Push Notification,1,3,0
CUST_4091,Push Notification,5,1,0
CUST_4092,SMS,5,0,0
CUST_4093,Promotion banner,3,1,1
CUST_4094,Push Notification,4,1,0
CUST_4094,Email,4,2,0
CUST_4094,Push Notification,3,3,1
CUST_4094,Push Notification,5,3,0
CUST_4095,Push Notification,1,1,1
CUST_4095,SMS,1,1,0
CUST_4096,Email,1,0,1
CUST_4096,SMS,1,2,0
CUST_4096,Email,5,3,1
CUST_4097,Email,4,3,0
CUST_4097,SMS,3,0,0
CUST_4097,Push Notification,1,2,1
CUST_4097,SMS,1,2,1
CUST_4098,SMS,2,3,0
CUST_4098,Email,1,1,0
CUST_4098,Push Notification,4,2,1
CUST_4098,Push Notification,2,0,1
CUST_4099,SMS,3,3,0
CUST_4100,Promotion banner,2,3,1
CUST_4100,Promotion banner,4,0,0
CUST_4100,Promotion banner,4,2,1
CUST_4101,Promotion banner,2,2,0
CUST_4102,Push Notification,2,3,1
CUST_4103,Email,2,1,1
CUST_4104,SMS,2,2,1
CUST_4104,Push Notification,3,1,1
CUST_4105,SMS,3,3,1
CUST_4106,Push Notification,5,3,0
CUST_4106,Push Notification,5,1,0
CUST_4106,Email,3,0,0
CUST_4107,SMS,4,2,1
CUST_4107,Email,5,0,0
CUST_4107,Email,3,0,1
CUST_4108,Email,1,1,0
CUST_4108,Promotion banner,2,2,0
CUST_4108,Push Notification,2,1,0
CUST_4108,Email,3,0,0
CUST_4109,SMS,4,1,0
CUST_4109,Push Notification,1,3,1
CUST_4109,Email,2,2,0
CUST_4110,Promotion banner,5,0,0
CUST_4111,SMS,3,0,0
CUST_4112,Promotion banner,4,1,1
CUST_4113,Push Notification,2,3,0
CUST_4113,Email,1,3,1
CUST_4114,Promotion banner,2,2,1
CUST_4114,Promotion banner,2,1,1
CUST_4115,SMS,2,3,0
CUST_4115,Push Notification,3,3,1
CUST_4115,Email,4,2,0
CUST_4116,Email,2,2,1
CUST_4117,Push Notification,2,2,0
CUST_4117,Email,2,2,1
CUST_4118,Push Notification,2,0,1
CUST_4118,SMS,2,1,0
CUST_4119,Email,2,3,0
CUST_4120,Promotion banner,4,2,0
CUST_4120,Promotion banner,1,3,1
CUST_4121,Push Notification,1,2,0
CUST_4121,Push Notification,5,2,1
CUST_4122,Email,2,3,0
CUST_4123,Promotion banner,1,0,1
CUST_4123,SMS,5,3,1
CUST_4124,Email,1,0,0
CUST_4124,SMS,2,3,1
CUST_4124,SMS,4,0,1
CUST_4125,Email,3,0,1
CUST_4125,Promotion banner,3,1,0
CUST_4126,Push Notification,2,3,0
CUST_4126,Email,3,2,1
CUST_4126,Promotion banner,4,2,0
CUST_4127,Push Notification,1,3,0
CUST_4127,Email,3,1,0
CUST_4127,Promotion banner,5,1,1
CUST_4127,SMS,4,2,1
CUST_4128,SMS,3,3,1
CUST_4128,Push Notification,4,0,0
CUST_4128,Promotion banner,3,3,1
CUST_4128,SMS,3,2,1
CUST_4129,Email,3,1,0
CUST_4130,SMS,5,3,1
CUST_4130,Push Notification,3,1,1
CUST_4130,SMS,5,2,1
CUST_4130,Promotion banner,3,0,0
CUST_4131,Email,4,1,0
CUST_4131,Email,2,0,0
CUST_4132,Push Notification,2,2,0
CUST_4132,Promotion banner,4,3,0
CUST_4132,Promotion banner,1,0,0
CUST_4132,Promotion banner,5,2,1
CUST_4133,Email,2,1,1
CUST_4133,Email,2,0,0
CUST_4133,Email,4,2,1
CUST_4134,Push Notification,1,0,1
CUST_4135,Email,3,1,0
CUST_4135,Email,5,1,1
CUST_4136,Push Notification,1,1,0
CUST_4137,Promotion banner,2,2,0
CUST_4137,Promotion banner,1,2,0
CUST_4138,Push Notification,2,0,1
CUST_4138,Push Notification,1,2,1
CUST_4139,Push Notification,5,3,0
CUST_4139,SMS,5,0,1
CUST_4139,Email,2,1,1
CUST_4140,Push Notification,3,2,1
CUST_4141,Promotion banner,1,3,1
CUST_4141,Push Notification,3,2,0
CUST_4141,Email,4,0,0
CUST_4141,Email,5,1,1
CUST_4142,Push Notification,1,0,1
CUST_4142,SMS,2,3,0
CUST_4143,Email,5,3,0
CUST_4143,Promotion banner,1,1,1
CUST_4144,Push Notification,4,2,0
CUST_4144,SMS,2,0,0
CUST_4145,Email,4,1,1
CUST_4145,Promotion banner,3,3,1
CUST_4145,SMS,3,2,1
CUST_4146,Promotion banner,3,3,1
CUST_4146,Push Notification,4,2,0
CUST_4146,Push Notification,1,0,1
CUST_4146,Promotion banner,2,2,1
CUST_4147,Promotion banner,1,3,1
CUST_4147,SMS,2,2,1
CUST_4148,Push Notification,5,2,1
CUST_4148,Promotion banner,1,2,1
CUST_4149,SMS,4,3,1
CUST_4149,SMS,2,3,0
CUST_4150,Promotion banner,4,2,0
CUST_4150,SMS,3,2,1
CUST_4151,Promotion banner,4,3,0
CUST_4151,Promotion banner,2,0,0
CUST_4151,Email,3,3,0
CUST_4151,SMS,3,3,0
CUST_4152,Email,3,2,0
CUST_4153,Promotion banner,3,1,1
CUST_4153,SMS,1,1,1
CUST_4153,SMS,1,2,1
CUST_4153,Email,4,0,1
CUST_4154,Email,2,2,0
CUST_4154,Email,3,0,1
CUST_4154,Email,2,1,1
CUST_4154,SMS,4,2,1
CUST_4155,Email,5,1,0
CUST_4155,Push Notification,1,0,1
CUST_4155,SMS,5,3,0
CUST_4155,SMS,4,2,0
CUST_4156,Push Notification,1,1,1
CUST_4157,Email,2,3,1
CUST_4158,Email,2,2,1
CUST_4158,Email,5,0,1
CUST_4158,Push Notification,5,3,0
CUST_4158,Push Notification,1,3,1
CUST_4159,SMS,3,2,0
CUST_4160,Promotion banner,5,1,0
CUST_4160,Push Notification,3,1,0
CUST_4160,Email,1,1,1
CUST_4160,SMS,5,3,0
CUST_4161,SMS,1,0,0
CUST_4161,Push Notification,3,3,0
CUST_4161,Email,5,3,1
CUST_4162,SMS,2,3,0
CUST_4163,Promotion banner,5,1,0
CUST_4163,SMS,5,3,0
CUST_4163,SMS,1,3,1
CUST_4163,Email,5,3,0
CUST_4164,Push Notification,3,1,1
CUST_4165,Email,1,2,0
CUST_4165,Email,1,0,1
CUST_4166,SMS,2,3,1
CUST_4166,Email,1,0,1
CUST_4166,Push Notification,5,1,1
CUST_4167,Push Notification,3,1,0
CUST_4167,Push Notification,1,2,1
CUST_4168,Push Notification,4,1,0
CUST_4169,Promotion banner,5,3,0
CUST_4169,Push Notification,5,3,1
CUST_4170,Push Notification,4,2,1
CUST_4170,Email,1,1,0
CUST_4170,Email,2,1,0
CUST_4171,Email,5,1,1
CUST_4171,Push Notification,3,0,1
CUST_4171,Promotion banner,5,2,0
CUST_4172,Push Notification,5,0,0
CUST_4173,Promotion banner,3,0,1
CUST_4173,Promotion banner,1,0,0
CUST_4173,Email,5,2,1
CUST_4174,Push Notification,3,3,0
CUST_4175,Push Notification,1,1,0
CUST_4175,Email,5,3,1
CUST_4176,Push Notification,5,1,0
CUST_4176,SMS,2,3,1
CUST_4177,SMS,2,3,0
CUST_4177,SMS,5,0,1
CUST_4177,Push Notification,1,0,0
CUST_4177,Push Notification,1,2,0
CUST_4178,Push Notification,2,3,0
CUST_4178,Push Notification,5,0,1
CUST_4179,Email,3,2,0
CUST_4179,Push Notification,4,0,1
CUST_4179,Promotion banner,5,1,0
CUST_4179,Push Notification,4,2,1
CUST_4180,Email,4,1,0
CUST_4180,SMS,1,1,0
CUST_4180,SMS,1,2,1
CUST_4181,SMS,5,2,1
CUST_4181,Push Notification,1,0,0
CUST_4182,SMS,4,3,1
CUST_4182,Promotion banner,5,3,0
CUST_4183,Push Notification,5,1,1
CUST_4183,SMS,1,1,1
CUST_4184,Promotion banner,3,2,0
CUST_4185,Promotion banner,1,0,1
CUST_4186,Promotion banner,4,0,1
CUST_4186,Push Notification,3,1,1
CUST_4187,SMS,3,3,0
CUST_4187,Promotion banner,1,3,1
CUST_4188,SMS,1,0,0
CUST_4188,Email,5,2,0
CUST_4189,Push Notification,5,0,0
CUST_4189,Promotion banner,1,0,0
CUST_4190,SMS,1,0,0
CUST_4191,Push Notification,5,0,0
CUST_4191,Promotion banner,3,1,1
CUST_4192,Promotion banner,5,3,1
CUST_4192,Push Notification,5,0,0
CUST_4192,Promotion banner,3,0,1
CUST_4192,Email,3,0,0
CUST_4193,SMS,3,2,1
CUST_4193,SMS,5,3,1
CUST_4193,Email,5,2,0
CUST_4194,Email,1,0,1
CUST_4194,Push Notification,4,0,1
CUST_4194,Promotion banner,1,0,0
CUST_4194,Promotion banner,5,0,0
CUST_4195,Email,4,0,1
CUST_4195,Push Notification,2,1,0
CUST_4195,Push Notification,1,3,0
CUST_4195,Promotion banner,1,1,0
CUST_4196,Promotion banner,5,0,0
CUST_4196,Promotion banner,5,0,0
CUST_4196,Promotion banner,1,0,0
CUST_4197,Push Notification,2,3,1
CUST_4197,Email,4,2,1
CUST_4197,Email,4,2,1
CUST_4197,SMS,2,3,0
CUST_4198,SMS,1,3,1
CUST_4198,Email,3,3,0
CUST_4198,Email,5,0,0
CUST_4198,Promotion banner,2,2,1
CUST_4199,Promotion banner,1,1,0
CUST_4199,Push Notification,5,3,1
CUST_4199,Email,1,0,1
CUST_4199,Promotion banner,2,1,1
CUST_4200,Push Notification,1,2,0
CUST_4200,Email,5,3,0
CUST_4201,Email,3,3,0
CUST_4201,Email,3,1,1
CUST_4202,Email,4,2,1
CUST_4202,Email,3,0,1
CUST_4202,Push Notification,1,1,0
CUST_4203,Push Notification,1,2,0
CUST_4204,Push Notification,1,0,1
CUST_4204,Push Notification,2,1,0
CUST_4204,SMS,2,3,1
CUST_4204,SMS,2,1,0
CUST_4205,Push Notification,5,1,0
CUST_4205,SMS,1,3,1
CUST_4205,Email,1,0,1
CUST_4205,Promotion banner,4,0,0
CUST_4206,SMS,4,2,0
CUST_4206,Email,5,2,0
CUST_4206,Email,5,3,0
CUST_4207,SMS,3,0,0
CUST_4207,Email,3,3,0
CUST_4208,Promotion banner,4,3,0
CUST_4209,Push Notification,4,1,1
CUST_4209,Push Notification,2,2,0
CUST_4210,Push Notification,5,2,1
CUST_4211,Push Notification,4,1,1
CUST_4211,Email,4,1,0
CUST_4211,Push Notification,1,1,0
CUST_4211,Promotion banner,2,0,1
CUST_4212,Email,1,0,0
CUST_4212,Push Notification,3,2,0
CUST_4212,Email,4,2,0
CUST_4212,SMS,1,2,0
CUST_4213,Promotion banner,5,0,0
CUST_4213,Promotion banner,3,2,1
CUST_4214,Promotion banner,1,1,0
CUST_4214,Push Notification,5,2,0
CUST_4214,SMS,3,3,0
CUST_4214,Promotion banner,5,0,1
CUST_4215,Promotion banner,2,0,0
CUST_4215,SMS,3,0,1
CUST_4216,SMS,2,2,0
CUST_4216,Email,3,3,0
CUST_4216,SMS,1,0,1
CUST_4217,Promotion banner,3,0,0
CUST_4217,Email,4,0,1
CUST_4218,SMS,2,0,1
CUST_4218,Push Notification,2,0,1
CUST_4218,Email,2,1,1
CUST_4218,Promotion banner,5,3,0
CUST_4219,Push Notification,5,2,0
CUST_4219,Push Notification,2,0,0
CUST_4219,Email,5,1,1
CUST_4219,Email,2,2,0
CUST_4220,SMS,3,2,0
CUST_4221,SMS,1,1,0
CUST_4222,Promotion banner,1,1,1
CUST_4222,SMS,1,3,0
CUST_4222,Push Notification,2,3,0
CUST_4223,Promotion banner,1,3,1
CUST_4223,Push Notification,5,3,1
CUST_4223,Promotion banner,2,0,1
CUST_4224,Email,3,0,1
CUST_4224,Promotion banner,5,0,1
CUST_4224,Promotion banner,2,3,1
CUST_4225,SMS,3,2,1
CUST_4225,Email,4,2,1
CUST_4225,SMS,3,3,1
CUST_4225,SMS,4,0,0
CUST_4226,SMS,1,3,0
CUST_4226,Email,1,1,1
CUST_4226,Push Notification,5,0,1
CUST_4226,SMS,5,0,1
CUST_4227,Promotion banner,2,0,1
CUST_4228,Promotion banner,2,3,0
CUST_4228,SMS,4,3,0
CUST_4228,SMS,3,3,0
CUST_4228,Email,4,1,0
CUST_4229,Promotion banner,4,1,0
CUST_4229,Push Notification,2,3,0
CUST_4229,Email,4,1,1
CUST_4230,Push Notification,5,2,0
CUST_4230,SMS,5,2,1
CUST_4230,Email,3,2,0
CUST_4231,Push Notification,4,2,1
CUST_4232,Push Notification,1,0,1
CUST_4232,Email,1,2,0
CUST_4232,SMS,4,1,1
CUST_4232,SMS,5,2,0
CUST_4233,SMS,1,3,1
CUST_4233,SMS,4,1,0
CUST_4234,Push Notification,5,0,0
CUST_4235,Promotion banner,2,3,0
CUST_4235,Email,3,3,0
CUST_4236,Promotion banner,4,3,1
CUST_4237,Email,3,3,1
CUST_4237,Email,1,3,0
CUST_4237,Email,5,0,1
CUST_4238,Push Notification,1,2,1
CUST_4238,Email,2,0,1
CUST_4238,Email,1,2,1
CUST_4238,Push Notification,4,3,0
CUST_4239,Promotion banner,2,2,1
CUST_4239,SMS,4,2,0
CUST_4239,Push Notification,2,1,1
CUST_4240,Promotion banner,1,2,1
CUST_4240,Email,1,3,1
CUST_4241,Push Notification,3,2,1
CUST_4242,SMS,4,3,1
CUST_4242,Promotion banner,4,1,0
CUST_4242,Email,3,3,0
CUST_4243,Email,1,3,1
CUST_4244,Promotion banner,3,2,0
CUST_4244,Promotion banner,4,2,0
CUST_4245,Push Notification,4,1,1
CUST_4245,Promotion banner,5,1,1
CUST_4246,Email,2,2,1
CUST_4246,SMS,5,3,1
CUST_4246,Email,1,0,1
CUST_4246,SMS,1,3,1
CUST_4247,Push Notification,1,2,1
CUST_4247,Promotion banner,4,1,0
CUST_4247,Email,4,1,0
CUST_4247,Promotion banner,3,2,0
CUST_4248,SMS,2,1,0
CUST_4249,SMS,3,2,1
CUST_4250,Push Notification,3,2,0
CUST_4250,Email,2,3,0
CUST_4251,Email,4,0,0
CUST_4251,SMS,4,2,1
CUST_4252,SMS,4,2,1
CUST_4252,Promotion banner,1,3,0
CUST_4253,Push Notification,4,1,0
CUST_4253,Email,5,3,0
CUST_4253,SMS,5,0,1
CUST_4254,Push Notification,2,0,0
CUST_4255,Promotion banner,2,2,0
CUST_4255,Email,4,2,1
CUST_4255,Email,5,0,0
CUST_4255,Email,1,3,1
CUST_4256,Push Notification,2,1,1
CUST_4256,Promotion banner,3,2,0
CUST_4256,Email,4,2,0
CUST_4257,Push Notification,1,3,1
CUST_4257,SMS,4,1,1
CUST_4257,SMS,3,1,0
CUST_4257,SMS,1,3,1
CUST_4258,Promotion banner,3,3,0
CUST_4258,Push Notification,1,1,0
CUST_4258,Email,5,1,0
CUST_4258,Email,4,1,0
CUST_4259,Promotion banner,3,2,0
CUST_4259,SMS,3,2,0
CUST_4259,Promotion banner,2,3,1
CUST_4260,Promotion banner,3,2,1
CUST_4260,Promotion banner,4,2,0
CUST_4260,SMS,1,1,1
CUST_4260,Push Notification,3,0,1
CUST_4261,Email,5,3,0
CUST_4261,Push Notification,1,1,0
CUST_4261,Push Notification,2,1,1
CUST_4261,Email,2,0,0
CUST_4262,Promotion banner,1,0,1
CUST_4263,Email,4,1,0
CUST_4263,Push Notification,5,2,1
CUST_4263,Promotion banner,5,0,1
CUST_4264,Email,3,0,0
CUST_4264,Push Notification,2,3,1
CUST_4264,Email,3,1,0
CUST_4265,Promotion banner,2,2,1
CUST_4266,Push Notification,2,1,0
CUST_4266,Email,3,3,0
CUST_4266,Promotion banner,5,2,1
CUST_4267,Promotion banner,5,3,0
CUST_4267,Push Notification,3,0,1
CUST_4267,Promotion banner,1,2,0
CUST_4267,Promotion banner,5,2,1
CUST_4268,Push Notification,5,0,0
CUST_4268,Push Notification,5,3,1
CUST_4269,Promotion banner,1,1,0
CUST_4269,Email,4,0,1
CUST_4269,Push Notification,2,2,1
CUST_4269,Email,3,2,1
CUST_4270,Push Notification,2,3,0
CUST_4271,Push Notification,2,0,1
CUST_4271,Push Notification,2,3,0
CUST_4271,Promotion banner,1,2,0
CUST_4271,Promotion banner,2,3,1
CUST_4272,Push Notification,1,0,0
CUST_4272,Email,3,0,0
CUST_4272,Promotion banner,4,0,0
CUST_4272,Email,1,3,0
CUST_4273,Promotion banner,1,2,0
CUST_4274,SMS,5,3,1
CUST_4274,SMS,1,2,1
CUST_4274,Promotion banner,1,2,0
CUST_4275,Promotion banner,3,3,0
CUST_4275,Email,3,1,1
CUST_4276,Email,4,2,1
CUST_4276,Push Notification,1,2,0
CUST_4277,Promotion banner,1,3,1
CUST_4277,Push Notification,5,3,1
CUST_4277,Promotion banner,1,0,1
CUST_4278,Email,4,0,1
CUST_4279,SMS,2,3,0
CUST_4279,Promotion banner,5,2,0
CUST_4279,Push Notification,4,3,1
CUST_4279,Email,4,3,1
CUST_4280,SMS,3,3,0
CUST_4280,Push Notification,3,1,1
CUST_4280,SMS,2,0,0
CUST_4280,SMS,1,2,0
CUST_4281,Push Notification,3,0,1
CUST_4281,Email,1,1,0
CUST_4281,Promotion banner,2,3,0
CUST_4281,SMS,4,0,0
CUST_4282,SMS,2,0,1
CUST_4282,Email,1,2,0
CUST_4282,SMS,2,3,0
CUST_4283,Promotion banner,1,0,1
CUST_4283,Email,5,3,0
CUST_4283,SMS,4,1,1
CUST_4283,Email,3,3,1
CUST_4284,SMS,3,0,0
CUST_4284,SMS,2,3,0
CUST_4284,Promotion banner,2,0,0
CUST_4284,Promotion banner,5,0,0
CUST_4285,Push Notification,2,1,1
CUST_4285,Promotion banner,2,0,0
CUST_4286,Promotion banner,1,2,0
CUST_4286,Push Notification,3,1,0
CUST_4286,SMS,4,0,0
CUST_4287,Push Notification,3,2,1
CUST_4287,Promotion banner,1,2,0
CUST_4287,Email,3,0,1
CUST_4287,Push Notification,5,1,1
CUST_4288,Promotion banner,4,1,1
CUST_4288,Promotion banner,3,3,0
CUST_4288,SMS,4,1,1
CUST_4288,Promotion banner,4,1,0
CUST_4289,SMS,2,2,1
CUST_4290,Promotion banner,4,2,0
CUST_4290,Promotion banner,3,1,1
CUST_4290,Push Notification,3,1,0
CUST_4291,Push Notification,3,1,1
CUST_4291,Email,3,3,0
CUST_4291,Promotion banner,4,1,1
CUST_4292,SMS,2,3,1
CUST_4292,Email,3,2,1
CUST_4293,Promotion banner,2,0,0
CUST_4293,SMS,4,0,1
CUST_4293,Email,2,0,0
CUST_4293,Email,4,1,1
CUST_4294,SMS,5,1,0
CUST_4295,SMS,1,3,0
CUST_4295,Push Notification,4,2,0
CUST_4295,Promotion banner,1,0,1
CUST_4296,Push Notification,2,0,1
CUST_4296,Email,5,2,1
CUST_4296,Push Notification,2,0,1
CUST_4297,Promotion banner,1,0,0
CUST_4298,Promotion banner,5,0,1
CUST_4298,Email,5,1,1
CUST_4298,Email,1,3,0
CUST_4299,Email,5,0,1
CUST_4299,Push Notification,5,0,1
CUST_4299,Push Notification,4,1,1
CUST_4300,Push Notification,3,3,1
CUST_4300,Promotion banner,4,2,1
CUST_4301,Push Notification,3,2,0
CUST_4301,SMS,5,3,0
CUST_4301,Email,5,0,0
CUST_4302,Push Notification,5,3,1
CUST_4302,Push Notification,4,3,0
CUST_4302,SMS,4,3,1
CUST_4303,SMS,3,1,0
CUST_4303,Email,1,3,1
CUST_4303,Email,4,1,0
CUST_4303,Promotion banner,2,1,1
CUST_4304,Push Notification,4,1,0
CUST_4304,Email,5,1,0
CUST_4305,Push Notification,1,0,1
CUST_4305,Email,5,2,1
CUST_4305,Push Notification,5,3,1
CUST_4306,Push Notification,3,0,0
CUST_4306,SMS,3,2,1
CUST_4306,Promotion banner,5,2,1
CUST_4307,Push Notification,2,0,1
CUST_4307,Promotion banner,2,3,1
CUST_4307,SMS,2,1,0
CUST_4307,Promotion banner,4,0,1
CUST_4308,Promotion banner,1,0,0
CUST_4308,SMS,2,1,0
CUST_4308,Push Notification,3,1,1
CUST_4309,SMS,3,0,1
CUST_4309,Push Notification,4,0,1
CUST_4309,Promotion banner,3,3,1
CUST_4309,Promotion banner,2,1,1
CUST_4310,SMS,2,2,1
CUST_4311,Push Notification,5,1,1
CUST_4311,Push Notification,5,0,1
CUST_4311,SMS,3,1,1
CUST_4312,Push Notification,1,1,1
CUST_4312,Push Notification,3,0,0
CUST_4313,Email,1,2,0
CUST_4313,Push Notification,2,0,0
CUST_4313,Push Notification,4,2,1
CUST_4314,Push Notification,2,3,0
CUST_4314,Push Notification,5,1,1
CUST_4314,Push Notification,4,2,1
CUST_4315,SMS,5,2,1
CUST_4315,Push Notification,4,0,1
CUST_4316,Push Notification,2,3,1
CUST_4316,Push Notification,5,1,0
CUST_4317,SMS,3,3,1
CUST_4317,Promotion banner,2,1,0
CUST_4317,Email,2,3,1
CUST_4317,SMS,1,0,1
CUST_4318,Promotion banner,2,0,0
CUST_4318,Promotion banner,3,3,0
CUST_4318,Promotion banner,2,3,1
CUST_4319,Promotion banner,4,2,0
CUST_4319,Email,1,2,0
CUST_4319,Promotion banner,5,2,1
CUST_4319,Email,4,0,0
CUST_4320,Push Notification,1,3,1
CUST_4321,SMS,1,3,0
CUST_4322,Push Notification,4,3,1
CUST_4322,Email,4,1,1
CUST_4323,Push Notification,2,2,0
CUST_4323,Email,5,0,1
CUST_4324,Promotion banner,2,3,1
CUST_4324,SMS,5,3,1
CUST_4325,Push Notification,3,2,1
CUST_4325,Email,4,1,1
CUST_4325,SMS,1,0,1
CUST_4325,Promotion banner,4,2,0
CUST_4326,Promotion banner,1,0,0
CUST_4327,Email,3,2,1
CUST_4327,SMS,3,3,0
CUST_4327,Push Notification,3,3,1
CUST_4328,SMS,2,2,0
CUST_4328,Push Notification,1,3,1
CUST_4329,Push Notification,1,1,1
CUST_4329,Push Notification,1,2,1
CUST_4330,SMS,5,0,0
CUST_4330,Push Notification,1,3,0
CUST_4330,Push Notification,2,3,1
CUST_4330,Promotion banner,3,0,0
CUST_4331,SMS,5,3,0
CUST_4331,SMS,3,3,1
CUST_4332,SMS,5,1,1
CUST_4332,Push Notification,4,1,0
CUST_4332,Push Notification,2,2,0
CUST_4332,Push Notification,4,0,0
CUST_4333,SMS,4,0,1
CUST_4333,SMS,1,0,0
CUST_4333,Email,5,3,1
CUST_4334,Email,3,2,0
CUST_4334,SMS,4,3,1
CUST_4334,Push Notification,3,1,1
CUST_4335,SMS,4,0,0
CUST_4335,SMS,1,1,0
CUST_4335,Push Notification,1,3,0
CUST_4336,Push Notification,2,1,0
CUST_4336,SMS,1,1,0
CUST_4337,SMS,1,2,0
CUST_4337,SMS,5,2,1
CUST_4337,Email,3,2,1
CUST_4337,Promotion banner,1,3,0
CUST_4338,Email,2,3,1
CUST_4338,SMS,4,3,1
CUST_4338,Email,4,1,0
CUST_4339,Email,3,3,0
CUST_4339,SMS,4,2,0
CUST_4339,SMS,2,2,1
CUST_4340,Email,3,1,0
CUST_4340,Promotion banner,5,0,0
CUST_4340,SMS,3,0,1
CUST_4341,Email,5,3,1
CUST_4341,Push Notification,4,3,1
CUST_4341,Push Notification,1,2,0
CUST_4342,Promotion banner,4,3,0
CUST_4342,Promotion banner,2,1,0
CUST_4342,Email,5,0,1
CUST_4342,SMS,5,2,0
CUST_4343,Promotion banner,2,1,1
CUST_4343,Email,5,3,0
CUST_4344,Email,2,2,1
CUST_4344,Email,5,1,0
CUST_4344,Email,3,1,1
CUST_4345,Push Notification,5,0,0
CUST_4345,Promotion banner,5,3,0
CUST_4345,Promotion banner,3,0,0
CUST_4345,Push Notification,5,1,1
CUST_4346,Promotion banner,1,0,1
CUST_4347,Promotion banner,1,0,0
CUST_4348,Email,3,1,0
CUST_4349,Promotion banner,3,1,1
CUST_4349,Promotion banner,3,1,1
CUST_4350,Push Notification,4,1,0
CUST_4351,SMS,3,2,1
CUST_4351,Email,1,1,1
CUST_4351,Email,1,2,1
CUST_4351,Email,5,1,1
CUST_4352,Email,4,1,0
CUST_4352,Email,1,1,1
CUST_4352,Email,4,0,1
CUST_4353,SMS,2,2,0
CUST_4353,Promotion banner,1,2,0
CUST_4353,Push Notification,1,2,1
CUST_4353,SMS,2,3,1
CUST_4354,Email,4,3,0
CUST_4354,Push Notification,4,0,1
CUST_4355,Push Notification,1,2,0
CUST_4356,Email,2,0,0
CUST_4356,Promotion banner,2,2,1
CUST_4356,Email,5,1,0
CUST_4357,SMS,1,1,0
CUST_4357,Email,4,2,1
CUST_4358,SMS,1,2,0
CUST_4358,Email,1,2,1
CUST_4358,Promotion banner,2,2,1
CUST_4359,SMS,2,2,1
CUST_4359,SMS,4,3,0
CUST_4359,Promotion banner,4,0,1
CUST_4360,Promotion banner,4,1,0
CUST_4360,Push Notification,1,3,0
CUST_4361,Email,2,3,1
CUST_4361,Promotion banner,5,3,0
CUST_4361,SMS,5,1,0
CUST_4361,Push Notification,1,0,1
CUST_4362,SMS,2,3,0
CUST_4362,Promotion banner,5,0,1
CUST_4362,Push Notification,2,3,1
CUST_4363,Email,1,0,0
CUST_4363,SMS,5,0,1
CUST_4364,Email,2,0,1
CUST_4365,SMS,3,2,0
CUST_4365,Email,2,1,1
CUST_4365,Push Notification,1,0,0
CUST_4365,Promotion banner,2,0,1
CUST_4366,Push Notification,2,3,0
CUST_4366,Email,5,0,1
CUST_4366,Promotion banner,3,2,0
CUST_4367,SMS,3,1,1
CUST_4368,SMS,5,3,1
CUST_4368,Email,5,2,1
CUST_4368,SMS,1,3,0
CUST_4369,Promotion banner,3,0,0
CUST_4369,Push Notification,3,3,0
CUST_4370,Promotion banner,1,0,1
CUST_4370,SMS,2,1,0
CUST_4370,SMS,4,1,0
CUST_4370,Email,3,0,1
CUST_4371,Promotion banner,3,0,1
CUST_4372,Promotion banner,1,2,1
CUST_4372,Email,2,0,0
CUST_4372,Push Notification,1,3,0
CUST_4373,Email,3,1,1
CUST_4373,Promotion banner,1,0,1
CUST_4373,Email,3,1,1
CUST_4374,Email,2,1,0
CUST_4374,Push Notification,2,0,1
CUST_4375,Push Notification,2,2,0
CUST_4375,Promotion banner,2,0,1
CUST_4375,Email,1,3,1
CUST_4375,Promotion banner,2,1,0
CUST_4376,Email,1,1,0
CUST_4376,SMS,2,3,0
CUST_4376,Promotion banner,4,2,0
CUST_4377,Push Notification,5,3,0
CUST_4378,Push Notification,2,0,0
CUST_4379,SMS,2,3,1
CUST_4379,SMS,4,1,0
CUST_4379,Promotion banner,5,1,1
CUST_4379,SMS,3,3,1
CUST_4380,Promotion banner,5,1,0
CUST_4380,Email,5,1,0
CUST_4380,Email,2,3,0
CUST_4381,SMS,1,1,1
CUST_4382,Promotion banner,4,1,0
CUST_4383,Push Notification,1,2,0
CUST_4384,Push Notification,3,3,0
CUST_4384,SMS,5,0,0
CUST_4385,Push Notification,5,2,1
CUST_4385,SMS,2,2,1
CUST_4385,Email,1,1,1
CUST_4386,Email,5,2,0
CUST_4386,SMS,4,0,1
CUST_4387,Email,1,1,0
CUST_4387,Email,4,3,1
CUST_4387,Promotion banner,5,0,1
CUST_4387,SMS,5,0,0
CUST_4388,Promotion banner,3,1,0
CUST_4388,Push Notification,3,0,1
CUST_4388,Promotion banner,2,3,0
CUST_4388,Promotion banner,5,1,1
CUST_4389,Promotion banner,5,3,1
CUST_4390,SMS,3,2,1
CUST_4390,SMS,3,2,1
CUST_4390,Push Notification,2,2,1
CUST_4390,SMS,1,3,0
CUST_4391,SMS,5,0,1
CUST_4391,Push Notification,1,2,0
CUST_4391,Promotion banner,2,1,1
CUST_4391,SMS,4,0,1
CUST_4392,Promotion banner,1,1,1
CUST_4392,SMS,4,1,0
CUST_4392,Push Notification,5,1,1
CUST_4392,Email,3,2,1
CUST_4393,Promotion banner,2,3,0
CUST_4393,Push Notification,4,0,1
CUST_4393,Push Notification,4,3,0
CUST_4394,SMS,3,3,0
CUST_4394,SMS,2,0,0
CUST_4394,SMS,2,3,1
CUST_4395,Promotion banner,5,1,0
CUST_4395,Email,1,3,0
CUST_4395,Email,5,2,0
CUST_4396,Promotion banner,4,2,0
CUST_4397,Email,4,2,1
CUST_4398,Email,2,3,0
CUST_4398,Promotion banner,1,0,1
CUST_4399,Email,1,2,1
CUST_4399,Promotion banner,5,0,0
CUST_4399,Push Notification,1,3,0
CUST_4400,SMS,2,1,0
CUST_4400,Push Notification,3,1,1
CUST_4400,Email,5,3,0
CUST_4400,Push Notification,2,2,1
CUST_4401,Push Notification,1,2,0
CUST_4401,SMS,2,0,0
CUST_4401,Email,4,3,0
CUST_4401,Promotion banner,2,2,0
CUST_4402,Push Notification,1,3,0
CUST_4402,Push Notification,5,2,1
CUST_4402,Push Notification,2,3,1
CUST_4403,SMS,5,1,1
CUST_4404,Promotion banner,4,3,0
CUST_4405,SMS,5,1,0
CUST_4405,SMS,5,3,1
CUST_4405,Email,5,1,0
CUST_4405,Push Notification,5,2,1
CUST_4406,Email,4,1,1
CUST_4406,Promotion banner,5,0,0
CUST_4406,Push Notification,1,0,1
CUST_4406,SMS,3,2,0
CUST_4407,Push Notification,2,3,1
CUST_4407,SMS,1,2,0
CUST_4407,Push Notification,3,2,1
CUST_4407,Promotion banner,3,0,1
CUST_4408,Email,2,1,1
CUST_4408,Promotion banner,5,2,0
CUST_4409,Promotion banner,2,3,0
CUST_4409,Promotion banner,2,3,1
CUST_4409,Promotion banner,1,3,0
CUST_4410,Push Notification,4,1,1
CUST_4410,SMS,2,0,1
CUST_4410,Email,2,3,1
CUST_4410,Promotion banner,4,2,0
CUST_4411,Email,5,3,0
CUST_4411,Email,4,1,0
CUST_4411,SMS,2,0,0
CUST_4412,SMS,3,1,0
CUST_4412,Email,5,2,0
CUST_4413,Push Notification,1,0,1
CUST_4413,Push Notification,2,3,1
CUST_4413,Email,2,2,0
CUST_4413,SMS,5,3,0
CUST_4414,SMS,5,1,1
CUST_4414,Email,1,2,0
CUST_4414,SMS,4,1,0
CUST_4414,SMS,5,2,0
CUST_4415,Email,3,1,0
CUST_4415,SMS,1,2,0
CUST_4416,Promotion banner,4,3,0
CUST_4416,Email,1,0,1
CUST_4416,Email,1,0,1
CUST_4417,Promotion banner,2,0,0
CUST_4417,SMS,4,2,0
CUST_4417,SMS,4,0,1
CUST_4418,Email,3,0,0
CUST_4418,Push Notification,1,1,0
CUST_4419,Email,4,2,1
CUST_4419,SMS,2,1,1
CUST_4420,Email,1,1,1
CUST_4420,Promotion banner,1,1,1
CUST_4421,Push Notification,3,1,0
CUST_4421,Push Notification,3,3,1
CUST_4421,Push Notification,4,3,0
CUST_4421,SMS,1,1,1
CUST_4422,Push Notification,4,0,1
CUST_4422,Push Notification,1,2,1
CUST_4422,Promotion banner,2,0,1
CUST_4422,Push Notification,4,1,1
CUST_4423,Promotion banner,2,2,1
CUST_4423,SMS,5,3,1
CUST_4423,SMS,3,2,0
CUST_4423,Push Notification,4,1,1
CUST_4424,Email,1,1,0
CUST_4424,Email,2,0,0
CUST_4424,Email,5,1,0
CUST_4425,Email,2,0,1
CUST_4426,Promotion banner,1,2,1
CUST_4427,Email,2,0,1
CUST_4428,Email,3,0,1
CUST_4428,SMS,3,1,1
CUST_4428,Push Notification,3,2,0
CUST_4429,Promotion banner,5,0,0
CUST_4429,Email,5,2,0
CUST_4429,Email,5,0,0
CUST_4430,SMS,4,2,1
CUST_4431,SMS,1,2,1
CUST_4431,Push Notification,4,0,1
CUST_4431,Promotion banner,2,3,1
CUST_4431,Email,5,0,0
CUST_4432,Promotion banner,5,3,1
CUST_4432,Email,1,0,1
CUST_4433,SMS,3,2,1
CUST_4433,SMS,5,3,1
CUST_4433,Email,1,3,0
CUST_4433,Push Notification,3,3,0
CUST_4434,SMS,1,2,0
CUST_4435,Push Notification,2,0,0
CUST_4435,SMS,4,3,0
CUST_4436,Push Notification,5,0,1
CUST_4436,SMS,4,3,1
CUST_4436,Promotion banner,5,3,0
CUST_4436,Push Notification,3,1,0
CUST_4437,SMS,4,0,1
CUST_4438,Promotion banner,5,3,0
CUST_4438,Promotion banner,2,2,0
CUST_4438,Promotion banner,4,2,0
CUST_4439,Push Notification,4,1,0
CUST_4440,Promotion banner,4,0,0
CUST_4440,Email,1,1,0
CUST_4440,SMS,3,3,0
CUST_4440,Email,5,2,0
CUST_4441,SMS,1,3,1
CUST_4442,SMS,3,3,1
CUST_4442,Push Notification,5,0,1
CUST_4442,Push Notification,3,3,0
CUST_4442,Email,5,2,0
CUST_4443,SMS,5,0,1
CUST_4443,Email,1,3,0
CUST_4443,Promotion banner,5,0,0
CUST_4444,Email,2,2,1
CUST_4444,Email,4,2,0
CUST_4444,Email,4,2,1
CUST_4444,Email,5,0,0
CUST_4445,SMS,2,3,0
CUST_4445,Promotion banner,4,3,1
CUST_4445,Email,3,1,0
CUST_4446,Push Notification,2,2,0
CUST_4447,SMS,2,0,1
CUST_4448,Email,4,0,0
CUST_4449,Promotion banner,1,2,0
CUST_4449,Email,2,1,1
CUST_4449,Promotion banner,4,3,1
CUST_4449,Push Notification,1,2,1
CUST_4450,SMS,4,2,1
CUST_4450,Promotion banner,3,3,0
CUST_4451,Email,3,3,1
CUST_4451,Push Notification,2,1,0
CUST_4451,Promotion banner,2,3,1
CUST_4452,Promotion banner,4,3,1
CUST_4453,Email,2,0,0
CUST_4454,Email,4,3,1
CUST_4454,Promotion banner,2,0,1
CUST_4455,Promotion banner,2,2,0
CUST_4455,SMS,2,0,0
CUST_4455,SMS,2,3,0
CUST_4455,SMS,2,1,0
CUST_4456,Email,1,0,1
CUST_4456,Promotion banner,4,2,1
CUST_4457,Promotion banner,2,0,0
CUST_4457,Email,4,0,0
CUST_4458,Push Notification,2,1,0
CUST_4459,Email,4,0,0
CUST_4459,SMS,5,0,1
CUST_4460,Push Notification,1,3,1
CUST_4460,Push Notification,3,1,1
CUST_4461,Push Notification,3,2,1
CUST_4461,Email,5,2,0
CUST_4462,SMS,2,2,0
CUST_4463,Email,4,3,0
CUST_4463,Email,3,0,0
CUST_4464,SMS,1,3,0
CUST_4464,SMS,3,0,1
CUST_4465,Email,2,1,0
CUST_4465,SMS,5,3,0
CUST_4466,SMS,5,3,1
CUST_4466,Promotion banner,4,3,0
CUST_4466,Promotion banner,2,3,0
CUST_4466,SMS,5,2,0
CUST_4467,SMS,4,2,0
CUST_4467,SMS,3,2,1
CUST_4467,Push Notification,3,3,1
CUST_4467,SMS,1,1,0
CUST_4468,Promotion banner,2,0,1
CUST_4468,Push Notification,4,2,1
CUST_4468,Push Notification,4,0,0
CUST_4468,Promotion banner,4,3,0
CUST_4469,Email,5,0,1
CUST_4470,Promotion banner,5,0,0
CUST_4470,SMS,4,0,1
CUST_4471,SMS,3,1,0
CUST_4471,Email,1,3,0
CUST_4471,SMS,1,1,0
CUST_4471,Push Notification,1,3,1
CUST_4472,Push Notification,5,2,0
CUST_4472,Email,1,0,0
CUST_4472,Email,5,3,1
CUST_4472,Push Notification,5,1,0
CUST_4473,SMS,2,1,0
CUST_4473,Promotion banner,2,1,0
CUST_4473,Push Notification,3,1,0
CUST_4474,SMS,2,0,0
CUST_4475,Email,3,0,0
CUST_4475,SMS,1,0,1
CUST_4476,Promotion banner,1,2,0
CUST_4477,Promotion banner,1,0,0
CUST_4477,Email,1,3,1
CUST_4477,Email,1,0,0
CUST_4478,Email,2,0,0
CUST_4478,Push Notification,5,3,1
CUST_4478,Email,5,1,1
CUST_4478,Email,1,1,0
CUST_4479,Push Notification,1,2,1
CUST_4479,SMS,3,0,0
CUST_4479,SMS,5,1,1
CUST_4480,Promotion banner,4,3,0
CUST_4480,SMS,3,1,1
CUST_4480,SMS,5,1,0
CUST_4481,Promotion banner,4,1,1
CUST_4481,SMS,3,2,0
CUST_4481,Promotion banner,1,0,0
CUST_4481,Push Notification,2,3,0
CUST_4482,Push Notification,1,2,1
CUST_4483,Email,4,2,1
CUST_4483,Promotion banner,5,0,0
CUST_4484,Push Notification,4,0,0
CUST_4485,Promotion banner,1,0,0
CUST_4485,Email,3,0,0
CUST_4485,Promotion banner,2,1,1
CUST_4486,Email,4,1,1
CUST_4487,Email,4,2,1
CUST_4488,Promotion banner,5,0,0
CUST_4488,SMS,2,0,1
CUST_4489,Email,2,2,0
CUST_4489,Push Notification,2,2,0
CUST_4489,SMS,2,1,0
CUST_4490,Promotion banner,1,0,1
CUST_4490,SMS,3,0,0
CUST_4490,Push Notification,4,1,0
CUST_4490,Push Notification,4,2,0
CUST_4491,Push Notification,5,0,0
CUST_4491,Email,1,3,0
CUST_4492,Promotion banner,4,3,1
CUST_4492,SMS,4,1,1
CUST_4492,Push Notification,4,2,0
CUST_4493,Promotion banner,5,2,0
CUST_4494,Promotion banner,4,1,0
CUST_4494,Promotion banner,1,1,1
CUST_4494,SMS,4,0,0
CUST_4494,SMS,3,0,1
CUST_4495,Promotion banner,2,0,0
CUST_4495,Push Notification,5,0,1
CUST_4495,Email,2,0,0
CUST_4496,Email,3,2,1
CUST_4496,SMS,1,3,1
CUST_4496,SMS,3,3,0
CUST_4497,Promotion banner,3,3,1
CUST_4498,SMS,1,3,1
CUST_4498,SMS,3,1,0
CUST_4498,Email,2,3,1
CUST_4499,Promotion banner,3,2,0
CUST_4500,SMS,3,2,0
CUST_4500,Promotion banner,5,2,1
CUST_4500,Email,4,3,0
CUST_4500,Email,1,3,1
CUST_4501,SMS,5,3,1
CUST_4501,Promotion banner,3,1,1
CUST_4501,Promotion banner,5,0,1
CUST_4502,SMS,5,1,0
CUST_4503,SMS,4,2,1
CUST_4504,Promotion banner,1,0,0
CUST_4504,SMS,5,0,1
CUST_4505,Promotion banner,5,0,0
CUST_4505,Email,2,3,0
CUST_4505,Email,2,2,0
CUST_4506,SMS,4,0,0
CUST_4506,Push Notification,5,3,0
CUST_4507,Push Notification,1,0,1
CUST_4507,SMS,5,3,0
CUST_4507,Promotion banner,1,1,0
CUST_4508,Email,1,2,0
CUST_4508,Push Notification,4,3,0
CUST_4508,Promotion banner,3,2,0
CUST_4508,Push Notification,2,2,1
CUST_4509,Email,1,0,0
CUST_4509,Promotion banner,5,0,0
CUST_4510,SMS,4,2,1
CUST_4510,Push Notification,2,1,1
CUST_4510,Promotion banner,3,2,1
CUST_4511,SMS,5,3,0
CUST_4512,SMS,4,3,1
CUST_4512,Push Notification,3,1,1
CUST_4512,SMS,2,1,1
CUST_4512,SMS,4,1,1
CUST_4513,Email,1,1,0
CUST_4513,Push Notification,2,0,0
CUST_4513,Email,2,3,1
CUST_4513,Promotion banner,2,3,0
CUST_4514,Email,3,3,1
CUST_4514,Push Notification,5,3,0
CUST_4515,Promotion banner,5,0,1
CUST_4515,Email,1,3,1
CUST_4515,Promotion banner,3,1,0
CUST_4515,Promotion banner,4,3,0
CUST_4516,Email,1,1,1
CUST_4517,Push Notification,5,2,1
CUST_4517,Email,5,0,1
CUST_4517,SMS,2,0,1
CUST_4518,Push Notification,2,1,1
CUST_4518,Push Notification,2,2,0
CUST_4519,SMS,1,3,0
CUST_4519,Push Notification,5,3,1
CUST_4519,Promotion banner,1,0,0
CUST_4520,Push Notification,5,2,0
CUST_4520,Email,5,0,0
CUST_4521,Email,2,0,0
CUST_4521,Promotion banner,4,2,1
CUST_4522,Push Notification,1,1,0
CUST_4522,Push Notification,4,2,1
CUST_4522,SMS,1,2,0
CUST_4523,SMS,4,3,1
CUST_4523,Promotion banner,4,1,1
CUST_4523,SMS,2,1,0
CUST_4523,Email,3,1,0
CUST_4524,SMS,3,0,1
CUST_4525,Email,5,0,1
CUST_4525,SMS,3,1,1
CUST_4526,Push Notification,4,3,1
CUST_4526,SMS,2,0,0
CUST_4527,Promotion banner,5,1,1
CUST_4527,Promotion banner,5,1,1
CUST_4527,Promotion banner,2,0,1
CUST_4528,Promotion banner,5,3,1
CUST_4528,Promotion banner,5,0,0
CUST_4528,Promotion banner,4,2,1
CUST_4528,SMS,5,3,1
CUST_4529,Email,5,1,1
CUST_4529,Push Notification,4,1,1
CUST_4529,Promotion banner,5,0,1
CUST_4530,Promotion banner,1,3,1
CUST_4530,SMS,5,0,0
CUST_4531,Email,2,3,1
CUST_4532,Promotion banner,4,2,0
CUST_4532,Promotion banner,3,1,1
CUST_4533,Push Notification,2,3,1
CUST_4533,Promotion banner,5,3,0
CUST_4534,SMS,5,2,0
CUST_4534,SMS,3,2,1
CUST_4535,Promotion banner,5,3,0
CUST_4535,Push Notification,2,0,1
CUST_4536,Email,1,3,1
CUST_4536,Push Notification,1,1,1
CUST_4536,SMS,2,2,1
CUST_4537,Promotion banner,1,2,1
CUST_4538,Promotion banner,4,3,1
CUST_4539,Push Notification,2,1,0
CUST_4539,Push Notification,5,1,1
CUST_4539,Push Notification,1,2,1
CUST_4539,Email,2,1,1
CUST_4540,Promotion banner,3,0,1
CUST_4540,Promotion banner,4,2,1
CUST_4541,SMS,1,3,1
CUST_4542,Promotion banner,1,2,0
CUST_4542,Push Notification,5,2,0
CUST_4542,Promotion banner,5,1,0
CUST_4542,Promotion banner,1,2,0
CUST_4543,Email,4,2,0
CUST_4543,Email,2,1,0
CUST_4544,Email,5,1,0
CUST_4545,Promotion banner,2,2,0
CUST_4545,Email,1,1,0
CUST_4545,SMS,5,1,1
CUST_4546,Promotion banner,2,1,0
CUST_4546,Promotion banner,3,1,1
CUST_4546,SMS,4,0,0
CUST_4547,Push Notification,3,1,1
CUST_4547,SMS,1,0,0
CUST_4548,SMS,2,3,1
CUST_4548,SMS,4,2,0
CUST_4548,Promotion banner,5,0,1
CUST_4548,Email,4,1,0
CUST_4549,Promotion banner,2,1,0
CUST_4549,Push Notification,3,2,1
CUST_4550,Push Notification,2,2,0
CUST_4550,Promotion banner,1,1,0
CUST_4550,Promotion banner,3,0,0
CUST_4550,Email,2,2,1
CUST_4551,Push Notification,3,0,1
CUST_4552,Push Notification,4,1,1
CUST_4552,Promotion banner,2,3,1
CUST_4552,Push Notification,3,1,0
CUST_4552,SMS,1,3,1
CUST_4553,Promotion banner,1,1,1
CUST_4553,Promotion banner,2,0,1
CUST_4554,Promotion banner,2,2,0
CUST_4554,SMS,4,1,0
CUST_4554,Push Notification,5,0,1
CUST_4555,Push Notification,3,0,0
CUST_4555,Push Notification,3,0,1
CUST_4555,Promotion banner,1,2,0
CUST_4555,Email,5,0,0
CUST_4556,Promotion banner,4,2,0
CUST_4556,Email,4,1,0
CUST_4557,SMS,2,0,0
CUST_4558,Email,1,0,1
CUST_4558,Promotion banner,5,1,1
CUST_4558,Email,1,0,0
CUST_4559,SMS,4,2,0
CUST_4560,SMS,1,0,0
CUST_4560,SMS,5,0,1
CUST_4561,Promotion banner,4,1,1
CUST_4562,Promotion banner,5,3,1
CUST_4562,Promotion banner,1,3,0
CUST_4562,SMS,1,2,0
CUST_4563,Promotion banner,1,3,0
CUST_4564,Promotion banner,5,2,1
CUST_4565,SMS,3,1,1
CUST_4565,Email,2,2,1
CUST_4565,Promotion banner,2,0,0
CUST_4566,Promotion banner,1,2,0
CUST_4567,Push Notification,1,1,0
CUST_4567,Promotion banner,4,0,1
CUST_4567,SMS,2,3,1
CUST_4567,Email,4,1,1
CUST_4568,Email,5,3,0
CUST_4568,Promotion banner,5,1,0
CUST_4569,Promotion banner,5,2,0
CUST_4570,SMS,1,1,0
CUST_4570,Promotion banner,1,3,0
CUST_4571,Promotion banner,4,0,1
CUST_4571,Promotion banner,3,0,0
CUST_4572,SMS,3,0,0
CUST_4572,Email,1,1,1
CUST_4572,Email,2,1,1
CUST_4572,Push Notification,3,1,1
CUST_4573,Promotion banner,1,0,1
CUST_4573,SMS,3,0,1
CUST_4573,Promotion banner,1,3,0
CUST_4573,SMS,4,2,0
CUST_4574,SMS,3,1,1
CUST_4574,Promotion banner,2,3,1
CUST_4575,Push Notification,4,0,1
CUST_4575,Email,5,2,1
CUST_4575,Push Notification,5,2,0
CUST_4575,Email,1,1,1
CUST_4576,SMS,4,2,0
CUST_4576,SMS,2,0,0
CUST_4577,Email,2,1,1
CUST_4578,Push Notification,1,1,0
CUST_4578,SMS,2,2,0
CUST_4578,SMS,5,0,1
CUST_4578,Push Notification,4,0,0
CUST_4579,Push Notification,3,0,1
CUST_4579,SMS,1,1,1
CUST_4580,SMS,1,1,1
CUST_4580,Email,2,0,1
CUST_4580,Email,2,0,1
CUST_4581,SMS,4,3,1
CUST_4581,SMS,1,3,1
CUST_4581,SMS,4,2,0
CUST_4582,Email,5,3,0
CUST_4582,Push Notification,2,3,0
CUST_4582,Push Notification,1,1,0
CUST_4582,Promotion banner,4,0,1
CUST_4583,Email,4,2,0
CUST_4583,Email,3,1,0
CUST_4583,Email,3,0,0
CUST_4584,Push Notification,3,2,0
CUST_4585,Promotion banner,1,0,1
CUST_4586,Push Notification,4,0,1
CUST_4586,SMS,3,1,1
CUST_4587,Push Notification,2,1,1
CUST_4587,Email,4,0,1
CUST_4587,SMS,3,1,1
CUST_4587,Promotion banner,5,2,1
CUST_4588,Email,3,2,1
CUST_4588,Email,1,3,0
CUST_4588,Push Notification,4,3,0
CUST_4589,Email,4,0,0
CUST_4589,Push Notification,2,1,0
CUST_4590,Push Notification,3,0,0
CUST_4590,Email,3,2,0
CUST_4590,Push Notification,5,2,0
CUST_4590,Email,2,1,0
CUST_4591,Email,1,0,1
CUST_4591,Email,4,0,0
CUST_4592,SMS,5,1,0
CUST_4592,Email,5,2,0
CUST_4593,SMS,5,1,0
CUST_4593,Push Notification,2,0,1
CUST_4593,Email,4,3,0
CUST_4594,Email,2,0,1
CUST_4594,Promotion banner,5,3,0
CUST_4594,SMS,4,0,0
CUST_4595,SMS,4,2,0
CUST_4596,Promotion banner,4,3,0
CUST_4596,Email,2,2,0
CUST_4596,Email,2,2,0
CUST_4596,Email,2,2,1
CUST_4597,Email,4,2,0
CUST_4597,SMS,2,3,0
CUST_4597,Push Notification,2,0,1
CUST_4598,Push Notification,4,0,1
CUST_4599,Promotion banner,1,2,0
CUST_4599,SMS,4,1,0
CUST_4600,SMS,5,0,1
CUST_4601,SMS,3,1,1
CUST_4601,SMS,2,1,1
CUST_4601,SMS,3,3,0
CUST_4602,SMS,4,2,0
CUST_4602,SMS,5,1,1
CUST_4602,Email,2,1,1
CUST_4602,Promotion banner,2,0,0
CUST_4603,SMS,2,1,1
CUST_4603,Push Notification,4,1,1
CUST_4604,Email,1,0,1
CUST_4604,SMS,4,1,1
CUST_4604,Promotion banner,3,1,1
CUST_4604,Push Notification,1,1,0
CUST_4605,Push Notification,4,2,0
CUST_4606,Promotion banner,5,3,1
CUST_4606,Email,3,0,1
CUST_4606,SMS,5,1,0
CUST_4606,Push Notification,4,0,1
CUST_4607,Promotion banner,1,0,1
CUST_4607,Email,5,3,1
CUST_4607,Push Notification,2,3,1
CUST_4608,Email,4,0,0
CUST_4608,SMS,4,3,1
CUST_4608,Promotion banner,2,3,1
CUST_4609,SMS,1,0,1
CUST_4610,Promotion banner,3,3,0
CUST_4610,Promotion banner,1,1,0
CUST_4610,Promotion banner,3,3,0
CUST_4611,Promotion banner,3,2,0
CUST_4611,Promotion banner,2,2,0
CUST_4612,Push Notification,3,0,0
CUST_4613,Push Notification,3,0,1
CUST_4613,Promotion banner,1,2,0
CUST_4613,SMS,5,2,1
CUST_4614,Promotion banner,1,3,0
CUST_4614,Email,5,1,0
CUST_4614,Push Notification,1,3,0
CUST_4615,SMS,2,3,0
CUST_4616,SMS,5,2,1
CUST_4617,Push Notification,5,0,1
CUST_4617,SMS,5,1,1
CUST_4618,Email,1,3,1
CUST_4618,SMS,3,2,0
CUST_4618,SMS,4,1,1
CUST_4619,Promotion banner,2,3,0
CUST_4619,SMS,4,0,0
CUST_4620,Promotion banner,5,3,0
CUST_4620,Push Notification,5,3,0
CUST_4621,Email,4,1,0
CUST_4622,SMS,1,3,0
CUST_4622,SMS,2,1,0
CUST_4622,Promotion banner,4,3,0
CUST_4623,Promotion banner,2,2,1
CUST_4623,Promotion banner,1,1,0
CUST_4623,Email,2,1,0
CUST_4624,Push Notification,5,3,1
CUST_4624,SMS,4,1,1
CUST_4625,Email,2,3,0
CUST_4625,Promotion banner,3,2,0
CUST_4625,SMS,4,3,1
CUST_4626,Promotion banner,1,2,0
CUST_4626,Email,2,0,0
CUST_4626,Email,1,1,1
CUST_4626,Push Notification,3,2,1
CUST_4627,SMS,5,0,1
CUST_4627,Email,2,2,1
CUST_4628,Push Notification,2,0,0
CUST_4628,Push Notification,5,0,0
CUST_4628,Email,5,2,0
CUST_4629,Push Notification,3,3,0
CUST_4629,Promotion banner,3,1,1
CUST_4629,Email,3,0,0
CUST_4629,Email,4,3,1
CUST_4630,Push Notification,2,2,0
CUST_4630,Email,4,0,1
CUST_4630,Promotion banner,1,3,0
CUST_4631,SMS,5,1,0
CUST_4631,Promotion banner,5,2,1
CUST_4632,Promotion banner,4,0,0
CUST_4633,Email,4,3,0
CUST_4633,Push Notification,2,0,1
CUST_4633,Email,4,1,1
CUST_4633,Push Notification,1,0,1
CUST_4634,Push Notification,1,2,0
CUST_4634,Push Notification,5,3,0
CUST_4635,Email,2,1,0
CUST_4636,Push Notification,5,1,1
CUST_4636,Push Notification,4,1,0
CUST_4636,Email,1,0,0
CUST_4637,SMS,1,0,0
CUST_4638,Email,5,1,0
CUST_4638,Promotion banner,1,1,1
CUST_4638,Email,5,0,0
CUST_4639,SMS,4,2,0
CUST_4639,Email,4,2,0
CUST_4639,Promotion banner,3,1,1
CUST_4639,Push Notification,5,3,0
CUST_4640,SMS,1,3,1
CUST_4640,Email,2,0,1
CUST_4641,SMS,4,3,1
CUST_4641,Email,1,0,0
CUST_4641,Promotion banner,2,2,0
CUST_4641,Email,4,0,0
CUST_4642,SMS,3,3,0
CUST_4643,Promotion banner,3,2,1
CUST_4643,Promotion banner,1,0,0
CUST_4643,Email,5,0,0
CUST_4644,Promotion banner,5,1,1
CUST_4644,Push Notification,3,1,1
CUST_4644,Email,5,3,0
CUST_4645,SMS,3,0,0
CUST_4645,Push Notification,5,3,0
CUST_4646,SMS,5,0,0
CUST_4647,Email,4,1,1
CUST_4648,Email,5,3,0
CUST_4649,Email,2,0,0
CUST_4649,Promotion banner,3,3,0
CUST_4650,Push Notification,2,1,1
CUST_4650,Email,4,0,0
CUST_4650,SMS,5,2,1
CUST_4651,Push Notification,3,2,0
CUST_4651,Email,4,0,0
CUST_4651,Email,5,3,1
CUST_4652,Promotion banner,5,2,1
CUST_4652,Email,1,0,1
CUST_4653,Push Notification,3,3,0
CUST_4654,Push Notification,2,1,0
CUST_4654,Push Notification,2,0,1
CUST_4654,Promotion banner,5,0,1
CUST_4655,Email,2,3,1
CUST_4655,Push Notification,5,1,1
CUST_4656,Push Notification,2,1,0
CUST_4657,Promotion banner,4,3,0
CUST_4658,Email,5,3,1
CUST_4658,SMS,5,2,0
CUST_4658,Promotion banner,5,1,0
CUST_4658,Push Notification,2,2,1
CUST_4659,Email,3,2,1
CUST_4659,Promotion banner,3,3,1
CUST_4659,Push Notification,1,0,0
CUST_4659,Promotion banner,5,0,1
CUST_4660,SMS,2,3,1
CUST_4661,Email,2,1,0
CUST_4661,Push Notification,4,2,1
CUST_4661,Push Notification,1,3,1
CUST_4661,Push Notification,4,1,0
CUST_4662,Push Notification,5,3,1
CUST_4662,Email,2,1,1
CUST_4662,Push Notification,2,0,0
CUST_4662,SMS,2,0,1
CUST_4663,Promotion banner,4,0,0
CUST_4664,Promotion banner,1,1,0
CUST_4665,Email,2,1,0
CUST_4665,Promotion banner,2,2,1
CUST_4665,SMS,4,2,0
CUST_4665,Email,2,1,1
CUST_4666,SMS,2,0,0
CUST_4667,Push Notification,5,1,0
CUST_4667,Push Notification,2,1,1
CUST_4667,Promotion banner,2,2,0
CUST_4668,SMS,3,2,0
CUST_4669,Promotion banner,2,1,0
CUST_4670,Promotion banner,5,2,1
CUST_4671,Email,5,3,1
CUST_4671,Push Notification,2,0,1
CUST_4671,SMS,4,2,1
CUST_4672,SMS,4,0,1
CUST_4672,SMS,2,1,0
CUST_4672,Email,5,0,0
CUST_4673,Email,4,2,0
CUST_4674,Push Notification,1,1,1
CUST_4674,Push Notification,3,1,0
CUST_4674,Push Notification,4,0,0
CUST_4674,Push Notification,3,1,0
CUST_4675,SMS,5,1,0
CUST_4675,SMS,4,1,1
CUST_4675,Push Notification,1,1,0
CUST_4675,SMS,1,0,0
CUST_4676,Email,3,0,0
CUST_4676,Push Notification,5,1,1
CUST_4676,Email,4,1,0
CUST_4676,Promotion banner,4,3,1
CUST_4677,SMS,3,3,1
CUST_4677,Push Notification,4,3,1
CUST_4677,Push Notification,3,3,0
CUST_4677,SMS,2,3,1
CUST_4678,Email,1,0,0
CUST_4678,Push Notification,4,2,0
CUST_4678,Push Notification,2,1,0
CUST_4679,Promotion banner,2,0,1
CUST_4679,Push Notification,5,0,1
CUST_4679,Promotion banner,1,1,0
CUST_4680,Promotion banner,2,2,0
CUST_4681,Email,2,2,1
CUST_4682,SMS,4,0,1
CUST_4682,Push Notification,2,3,1
CUST_4683,Email,1,0,1
CUST_4683,Promotion banner,1,1,1
CUST_4683,Push Notification,1,3,0
CUST_4684,Promotion banner,1,1,1
CUST_4685,Email,3,0,1
CUST_4686,SMS,3,2,0
CUST_4686,Push Notification,2,2,0
CUST_4686,Promotion banner,4,0,0
CUST_4687,Promotion banner,1,0,1
CUST_4687,Email,1,2,1
CUST_4688,SMS,5,2,0
CUST_4688,Email,5,0,1
CUST_4688,Push Notification,2,0,1
CUST_4689,Push Notification,2,2,0
CUST_4689,Promotion banner,3,0,0
CUST_4690,Promotion banner,4,3,1
CUST_4691,Promotion banner,3,1,0
CUST_4691,Push Notification,1,1,1
CUST_4691,Promotion banner,2,3,1
CUST_4692,Promotion banner,1,1,0
CUST_4692,Promotion banner,3,1,0
CUST_4692,Email,1,1,1
CUST_4693,Email,1,3,0
CUST_4694,SMS,5,2,1
CUST_4695,SMS,4,3,0
CUST_4695,Promotion banner,1,2,0
CUST_4695,SMS,2,1,0
CUST_4695,Push Notification,5,0,0
CUST_4696,Promotion banner,3,3,0
CUST_4697,Push Notification,5,3,1
CUST_4698,SMS,1,2,0
CUST_4698,Push Notification,2,3,0
CUST_4699,Push Notification,1,0,1
CUST_4699,Email,2,1,1
CUST_4699,Email,4,1,1
CUST_4700,SMS,1,2,1
CUST_4700,Push Notification,4,0,1
CUST_4700,Promotion banner,5,2,0
CUST_4701,Promotion banner,3,2,1
CUST_4701,SMS,1,0,1
CUST_4701,Push Notification,5,3,1
CUST_4701,Push Notification,1,2,0
CUST_4702,Promotion banner,5,1,0
CUST_4702,Email,5,3,1
CUST_4702,Email,1,1,1
CUST_4702,SMS,1,0,1
CUST_4703,Email,2,3,1
CUST_4703,SMS,4,2,0
CUST_4703,Promotion banner,5,1,0
CUST_4704,SMS,2,2,0
CUST_4704,Email,5,2,1
CUST_4704,SMS,4,2,0
CUST_4705,Promotion banner,5,2,1
CUST_4705,Push Notification,2,0,1
CUST_4705,SMS,5,1,0
CUST_4705,Promotion banner,2,2,1
CUST_4706,Email,5,0,1
CUST_4706,Promotion banner,4,0,1
CUST_4707,Push Notification,2,1,0
CUST_4707,Promotion banner,4,2,1
CUST_4708,Push Notification,4,3,0
CUST_4708,Push Notification,3,0,0
CUST_4708,Push Notification,4,0,0
CUST_4709,Email,2,0,0
CUST_4710,Push Notification,3,2,0
CUST_4710,SMS,3,2,0
CUST_4711,Email,3,3,1
CUST_4711,SMS,1,0,1
CUST_4711,Email,5,3,1
CUST_4712,Email,2,2,1
CUST_4712,Push Notification,3,0,1
CUST_4713,SMS,5,1,0
CUST_4714,Email,1,2,1
CUST_4714,Email,1,3,0
CUST_4714,Push Notification,2,1,0
CUST_4715,Email,2,0,1
CUST_4715,Push Notification,5,0,1
CUST_4715,Promotion banner,4,0,1
CUST_4716,SMS,4,0,1
CUST_4716,Promotion banner,5,0,0
CUST_4716,Push Notification,4,1,0
CUST_4716,Email,5,1,0
CUST_4717,Email,3,2,1
CUST_4717,Promotion banner,2,1,1
CUST_4718,Promotion banner,2,2,1
CUST_4718,SMS,1,0,0
CUST_4719,SMS,1,1,1
CUST_4719,SMS,3,2,0
CUST_4719,Push Notification,1,2,0
CUST_4720,Push Notification,4,0,0
CUST_4720,Promotion banner,1,0,0
CUST_4720,SMS,1,0,1
CUST_4721,SMS,5,2,1
CUST_4721,Email,2,0,0
CUST_4721,Promotion banner,1,1,1
CUST_4721,Promotion banner,4,0,0
CUST_4722,Email,5,1,0
CUST_4722,Promotion banner,3,0,1
CUST_4722,Push Notification,5,1,1
CUST_4723,SMS,1,3,0
CUST_4723,Email,1,1,0
CUST_4723,SMS,1,3,1
CUST_4724,Email,5,0,0
CUST_4724,Push Notification,4,2,1
CUST_4724,Email,3,0,1
CUST_4725,Promotion banner,1,0,0
CUST_4726,Email,3,3,1
CUST_4726,SMS,2,1,1
CUST_4726,Push Notification,4,3,0
CUST_4727,Email,5,3,1
CUST_4727,SMS,5,1,0
CUST_4728,Email,1,3,0
CUST_4729,SMS,2,3,1
CUST_4730,Promotion banner,3,2,1
CUST_4730,Promotion banner,1,0,1
CUST_4730,Push Notification,5,1,0
CUST_4730,Email,1,2,0
CUST_4731,Promotion banner,3,3,0
CUST_4731,Push Notification,3,2,1
CUST_4731,SMS,2,1,1
CUST_4732,Push Notification,2,2,0
CUST_4733,Email,5,1,0
CUST_4733,Email,1,1,0
CUST_4734,Email,4,3,1
CUST_4735,Push Notification,3,0,1
CUST_4735,SMS,2,2,0
CUST_4735,SMS,1,1,0
CUST_4736,Push Notification,3,0,0
CUST_4737,Push Notification,3,0,0
CUST_4737,SMS,2,3,0
CUST_4737,Promotion banner,1,2,1
CUST_4738,SMS,5,2,1
CUST_4738,SMS,1,1,1
CUST_4738,Push Notification,1,1,0
CUST_4739,Promotion banner,2,0,0
CUST_4739,Email,5,2,1
CUST_4739,Email,5,1,0
CUST_4739,SMS,1,2,0
CUST_4740,Push Notification,2,1,1
CUST_4740,Push Notification,1,1,0
CUST_4741,Push Notification,3,2,0
CUST_4741,Push Notification,1,0,1
CUST_4742,SMS,4,0,1
CUST_4742,SMS,3,2,0
CUST_4742,Push Notification,2,3,1
CUST_4742,SMS,1,1,0
CUST_4743,SMS,5,2,1
CUST_4743,Email,5,3,1
CUST_4743,Promotion banner,1,1,0
CUST_4743,Email,4,0,1
CUST_4744,Promotion banner,1,3,1
CUST_4744,Email,2,3,0
CUST_4744,SMS,1,2,0
CUST_4744,Email,2,1,0
CUST_4745,Push Notification,3,2,1
CUST_4746,Email,1,1,0
CUST_4746,Promotion banner,1,0,0
CUST_4747,Email,2,0,1
CUST_4747,Promotion banner,4,2,1
CUST_4747,Email,5,1,0
CUST_4748,Promotion banner,5,2,0
CUST_4748,Push Notification,3,1,0
CUST_4748,SMS,5,1,1
CUST_4749,Promotion banner,1,1,0
CUST_4749,Email,1,1,1
CUST_4749,Push Notification,3,0,0
CUST_4750,Push Notification,2,2,0
CUST_4750,Push Notification,2,1,0
CUST_4750,SMS,1,1,0
CUST_4750,Promotion banner,4,0,0
CUST_4751,SMS,2,1,0
CUST_4752,Push Notification,4,1,1
CUST_4752,Push Notification,1,0,1
CUST_4753,Email,5,3,1
CUST_4753,SMS,1,1,1
CUST_4754,Promotion banner,4,2,0
CUST_4755,Email,3,0,0
CUST_4755,SMS,5,3,0
CUST_4755,Push Notification,1,3,0
CUST_4755,Promotion banner,2,1,0
CUST_4756,Push Notification,2,3,1
CUST_4756,Email,2,1,1
CUST_4757,SMS,3,0,1
CUST_4757,Promotion banner,2,1,1
CUST_4758,Email,1,2,1
CUST_4758,Email,2,2,1
CUST_4758,Push Notification,2,0,1
CUST_4758,Promotion banner,2,3,0
CUST_4759,SMS,3,0,0
CUST_4760,Email,2,3,0
CUST_4760,Email,1,0,1
CUST_4760,Promotion banner,5,0,1
CUST_4760,Push Notification,1,1,1
CUST_4761,Push Notification,1,0,0
CUST_4762,Promotion banner,2,3,0
CUST_4762,Promotion banner,5,2,1
CUST_4762,Promotion banner,4,0,1
CUST_4762,Push Notification,2,3,1
CUST_4763,Promotion banner,4,1,0
CUST_4763,Push Notification,3,1,1
CUST_4764,Email,4,2,0
CUST_4764,SMS,5,1,1
CUST_4764,Promotion banner,4,1,0
CUST_4764,Email,1,2,0
CUST_4765,Email,5,3,1
CUST_4765,Promotion banner,4,0,1
CUST_4766,Push Notification,4,0,1
CUST_4766,Promotion banner,5,3,0
CUST_4767,Promotion banner,4,1,1
CUST_4767,Promotion banner,4,2,1
CUST_4768,SMS,3,1,1
CUST_4768,Promotion banner,3,3,1
CUST_4768,SMS,5,0,0
CUST_4769,Promotion banner,2,3,1
CUST_4769,SMS,1,0,0
CUST_4770,Push Notification,5,0,1
CUST_4770,Email,4,0,1
CUST_4770,Promotion banner,2,0,0
CUST_4771,Email,5,0,1
CUST_4771,Push Notification,3,2,1
CUST_4771,Email,4,2,0
CUST_4771,SMS,5,1,1
CUST_4772,Promotion banner,1,0,0
CUST_4772,Push Notification,4,2,1
CUST_4772,SMS,3,3,1
CUST_4773,Promotion banner,4,0,0
CUST_4774,Push Notification,4,0,0
CUST_4774,Email,1,0,1
CUST_4775,Email,4,0,0
CUST_4775,SMS,3,0,0
CUST_4775,Promotion banner,2,1,1
CUST_4775,Push Notification,1,0,0
CUST_4776,Promotion banner,4,2,0
CUST_4776,Email,5,1,1
CUST_4777,Push Notification,4,3,1
CUST_4778,SMS,3,0,0
CUST_4778,Promotion banner,4,3,1
CUST_4778,Push Notification,4,3,0
CUST_4778,Push Notification,4,3,0
CUST_4779,SMS,5,2,1
CUST_4780,Push Notification,1,2,0
CUST_4780,Promotion banner,1,1,0
CUST_4780,Push Notification,4,1,1
CUST_4780,Promotion banner,5,2,0
CUST_4781,Email,5,0,1
CUST_4781,Email,3,3,0
CUST_4781,Email,5,2,1
CUST_4781,Email,1,2,0
CUST_4782,Push Notification,2,3,1
CUST_4782,Promotion banner,2,3,1
CUST_4782,Push Notification,4,2,1
CUST_4782,Push Notification,1,1,1
CUST_4783,Promotion banner,2,1,1
CUST_4783,SMS,1,3,0
CUST_4783,Email,4,0,1
CUST_4783,Email,1,1,1
CUST_4784,SMS,3,0,0
CUST_4784,Promotion banner,4,3,1
CUST_4785,Email,1,1,0
CUST_4786,SMS,4,0,0
CUST_4786,Push Notification,2,3,1
CUST_4786,Email,3,1,1
CUST_4786,Promotion banner,3,2,1
CUST_4787,Promotion banner,5,0,1
CUST_4787,Email,5,1,1
CUST_4787,Promotion banner,2,1,0
CUST_4787,Email,2,0,0
CUST_4788,Promotion banner,1,2,0
CUST_4789,Push Notification,3,3,0
CUST_4789,SMS,4,0,1
CUST_4790,SMS,1,0,0
CUST_4790,Promotion banner,1,0,1
CUST_4790,Email,3,2,1
CUST_4790,Push Notification,4,2,1
CUST_4791,Promotion banner,4,0,0
CUST_4791,Email,5,2,1
CUST_4791,Promotion banner,1,1,0
CUST_4791,SMS,1,2,0
CUST_4792,Email,1,3,0
CUST_4792,Email,1,1,1
CUST_4793,Promotion banner,2,0,0
CUST_4793,Push Notification,2,2,1
CUST_4794,Email,1,1,1
CUST_4794,Promotion banner,3,2,0
CUST_4795,Promotion banner,5,2,0
CUST_4795,Push Notification,4,2,1
CUST_4795,SMS,3,2,0
CUST_4796,SMS,4,2,1
CUST_4797,SMS,3,0,0
CUST_4798,Email,5,0,1
CUST_4798,Email,5,3,1
CUST_4799,Email,2,3,1
CUST_4799,SMS,3,2,0
CUST_4799,Push Notification,3,0,1
CUST_4799,Push Notification,3,2,1
CUST_4800,Push Notification,1,1,1
CUST_4800,SMS,5,1,0
CUST_4800,Email,4,3,1
CUST_4801,SMS,5,1,0
CUST_4801,Push Notification,3,2,0
CUST_4801,Email,3,1,0
CUST_4801,Email,4,3,1
CUST_4802,Email,1,2,1
CUST_4802,Push Notification,1,3,0
CUST_4802,Promotion banner,2,1,1
CUST_4803,Push Notification,3,1,1
CUST_4803,Email,3,3,0
CUST_4803,Push Notification,2,0,0
CUST_4803,SMS,3,0,0
CUST_4804,Push Notification,5,3,0
CUST_4804,SMS,4,1,1
CUST_4804,Email,2,0,0
CUST_4804,Promotion banner,4,2,1
CUST_4805,Email,3,2,1
CUST_4805,SMS,1,3,0
CUST_4805,Push Notification,4,0,1
CUST_4806,SMS,2,1,0
CUST_4806,Email,1,0,1
CUST_4806,Promotion banner,5,0,1
CUST_4806,Push Notification,1,2,0
CUST_4807,SMS,1,0,1
CUST_4807,Email,2,0,0
CUST_4807,SMS,2,1,0
CUST_4807,Push Notification,3,3,1
CUST_4808,Promotion banner,5,3,0
CUST_4808,SMS,2,2,0
CUST_4809,SMS,4,1,0
CUST_4809,Email,3,3,0
CUST_4810,SMS,4,2,1
CUST_4811,SMS,1,3,1
CUST_4812,Push Notification,4,3,0
CUST_4812,Push Notification,4,0,0
CUST_4812,Push Notification,1,0,0
CUST_4813,Push Notification,3,2,0
CUST_4814,Push Notification,4,0,0
CUST_4814,SMS,2,2,1
CUST_4814,Email,1,0,0
CUST_4815,Promotion banner,5,2,0
CUST_4816,SMS,2,0,1
CUST_4816,Promotion banner,5,3,0
CUST_4817,Push Notification,4,1,1
CUST_4817,Push Notification,5,0,1
CUST_4818,SMS,1,2,1
CUST_4819,Email,2,3,0
CUST_4819,Promotion banner,3,3,0
CUST_4820,Push Notification,5,1,1
CUST_4821,Email,5,3,1
CUST_4821,Promotion banner,5,0,1
CUST_4821,SMS,1,0,0
CUST_4822,Promotion banner,5,2,0
CUST_4822,Email,1,0,1
CUST_4822,Promotion banner,5,2,0
CUST_4823,Email,5,0,1
CUST_4824,Promotion banner,5,0,1
CUST_4824,SMS,4,2,0
CUST_4824,Email,2,3,1
CUST_4825,Promotion banner,5,2,0
CUST_4826,Push Notification,2,2,0
CUST_4827,SMS,4,3,0
CUST_4828,Promotion banner,3,2,0
CUST_4828,Push Notification,4,0,1
CUST_4829,Email,2,1,1
CUST_4829,Promotion banner,2,2,1
CUST_4829,SMS,4,2,0
CUST_4830,Email,5,0,1
CUST_4831,Email,2,2,0
CUST_4831,Promotion banner,4,0,0
CUST_4831,SMS,5,2,1
CUST_4831,Push Notification,2,0,0
CUST_4832,SMS,4,0,0
CUST_4832,Promotion banner,3,1,0
CUST_4832,Email,1,0,1
CUST_4832,Push Notification,4,0,1
CUST_4833,Push Notification,2,1,0
CUST_4833,Push Notification,4,2,1
CUST_4833,Email,4,0,1
CUST_4834,Promotion banner,2,0,0
CUST_4834,SMS,1,0,0
CUST_4835,Push Notification,1,0,1
CUST_4835,Email,4,1,1
CUST_4835,Email,2,2,1
CUST_4836,Email,2,2,1
CUST_4837,SMS,4,0,0
CUST_4838,Promotion banner,4,0,1
CUST_4838,SMS,3,3,1
CUST_4838,SMS,3,1,1
CUST_4838,Push Notification,1,3,1
CUST_4839,Promotion banner,4,0,0
CUST_4840,Promotion banner,3,0,1
CUST_4840,Push Notification,4,2,0
CUST_4840,SMS,4,1,0
CUST_4840,Push Notification,1,3,0
CUST_4841,Email,5,2,0
CUST_4841,Push Notification,3,1,0
CUST_4842,Push Notification,2,1,0
CUST_4842,SMS,5,0,1
CUST_4842,Email,4,3,1
CUST_4842,SMS,3,1,1
CUST_4843,SMS,1,3,1
CUST_4844,Push Notification,5,2,0
CUST_4844,Email,1,2,1
CUST_4845,Promotion banner,5,0,0
CUST_4846,Push Notification,1,0,0
CUST_4846,SMS,4,0,1
CUST_4846,SMS,3,0,1
CUST_4847,Push Notification,1,0,0
CUST_4847,Promotion banner,4,1,1
CUST_4847,Email,3,2,1
CUST_4847,SMS,5,2,0
CUST_4848,Promotion banner,1,0,0
CUST_4848,SMS,4,3,0
CUST_4848,Promotion banner,1,3,0
CUST_4848,Push Notification,4,2,1
CUST_4849,SMS,4,0,0
CUST_4849,Promotion banner,5,2,1
CUST_4849,SMS,4,0,0
CUST_4850,Email,1,2,0
CUST_4850,SMS,5,0,1
CUST_4850,Promotion banner,2,2,0
CUST_4850,Promotion banner,3,1,1
CUST_4851,Email,2,3,0
CUST_4851,Promotion banner,2,1,1
CUST_4851,Email,4,1,1
CUST_4852,Push Notification,2,3,1
CUST_4852,SMS,4,2,1
CUST_4853,Email,5,2,0
CUST_4853,SMS,3,0,1
CUST_4854,Email,1,0,0
CUST_4854,Promotion banner,1,0,0
CUST_4854,Email,5,0,1
CUST_4854,SMS,4,0,0
CUST_4855,Email,1,2,1
CUST_4855,Email,1,3,1
CUST_4856,Push Notification,1,1,1
CUST_4856,SMS,5,1,0
CUST_4856,Email,2,2,1
CUST_4857,Promotion banner,4,0,0
CUST_4858,SMS,1,3,0
CUST_4858,Push Notification,3,2,1
CUST_4858,SMS,3,1,1
CUST_4858,Promotion banner,1,1,0
CUST_4859,SMS,4,0,0
CUST_4860,SMS,2,1,1
CUST_4860,SMS,4,2,1
CUST_4861,SMS,5,0,0
CUST_4861,Promotion banner,5,0,1
CUST_4861,Push Notification,3,1,0
CUST_4862,Push Notification,2,1,0
CUST_4863,SMS,3,3,1
CUST_4864,Push Notification,3,2,0
CUST_4864,Email,2,0,1
CUST_4865,SMS,5,2,1
CUST_4865,Promotion banner,2,1,1
CUST_4866,Push Notification,3,3,0
CUST_4867,Promotion banner,2,0,1
CUST_4867,Promotion banner,3,2,0
CUST_4868,SMS,3,2,1
CUST_4869,SMS,4,1,1
CUST_4870,Email,2,3,1
CUST_4870,Email,3,0,0
CUST_4871,SMS,2,2,1
CUST_4871,SMS,2,2,1
CUST_4872,SMS,1,3,1
CUST_4873,SMS,2,0,0
CUST_4873,Promotion banner,1,2,1
CUST_4873,Push Notification,5,3,1
CUST_4873,SMS,3,0,1
CUST_4874,Push Notification,4,1,1
CUST_4875,Promotion banner,3,2,0
CUST_4876,Push Notification,4,2,0
CUST_4877,Email,1,1,0
CUST_4877,Promotion banner,5,0,1
CUST_4878,SMS,3,2,0
CUST_4878,Email,3,2,0
CUST_4879,Push Notification,2,1,0
CUST_4879,Push Notification,3,2,1
CUST_4880,Push Notification,2,3,0
CUST_4880,Promotion banner,5,0,1
CUST_4880,Promotion banner,1,0,0
CUST_4880,Promotion banner,1,0,0
CUST_4881,SMS,4,3,0
CUST_4881,Promotion banner,3,1,0
CUST_4881,SMS,1,1,1
CUST_4881,SMS,2,1,0
CUST_4882,Email,2,3,0
CUST_4882,Push Notification,5,1,1
CUST_4882,Email,2,2,1
CUST_4883,Push Notification,4,3,1
CUST_4883,Email,1,1,0
CUST_4884,Email,2,3,0
CUST_4884,Email,3,0,1
CUST_4885,Push Notification,4,3,0
CUST_4885,SMS,2,0,0
CUST_4886,Promotion banner,4,3,0
CUST_4886,Push Notification,3,2,0
CUST_4886,Push Notification,3,1,1
CUST_4886,Email,3,0,1
CUST_4887,SMS,3,3,0
CUST_4887,Email,4,1,0
CUST_4887,Email,3,2,0
CUST_4888,Email,2,1,0
CUST_4888,SMS,4,3,1
CUST_4888,Promotion banner,5,2,1
CUST_4888,Push Notification,4,3,0
CUST_4889,SMS,1,3,1
CUST_4889,Promotion banner,5,3,1
CUST_4890,Promotion banner,3,2,0
CUST_4891,SMS,4,1,0
CUST_4892,SMS,1,3,0
CUST_4892,Email,2,0,0
CUST_4893,Push Notification,3,0,0
CUST_4893,SMS,3,0,1
CUST_4893,SMS,4,3,0
CUST_4893,SMS,1,1,0
CUST_4894,Email,4,1,0
CUST_4894,Push Notification,2,3,1
CUST_4895,Email,5,3,1
CUST_4895,Promotion banner,4,2,0
CUST_4896,Email,1,0,0
CUST_4896,SMS,4,3,1
CUST_4896,Email,3,2,1
CUST_4897,Promotion banner,1,0,0
CUST_4897,SMS,4,1,1
CUST_4897,Promotion banner,4,1,0
CUST_4898,SMS,1,2,0
CUST_4898,Email,5,3,1
CUST_4898,Email,3,1,0
CUST_4899,Email,5,3,0
CUST_4900,Email,5,1,1
CUST_4900,Email,4,0,0
CUST_4900,Promotion banner,1,3,0
CUST_4901,Push Notification,1,3,1
CUST_4901,Email,2,3,0
CUST_4902,SMS,4,3,1
CUST_4902,Push Notification,4,1,1
CUST_4902,Push Notification,5,0,0
CUST_4902,Push Notification,1,1,0
CUST_4903,Push Notification,1,1,1
CUST_4903,Promotion banner,1,0,1
CUST_4904,SMS,1,0,0
CUST_4904,SMS,4,2,1
CUST_4904,Promotion banner,1,1,1
CUST_4905,Push Notification,1,1,1
CUST_4905,SMS,1,2,1
CUST_4905,Push Notification,3,3,1
CUST_4906,Promotion banner,2,1,1
CUST_4907,Email,5,0,1
CUST_4907,Promotion banner,2,0,1
CUST_4907,Push Notification,3,2,1
CUST_4908,Push Notification,3,2,1
CUST_4908,Email,4,0,1
CUST_4909,Push Notification,1,1,1
CUST_4909,Push Notification,3,2,0
CUST_4909,Promotion banner,4,0,1
CUST_4909,Push Notification,3,3,1
CUST_4910,Email,5,0,0
CUST_4910,Push Notification,3,2,0
CUST_4910,Email,4,3,1
CUST_4910,Promotion banner,2,3,1
CUST_4911,SMS,4,2,0
CUST_4911,SMS,2,3,0
CUST_4911,Email,1,2,1
CUST_4911,Promotion banner,3,1,0
CUST_4912,Promotion banner,2,3,1
CUST_4913,SMS,1,3,1
CUST_4913,SMS,3,3,1
CUST_4913,SMS,1,0,1
CUST_4914,Promotion banner,2,1,1
CUST_4914,Email,4,0,1
CUST_4914,Email,5,0,0
CUST_4915,Push Notification,3,0,1
CUST_4915,Push Notification,1,3,1
CUST_4916,Promotion banner,4,3,0
CUST_4916,Promotion banner,2,3,1
CUST_4916,SMS,4,1,1
CUST_4917,Email,1,2,0
CUST_4917,SMS,5,2,1
CUST_4918,SMS,2,0,0
CUST_4919,Push Notification,2,3,0
CUST_4919,Email,4,0,1
CUST_4919,Push Notification,1,0,1
CUST_4919,Push Notification,5,0,1
CUST_4920,SMS,5,3,0
CUST_4920,SMS,3,3,1
CUST_4920,Promotion banner,5,0,0
CUST_4921,SMS,5,0,1
CUST_4921,Promotion banner,5,0,1
CUST_4922,Push Notification,5,3,1
CUST_4922,Email,5,2,1
CUST_4922,SMS,3,0,0
CUST_4922,Email,5,3,0
CUST_4923,SMS,4,2,1
CUST_4923,Promotion banner,1,2,0
CUST_4923,Push Notification,1,2,0
CUST_4923,SMS,2,2,0
CUST_4924,Email,3,3,1
CUST_4924,Email,3,0,1
CUST_4925,Email,3,0,0
CUST_4925,Email,2,0,1
CUST_4925,Push Notification,2,2,1
CUST_4926,Email,1,3,1
CUST_4926,SMS,4,2,1
CUST_4926,Promotion banner,5,3,0
CUST_4927,SMS,4,2,0
CUST_4927,Email,3,2,0
CUST_4927,SMS,4,0,1
CUST_4927,Email,1,3,0
CUST_4928,Push Notification,4,2,0
CUST_4928,SMS,3,0,1
CUST_4929,Promotion banner,2,0,0
CUST_4929,Email,4,0,1
CUST_4930,SMS,1,2,1
CUST_4930,Email,2,1,0
CUST_4930,Email,3,0,1
CUST_4931,Email,4,0,0
CUST_4931,Email,4,1,0
CUST_4931,Email,3,0,1
CUST_4931,Push Notification,3,2,1
CUST_4932,Email,3,3,1
CUST_4933,Push Notification,3,1,1
CUST_4933,Push Notification,1,2,1
CUST_4933,Promotion banner,3,3,1
CUST_4933,SMS,5,3,0
CUST_4934,Promotion banner,4,1,1
CUST_4934,SMS,5,1,0
CUST_4934,SMS,5,2,0
CUST_4935,SMS,4,3,0
CUST_4935,SMS,3,1,1
CUST_4935,Promotion banner,4,0,0
CUST_4936,Push Notification,3,3,1
CUST_4936,SMS,2,2,0
CUST_4936,Push Notification,4,3,0
CUST_4937,Push Notification,3,0,0
CUST_4937,Email,3,2,1
CUST_4938,Push Notification,3,0,0
CUST_4938,Promotion banner,5,1,0
CUST_4939,Email,4,3,1
CUST_4939,Email,1,3,0
CUST_4940,Promotion banner,3,0,1
CUST_4940,Promotion banner,3,2,0
CUST_4941,SMS,5,3,1
CUST_4941,SMS,2,2,1
CUST_4942,Push Notification,2,2,0
CUST_4942,Push Notification,5,0,0
CUST_4943,Promotion banner,5,2,1
CUST_4944,Promotion banner,3,2,1
CUST_4944,Promotion banner,2,0,1
CUST_4944,SMS,4,0,0
CUST_4944,Email,1,1,0
CUST_4945,SMS,2,1,0
CUST_4945,Promotion banner,3,0,1
CUST_4946,Promotion banner,1,1,1
CUST_4946,Promotion banner,1,0,1
CUST_4947,SMS,2,0,0
CUST_4947,Email,2,2,0
CUST_4947,SMS,2,0,1
CUST_4947,Push Notification,1,2,1
CUST_4948,SMS,5,0,1
CUST_4948,Email,2,1,0
CUST_4948,SMS,5,2,1
CUST_4948,Promotion banner,4,3,1
CUST_4949,Push Notification,2,3,1
CUST_4950,Push Notification,3,2,0
CUST_4951,Push Notification,3,2,1
CUST_4951,Email,4,2,0
CUST_4951,SMS,2,3,1
CUST_4952,Email,5,3,1
CUST_4953,SMS,2,2,0
CUST_4953,SMS,4,0,1
CUST_4953,Push Notification,2,1,1
CUST_4953,Push Notification,5,2,0
CUST_4954,Promotion banner,3,0,0
CUST_4955,SMS,2,2,1
CUST_4955,Email,3,0,0
CUST_4955,SMS,5,3,0
CUST_4955,Push Notification,1,0,1
CUST_4956,Email,2,3,0
CUST_4957,Promotion banner,1,2,0
CUST_4957,Email,4,2,1
CUST_4958,SMS,3,3,1
CUST_4959,Email,5,2,0
CUST_4959,SMS,4,2,1
CUST_4959,Promotion banner,5,3,0
CUST_4959,Email,4,2,1
CUST_4960,SMS,4,2,1
CUST_4960,Push Notification,3,1,1
CUST_4961,SMS,2,3,1
CUST_4962,Promotion banner,1,3,0
CUST_4963,SMS,3,0,1
CUST_4963,SMS,5,0,0
CUST_4963,Promotion banner,5,3,0
CUST_4963,SMS,4,0,1
CUST_4964,SMS,4,3,1
CUST_4964,Email,2,2,1
CUST_4964,SMS,2,3,0
CUST_4965,Push Notification,1,2,1
CUST_4965,SMS,3,0,0
CUST_4965,Email,5,1,0
CUST_4966,SMS,5,2,0
CUST_4966,Push Notification,5,3,1
CUST_4966,Push Notification,3,1,0
CUST_4967,Push Notification,2,1,1
CUST_4967,Promotion banner,4,3,1
CUST_4968,Email,5,1,1
CUST_4968,Promotion banner,4,2,0
CUST_4969,SMS,5,2,1
CUST_4970,Email,1,0,1
CUST_4970,Push Notification,2,0,1
CUST_4970,Push Notification,3,3,0
CUST_4971,Promotion banner,3,3,1
CUST_4971,Email,3,2,0
CUST_4971,Email,1,0,0
CUST_4971,Push Notification,5,3,0
CUST_4972,Email,4,0,1
CUST_4972,Email,3,2,1
CUST_4972,Promotion banner,1,2,1
CUST_4973,Promotion banner,1,0,0
CUST_4973,Promotion banner,2,3,1
CUST_4973,Promotion banner,3,3,0
CUST_4973,Email,3,2,1
CUST_4974,Promotion banner,1,0,1
CUST_4974,Email,3,2,0
CUST_4974,SMS,2,2,0
CUST_4974,Email,1,1,0
CUST_4975,Email,2,1,1
CUST_4975,SMS,2,3,0
CUST_4975,SMS,3,3,0
CUST_4975,Promotion banner,3,0,1
CUST_4976,Email,3,1,0
CUST_4976,Email,4,0,1
CUST_4977,Promotion banner,5,3,1
CUST_4977,Promotion banner,1,0,0
CUST_4977,Push Notification,2,3,0
CUST_4978,Push Notification,4,1,0
CUST_4979,Email,1,0,0
CUST_4979,Promotion banner,3,2,1
CUST_4979,Email,2,3,0
CUST_4980,Email,5,3,0
CUST_4981,Promotion banner,2,2,1
CUST_4981,SMS,4,2,1
CUST_4982,Email,5,1,0
CUST_4982,Email,3,1,1
CUST_4983,Email,2,0,0
CUST_4984,Push Notification,3,2,0
CUST_4985,Push Notification,5,2,0
CUST_4986,Email,2,2,1
CUST_4987,Push Notification,4,3,1
CUST_4987,Push Notification,1,0,0
CUST_4987,Promotion banner,4,2,0
CUST_4988,Email,2,2,1
CUST_4988,SMS,1,2,1
CUST_4988,SMS,3,2,0
CUST_4988,SMS,5,3,1
CUST_4989,Push Notification,2,0,0
CUST_4989,Promotion banner,1,0,1
CUST_4989,Promotion banner,3,3,0
CUST_4989,Push Notification,1,0,1
CUST_4990,Promotion banner,3,3,1
CUST_4991,Promotion banner,2,1,1
CUST_4991,SMS,5,1,0
CUST_4992,Push Notification,1,0,1
CUST_4992,Promotion banner,2,2,1
CUST_4993,SMS,2,3,1
CUST_4993,SMS,4,3,1
CUST_4993,SMS,4,1,1
CUST_4994,Email,3,2,0
CUST_4994,SMS,5,3,0
CUST_4995,Email,2,3,1
CUST_4995,Promotion banner,5,3,1
CUST_4995,Promotion banner,5,3,1
CUST_4995,Promotion banner,4,1,1
CUST_4996,Email,3,2,1
CUST_4997,Email,5,3,0
CUST_4997,Push Notification,2,0,1
CUST_4997,Promotion banner,4,1,1
CUST_4998,Push Notification,3,0,0
CUST_4998,Email,1,3,0
CUST_4999,Push Notification,2,1,0
CUST_4999,Promotion banner,5,1,1
CUST_5000,Push Notification,5,3,1
CUST_5001,Promotion banner,5,0,1
CUST_5001,SMS,4,2,0
CUST_5002,Email,1,3,0
CUST_5002,Email,2,3,0
CUST_5003,Push Notification,4,3,0
CUST_5003,Promotion banner,1,2,1
CUST_5003,Promotion banner,1,3,1
CUST_5003,SMS,2,0,1
CUST_5004,Promotion banner,4,2,0
CUST_5004,Promotion banner,2,1,1
CUST_5004,Promotion banner,1,2,0
CUST_5004,Push Notification,5,1,1
CUST_5005,Email,5,0,0
CUST_5005,Push Notification,3,2,1
CUST_5005,Push Notification,2,0,1
CUST_5005,Promotion banner,3,3,0
CUST_5006,Push Notification,3,0,0
CUST_5007,Promotion banner,5,2,1
CUST_5007,Email,5,2,0
CUST_5008,Email,3,0,0
CUST_5009,Promotion banner,2,1,1
CUST_5009,SMS,4,3,1
CUST_5010,SMS,5,3,0
CUST_5011,Push Notification,4,3,1
CUST_5011,Push Notification,1,2,1
CUST_5012,Promotion banner,1,0,0
CUST_5013,Email,3,3,1
CUST_5013,Push Notification,4,2,0
CUST_5013,SMS,2,3,1
CUST_5013,Email,1,1,1
CUST_5014,Email,3,3,0
CUST_5014,Email,2,3,0
CUST_5014,Promotion banner,5,0,0
CUST_5015,Email,1,3,0
CUST_5016,Email,4,3,0
CUST_5016,Push Notification,5,0,1
CUST_5016,Email,3,3,0
CUST_5017,SMS,4,1,0
CUST_5017,Email,3,1,1
CUST_5017,SMS,5,1,0
CUST_5017,Promotion banner,5,2,0
CUST_5018,Push Notification,4,1,1
CUST_5018,SMS,4,2,1
CUST_5018,Promotion banner,1,1,1
CUST_5019,Promotion banner,3,3,1
CUST_5020,Email,2,1,0
CUST_5021,SMS,1,1,1
CUST_5021,SMS,4,2,1
CUST_5021,Promotion banner,5,2,1
CUST_5021,SMS,4,2,0
CUST_5022,Push Notification,1,2,0
CUST_5022,Promotion banner,2,1,0
CUST_5023,Email,2,1,1
CUST_5023,Email,1,0,0
CUST_5023,Push Notification,1,2,1
CUST_5023,Email,4,0,1
CUST_5024,Push Notification,4,3,0
CUST_5024,Promotion banner,4,1,0
CUST_5024,SMS,3,0,1
CUST_5025,Promotion banner,5,3,0
CUST_5025,Email,4,0,0
CUST_5025,Email,3,2,0
CUST_5026,Email,1,0,1
CUST_5026,SMS,1,3,0
CUST_5026,SMS,4,3,1
CUST_5027,Promotion banner,4,3,1
CUST_5027,Push Notification,1,1,1
CUST_5027,Promotion banner,1,0,0
CUST_5027,Promotion banner,4,0,1
CUST_5028,Email,2,3,1
CUST_5028,Email,2,1,1
CUST_5028,Promotion banner,3,1,1
CUST_5028,Email,2,3,0
CUST_5029,Email,5,0,1
CUST_5030,Promotion banner,3,1,0
CUST_5030,Promotion banner,4,1,1
CUST_5031,SMS,3,3,0
CUST_5031,Email,5,1,1
CUST_5031,Push Notification,2,1,0
CUST_5032,Promotion banner,2,0,0
CUST_5032,SMS,2,3,1
CUST_5033,Push Notification,2,1,1
CUST_5033,Email,1,0,0
CUST_5033,Email,5,3,1
CUST_5033,SMS,5,2,1
CUST_5034,SMS,5,2,1
CUST_5034,Email,4,3,0
CUST_5034,Promotion banner,4,0,0
CUST_5035,Push Notification,3,2,1
CUST_5036,Promotion banner,2,1,1
CUST_5036,Email,3,3,1
CUST_5036,SMS,4,2,0
CUST_5036,Email,4,3,1
CUST_5037,Push Notification,5,2,1
CUST_5038,Promotion banner,4,3,1
CUST_5038,Email,3,3,0
CUST_5039,Email,5,3,1
CUST_5040,SMS,2,0,0
CUST_5040,SMS,5,2,0
CUST_5040,Push Notification,3,2,1
CUST_5040,Email,2,2,0
CUST_5041,Email,5,2,1
CUST_5042,Push Notification,4,1,0
CUST_5042,Promotion banner,5,1,1
CUST_5043,Email,1,3,0
CUST_5044,SMS,3,2,0
CUST_5044,Push Notification,3,0,0
CUST_5044,Email,1,2,0
CUST_5045,Email,4,3,1
CUST_5046,Push Notification,1,3,1
CUST_5046,Promotion banner,3,0,0
CUST_5047,Push Notification,3,0,1
CUST_5047,SMS,3,1,0
CUST_5047,Email,4,3,1
CUST_5047,Promotion banner,1,0,0
CUST_5048,Promotion banner,1,1,1
CUST_5048,Push Notification,4,1,1
CUST_5048,Email,2,2,0
CUST_5048,SMS,5,2,1
CUST_5049,SMS,5,2,1
CUST_5049,SMS,2,2,1
CUST_5049,Promotion banner,4,2,0
CUST_5049,Email,2,3,0
CUST_5050,Promotion banner,1,3,0
CUST_5050,Push Notification,5,0,0
CUST_5050,Email,5,1,1
CUST_5051,SMS,4,1,0
CUST_5051,SMS,3,2,1
CUST_5051,Promotion banner,5,2,1
CUST_5051,Email,2,3,0
CUST_5052,Email,5,0,0
CUST_5052,SMS,2,3,0
CUST_5052,SMS,3,0,0
CUST_5052,Push Notification,3,1,1
CUST_5053,Email,4,3,0
CUST_5053,Email,5,3,1
CUST_5054,Push Notification,4,1,0
CUST_5054,SMS,2,2,0
CUST_5054,Email,5,2,0
CUST_5054,Promotion banner,3,3,1
CUST_5055,Promotion banner,1,1,1
CUST_5056,Email,1,1,1
CUST_5057,Push Notification,2,1,0
CUST_5057,Promotion banner,1,2,1
CUST_5057,Email,1,0,1
CUST_5058,SMS,2,3,0
CUST_5058,Email,1,1,0
CUST_5058,Email,3,0,0
CUST_5058,Email,1,3,1
CUST_5059,Promotion banner,1,1,0
CUST_5060,Email,5,0,0
CUST_5061,Push Notification,3,0,1
CUST_5061,Promotion banner,2,3,1
CUST_5061,Push Notification,1,1,0
CUST_5061,Push Notification,4,2,0
CUST_5062,Promotion banner,3,0,0
CUST_5063,SMS,3,1,1
CUST_5064,Promotion banner,3,2,0
CUST_5064,Push Notification,5,0,1
CUST_5064,Push Notification,3,1,0
CUST_5065,SMS,4,3,1
CUST_5066,Push Notification,4,1,0
CUST_5066,Email,3,3,0
CUST_5067,Push Notification,1,3,0
CUST_5067,Push Notification,5,2,1
CUST_5068,Push Notification,5,0,0
CUST_5068,Promotion banner,5,3,1
CUST_5068,Email,3,3,0
CUST_5068,SMS,5,1,0
CUST_5069,Push Notification,2,1,0
CUST_5069,Push Notification,4,2,0
CUST_5069,Promotion banner,3,3,1
CUST_5070,Promotion banner,3,1,1
CUST_5070,Promotion banner,2,1,1
CUST_5070,Promotion banner,2,1,0
CUST_5070,Promotion banner,3,0,1
CUST_5071,Promotion banner,5,1,1
CUST_5071,Promotion banner,5,2,0
CUST_5071,Push Notification,2,1,1
CUST_5072,SMS,4,3,1
CUST_5072,Email,1,2,1
CUST_5072,Email,4,0,0
CUST_5072,SMS,3,3,1
CUST_5073,Push Notification,3,3,1
CUST_5074,Email,5,3,1
CUST_5074,SMS,4,3,1
CUST_5074,Push Notification,5,1,0
CUST_5075,Email,4,0,1
CUST_5075,SMS,1,1,0
CUST_5075,Email,3,2,1
CUST_5075,Email,2,0,1
CUST_5076,Promotion banner,1,2,0
CUST_5077,SMS,1,3,1
CUST_5077,SMS,5,0,0
CUST_5078,Email,5,1,0
CUST_5078,SMS,4,0,1
CUST_5079,Email,2,0,1
CUST_5079,Promotion banner,3,1,1
CUST_5079,Email,2,1,0
CUST_5079,Push Notification,4,1,1
CUST_5080,Promotion banner,1,2,0
CUST_5080,Push Notification,2,1,0
CUST_5081,SMS,3,0,1
CUST_5081,Email,1,2,0
CUST_5081,Email,3,0,1
CUST_5081,Push Notification,3,0,1
CUST_5082,Email,4,1,0
CUST_5082,SMS,1,0,1
CUST_5082,SMS,3,3,0
CUST_5083,Push Notification,5,1,0
CUST_5083,SMS,3,1,0
CUST_5084,Email,1,0,1
CUST_5084,Email,3,3,1
CUST_5084,Promotion banner,2,2,1
CUST_5085,Promotion banner,5,3,0
CUST_5085,Push Notification,1,1,0
CUST_5086,Promotion banner,3,1,1
CUST_5087,Promotion banner,1,0,0
CUST_5087,Promotion banner,1,2,1
CUST_5087,Push Notification,3,0,0
CUST_5087,SMS,4,3,1
CUST_5088,Email,3,0,1
CUST_5088,Email,2,0,1
CUST_5088,Promotion banner,2,2,1
CUST_5088,Email,2,2,1
CUST_5089,Push Notification,3,1,0
CUST_5089,Promotion banner,3,1,1
CUST_5089,Promotion banner,1,1,1
CUST_5089,Promotion banner,5,3,0
CUST_5090,Push Notification,3,3,0
CUST_5090,Promotion banner,5,3,1
CUST_5090,SMS,2,2,1
CUST_5090,Push Notification,3,2,0
CUST_5091,SMS,5,3,1
CUST_5091,Email,2,1,1
CUST_5091,SMS,1,1,1
CUST_5092,SMS,5,2,0
CUST_5092,Push Notification,5,0,1
CUST_5092,SMS,5,0,1
CUST_5092,Email,1,0,0
CUST_5093,Promotion banner,3,3,0
CUST_5093,SMS,4,0,1
CUST_5094,SMS,2,0,1
CUST_5094,Promotion banner,1,1,1
CUST_5094,Push Notification,2,0,0
CUST_5094,SMS,4,1,0
CUST_5095,SMS,4,0,0
CUST_5095,SMS,3,2,1
CUST_5095,Email,1,3,0
CUST_5096,SMS,3,1,1
CUST_5096,SMS,2,3,0
CUST_5097,SMS,2,0,1
CUST_5098,Email,3,0,0
CUST_5098,SMS,3,3,1
CUST_5098,Push Notification,2,0,0
CUST_5098,Email,5,2,1
CUST_5099,Push Notification,5,3,1
CUST_5099,Push Notification,2,0,1
CUST_5100,Promotion banner,3,3,1
CUST_5100,SMS,1,0,1
CUST_5100,Promotion banner,2,2,0
CUST_5100,Email,5,1,0
CUST_5101,SMS,2,2,1
CUST_5101,Promotion banner,2,2,0
CUST_5101,Push Notification,2,3,0
CUST_5102,Email,4,1,0
CUST_5102,SMS,5,3,1
CUST_5102,Promotion banner,1,3,1
CUST_5102,Email,2,0,1
CUST_5103,Push Notification,5,3,0
CUST_5103,Promotion banner,1,2,0
CUST_5103,SMS,5,0,1
CUST_5103,Promotion banner,2,3,0
CUST_5104,Email,3,0,0
CUST_5104,Promotion banner,1,3,0
CUST_5105,Push Notification,4,0,0
CUST_5105,Email,1,0,1
CUST_5105,Email,1,0,1
CUST_5105,Promotion banner,4,2,1
CUST_5106,Email,1,2,0
CUST_5106,SMS,4,2,1
CUST_5106,Promotion banner,5,2,1
CUST_5106,Promotion banner,3,2,0
CUST_5107,Promotion banner,1,1,0
CUST_5107,Email,2,2,1
CUST_5107,Email,2,1,0
CUST_5108,SMS,4,0,1
CUST_5108,Push Notification,2,2,0
CUST_5108,SMS,4,3,1
CUST_5109,SMS,4,1,1
CUST_5109,SMS,5,0,0
CUST_5110,Email,3,2,1
CUST_5110,Promotion banner,1,2,1
CUST_5111,Push Notification,1,0,0
CUST_5112,SMS,1,3,1
CUST_5112,Push Notification,3,3,1
CUST_5112,Email,5,1,1
CUST_5112,Push Notification,2,3,1
CUST_5113,Promotion banner,1,1,1
CUST_5113,Push Notification,5,1,1
CUST_5114,Promotion banner,4,3,1
CUST_5115,Promotion banner,1,0,0
CUST_5115,Promotion banner,3,2,0
CUST_5116,Promotion banner,5,1,1
CUST_5116,Email,1,1,0
CUST_5116,Promotion banner,4,2,1
CUST_5116,Promotion banner,1,0,1
CUST_5117,Email,2,1,0
CUST_5117,Email,3,1,0
CUST_5117,Promotion banner,1,2,1
CUST_5117,Email,5,2,1
CUST_5118,Promotion banner,3,0,1
CUST_5118,Promotion banner,2,1,1
CUST_5118,SMS,3,1,0
CUST_5118,Push Notification,5,2,0
CUST_5119,Promotion banner,3,2,0
CUST_5119,Push Notification,2,1,1
CUST_5119,Push Notification,2,1,0
CUST_5120,SMS,2,2,1
CUST_5120,Promotion banner,2,0,0
CUST_5121,Promotion banner,4,2,1
CUST_5121,SMS,2,0,1
CUST_5121,Promotion banner,3,0,0
CUST_5121,Promotion banner,5,1,1
CUST_5122,Push Notification,5,2,0
CUST_5122,Promotion banner,5,2,1
CUST_5122,Push Notification,3,2,0
CUST_5122,Push Notification,4,2,0
CUST_5123,Promotion banner,4,2,1
CUST_5123,Push Notification,4,2,1
CUST_5123,Push Notification,1,0,1
CUST_5124,Email,5,1,0
CUST_5124,Push Notification,4,0,0
CUST_5125,SMS,4,2,0
CUST_5125,Push Notification,5,0,0
CUST_5125,Promotion banner,3,0,1
CUST_5126,Promotion banner,4,1,0
CUST_5126,SMS,1,3,1
CUST_5126,Push Notification,5,2,0
CUST_5127,Promotion banner,3,0,0
CUST_5127,Push Notification,1,1,0
CUST_5127,Push Notification,1,0,1
CUST_5127,SMS,2,1,0
CUST_5128,SMS,2,2,0
CUST_5128,Promotion banner,2,3,1
CUST_5128,Email,3,2,1
CUST_5129,SMS,5,1,0
CUST_5129,Push Notification,1,2,0
CUST_5129,SMS,5,1,0
CUST_5130,Promotion banner,2,1,1
CUST_5130,Push Notification,5,2,0
CUST_5130,Push Notification,1,2,0
CUST_5131,Promotion banner,2,2,1
CUST_5131,Push Notification,2,1,0
CUST_5131,SMS,1,0,1
CUST_5132,SMS,1,2,0
CUST_5132,SMS,4,3,0
CUST_5133,SMS,5,2,1
CUST_5133,SMS,4,2,0
CUST_5133,SMS,2,3,1
CUST_5134,Push Notification,4,1,0
CUST_5134,SMS,3,0,1
CUST_5134,Push Notification,4,3,0
CUST_5135,Promotion banner,3,0,1
CUST_5135,SMS,4,0,1
CUST_5136,SMS,2,0,1
CUST_5136,SMS,2,0,0
CUST_5136,SMS,2,0,0
CUST_5137,Email,1,3,0
CUST_5138,Promotion banner,4,0,0
CUST_5139,SMS,3,3,0
CUST_5139,Push Notification,1,0,0
CUST_5139,Promotion banner,2,3,0
CUST_5140,Push Notification,5,0,1
CUST_5140,Email,2,0,0
CUST_5141,Email,2,2,0
CUST_5141,Promotion banner,5,1,1
CUST_5141,Email,5,3,1
CUST_5141,Email,3,1,0
CUST_5142,Email,3,2,1
CUST_5142,Email,1,0,0
CUST_5143,Push Notification,4,0,1
CUST_5143,Email,1,0,0
CUST_5144,Push Notification,1,0,1
CUST_5144,Push Notification,2,2,0
CUST_5144,Promotion banner,1,2,1
CUST_5144,Promotion banner,3,3,1
CUST_5145,Promotion banner,5,1,0
CUST_5145,Push Notification,1,0,0
CUST_5145,Email,1,0,1
CUST_5146,SMS,3,0,1
CUST_5146,Push Notification,5,1,1
CUST_5147,Promotion banner,1,2,1
CUST_5147,SMS,4,1,0
CUST_5148,SMS,3,0,1
CUST_5148,Push Notification,2,3,1
CUST_5148,SMS,3,2,1
CUST_5149,SMS,5,0,1
CUST_5149,Email,3,3,0
CUST_5149,Email,1,2,1
CUST_5149,Email,2,2,1
CUST_5150,Email,3,2,1
CUST_5150,Email,3,1,0
CUST_5151,Promotion banner,2,2,0
CUST_5152,Push Notification,1,2,0
CUST_5153,Email,2,1,0
CUST_5153,Promotion banner,4,1,1
CUST_5154,Email,3,3,0
CUST_5154,Email,1,1,1
CUST_5154,Promotion banner,4,2,1
CUST_5154,Email,3,3,0
CUST_5155,Promotion banner,5,2,1
CUST_5156,Push Notification,4,3,0
CUST_5156,SMS,1,0,1
CUST_5156,Promotion banner,1,2,0
CUST_5157,Push Notification,3,3,0
CUST_5158,SMS,1,3,0
CUST_5158,SMS,5,2,0
CUST_5158,SMS,3,0,1
CUST_5158,SMS,1,3,1
CUST_5159,SMS,3,2,0
CUST_5159,SMS,5,3,1
CUST_5159,Email,2,3,1
CUST_5160,Promotion banner,3,3,0
CUST_5160,Promotion banner,5,0,0
CUST_5160,Promotion banner,2,1,0
CUST_5161,Email,2,3,0
CUST_5161,Push Notification,4,2,0
CUST_5162,Promotion banner,5,2,1
CUST_5162,Push Notification,2,3,1
CUST_5162,SMS,3,3,0
CUST_5162,SMS,2,0,0
CUST_5163,Promotion banner,3,3,0
CUST_5163,Email,5,0,1
CUST_5163,SMS,4,0,0
CUST_5163,Email,1,1,1
CUST_5164,Push Notification,2,1,0
CUST_5164,Push Notification,5,0,0
CUST_5165,SMS,5,3,0
CUST_5165,Email,4,2,0
CUST_5165,Promotion banner,2,1,0
CUST_5165,Promotion banner,4,2,0
CUST_5166,Email,1,1,0
CUST_5166,Promotion banner,1,0,1
CUST_5166,Push Notification,1,0,1
CUST_5167,Push Notification,4,1,0
CUST_5167,SMS,4,0,0
CUST_5168,Promotion banner,4,1,0
CUST_5169,SMS,3,1,1
CUST_5169,Promotion banner,4,2,0
CUST_5169,SMS,2,0,1
CUST_5169,Promotion banner,1,1,1
CUST_5170,SMS,5,0,1
CUST_5170,Promotion banner,4,3,0
CUST_5170,SMS,1,3,0
CUST_5171,SMS,5,2,0
CUST_5171,Promotion banner,3,0,0
CUST_5171,Push Notification,1,1,1
CUST_5171,SMS,3,3,1
CUST_5172,SMS,5,0,1
CUST_5173,SMS,5,0,0
CUST_5173,Promotion banner,1,3,0
CUST_5173,SMS,1,1,1
CUST_5173,Promotion banner,2,1,0
CUST_5174,SMS,2,0,0
CUST_5174,Push Notification,5,1,0
CUST_5174,SMS,4,2,0
CUST_5175,Email,4,3,0
CUST_5175,Promotion banner,4,1,1
CUST_5176,Push Notification,3,1,1
CUST_5176,Email,1,3,1
CUST_5177,Push Notification,3,3,1
CUST_5177,Push Notification,2,0,0
CUST_5177,Promotion banner,1,2,0
CUST_5178,Push Notification,3,1,0
CUST_5179,Email,5,2,1
CUST_5179,SMS,5,3,0
CUST_5179,SMS,5,3,1
CUST_5180,Email,5,2,1
CUST_5180,Push Notification,1,3,1
CUST_5180,Promotion banner,3,2,0
CUST_5180,Promotion banner,5,1,0
CUST_5181,Push Notification,5,1,1
CUST_5181,SMS,4,0,1
CUST_5181,Promotion banner,2,1,0
CUST_5181,SMS,2,0,1
CUST_5182,SMS,5,0,1
CUST_5182,SMS,5,3,0
CUST_5182,Email,4,1,0
CUST_5182,Promotion banner,3,1,1
CUST_5183,SMS,1,3,1
CUST_5184,SMS,3,2,0
CUST_5184,SMS,5,0,1
CUST_5185,Push Notification,5,1,1
CUST_5185,Email,3,0,0
CUST_5186,Promotion banner,1,3,0
CUST_5186,Push Notification,2,2,0
CUST_5186,SMS,3,2,0
CUST_5186,Push Notification,4,0,1
CUST_5187,Push Notification,5,1,0
CUST_5187,Push Notification,5,2,1
CUST_5187,Promotion banner,5,0,1
CUST_5187,Email,4,1,1
CUST_5188,Push Notification,5,1,0
CUST_5188,Email,2,1,0
CUST_5188,Email,4,1,0
CUST_5188,Email,2,0,0
CUST_5189,Promotion banner,2,2,1
CUST_5189,SMS,2,1,0
CUST_5189,Push Notification,2,0,0
CUST_5190,Email,3,0,0
CUST_5190,Promotion banner,2,3,1
CUST_5191,Email,1,0,1
CUST_5191,Promotion banner,1,3,0
CUST_5192,SMS,3,3,1
CUST_5193,Push Notification,1,1,1
CUST_5194,Promotion banner,2,1,0
CUST_5195,Promotion banner,4,1,1
CUST_5195,Email,4,2,0
CUST_5195,Promotion banner,1,2,1
CUST_5195,Promotion banner,3,2,0
CUST_5196,SMS,1,0,0
CUST_5196,Promotion banner,5,2,1
CUST_5197,SMS,4,2,1
CUST_5198,SMS,3,1,0
CUST_5198,Push Notification,5,3,1
CUST_5199,Promotion banner,5,1,1
CUST_5199,SMS,2,0,1
CUST_5200,Email,4,0,0
CUST_5200,Push Notification,3,3,0
CUST_5200,Push Notification,3,0,1
CUST_5200,Promotion banner,1,2,1
CUST_5201,Push Notification,3,2,1
CUST_5201,Push Notification,4,3,1
CUST_5201,Promotion banner,5,0,1
CUST_5201,Email,5,1,1
CUST_5202,Push Notification,1,1,0
CUST_5202,SMS,1,1,0
CUST_5203,Push Notification,4,0,1
CUST_5203,Email,5,2,0
CUST_5204,SMS,1,2,1
CUST_5204,Promotion banner,2,1,1
CUST_5205,Email,3,3,0
CUST_5205,Promotion banner,3,0,1
CUST_5205,Email,3,1,1
CUST_5205,Email,2,0,0
CUST_5206,SMS,3,0,0
CUST_5206,Email,5,1,0
CUST_5206,Email,5,2,0
CUST_5207,Promotion banner,2,0,0
CUST_5207,Promotion banner,2,2,1
CUST_5208,Push Notification,5,1,0
CUST_5208,Push Notification,2,3,0
CUST_5209,Email,1,3,0
CUST_5209,SMS,4,2,0
CUST_5209,Email,2,2,0
CUST_5209,Push Notification,4,2,0
CUST_5210,SMS,2,0,1
CUST_5210,Push Notification,3,1,0
CUST_5211,Push Notification,5,3,1
CUST_5212,SMS,3,3,0
CUST_5212,SMS,3,1,1
CUST_5213,SMS,1,3,1
CUST_5213,Email,5,3,1
CUST_5213,SMS,4,3,1
CUST_5213,Push Notification,5,3,1
CUST_5214,Promotion banner,5,1,1
CUST_5215,SMS,1,0,1
CUST_5215,SMS,2,2,0
CUST_5216,Promotion banner,3,2,1
CUST_5216,SMS,2,0,1
CUST_5217,Push Notification,5,0,0
CUST_5217,Promotion banner,4,2,0
CUST_5218,SMS,2,2,1
CUST_5218,SMS,1,2,0
CUST_5218,Push Notification,3,2,1
CUST_5219,Email,4,2,1
CUST_5219,Email,2,3,0
CUST_5219,Push Notification,4,3,1
CUST_5220,Email,4,2,1
CUST_5221,Promotion banner,5,2,0
CUST_5221,Promotion banner,1,3,0
CUST_5221,Email,5,0,0
CUST_5221,SMS,2,1,0
CUST_5222,Promotion banner,1,1,0
CUST_5223,Push Notification,5,3,1
CUST_5224,SMS,1,3,0
CUST_5224,SMS,1,0,1
CUST_5224,Promotion banner,3,2,1
CUST_5224,Promotion banner,2,1,1
CUST_5225,Promotion banner,5,3,1
CUST_5226,Push Notification,5,0,1
CUST_5226,Promotion banner,2,0,0
CUST_5227,Push Notification,4,3,0
CUST_5228,Email,3,2,1
CUST_5229,Email,3,0,1
CUST_5230,Promotion banner,4,1,1
CUST_5230,Promotion banner,3,1,1
CUST_5230,SMS,5,1,0
CUST_5230,Promotion banner,3,0,1
CUST_5231,SMS,4,2,0
CUST_5231,SMS,2,0,1
CUST_5231,Email,1,1,0
CUST_5231,SMS,1,0,0
CUST_5232,Push Notification,2,3,0
CUST_5233,Promotion banner,2,2,0
CUST_5233,Email,3,1,0
CUST_5233,Promotion banner,1,3,1
CUST_5234,SMS,1,2,0
CUST_5234,Email,1,1,0
CUST_5234,SMS,2,2,0
CUST_5235,Push Notification,4,2,1
CUST_5235,SMS,4,2,0
CUST_5236,Promotion banner,1,3,1
CUST_5236,Push Notification,3,0,0
CUST_5237,Promotion banner,1,0,1
CUST_5237,Promotion banner,1,1,0
CUST_5237,Promotion banner,2,3,0
CUST_5237,Promotion banner,1,3,1
CUST_5238,Promotion banner,4,0,1
CUST_5239,SMS,3,0,0
CUST_5239,Push Notification,3,1,0
CUST_5239,Promotion banner,5,1,0
CUST_5239,Promotion banner,4,2,1
CUST_5240,Push Notification,1,0,1
CUST_5240,Promotion banner,4,2,1
CUST_5240,Email,3,2,0
CUST_5240,Email,3,1,0
CUST_5241,SMS,1,3,0
CUST_5241,Promotion banner,3,1,0
CUST_5242,SMS,2,0,0
CUST_5242,Email,3,0,1
CUST_5242,Push Notification,1,3,1
CUST_5243,Email,2,3,0
CUST_5243,Promotion banner,2,3,0
CUST_5243,Email,4,3,0
CUST_5244,Email,4,3,0
CUST_5244,Push Notification,4,2,0
CUST_5244,Promotion banner,5,0,1
CUST_5245,Promotion banner,3,1,0
CUST_5245,SMS,5,1,0
CUST_5245,SMS,5,3,1
CUST_5245,Email,1,0,0
CUST_5246,SMS,4,0,1
CUST_5246,Promotion banner,3,1,1
CUST_5246,SMS,3,1,1
CUST_5247,Promotion banner,3,0,1
CUST_5248,Push Notification,3,1,1
CUST_5248,Push Notification,3,3,1
CUST_5248,Promotion banner,4,2,1
CUST_5248,Email,1,0,0
CUST_5249,Promotion banner,1,2,0
CUST_5250,Email,3,3,0
CUST_5250,Promotion banner,2,2,1
CUST_5250,Email,5,1,1
CUST_5251,Promotion banner,5,2,1
CUST_5251,Promotion banner,5,3,0
CUST_5251,Email,1,0,0
CUST_5251,Email,5,2,1
CUST_5252,Push Notification,4,2,1
CUST_5253,Promotion banner,5,2,1
CUST_5253,Email,3,1,1
CUST_5253,Push Notification,3,0,0
CUST_5253,SMS,4,0,0
CUST_5254,Email,2,3,1
CUST_5254,Push Notification,4,2,0
CUST_5255,Promotion banner,2,3,0
CUST_5255,Email,3,2,1
CUST_5255,Push Notification,4,1,0
CUST_5255,Push Notification,3,1,0
CUST_5256,SMS,4,0,0
CUST_5256,Email,2,1,1
CUST_5257,Push Notification,3,1,0
CUST_5258,Push Notification,2,0,0
CUST_5258,Email,1,2,1
CUST_5258,Email,2,3,0
CUST_5258,Promotion banner,3,3,0
CUST_5259,SMS,5,1,0
CUST_5259,SMS,1,1,1
CUST_5259,Email,1,3,1
CUST_5260,Promotion banner,3,1,0
CUST_5260,Email,4,0,0
CUST_5260,Push Notification,4,2,1
CUST_5261,SMS,3,0,1
CUST_5261,Push Notification,1,2,0
CUST_5261,Email,3,3,1
CUST_5261,Push Notification,1,1,1
CUST_5262,Push Notification,1,3,1
CUST_5262,Push Notification,5,0,0
CUST_5262,Promotion banner,5,0,0
CUST_5262,Promotion banner,5,2,1
CUST_5263,SMS,1,3,0
CUST_5263,SMS,5,2,1
CUST_5263,SMS,5,1,1
CUST_5263,Promotion banner,3,1,1
CUST_5264,SMS,1,1,1
CUST_5264,Push Notification,5,2,0
CUST_5264,Email,2,1,1
CUST_5264,Email,2,1,1
CUST_5265,SMS,5,2,0
CUST_5265,Push Notification,3,1,0
CUST_5265,Promotion banner,4,0,1
CUST_5265,Promotion banner,1,0,0
CUST_5266,Push Notification,1,3,1
CUST_5266,Email,2,2,0
CUST_5266,Email,4,2,0
CUST_5267,Push Notification,2,1,0
CUST_5268,Promotion banner,5,3,1
CUST_5268,Push Notification,1,3,0
CUST_5268,Push Notification,5,0,0
CUST_5268,Push Notification,2,1,0
CUST_5269,Promotion banner,3,3,0
CUST_5269,SMS,3,3,1
CUST_5270,Promotion banner,5,0,0
CUST_5270,Promotion banner,5,3,0
CUST_5271,Promotion banner,2,1,1
CUST_5271,SMS,4,3,0
CUST_5271,SMS,2,3,1
CUST_5272,Promotion banner,5,3,0
CUST_5273,Email,2,3,0
CUST_5273,Push Notification,3,1,0
CUST_5274,SMS,3,2,1
CUST_5274,SMS,2,2,1
CUST_5274,Promotion banner,5,2,0
CUST_5274,SMS,5,0,0
CUST_5275,Push Notification,2,3,1
CUST_5276,SMS,3,2,1
CUST_5276,Promotion banner,4,0,0
CUST_5277,Push Notification,3,2,0
CUST_5278,Push Notification,5,1,0
CUST_5279,Promotion banner,3,0,0
CUST_5279,SMS,2,2,0
CUST_5279,Promotion banner,1,0,0
CUST_5279,Email,4,1,0
CUST_5280,Promotion banner,5,2,0
CUST_5281,SMS,2,0,0
CUST_5282,Promotion banner,1,0,1
CUST_5282,Push Notification,4,0,1
CUST_5282,Email,2,0,0
CUST_5282,Email,3,2,0
CUST_5283,Email,4,1,1
CUST_5283,Promotion banner,5,1,0
CUST_5284,SMS,4,3,1
CUST_5284,Promotion banner,5,2,1
CUST_5285,Push Notification,4,2,0
CUST_5285,SMS,5,1,0
CUST_5285,Email,2,1,0
CUST_5285,Email,1,3,0
CUST_5286,Push Notification,4,0,0
CUST_5287,Email,1,1,0
CUST_5287,SMS,5,3,1
CUST_5288,SMS,5,0,1
CUST_5288,Email,5,0,1
CUST_5288,Email,4,3,1
CUST_5289,Promotion banner,2,3,0
CUST_5289,Email,2,0,0
CUST_5289,Push Notification,5,1,0
CUST_5290,Push Notification,2,1,0
CUST_5290,Push Notification,1,0,1
CUST_5290,Email,4,0,0
CUST_5291,Promotion banner,2,0,1
CUST_5291,SMS,4,0,1
CUST_5291,SMS,4,2,0
CUST_5291,Promotion banner,1,2,1
CUST_5292,Promotion banner,3,1,1
CUST_5292,SMS,2,2,0
CUST_5293,Push Notification,5,1,1
CUST_5294,Push Notification,3,3,0
CUST_5295,Push Notification,1,2,0
CUST_5296,SMS,1,0,1
CUST_5297,SMS,4,3,0
CUST_5297,Email,1,1,0
CUST_5297,Email,4,2,0
CUST_5298,Email,2,0,1
CUST_5298,Push Notification,2,1,1
CUST_5298,Push Notification,4,3,0
CUST_5298,Email,2,3,0
CUST_5299,SMS,3,1,1
CUST_5299,Promotion banner,3,0,1
CUST_5299,Promotion banner,2,1,1
CUST_5300,SMS,1,1,1
CUST_5300,Email,5,2,0
CUST_5300,Push Notification,4,3,0
CUST_5300,Email,2,2,0
CUST_5301,Email,4,0,1
CUST_5301,Promotion banner,2,3,1
CUST_5301,Promotion banner,3,2,1
CUST_5301,SMS,1,2,1
CUST_5302,SMS,4,0,0
CUST_5302,SMS,1,3,0
CUST_5303,Promotion banner,2,3,1
CUST_5304,Push Notification,3,2,0
CUST_5304,SMS,1,2,1
CUST_5305,SMS,4,2,1
CUST_5305,Email,5,3,1
CUST_5305,Email,5,0,1
CUST_5305,SMS,3,1,0
CUST_5306,Promotion banner,4,1,1
CUST_5307,SMS,4,0,0
CUST_5307,Promotion banner,1,2,0
CUST_5307,Push Notification,2,0,1
CUST_5308,SMS,3,1,1
CUST_5309,SMS,5,3,1
CUST_5309,SMS,3,1,0
CUST_5309,Promotion banner,3,1,1
CUST_5309,SMS,4,2,1
CUST_5310,Email,1,2,1
CUST_5310,SMS,3,3,1
CUST_5310,Email,5,2,0
CUST_5311,Email,2,3,1
CUST_5311,Promotion banner,1,3,1
CUST_5311,Email,4,2,1
CUST_5312,Promotion banner,2,2,1
CUST_5313,Promotion banner,5,2,1
CUST_5314,Promotion banner,2,3,1
CUST_5314,Promotion banner,1,2,0
CUST_5314,Promotion banner,1,1,1
CUST_5315,Push Notification,3,1,0
CUST_5315,Promotion banner,4,0,0
CUST_5315,SMS,3,2,0
CUST_5315,Promotion banner,5,1,0
CUST_5316,Email,2,2,0
CUST_5316,Push Notification,5,2,1
CUST_5317,SMS,2,3,0
CUST_5317,Email,2,3,1
CUST_5317,Push Notification,3,0,0
CUST_5318,Email,2,1,1
CUST_5318,Promotion banner,3,2,0
CUST_5318,Promotion banner,2,2,0
CUST_5318,Promotion banner,5,1,0
CUST_5319,Email,2,2,1
CUST_5320,Promotion banner,4,3,1
CUST_5320,SMS,5,2,1
CUST_5320,Promotion banner,2,1,0
CUST_5320,Push Notification,3,2,0
CUST_5321,Push Notification,1,1,1
CUST_5321,Promotion banner,5,3,0
CUST_5322,Promotion banner,3,2,1
CUST_5322,Push Notification,5,3,0
CUST_5322,Email,3,2,1
CUST_5323,Email,5,1,0
CUST_5323,Email,5,0,1
CUST_5324,Promotion banner,2,3,0
CUST_5325,Email,3,0,1
CUST_5325,Push Notification,4,2,1
CUST_5325,Push Notification,3,2,0
CUST_5325,Promotion banner,5,3,0
CUST_5326,SMS,5,1,0
CUST_5327,Push Notification,3,0,0
CUST_5327,Email,2,2,0
CUST_5327,Promotion banner,2,0,1
CUST_5327,Email,1,3,1
CUST_5328,Promotion banner,5,2,1
CUST_5328,Email,4,0,0
CUST_5328,SMS,3,3,0
CUST_5329,Promotion banner,3,2,0
CUST_5329,Email,4,3,0
CUST_5329,Email,3,3,0
CUST_5330,Push Notification,4,0,0
CUST_5330,Promotion banner,2,2,1
CUST_5330,SMS,4,1,0
CUST_5330,Promotion banner,5,0,1
CUST_5331,Push Notification,5,2,1
CUST_5331,SMS,5,3,1
CUST_5331,SMS,3,1,1
CUST_5332,Email,2,1,0
CUST_5332,Email,2,3,0
CUST_5332,Promotion banner,1,3,0
CUST_5332,Promotion banner,1,0,0
CUST_5333,Push Notification,4,2,1
CUST_5333,Push Notification,5,3,1
CUST_5333,Promotion banner,1,2,0
CUST_5334,Email,4,0,1
CUST_5335,Email,4,1,1
CUST_5335,SMS,3,2,0
CUST_5335,Email,2,3,1
CUST_5336,Email,1,2,1
CUST_5336,Push Notification,3,0,0
CUST_5336,Push Notification,3,0,1
CUST_5337,SMS,4,1,1
CUST_5337,Push Notification,1,2,0
CUST_5338,Promotion banner,2,2,0
CUST_5338,SMS,1,2,1
CUST_5339,SMS,4,3,1
CUST_5340,Email,5,2,0
CUST_5341,Email,4,3,1
CUST_5341,Promotion banner,4,3,1
CUST_5342,Promotion banner,3,2,1
CUST_5343,Push Notification,4,1,1
CUST_5343,Email,3,0,0
CUST_5343,Promotion banner,5,1,0
CUST_5343,Promotion banner,1,2,0
CUST_5344,Promotion banner,1,3,0
CUST_5344,Promotion banner,5,0,0
CUST_5345,Promotion banner,1,3,1
CUST_5345,Email,3,1,0
CUST_5345,Push Notification,4,1,1
CUST_5345,Email,2,3,1
CUST_5346,Push Notification,5,1,0
CUST_5347,Email,2,0,1
CUST_5347,Promotion banner,3,2,0
CUST_5347,Promotion banner,2,1,1
CUST_5347,Email,3,3,1
CUST_5348,Push Notification,5,2,0
CUST_5348,Email,4,1,1
CUST_5348,Email,3,0,0
CUST_5348,Push Notification,1,3,0
CUST_5349,SMS,2,3,1
CUST_5350,Push Notification,4,2,1
CUST_5350,Email,1,1,0
CUST_5350,Email,1,1,1
CUST_5351,Email,4,2,1
CUST_5351,SMS,4,3,0
CUST_5351,SMS,1,1,1
CUST_5352,Promotion banner,1,2,1
CUST_5352,Promotion banner,2,0,1
CUST_5352,Promotion banner,2,3,1
CUST_5353,Push Notification,5,3,0
CUST_5353,Email,4,0,1
CUST_5353,Promotion banner,1,3,0
CUST_5354,Email,3,0,1
CUST_5354,Promotion banner,5,0,0
CUST_5355,Push Notification,3,3,1
CUST_5356,SMS,2,2,1
CUST_5357,Push Notification,5,0,1
CUST_5357,Promotion banner,4,3,1
CUST_5357,Push Notification,4,1,0
CUST_5358,Email,5,1,1
CUST_5358,SMS,1,0,1
CUST_5358,Email,3,3,1
CUST_5358,Push Notification,2,3,0
CUST_5359,Push Notification,1,3,1
CUST_5359,SMS,1,1,0
CUST_5359,Promotion banner,1,2,0
CUST_5359,Promotion banner,5,0,1
CUST_5360,SMS,5,1,0
CUST_5360,Promotion banner,1,3,1
CUST_5360,Promotion banner,4,2,0
CUST_5361,SMS,1,1,1
CUST_5361,SMS,3,3,1
CUST_5361,Promotion banner,5,1,1
CUST_5362,Promotion banner,1,3,0
CUST_5362,Promotion banner,3,3,0
CUST_5362,Email,2,1,1
CUST_5363,Email,5,1,0
CUST_5363,Push Notification,4,1,1
CUST_5364,Push Notification,5,3,1
CUST_5364,Promotion banner,4,2,0
CUST_5364,Email,4,2,1
CUST_5364,Push Notification,2,3,0
CUST_5365,SMS,1,2,0
CUST_5365,Push Notification,1,0,1
CUST_5366,SMS,2,2,1
CUST_5366,Email,5,2,1
CUST_5366,Push Notification,1,1,1
CUST_5366,Promotion banner,4,3,1
CUST_5367,Promotion banner,3,2,0
CUST_5368,Promotion banner,2,0,1
CUST_5368,Push Notification,4,1,1
CUST_5368,Push Notification,3,1,0
CUST_5369,Push Notification,1,0,0
CUST_5370,Push Notification,2,0,1
CUST_5370,Promotion banner,4,2,1
CUST_5371,Email,5,3,1
CUST_5371,Email,1,0,0
CUST_5371,Email,1,1,1
CUST_5371,SMS,1,2,0
CUST_5372,Push Notification,1,1,0
CUST_5372,Email,5,0,0
CUST_5373,Email,2,2,0
CUST_5373,SMS,2,2,1
CUST_5374,Email,4,3,0
CUST_5375,Email,2,1,0
CUST_5375,Email,2,1,0
CUST_5376,Email,3,2,1
CUST_5376,Push Notification,4,1,1
CUST_5376,Push Notification,5,0,1
CUST_5376,Promotion banner,5,1,0
CUST_5377,Push Notification,4,1,1
CUST_5378,Promotion banner,1,0,1
CUST_5378,SMS,4,1,1
CUST_5379,SMS,4,1,1
CUST_5379,SMS,4,3,0
CUST_5379,SMS,2,1,0
CUST_5379,Promotion banner,2,3,0
CUST_5380,Push Notification,4,2,0
CUST_5380,Email,3,1,1
CUST_5380,Promotion banner,1,0,0
CUST_5381,SMS,1,0,0
CUST_5381,SMS,1,2,1
CUST_5381,Email,2,2,1
CUST_5382,Push Notification,3,3,1
CUST_5382,SMS,3,3,0
CUST_5383,Push Notification,2,2,0
CUST_5384,Push Notification,4,0,0
CUST_5384,Push Notification,4,2,1
CUST_5384,Push Notification,4,0,0
CUST_5385,Push Notification,4,3,1
CUST_5385,Promotion banner,1,1,1
CUST_5385,Email,2,2,1
CUST_5386,Email,4,3,0
CUST_5386,Email,1,0,0
CUST_5386,Email,2,0,0
CUST_5387,Push Notification,2,0,1
CUST_5387,Promotion banner,4,0,0
CUST_5388,Push Notification,4,3,1
CUST_5388,Push Notification,5,3,1
CUST_5388,Email,1,3,1
CUST_5389,Promotion banner,1,3,1
CUST_5389,Promotion banner,1,1,0
CUST_5389,Email,1,2,0
CUST_5389,Promotion banner,5,2,1
CUST_5390,Promotion banner,4,2,0
CUST_5390,Push Notification,1,2,0
CUST_5391,Email,5,2,0
CUST_5391,SMS,1,0,1
CUST_5392,Email,5,3,0
CUST_5393,Email,2,0,1
CUST_5394,Push Notification,2,3,1
CUST_5394,Email,2,2,1
CUST_5394,SMS,2,1,0
CUST_5395,Promotion banner,1,0,0
CUST_5395,SMS,4,2,0
CUST_5395,SMS,4,2,1
CUST_5395,SMS,1,1,0
CUST_5396,Promotion banner,2,0,0
CUST_5397,SMS,3,3,1
CUST_5398,Push Notification,3,3,0
CUST_5398,Promotion banner,1,2,1
CUST_5398,Promotion banner,4,3,0
CUST_5398,Email,5,0,1
CUST_5399,Email,4,2,0
CUST_5399,SMS,3,3,0
CUST_5400,SMS,3,2,0
CUST_5400,SMS,4,2,1
CUST_5400,Email,5,3,1
CUST_5401,SMS,1,1,0
CUST_5401,Promotion banner,4,0,0
CUST_5402,Push Notification,5,1,0
CUST_5403,SMS,3,0,1
CUST_5404,Email,4,3,1
CUST_5404,Promotion banner,5,2,0
CUST_5404,SMS,4,0,1
CUST_5404,SMS,3,1,1
CUST_5405,Email,5,0,1
CUST_5406,Email,5,3,0
CUST_5406,Email,1,3,1
CUST_5406,Email,4,1,1
CUST_5406,Promotion banner,3,3,0
CUST_5407,SMS,2,0,1
CUST_5407,Push Notification,2,3,1
CUST_5407,Promotion banner,4,0,1
CUST_5407,Promotion banner,1,1,0
CUST_5408,Promotion banner,3,3,1
CUST_5408,Promotion banner,1,0,1
CUST_5408,Push Notification,3,3,1
CUST_5408,Promotion banner,2,3,1
CUST_5409,Promotion banner,5,3,1
CUST_5409,Push Notification,1,3,0
CUST_5409,Promotion banner,4,3,0
CUST_5410,Email,4,0,1
CUST_5410,Push Notification,2,3,1
CUST_5411,Push Notification,2,2,1
CUST_5411,Push Notification,4,0,1
CUST_5411,Email,2,0,0
CUST_5411,Email,1,2,1
CUST_5412,Email,3,3,1
CUST_5413,Promotion banner,5,0,0
CUST_5414,Email,5,3,1
CUST_5414,Push Notification,5,1,1
CUST_5414,Push Notification,2,0,0
CUST_5415,Email,5,3,1
CUST_5415,Email,2,2,0
CUST_5415,Promotion banner,4,2,1
CUST_5415,Promotion banner,2,0,1
CUST_5416,Promotion banner,1,0,1
CUST_5416,Push Notification,1,2,0
CUST_5417,Promotion banner,5,2,0
CUST_5417,Email,3,0,1
CUST_5417,Push Notification,5,1,1
CUST_5418,Email,5,1,0
CUST_5418,Push Notification,4,2,0
CUST_5418,SMS,1,0,0
CUST_5419,Push Notification,2,1,0
CUST_5419,Push Notification,4,3,0
CUST_5419,SMS,4,0,1
CUST_5419,SMS,5,2,1
CUST_5420,Promotion banner,4,2,0
CUST_5420,Promotion banner,5,2,1
CUST_5420,Email,2,1,0
CUST_5421,Email,5,0,1
CUST_5421,Push Notification,2,3,0
CUST_5421,SMS,4,3,1
CUST_5422,SMS,2,2,0
CUST_5422,SMS,1,1,1
CUST_5422,Email,3,2,0
CUST_5423,Promotion banner,2,2,0
CUST_5423,SMS,2,0,0
CUST_5423,Push Notification,1,1,1
CUST_5423,Push Notification,1,1,1
CUST_5424,Push Notification,5,1,0
CUST_5424,Promotion banner,2,1,1
CUST_5424,SMS,5,0,1
CUST_5425,Push Notification,3,0,0
CUST_5425,Promotion banner,5,0,1
CUST_5426,Promotion banner,1,2,1
CUST_5426,Push Notification,2,2,0
CUST_5426,SMS,4,3,0
CUST_5426,Promotion banner,5,0,0
CUST_5427,Push Notification,1,1,1
CUST_5427,SMS,2,0,0
CUST_5427,Push Notification,4,2,1
CUST_5428,Push Notification,5,0,1
CUST_5428,Promotion banner,1,3,1
CUST_5428,Email,4,1,0
CUST_5429,Promotion banner,5,2,1
CUST_5429,Push Notification,4,2,0
CUST_5430,Push Notification,4,2,0
CUST_5431,Email,2,1,1
CUST_5431,SMS,1,0,1
CUST_5432,Promotion banner,1,0,1
CUST_5432,Push Notification,3,2,1
CUST_5433,Email,1,2,0
CUST_5433,SMS,3,0,1
CUST_5433,Promotion banner,2,3,1
CUST_5434,Push Notification,4,3,1
CUST_5434,Push Notification,2,2,0
CUST_5434,SMS,3,3,1
CUST_5435,Push Notification,3,2,1
CUST_5435,SMS,3,3,0
CUST_5436,Push Notification,1,3,0
CUST_5436,SMS,5,3,1
CUST_5436,Push Notification,1,3,0
CUST_5436,SMS,2,1,0
CUST_5437,Push Notification,3,2,1
CUST_5437,SMS,1,1,0
CUST_5437,Push Notification,5,0,1
CUST_5437,Push Notification,4,0,1
CUST_5438,Promotion banner,5,3,1
CUST_5438,Push Notification,4,1,0
CUST_5438,Push Notification,4,0,0
CUST_5439,Promotion banner,4,0,0
CUST_5439,Promotion banner,4,1,1
CUST_5439,SMS,4,0,0
CUST_5439,Email,4,3,1
CUST_5440,Promotion banner,3,0,0
CUST_5440,Email,5,3,0
CUST_5440,Promotion banner,1,2,1
CUST_5441,Push Notification,2,2,0
CUST_5442,Push Notification,4,0,0
CUST_5443,Promotion banner,3,2,0
CUST_5443,Push Notification,5,2,1
CUST_5443,Promotion banner,3,1,1
CUST_5444,Promotion banner,4,0,0
CUST_5445,Promotion banner,2,2,1
CUST_5445,Push Notification,5,3,1
CUST_5445,SMS,3,1,0
CUST_5446,Email,4,3,1
CUST_5446,Push Notification,3,0,1
CUST_5446,Promotion banner,1,2,1
CUST_5446,Email,1,2,0
CUST_5447,Promotion banner,5,2,1
CUST_5448,SMS,4,0,0
CUST_5448,Promotion banner,3,0,1
CUST_5448,Push Notification,2,0,0
CUST_5448,Push Notification,3,3,1
CUST_5449,Email,3,0,0
CUST_5449,Promotion banner,3,3,0
CUST_5450,Push Notification,5,2,1
CUST_5450,Email,5,3,1
CUST_5451,Promotion banner,3,2,0
CUST_5451,Push Notification,5,2,1
CUST_5451,SMS,3,3,1
CUST_5451,SMS,4,3,1
CUST_5452,Promotion banner,1,0,0
CUST_5452,Promotion banner,4,3,1
CUST_5453,SMS,1,0,1
CUST_5453,SMS,1,3,1
CUST_5454,Promotion banner,4,1,0
CUST_5454,Push Notification,2,3,1
CUST_5454,Promotion banner,2,3,0
CUST_5455,Email,2,0,0
CUST_5456,Email,1,1,1
CUST_5457,SMS,3,1,0
CUST_5458,SMS,3,1,0
CUST_5458,Push Notification,4,1,0
CUST_5458,Promotion banner,1,0,1
CUST_5459,Push Notification,1,3,0
CUST_5459,SMS,2,0,1
CUST_5459,Push Notification,5,3,1
CUST_5459,Push Notification,5,1,0
CUST_5460,Promotion banner,2,1,0
CUST_5460,SMS,5,0,1
CUST_5460,Promotion banner,2,0,1
CUST_5461,Push Notification,4,2,1
CUST_5461,Promotion banner,5,3,1
CUST_5461,Push Notification,5,0,1
CUST_5462,SMS,4,1,0
CUST_5462,Promotion banner,4,3,1
CUST_5463,Push Notification,4,1,0
CUST_5464,SMS,1,2,0
CUST_5464,Push Notification,5,3,1
CUST_5464,Email,1,0,0
CUST_5464,SMS,5,3,0
CUST_5465,Push Notification,4,1,1
CUST_5465,Email,1,0,0
CUST_5466,Promotion banner,3,3,1
CUST_5466,SMS,5,1,0
CUST_5466,SMS,1,1,0
CUST_5467,Promotion banner,2,3,1
CUST_5467,Promotion banner,3,3,1
CUST_5467,Push Notification,2,3,1
CUST_5468,Promotion banner,4,2,0
CUST_5468,Email,4,0,0
CUST_5468,Email,1,0,0
CUST_5469,Email,4,2,0
CUST_5470,Email,5,3,0
CUST_5471,SMS,2,0,0
CUST_5471,Email,3,1,1
CUST_5472,SMS,3,3,1
CUST_5472,Push Notification,2,3,0
CUST_5472,SMS,3,0,1
CUST_5473,SMS,4,2,0
CUST_5473,Push Notification,1,0,0
CUST_5473,Promotion banner,4,2,1
CUST_5473,Promotion banner,2,3,1
CUST_5474,SMS,3,2,0
CUST_5474,SMS,1,1,0
CUST_5475,Promotion banner,1,3,0
CUST_5475,Push Notification,3,3,1
CUST_5475,Email,4,2,0
CUST_5476,Push Notification,5,0,1
CUST_5476,Email,5,2,0
CUST_5477,Promotion banner,5,3,0
CUST_5477,SMS,1,3,0
CUST_5478,Promotion banner,4,3,0
CUST_5478,SMS,5,2,1
CUST_5478,Promotion banner,4,3,1
CUST_5478,Push Notification,1,1,1
CUST_5479,Promotion banner,4,3,1
CUST_5479,Push Notification,5,0,0
CUST_5479,Email,5,2,1
CUST_5480,SMS,5,0,1
CUST_5480,Email,3,2,0
CUST_5480,Email,4,3,1
CUST_5480,Promotion banner,2,2,1
CUST_5481,Promotion banner,3,2,0
CUST_5481,Push Notification,5,0,0
CUST_5481,Promotion banner,1,3,0
CUST_5482,SMS,5,1,1
CUST_5482,Push Notification,2,0,0
CUST_5483,SMS,3,3,0
CUST_5483,Email,5,0,0
CUST_5483,SMS,3,1,1
CUST_5484,Promotion banner,5,2,1
CUST_5485,Promotion banner,5,2,0
CUST_5486,Push Notification,1,2,0
CUST_5486,Email,2,0,1
CUST_5486,Email,2,1,0
CUST_5486,Promotion banner,2,0,0
CUST_5487,Email,1,0,1
CUST_5487,SMS,1,3,1
CUST_5487,Promotion banner,2,2,1
CUST_5487,Email,2,2,0
CUST_5488,Email,1,1,1
CUST_5488,Promotion banner,3,2,1
CUST_5489,SMS,3,0,0
CUST_5490,Promotion banner,1,1,0
CUST_5490,Promotion banner,1,3,0
CUST_5490,Email,4,1,1
CUST_5491,Promotion banner,5,0,1
CUST_5491,Push Notification,4,2,0
CUST_5491,Push Notification,3,1,0
CUST_5492,Push Notification,4,3,0
CUST_5492,Promotion banner,4,3,1
CUST_5492,Push Notification,2,3,0
CUST_5492,Promotion banner,4,1,1
CUST_5493,Push Notification,3,1,0
CUST_5494,SMS,2,1,0
CUST_5494,Promotion banner,4,2,0
CUST_5494,Email,3,0,1
CUST_5494,SMS,3,1,1
CUST_5495,SMS,4,1,0
CUST_5496,Promotion banner,1,3,0
CUST_5496,SMS,2,3,1
CUST_5496,Email,2,1,0
CUST_5496,Email,1,3,1
CUST_5497,Push Notification,2,1,1
CUST_5497,SMS,2,1,0
CUST_5497,SMS,4,0,1
CUST_5497,SMS,1,0,1
CUST_5498,SMS,1,3,0
CUST_5498,Email,4,1,1
CUST_5499,Push Notification,4,0,1
CUST_5499,Push Notification,3,3,1
CUST_5499,Promotion banner,1,3,1
CUST_5499,SMS,2,3,0
CUST_5500,SMS,2,0,1
CUST_5500,Promotion banner,2,1,0
CUST_5500,Email,5,0,1
CUST_5501,Promotion banner,4,2,1
CUST_5501,Promotion banner,4,1,0
CUST_5501,Promotion banner,5,0,0
CUST_5501,Email,5,0,1
CUST_5502,SMS,3,0,0
CUST_5503,SMS,5,2,0
CUST_5503,Push Notification,5,2,1
CUST_5503,Promotion banner,2,3,0
CUST_5503,Promotion banner,3,3,1
CUST_5504,Push Notification,5,3,0
CUST_5504,Email,2,3,1
CUST_5504,Push Notification,2,1,1
CUST_5504,SMS,2,2,1
CUST_5505,SMS,4,0,0
CUST_5505,Email,1,2,1
CUST_5506,Promotion banner,4,0,1
CUST_5507,Promotion banner,3,1,0
CUST_5507,Push Notification,3,0,0
CUST_5507,Email,1,1,0
CUST_5507,Push Notification,2,1,0
CUST_5508,Push Notification,5,1,1
CUST_5508,SMS,1,2,0
CUST_5509,Promotion banner,2,1,0
CUST_5509,Push Notification,3,2,1
CUST_5509,Promotion banner,3,1,1
CUST_5510,Email,3,1,0
CUST_5511,Email,3,3,1
CUST_5512,SMS,1,0,1
CUST_5512,Push Notification,2,3,0
CUST_5512,Promotion banner,1,1,1
CUST_5512,Promotion banner,3,2,1
CUST_5513,Email,3,3,0
CUST_5514,Promotion banner,4,1,0
CUST_5514,Push Notification,1,2,1
CUST_5514,Email,2,1,1
CUST_5514,Email,1,1,0
CUST_5515,Promotion banner,5,0,0
CUST_5515,SMS,1,1,1
CUST_5515,Promotion banner,5,3,1
CUST_5515,Email,3,3,0
CUST_5516,SMS,5,3,1
CUST_5516,Push Notification,2,3,1
CUST_5516,Email,1,1,1
CUST_5517,SMS,1,2,0
CUST_5518,Push Notification,4,3,0
CUST_5518,Promotion banner,3,0,0
CUST_5519,Promotion banner,4,1,1
CUST_5520,Email,3,0,0
CUST_5520,Push Notification,1,2,0
CUST_5520,Email,2,1,1
CUST_5520,Push Notification,5,1,0
CUST_5521,Promotion banner,2,1,1
CUST_5522,Promotion banner,1,3,1
CUST_5523,SMS,5,2,1
CUST_5523,Email,2,1,0
CUST_5523,Email,3,2,1
CUST_5523,Email,5,0,1
CUST_5524,SMS,3,2,1
CUST_5524,Email,2,0,1
CUST_5525,Push Notification,2,0,1
CUST_5525,Push Notification,2,2,1
CUST_5525,SMS,3,0,0
CUST_5526,Email,1,1,1
CUST_5526,Email,4,0,1
CUST_5526,SMS,4,1,0
CUST_5526,Promotion banner,1,2,1
CUST_5527,Email,5,2,1
CUST_5527,Promotion banner,1,3,0
CUST_5527,Promotion banner,5,0,1
CUST_5528,SMS,3,3,0
CUST_5528,Promotion banner,2,0,1
CUST_5529,Promotion banner,1,2,1
CUST_5529,Promotion banner,5,1,1
CUST_5529,Promotion banner,1,0,0
CUST_5530,Email,4,2,0
CUST_5530,SMS,5,2,0
CUST_5531,Push Notification,2,0,1
CUST_5531,Push Notification,3,0,1
CUST_5532,SMS,5,2,1
CUST_5532,SMS,1,3,1
CUST_5533,Promotion banner,5,3,0
CUST_5533,Email,1,0,1
CUST_5534,Promotion banner,3,3,1
CUST_5534,SMS,3,3,1
CUST_5534,Push Notification,1,2,0
CUST_5535,Push Notification,4,2,1
CUST_5536,Email,2,1,0
CUST_5537,Promotion banner,2,2,1
CUST_5537,Email,4,0,1
CUST_5537,Email,4,1,0
CUST_5538,Push Notification,1,1,0
CUST_5538,Promotion banner,2,3,0
CUST_5538,Push Notification,3,2,0
CUST_5538,SMS,4,0,1
CUST_5539,SMS,5,0,1
CUST_5539,Push Notification,4,2,1
CUST_5540,Promotion banner,1,3,1
CUST_5541,Email,2,3,1
CUST_5541,SMS,3,2,1
CUST_5541,Push Notification,1,3,1
CUST_5541,Push Notification,1,3,0
CUST_5542,SMS,1,3,0
CUST_5543,Promotion banner,2,1,0
CUST_5543,SMS,1,1,0
CUST_5543,Push Notification,2,2,0
CUST_5543,Email,1,3,0
CUST_5544,SMS,4,1,1
CUST_5544,Push Notification,1,3,0
CUST_5544,Email,2,3,1
CUST_5545,SMS,2,2,0
CUST_5545,Push Notification,3,2,0
CUST_5545,SMS,5,1,0
CUST_5545,Email,1,1,0
CUST_5546,Promotion banner,2,0,0
CUST_5547,Promotion banner,3,1,1
CUST_5547,Push Notification,2,0,1
CUST_5548,Push Notification,2,3,0
CUST_5548,Promotion banner,4,2,1
CUST_5549,Push Notification,3,3,0
CUST_5550,Promotion banner,5,1,0
CUST_5551,Push Notification,1,1,1
CUST_5551,Email,4,0,0
CUST_5551,Push Notification,2,2,1
CUST_5552,Push Notification,2,0,1
CUST_5552,Email,3,0,1
CUST_5552,Email,2,0,1
CUST_5552,SMS,2,1,1
CUST_5553,Promotion banner,4,2,0
CUST_5553,Promotion banner,5,3,0
CUST_5553,Promotion banner,4,0,0
CUST_5554,SMS,4,0,1
CUST_5554,Push Notification,5,1,0
CUST_5554,Email,5,1,0
CUST_5555,Promotion banner,2,0,1
CUST_5555,Email,5,1,1
CUST_5555,Push Notification,2,1,0
CUST_5555,Push Notification,2,0,0
CUST_5556,Email,3,3,1
CUST_5556,Promotion banner,4,0,1
CUST_5556,Push Notification,5,0,0
CUST_5557,Push Notification,1,1,0
CUST_5557,Push Notification,5,2,1
CUST_5558,SMS,2,1,1
CUST_5559,Push Notification,2,1,1
CUST_5559,Push Notification,3,2,0
CUST_5560,Push Notification,3,0,0
CUST_5560,Promotion banner,1,2,1
CUST_5560,SMS,2,3,1
CUST_5560,SMS,1,2,0
CUST_5561,Push Notification,2,1,1
CUST_5561,Promotion banner,2,2,1
CUST_5561,Push Notification,2,1,1
CUST_5561,SMS,1,1,1
CUST_5562,Promotion banner,2,1,1
CUST_5562,Email,5,0,0
CUST_5563,Promotion banner,1,1,0
CUST_5563,Push Notification,2,1,1
CUST_5563,Promotion banner,5,1,0
CUST_5563,Push Notification,3,0,0
CUST_5564,Push Notification,2,2,0
CUST_5564,Promotion banner,5,0,1
CUST_5565,Push Notification,4,0,1
CUST_5565,SMS,2,0,1
CUST_5565,Promotion banner,2,3,1
CUST_5565,Push Notification,3,0,1
CUST_5566,SMS,2,1,0
CUST_5566,SMS,3,0,1
CUST_5567,Push Notification,1,2,1
CUST_5567,Email,2,0,1
CUST_5567,Email,2,0,0
CUST_5567,Promotion banner,1,0,0
CUST_5568,Email,5,0,0
CUST_5568,Push Notification,5,3,0
CUST_5568,Email,2,2,0
CUST_5568,Promotion banner,2,3,0
CUST_5569,Promotion banner,1,1,1
CUST_5569,Push Notification,5,1,1
CUST_5569,Promotion banner,3,2,0
CUST_5570,Push Notification,5,1,0
CUST_5570,SMS,3,2,1
CUST_5571,Email,2,0,1
CUST_5571,Promotion banner,4,1,1
CUST_5571,Push Notification,5,0,1
CUST_5571,Push Notification,3,3,1
CUST_5572,Promotion banner,4,0,1
CUST_5573,Email,4,2,1
CUST_5574,SMS,3,3,1
CUST_5574,Push Notification,1,3,0
CUST_5575,Email,4,1,0
CUST_5575,Push Notification,5,2,1
CUST_5575,Push Notification,3,0,0
CUST_5576,Promotion banner,5,3,1
CUST_5576,SMS,3,2,1
CUST_5576,Email,5,0,1
CUST_5576,Push Notification,1,2,1
CUST_5577,Push Notification,1,3,1
CUST_5578,Push Notification,2,1,1
CUST_5579,Push Notification,2,0,0
CUST_5579,Push Notification,2,0,1
CUST_5579,Promotion banner,3,2,1
CUST_5580,SMS,1,2,0
CUST_5580,Push Notification,3,0,1
CUST_5580,Push Notification,2,2,0
CUST_5581,SMS,1,1,0
CUST_5582,SMS,3,3,0
CUST_5582,Promotion banner,3,1,1
CUST_5582,Promotion banner,4,1,0
CUST_5583,Push Notification,1,2,1
CUST_5584,Push Notification,4,1,0
CUST_5584,Email,1,2,1
CUST_5584,Email,3,0,0
CUST_5585,Email,2,1,1
CUST_5585,Promotion banner,2,0,1
CUST_5586,Push Notification,4,3,1
CUST_5586,Push Notification,4,1,1
CUST_5586,Promotion banner,2,2,1
CUST_5586,Email,2,2,1
CUST_5587,SMS,5,1,1
CUST_5587,Email,2,2,1
CUST_5587,Promotion banner,5,2,1
CUST_5588,Push Notification,3,3,0
CUST_5589,Email,1,2,1
CUST_5590,Promotion banner,3,1,0
CUST_5590,Promotion banner,5,1,1
CUST_5590,Email,3,2,1
CUST_5590,Email,5,0,1
CUST_5591,Push Notification,3,0,1
CUST_5591,Email,4,3,1
CUST_5591,Promotion banner,4,1,1
CUST_5592,Push Notification,4,2,0
CUST_5592,Promotion banner,5,3,0
CUST_5592,Promotion banner,4,2,1
CUST_5593,Push Notification,3,2,1
CUST_5593,Email,3,2,0
CUST_5593,Push Notification,4,0,1
CUST_5594,Push Notification,5,3,1
CUST_5594,Email,1,0,1
CUST_5595,Email,5,1,0
CUST_5595,SMS,4,1,1
CUST_5596,Push Notification,1,3,0
CUST_5596,Push Notification,2,3,0
CUST_5597,Push Notification,2,1,1
CUST_5597,Email,2,3,1
CUST_5597,Promotion banner,1,1,1
CUST_5597,Push Notification,3,1,0
CUST_5598,Email,2,1,1
CUST_5598,SMS,4,1,0
CUST_5599,Email,2,2,0
CUST_5599,Promotion banner,4,3,1
CUST_5600,SMS,5,3,1
CUST_5601,Promotion banner,5,1,1
CUST_5601,SMS,5,2,1
CUST_5602,Push Notification,3,3,1
CUST_5602,SMS,1,3,0
CUST_5602,Email,1,2,1
CUST_5603,Email,5,0,1
CUST_5603,SMS,4,2,0
CUST_5603,Email,1,3,1
CUST_5604,SMS,4,1,0
CUST_5605,Email,5,0,0
CUST_5605,Promotion banner,1,3,1
CUST_5606,SMS,3,0,0
CUST_5606,Push Notification,5,1,0
CUST_5607,SMS,4,0,1
CUST_5607,Email,4,3,0
CUST_5607,Push Notification,4,2,0
CUST_5608,Email,4,2,1
CUST_5608,Push Notification,2,2,0
CUST_5608,Push Notification,1,1,0
CUST_5609,Email,2,2,0
CUST_5610,Push Notification,5,0,1
CUST_5611,Push Notification,1,3,1
CUST_5611,Push Notification,5,1,0
CUST_5612,Promotion banner,1,1,0
CUST_5612,Email,5,1,1
CUST_5612,Promotion banner,3,2,1
CUST_5613,Email,4,3,1
CUST_5613,Promotion banner,1,0,0
CUST_5613,SMS,3,2,0
CUST_5614,Push Notification,3,3,0
CUST_5614,SMS,1,0,1
CUST_5614,Push Notification,2,3,0
CUST_5614,Email,3,3,0
CUST_5615,Promotion banner,3,2,0
CUST_5615,Push Notification,1,3,0
CUST_5615,Email,5,3,0
CUST_5616,Email,4,3,1
CUST_5616,Push Notification,5,0,1
CUST_5616,SMS,3,1,0
CUST_5617,Promotion banner,5,1,0
CUST_5617,SMS,1,1,0
CUST_5617,Promotion banner,2,1,1
CUST_5617,SMS,1,0,1
CUST_5618,Push Notification,3,1,1
CUST_5618,Promotion banner,1,3,0
CUST_5618,SMS,1,0,1
CUST_5619,Push Notification,1,2,0
CUST_5619,SMS,1,1,0
CUST_5619,Email,2,2,1
CUST_5619,Push Notification,4,3,0
CUST_5620,Email,5,0,0
CUST_5620,Push Notification,2,0,1
CUST_5620,SMS,2,2,1
CUST_5620,Push Notification,5,1,0
CUST_5621,Push Notification,1,0,1
CUST_5621,Promotion banner,5,2,1
CUST_5621,SMS,3,1,0
CUST_5622,Promotion banner,1,2,0
CUST_5623,SMS,2,3,1
CUST_5623,Promotion banner,5,0,0
CUST_5624,Promotion banner,1,2,1
CUST_5625,Email,3,1,1
CUST_5625,Push Notification,3,0,1
CUST_5625,Promotion banner,5,1,1
CUST_5625,Push Notification,5,2,0
CUST_5626,SMS,3,3,0
CUST_5626,Promotion banner,5,0,1
CUST_5627,Promotion banner,1,3,1
CUST_5628,Promotion banner,5,3,0
CUST_5628,Email,1,0,0
CUST_5628,Email,2,2,0
CUST_5628,Push Notification,3,0,1
CUST_5629,Promotion banner,1,0,1
CUST_5629,Email,3,0,1
CUST_5630,Email,3,3,1
CUST_5631,SMS,5,1,0
CUST_5631,Push Notification,1,3,0
CUST_5632,Email,2,0,0
CUST_5632,Promotion banner,5,0,0
CUST_5633,Email,2,2,0
CUST_5633,Promotion banner,1,0,0
CUST_5634,Promotion banner,3,2,0
CUST_5634,Email,5,3,0
CUST_5634,Promotion banner,2,3,1
CUST_5635,Push Notification,5,2,0
CUST_5635,Email,3,1,0
CUST_5635,SMS,3,3,1
CUST_5636,Email,3,3,1
CUST_5637,Push Notification,2,0,0
CUST_5637,SMS,2,1,1
CUST_5638,SMS,3,0,0
CUST_5639,Email,4,3,1
CUST_5639,Push Notification,2,1,1
CUST_5639,Push Notification,3,2,1
CUST_5639,Promotion banner,2,1,0
CUST_5640,Promotion banner,4,3,1
CUST_5641,SMS,5,0,0
CUST_5642,Push Notification,2,0,1
CUST_5642,Promotion banner,2,1,0
CUST_5642,Promotion banner,3,1,1
CUST_5643,SMS,1,0,1
CUST_5643,Email,4,1,0
CUST_5644,Promotion banner,5,0,0
CUST_5644,Email,5,0,0
CUST_5645,Email,5,2,1
CUST_5645,SMS,3,0,1
CUST_5645,Email,3,2,0
CUST_5646,Push Notification,3,3,0
CUST_5646,Email,4,2,0
CUST_5647,Email,4,1,1
CUST_5647,Push Notification,4,2,0
CUST_5647,Push Notification,2,2,0
CUST_5648,SMS,5,2,1
CUST_5648,SMS,5,3,0
CUST_5649,Email,3,3,0
CUST_5649,Email,1,2,1
CUST_5649,Push Notification,1,1,0
CUST_5650,SMS,3,3,1
CUST_5650,Email,5,1,0
CUST_5650,Promotion banner,2,2,1
CUST_5651,SMS,5,0,1
CUST_5651,Promotion banner,4,0,0
CUST_5651,SMS,5,0,0
CUST_5652,SMS,5,3,1
CUST_5652,Promotion banner,4,3,0
CUST_5652,Email,5,3,1
CUST_5653,Promotion banner,1,1,1
CUST_5653,SMS,3,3,1
CUST_5654,Promotion banner,2,3,0
CUST_5654,Promotion banner,3,3,0
CUST_5654,Email,2,2,0
CUST_5655,Email,2,0,0
CUST_5655,Push Notification,1,3,0
CUST_5656,Promotion banner,5,3,0
CUST_5656,Push Notification,3,2,0
CUST_5656,SMS,4,3,0
CUST_5656,Email,3,3,1
CUST_5657,Push Notification,5,2,1
CUST_5657,Push Notification,5,0,0
CUST_5657,Promotion banner,2,2,0
CUST_5658,Promotion banner,4,3,1
CUST_5659,Email,4,2,1
CUST_5659,SMS,2,0,0
CUST_5659,Email,4,1,0
CUST_5659,Promotion banner,3,1,0
CUST_5660,SMS,4,1,1
CUST_5660,SMS,1,0,0
CUST_5660,Email,3,0,1
CUST_5661,Promotion banner,5,3,1
CUST_5661,SMS,4,0,0
CUST_5661,Push Notification,5,3,1
CUST_5661,Email,3,2,1
CUST_5662,Promotion banner,1,2,0
CUST_5662,Email,3,3,1
CUST_5662,Email,2,2,0
CUST_5662,SMS,3,1,0
CUST_5663,Email,3,1,1
CUST_5663,SMS,3,2,0
CUST_5663,Email,1,2,0
CUST_5663,Email,3,3,0
CUST_5664,SMS,2,1,0
CUST_5664,SMS,3,2,1
CUST_5665,Email,1,2,0
CUST_5665,Push Notification,1,3,0
CUST_5666,Promotion banner,1,3,0
CUST_5666,SMS,2,2,0
CUST_5666,Push Notification,3,3,0
CUST_5666,Promotion banner,1,0,1
CUST_5667,Email,1,0,1
CUST_5667,Email,4,2,0
CUST_5668,Push Notification,4,3,1
CUST_5669,Promotion banner,4,3,1
CUST_5669,Email,4,1,0
CUST_5669,Email,4,2,1
CUST_5670,Push Notification,4,1,1
CUST_5670,Push Notification,4,2,1
CUST_5670,Promotion banner,1,2,1
CUST_5671,Promotion banner,5,0,0
CUST_5672,SMS,1,3,0
CUST_5673,Promotion banner,2,0,1
CUST_5674,Promotion banner,1,1,0
CUST_5674,Promotion banner,3,2,1
CUST_5674,Promotion banner,5,0,0
CUST_5674,Push Notification,2,1,1
CUST_5675,Promotion banner,2,2,0
CUST_5675,SMS,1,2,1
CUST_5676,SMS,3,0,1
CUST_5677,Promotion banner,2,2,1
CUST_5677,Email,2,3,1
CUST_5677,Email,4,3,1
CUST_5678,SMS,2,2,0
CUST_5679,Email,1,1,0
CUST_5679,Push Notification,5,0,0
CUST_5680,Push Notification,4,2,0
CUST_5681,Promotion banner,1,0,0
CUST_5681,Promotion banner,5,3,0
CUST_5681,Push Notification,1,3,1
CUST_5681,SMS,2,0,0
CUST_5682,Promotion banner,1,1,0
CUST_5683,SMS,4,3,1
CUST_5683,Promotion banner,5,1,1
CUST_5683,Promotion banner,1,2,1
CUST_5684,Promotion banner,5,1,0
CUST_5685,Email,5,3,1
CUST_5685,Promotion banner,4,2,1
CUST_5685,SMS,5,2,1
CUST_5686,Email,1,0,0
CUST_5687,Promotion banner,1,3,0
CUST_5687,Promotion banner,5,2,0
CUST_5688,Email,5,3,0
CUST_5689,Email,3,2,0
CUST_5689,SMS,4,2,1
CUST_5689,SMS,4,0,1
CUST_5690,Push Notification,1,3,1
CUST_5690,Promotion banner,5,1,1
CUST_5690,Push Notification,5,2,0
CUST_5690,Promotion banner,1,2,1
CUST_5691,Push Notification,4,0,0
CUST_5691,Promotion banner,3,2,1
CUST_5691,Email,2,2,1
CUST_5691,Email,5,2,0
CUST_5692,Promotion banner,3,1,0
CUST_5692,Email,4,3,1
CUST_5692,SMS,2,1,1
CUST_5693,SMS,2,3,0
CUST_5693,Push Notification,3,1,1
CUST_5693,Promotion banner,5,2,0
CUST_5694,Email,4,0,0
CUST_5694,SMS,4,2,0
CUST_5695,Promotion banner,5,3,1
CUST_5695,SMS,4,0,0
CUST_5695,Push Notification,2,2,0
CUST_5696,Promotion banner,5,1,1
CUST_5697,SMS,5,0,1
CUST_5697,Email,4,1,0
CUST_5697,Promotion banner,1,0,1
CUST_5698,Promotion banner,3,2,0
CUST_5698,Email,1,0,1
CUST_5698,Push Notification,3,0,0
CUST_5698,Email,4,2,0
CUST_5699,Promotion banner,5,0,0
CUST_5699,Email,1,3,1
CUST_5699,Email,5,0,0
CUST_5700,Email,5,0,1
CUST_5700,Promotion banner,5,3,0
CUST_5701,SMS,5,1,1
CUST_5701,Push Notification,4,1,0
CUST_5701,Email,3,2,1
CUST_5702,SMS,2,2,0
CUST_5702,Email,3,3,1
CUST_5703,Push Notification,5,3,1
CUST_5703,Push Notification,2,2,1
CUST_5704,Push Notification,5,1,1
CUST_5704,Promotion banner,5,2,0
CUST_5704,SMS,4,2,1
CUST_5704,Email,2,1,0
CUST_5705,SMS,4,1,1
CUST_5706,Push Notification,1,2,1
CUST_5706,Email,4,0,0
CUST_5706,SMS,4,2,1
CUST_5706,SMS,1,0,1
CUST_5707,Email,5,1,1
CUST_5707,Email,4,1,0
CUST_5707,Promotion banner,1,0,0
CUST_5707,Promotion banner,4,2,0
CUST_5708,Email,1,1,0
CUST_5708,Email,5,1,0
CUST_5709,Email,3,0,1
CUST_5709,Email,4,1,1
CUST_5709,Promotion banner,2,0,1
CUST_5709,Promotion banner,2,2,0
CUST_5710,Email,5,2,1
CUST_5710,Promotion banner,5,3,0
CUST_5711,Promotion banner,3,2,1
CUST_5711,Push Notification,1,3,0
CUST_5712,Promotion banner,1,0,0
CUST_5712,Email,5,3,0
CUST_5712,Push Notification,5,3,0
CUST_5712,Push Notification,3,0,0
CUST_5713,Email,3,0,1
CUST_5714,Email,1,3,0
CUST_5714,Email,5,1,0
CUST_5715,Promotion banner,5,0,1
CUST_5715,Push Notification,4,0,0
CUST_5715,Push Notification,4,2,0
CUST_5715,Email,5,1,1
CUST_5716,Push Notification,2,0,0
CUST_5716,SMS,5,3,1
CUST_5717,Email,2,1,0
CUST_5717,Email,2,1,1
CUST_5718,Email,2,3,0
CUST_5718,Promotion banner,2,2,1
CUST_5718,Push Notification,3,0,1
CUST_5719,Push Notification,4,2,1
CUST_5719,SMS,2,3,0
CUST_5719,Push Notification,2,1,0
CUST_5719,Push Notification,3,1,1
CUST_5720,Push Notification,5,1,1
CUST_5720,SMS,5,1,1
CUST_5720,SMS,1,1,0
CUST_5721,SMS,4,1,0
CUST_5721,Email,1,0,0
CUST_5721,SMS,2,2,0
CUST_5722,Promotion banner,5,0,0
CUST_5723,Email,3,2,0
CUST_5723,SMS,3,0,0
CUST_5724,SMS,5,1,1
CUST_5725,Promotion banner,4,3,0
CUST_5725,Push Notification,1,0,0
CUST_5726,SMS,1,2,0
CUST_5726,Email,5,3,0
CUST_5726,Promotion banner,1,3,1
CUST_5727,Promotion banner,4,3,1
CUST_5727,SMS,3,2,1
CUST_5728,SMS,1,1,1
CUST_5728,Push Notification,2,0,0
CUST_5728,SMS,4,3,0
CUST_5728,Email,4,2,1
CUST_5729,Promotion banner,4,1,0
CUST_5729,Email,1,3,0
CUST_5729,Promotion banner,3,3,1
CUST_5730,SMS,3,2,1
CUST_5730,Promotion banner,5,0,0
CUST_5730,Push Notification,5,0,0
CUST_5730,Push Notification,3,0,1
CUST_5731,Promotion banner,2,1,0
CUST_5731,SMS,4,0,1
CUST_5731,SMS,4,3,1
CUST_5731,Push Notification,2,0,1
CUST_5732,Email,3,3,0
CUST_5732,SMS,4,0,0
CUST_5733,Email,2,2,1
CUST_5733,Push Notification,4,3,1
CUST_5733,Push Notification,4,0,0
CUST_5733,SMS,3,0,0
CUST_5734,Promotion banner,3,3,0
CUST_5734,SMS,4,0,1
CUST_5734,Push Notification,4,2,0
CUST_5735,Email,1,0,1
CUST_5735,Push Notification,1,2,0
CUST_5735,Promotion banner,3,3,0
CUST_5735,Email,1,3,0
CUST_5736,Push Notification,2,3,0
CUST_5736,SMS,3,1,0
CUST_5736,SMS,5,1,0
CUST_5736,Push Notification,5,2,0
CUST_5737,Push Notification,4,3,1
CUST_5738,SMS,4,3,0
CUST_5738,SMS,5,0,1
CUST_5738,SMS,3,1,1
CUST_5738,Push Notification,5,0,1
CUST_5739,Promotion banner,4,3,1
CUST_5739,Promotion banner,1,3,0
CUST_5740,Email,2,3,0
CUST_5740,Promotion banner,5,0,0
CUST_5740,SMS,2,3,1
CUST_5741,Promotion banner,1,0,1
CUST_5741,Email,5,3,0
CUST_5741,Promotion banner,3,1,1
CUST_5742,Promotion banner,2,0,1
CUST_5742,Promotion banner,1,2,1
CUST_5742,Promotion banner,5,3,1
CUST_5742,Email,3,2,1
CUST_5743,Promotion banner,5,0,0
CUST_5743,Promotion banner,1,2,0
CUST_5744,Push Notification,1,3,1
CUST_5744,Push Notification,4,0,0
CUST_5745,Email,2,1,0
CUST_5745,SMS,5,2,1
CUST_5745,SMS,1,0,1
CUST_5745,Email,1,2,1
CUST_5746,SMS,4,0,0
CUST_5747,Email,1,2,0
CUST_5747,Push Notification,3,3,1
CUST_5747,Push Notification,1,3,0
CUST_5747,Promotion banner,2,3,1
CUST_5748,Push Notification,4,3,1
CUST_5748,Email,5,0,0
CUST_5748,Email,4,1,1
CUST_5748,Push Notification,3,0,1
CUST_5749,SMS,2,1,0
CUST_5749,SMS,2,0,0
CUST_5750,Push Notification,2,0,0
CUST_5750,Push Notification,5,0,0
CUST_5750,Push Notification,3,0,0
CUST_5751,Push Notification,2,0,1
CUST_5751,SMS,1,3,1
CUST_5752,SMS,5,3,1
CUST_5752,Push Notification,3,0,0
CUST_5752,Email,4,1,0
CUST_5753,Promotion banner,5,0,1
CUST_5753,SMS,1,3,1
CUST_5753,Push Notification,2,1,0
CUST_5754,Push Notification,5,3,1
CUST_5754,SMS,1,2,1
CUST_5754,Promotion banner,2,3,1
CUST_5755,Push Notification,3,3,0
CUST_5755,Promotion banner,4,3,0
CUST_5755,Email,4,0,0
CUST_5756,Email,3,3,1
CUST_5756,SMS,5,0,1
CUST_5756,Push Notification,5,2,1
CUST_5757,SMS,1,2,1
CUST_5757,Promotion banner,1,2,0
CUST_5757,SMS,3,1,1
CUST_5758,Push Notification,2,1,0
CUST_5758,Email,5,1,0
CUST_5759,Promotion banner,4,1,1
CUST_5760,Email,3,2,1
CUST_5760,Promotion banner,5,0,1
CUST_5761,SMS,3,0,1
CUST_5761,SMS,4,1,0
CUST_5762,Push Notification,3,3,0
CUST_5762,Email,3,1,0
CUST_5763,SMS,5,1,0
CUST_5764,Email,1,0,1
CUST_5765,Promotion banner,5,0,1
CUST_5766,Email,2,3,0
CUST_5766,Promotion banner,1,1,0
CUST_5766,Push Notification,2,3,0
CUST_5766,SMS,1,3,0
CUST_5767,Email,4,2,0
CUST_5767,Promotion banner,5,0,0
CUST_5768,Email,5,3,0
CUST_5768,Email,4,1,0
CUST_5769,SMS,2,0,1
CUST_5769,Push Notification,1,0,1
CUST_5769,SMS,5,3,1
CUST_5769,Promotion banner,3,3,1
CUST_5770,Email,3,0,1
CUST_5770,Promotion banner,1,0,0
CUST_5771,Promotion banner,5,1,1
CUST_5772,SMS,2,2,0
CUST_5772,Push Notification,1,2,1
CUST_5772,Push Notification,2,3,0
CUST_5772,Email,3,0,0
CUST_5773,SMS,1,0,0
CUST_5773,SMS,1,1,1
CUST_5774,Promotion banner,4,0,1
CUST_5774,Promotion banner,1,0,0
CUST_5774,SMS,3,0,0
CUST_5774,Email,2,3,1
CUST_5775,SMS,3,2,1
CUST_5775,SMS,5,2,1
CUST_5776,Email,3,1,1
CUST_5777,Email,2,0,1
CUST_5778,Push Notification,4,0,0
CUST_5778,Email,4,2,1
CUST_5778,Push Notification,3,1,1
CUST_5779,SMS,3,2,1
CUST_5780,Email,4,0,1
CUST_5780,SMS,5,0,1
CUST_5781,Email,2,3,0
CUST_5781,Promotion banner,2,0,0
CUST_5781,Email,5,2,0
CUST_5781,Push Notification,2,0,1
CUST_5782,Email,4,2,0
CUST_5782,Email,2,1,0
CUST_5782,Push Notification,1,1,0
CUST_5783,Push Notification,4,1,1
CUST_5783,Push Notification,2,2,1
CUST_5784,Email,3,3,1
CUST_5784,SMS,1,1,0
CUST_5784,SMS,3,0,1
CUST_5785,SMS,4,1,0
CUST_5786,Promotion banner,3,3,1
CUST_5786,Email,2,2,1
CUST_5787,Email,4,3,1
CUST_5787,Push Notification,2,0,1
CUST_5787,Promotion banner,1,1,1
CUST_5787,Promotion banner,5,3,0
CUST_5788,Email,2,3,0
CUST_5788,Promotion banner,2,1,0
CUST_5788,Email,3,3,1
CUST_5788,Email,1,0,0
CUST_5789,SMS,5,3,0
CUST_5789,Promotion banner,2,2,0
CUST_5789,Promotion banner,5,0,1
CUST_5789,Push Notification,2,3,1
CUST_5790,SMS,2,0,1
CUST_5791,Push Notification,3,3,0
CUST_5791,SMS,1,0,1
CUST_5791,Push Notification,2,0,1
CUST_5792,Email,1,3,1
CUST_5792,Promotion banner,1,1,0
CUST_5793,SMS,3,0,0
CUST_5793,Promotion banner,5,2,1
CUST_5793,SMS,2,3,1
CUST_5793,Push Notification,2,2,0
CUST_5794,SMS,3,0,1
CUST_5794,Push Notification,1,3,1
CUST_5795,Email,1,0,1
CUST_5795,Email,4,3,1
CUST_5795,SMS,1,3,0
CUST_5796,Push Notification,4,3,0
CUST_5796,Push Notification,4,2,0
CUST_5797,SMS,5,2,1
CUST_5797,Push Notification,3,0,1
CUST_5797,Push Notification,4,0,1
CUST_5798,Promotion banner,2,3,1
CUST_5798,Email,1,2,0
CUST_5798,Email,4,3,0
CUST_5798,Email,2,2,1
CUST_5799,Promotion banner,5,3,1
CUST_5799,Push Notification,5,3,1
CUST_5800,Push Notification,3,3,0
CUST_5801,SMS,3,3,0
CUST_5801,Promotion banner,5,3,0
CUST_5802,Email,2,1,1
CUST_5802,Promotion banner,1,3,0
CUST_5803,SMS,3,3,1
CUST_5804,Push Notification,3,1,1
CUST_5805,Email,3,1,1
CUST_5806,Email,3,1,0
CUST_5806,Email,4,3,1
CUST_5807,SMS,3,3,0
CUST_5807,Promotion banner,5,3,0
CUST_5808,SMS,3,1,1
CUST_5809,Push Notification,3,0,0
CUST_5810,SMS,4,1,1
CUST_5811,Email,3,0,0
CUST_5811,Promotion banner,3,3,1
CUST_5812,SMS,1,1,0
CUST_5812,Email,5,2,1
CUST_5812,SMS,3,0,1
CUST_5813,Promotion banner,1,1,0
CUST_5813,Push Notification,1,0,1
CUST_5813,Promotion banner,3,1,0
CUST_5814,Push Notification,2,3,0
CUST_5815,Email,2,0,1
CUST_5815,Push Notification,2,2,1
CUST_5816,Email,5,3,1
CUST_5817,Push Notification,2,1,0
CUST_5817,Email,5,2,1
CUST_5817,Email,1,1,0
CUST_5817,Email,4,3,0
CUST_5818,Email,5,0,1
CUST_5818,Promotion banner,2,3,0
CUST_5819,Push Notification,3,2,0
CUST_5820,Promotion banner,3,2,1
CUST_5820,Promotion banner,4,3,0
CUST_5820,Email,4,3,0
CUST_5820,Email,3,3,0
CUST_5821,Promotion banner,4,3,1
CUST_5822,Push Notification,2,1,0
CUST_5822,Push Notification,1,2,1
CUST_5823,SMS,2,0,0
CUST_5823,Push Notification,5,0,0
CUST_5823,Push Notification,2,2,1
CUST_5824,Promotion banner,2,3,0
CUST_5824,SMS,1,0,1
CUST_5825,Push Notification,5,2,0
CUST_5825,Push Notification,5,0,1
CUST_5825,Push Notification,2,0,1
CUST_5826,Promotion banner,1,0,0
CUST_5827,Push Notification,5,3,0
CUST_5828,Email,4,1,1
CUST_5828,Push Notification,3,3,0
CUST_5828,Push Notification,5,0,0
CUST_5828,Email,5,3,1
CUST_5829,Promotion banner,5,0,1
CUST_5830,SMS,3,1,0
CUST_5830,Email,4,0,0
CUST_5830,Push Notification,3,1,0
CUST_5830,Promotion banner,5,1,1
CUST_5831,Promotion banner,5,2,1
CUST_5832,SMS,5,3,1
CUST_5832,Promotion banner,2,0,1
CUST_5833,Email,1,2,0
CUST_5834,SMS,1,2,1
CUST_5835,SMS,2,0,0
CUST_5836,Push Notification,5,3,1
CUST_5836,SMS,5,2,1
CUST_5837,Push Notification,4,1,0
CUST_5837,SMS,3,2,0
CUST_5837,Promotion banner,1,0,1
CUST_5837,Push Notification,2,2,1
CUST_5838,SMS,1,1,0
CUST_5838,Email,4,3,0
CUST_5838,Promotion banner,1,3,1
CUST_5839,Promotion banner,2,0,0
CUST_5839,SMS,1,2,0
CUST_5840,Email,1,1,0
CUST_5840,Promotion banner,3,0,0
CUST_5840,Email,3,0,1
CUST_5840,Push Notification,1,0,0
CUST_5841,Push Notification,1,1,1
CUST_5842,Push Notification,4,0,1
CUST_5842,SMS,1,2,0
CUST_5842,Promotion banner,4,3,1
CUST_5842,Email,1,1,1
CUST_5843,SMS,5,2,0
CUST_5843,Push Notification,1,1,1
CUST_5843,Push Notification,4,0,0
CUST_5843,SMS,2,1,1
CUST_5844,Email,5,2,1
CUST_5845,SMS,5,1,0
CUST_5845,Promotion banner,5,0,0
CUST_5846,SMS,5,3,1
CUST_5846,SMS,4,3,1
CUST_5846,Email,5,0,1
CUST_5847,Push Notification,1,1,1
CUST_5848,Promotion banner,4,3,1
CUST_5848,Email,2,0,1
CUST_5848,SMS,2,1,0
CUST_5848,Email,3,0,0
CUST_5849,Email,1,3,1
CUST_5849,Promotion banner,3,0,0
CUST_5850,Promotion banner,4,1,1
CUST_5850,Push Notification,2,3,1
CUST_5850,SMS,3,1,1
CUST_5850,Promotion banner,5,2,1
CUST_5851,Promotion banner,4,1,1
CUST_5851,Email,3,1,1
CUST_5851,Push Notification,2,1,1
CUST_5852,Push Notification,4,2,1
CUST_5852,SMS,3,2,0
CUST_5853,Promotion banner,1,3,0
CUST_5853,Promotion banner,2,0,0
CUST_5853,Push Notification,3,1,0
CUST_5853,SMS,5,3,1
CUST_5854,Promotion banner,4,2,1
CUST_5855,Email,3,0,1
CUST_5855,SMS,5,3,0
CUST_5855,Promotion banner,3,2,0
CUST_5856,Push Notification,1,0,1
CUST_5856,Email,4,1,0
CUST_5857,Email,3,1,1
CUST_5857,Push Notification,5,1,1
CUST_5858,Push Notification,5,0,0
CUST_5858,Promotion banner,1,3,1
CUST_5859,SMS,2,0,0
CUST_5860,Push Notification,3,1,1
CUST_5860,Email,2,3,0
CUST_5860,Promotion banner,1,2,1
CUST_5861,Push Notification,5,0,1
CUST_5861,Email,2,3,1
CUST_5861,Email,5,0,0
CUST_5862,Push Notification,3,2,1
CUST_5862,Push Notification,4,3,1
CUST_5862,SMS,3,3,1
CUST_5862,SMS,4,2,0
CUST_5863,Email,3,3,1
CUST_5863,SMS,2,3,1
CUST_5864,SMS,1,2,0
CUST_5865,Push Notification,2,3,0
CUST_5865,SMS,5,1,0
CUST_5865,Push Notification,2,3,0
CUST_5866,Promotion banner,4,3,1
CUST_5866,Push Notification,2,3,1
CUST_5867,Email,2,0,1
CUST_5868,Email,5,1,1
CUST_5868,Email,2,2,0
CUST_5868,SMS,5,1,0
CUST_5868,Email,2,0,0
CUST_5869,Email,4,0,0
CUST_5870,Push Notification,1,2,1
CUST_5870,Email,3,2,0
CUST_5871,Push Notification,4,1,0
CUST_5871,Promotion banner,4,0,0
CUST_5871,Promotion banner,4,0,1
CUST_5872,Email,3,0,0
CUST_5872,Promotion banner,3,1,1
CUST_5873,Email,4,1,0
CUST_5873,SMS,2,2,1
CUST_5873,SMS,2,0,1
CUST_5873,Push Notification,4,0,0
CUST_5874,Push Notification,1,2,1
CUST_5875,Email,2,1,0
CUST_5875,Promotion banner,2,1,0
CUST_5875,SMS,3,3,1
CUST_5875,Promotion banner,1,1,0
CUST_5876,SMS,4,1,1
CUST_5876,Promotion banner,4,2,1
CUST_5876,Push Notification,4,3,0
CUST_5877,SMS,1,3,0
CUST_5877,SMS,2,3,0
CUST_5877,Promotion banner,3,1,1
CUST_5878,Promotion banner,4,1,0
CUST_5879,Push Notification,3,0,1
CUST_5880,Email,1,2,0
CUST_5880,SMS,5,2,1
CUST_5880,Push Notification,2,2,1
CUST_5881,SMS,2,2,0
CUST_5881,SMS,2,2,0
CUST_5881,Promotion banner,5,0,1
CUST_5881,SMS,4,1,0
CUST_5882,SMS,3,2,1
CUST_5882,SMS,3,1,0
CUST_5882,Push Notification,5,1,1
CUST_5882,SMS,2,3,0
CUST_5883,SMS,4,0,0
CUST_5883,Push Notification,4,1,0
CUST_5883,SMS,2,1,1
CUST_5883,Promotion banner,1,0,1
CUST_5884,Email,5,1,1
CUST_5885,SMS,5,3,1
CUST_5885,Promotion banner,5,0,1
CUST_5886,SMS,4,3,0
CUST_5886,SMS,5,3,0
CUST_5886,Email,2,0,1
CUST_5887,Push Notification,3,1,0
CUST_5887,SMS,5,3,0
CUST_5887,SMS,5,3,1
CUST_5888,Push Notification,5,2,0
CUST_5888,Email,1,2,0
CUST_5888,Email,3,3,1
CUST_5889,Push Notification,2,1,1
CUST_5889,Push Notification,3,0,1
CUST_5890,Push Notification,3,0,1
CUST_5890,Promotion banner,2,3,0
CUST_5890,Promotion banner,1,0,0
CUST_5891,Push Notification,2,0,0
CUST_5891,Push Notification,4,2,1
CUST_5891,Email,5,2,1
CUST_5892,Email,3,3,0
CUST_5892,Email,3,2,0
CUST_5893,SMS,3,2,0
CUST_5893,SMS,4,0,0
CUST_5894,SMS,5,1,1
CUST_5894,Push Notification,2,3,0
CUST_5895,Email,3,3,0
CUST_5896,Email,5,2,1
CUST_5896,Email,3,0,0
CUST_5897,Promotion banner,1,2,0
CUST_5898,SMS,4,1,0
CUST_5898,SMS,3,0,0
CUST_5898,Push Notification,5,3,1
CUST_5898,SMS,3,1,1
CUST_5899,SMS,3,3,1
CUST_5899,SMS,1,0,0
CUST_5899,Promotion banner,4,1,0
CUST_5900,SMS,2,0,0
CUST_5901,Email,2,2,0
CUST_5901,Email,2,3,1
CUST_5902,Email,2,1,0
CUST_5902,SMS,3,1,1
CUST_5902,Push Notification,1,3,1
CUST_5902,SMS,1,3,0
CUST_5903,Email,4,3,1
CUST_5904,Email,5,0,1
CUST_5904,Email,1,3,0
CUST_5905,SMS,5,3,1
CUST_5905,Email,3,2,0
CUST_5906,SMS,3,2,0
CUST_5907,Promotion banner,4,1,0
CUST_5907,Promotion banner,1,1,0
CUST_5908,Push Notification,5,2,0
CUST_5908,Push Notification,4,3,1
CUST_5908,Email,1,2,1
CUST_5908,SMS,2,2,0
CUST_5909,Push Notification,4,3,0
CUST_5909,Push Notification,4,0,0
CUST_5910,Email,4,3,0
CUST_5910,Promotion banner,3,1,0
CUST_5910,Promotion banner,4,2,1
CUST_5910,Promotion banner,4,1,0
CUST_5911,Email,3,2,1
CUST_5912,Promotion banner,3,0,1
CUST_5913,Promotion banner,1,1,0
CUST_5914,Push Notification,1,1,0
CUST_5914,SMS,4,0,1
CUST_5914,Promotion banner,3,2,1
CUST_5915,Promotion banner,5,1,1
CUST_5915,Push Notification,5,1,0
CUST_5915,SMS,2,0,0
CUST_5915,Email,4,2,1
CUST_5916,Email,2,3,0
CUST_5917,SMS,1,1,1
CUST_5917,Promotion banner,3,2,0
CUST_5917,Email,2,0,1
CUST_5917,Promotion banner,3,3,0
CUST_5918,SMS,2,3,1
CUST_5918,Email,5,0,0
CUST_5919,Promotion banner,3,0,0
CUST_5920,Push Notification,1,1,1
CUST_5920,Push Notification,5,1,0
CUST_5921,Email,3,2,0
CUST_5921,Promotion banner,3,0,0
CUST_5921,Promotion banner,4,0,0
CUST_5922,Push Notification,5,2,1
CUST_5922,Email,4,0,1
CUST_5922,Promotion banner,5,2,1
CUST_5923,Email,2,3,0
CUST_5923,Push Notification,5,1,1
CUST_5923,Promotion banner,1,3,0
CUST_5923,SMS,5,1,1
CUST_5924,SMS,3,3,1
CUST_5925,SMS,1,3,1
CUST_5925,Email,3,3,0
CUST_5925,Push Notification,1,2,1
CUST_5926,Push Notification,1,1,1
CUST_5926,Push Notification,4,2,0
CUST_5926,Promotion banner,3,2,0
CUST_5927,Promotion banner,1,3,1
CUST_5927,Email,4,3,1
CUST_5928,Email,5,2,0
CUST_5929,SMS,1,3,0
CUST_5929,SMS,5,2,0
CUST_5929,Promotion banner,5,3,0
CUST_5929,Push Notification,3,1,0
CUST_5930,Push Notification,4,1,0
CUST_5931,Email,3,0,1
CUST_5931,Promotion banner,4,2,0
CUST_5931,Push Notification,3,3,0
CUST_5931,Email,2,2,0
CUST_5932,SMS,4,3,1
CUST_5932,Promotion banner,1,0,0
CUST_5932,Promotion banner,2,3,1
CUST_5932,SMS,5,0,1
CUST_5933,Push Notification,5,1,0
CUST_5933,SMS,2,3,0
CUST_5934,Email,2,0,0
CUST_5934,Promotion banner,1,1,0
CUST_5935,SMS,1,2,0
CUST_5935,Push Notification,3,1,0
CUST_5935,Push Notification,4,3,1
CUST_5936,Promotion banner,1,0,0
CUST_5937,Email,1,0,0
CUST_5937,Email,4,3,1
CUST_5937,SMS,3,2,0
CUST_5938,Email,5,0,1
CUST_5938,Push Notification,3,2,1
CUST_5939,Promotion banner,3,1,0
CUST_5939,Push Notification,2,1,1
CUST_5940,SMS,2,0,0
CUST_5940,SMS,3,3,0
CUST_5940,Email,2,1,0
CUST_5941,SMS,1,0,1
CUST_5942,SMS,1,1,1
CUST_5942,Promotion banner,5,1,1
CUST_5942,Promotion banner,4,2,0
CUST_5942,SMS,1,3,1
CUST_5943,Email,5,0,1
CUST_5943,Email,3,0,1
CUST_5943,Promotion banner,3,0,1
CUST_5943,SMS,4,2,1
CUST_5944,Push Notification,2,2,1
CUST_5945,SMS,3,2,0
CUST_5946,Push Notification,5,2,1
CUST_5946,Email,4,1,0
CUST_5946,SMS,2,3,1
CUST_5947,Promotion banner,2,1,1
CUST_5947,Promotion banner,1,2,0
CUST_5947,SMS,4,0,0
CUST_5948,Promotion banner,2,2,1
CUST_5949,Push Notification,2,0,0
CUST_5949,Email,3,1,0
CUST_5949,Push Notification,2,1,0
CUST_5949,Push Notification,3,3,0
CUST_5950,Promotion banner,4,2,1
CUST_5950,Email,4,2,1
CUST_5950,Email,1,3,0
CUST_5951,SMS,3,3,1
CUST_5951,Email,1,3,1
CUST_5951,SMS,1,3,1
CUST_5952,Email,5,3,1
CUST_5953,SMS,5,2,0
CUST_5953,Push Notification,4,3,0
CUST_5953,Promotion banner,4,0,1
CUST_5954,Email,5,2,0
CUST_5954,Push Notification,4,0,1
CUST_5955,SMS,2,0,1
CUST_5955,Push Notification,2,2,1
CUST_5955,Push Notification,4,2,1
CUST_5955,Email,1,2,0
CUST_5956,Push Notification,1,0,1
CUST_5956,Email,2,0,1
CUST_5956,Push Notification,2,2,1
CUST_5957,Promotion banner,1,0,1
CUST_5958,Email,3,3,0
CUST_5959,SMS,4,2,0
CUST_5959,Email,5,2,1
CUST_5959,Promotion banner,2,2,1
CUST_5959,Email,4,3,1
CUST_5960,Push Notification,4,3,1
CUST_5960,Email,3,1,0
CUST_5961,Email,3,3,0
CUST_5962,Promotion banner,4,2,0
CUST_5962,Email,4,3,0
CUST_5962,SMS,4,1,0
CUST_5962,Email,2,2,0
CUST_5963,SMS,4,3,0
CUST_5963,Push Notification,4,2,1
CUST_5963,SMS,4,0,0
CUST_5964,Email,2,1,1
CUST_5964,Email,2,2,1
CUST_5965,SMS,5,1,0
CUST_5965,Push Notification,3,1,0
CUST_5965,SMS,4,2,0
CUST_5965,Email,5,1,1
CUST_5966,SMS,2,2,1
CUST_5966,Email,3,1,0
CUST_5967,Promotion banner,3,0,0
CUST_5967,SMS,4,1,0
CUST_5968,Email,4,1,1
CUST_5969,SMS,4,2,0
CUST_5969,Email,4,2,0
CUST_5970,Email,3,3,1
CUST_5970,Email,5,2,1
CUST_5970,Email,4,2,1
CUST_5970,Email,3,0,1
CUST_5971,SMS,2,3,1
CUST_5971,Email,1,3,0
CUST_5971,Promotion banner,5,3,0
CUST_5971,SMS,3,3,1
CUST_5972,Email,1,0,0
CUST_5972,Email,2,0,0
CUST_5973,Push Notification,1,2,0
CUST_5973,Email,4,3,0
CUST_5973,SMS,5,0,1
CUST_5974,Email,1,0,0
CUST_5974,Push Notification,4,2,0
CUST_5975,SMS,1,0,0
CUST_5976,Email,1,3,0
CUST_5976,SMS,5,0,1
CUST_5977,Email,4,3,0
CUST_5977,Promotion banner,1,1,0
CUST_5977,Email,2,0,1
CUST_5978,Email,3,0,0
CUST_5979,SMS,5,1,1
CUST_5979,Promotion banner,4,3,1
CUST_5979,Push Notification,5,0,1
CUST_5980,Email,4,1,0
CUST_5980,Push Notification,3,2,0
CUST_5980,Email,3,2,0
CUST_5980,Promotion banner,1,3,0
CUST_5981,SMS,2,1,1
CUST_5982,SMS,4,0,1
CUST_5982,Promotion banner,4,3,0
CUST_5982,Email,4,3,0
CUST_5982,SMS,2,2,1
CUST_5983,Email,1,0,0
CUST_5983,Promotion banner,4,3,1
CUST_5984,Email,2,3,1
CUST_5984,Email,2,3,1
CUST_5985,Push Notification,4,2,1
CUST_5986,Promotion banner,5,3,0
CUST_5986,Email,2,0,1
CUST_5987,Promotion banner,4,1,1
CUST_5987,SMS,3,2,0
CUST_5988,Email,2,3,0
CUST_5989,Promotion banner,1,2,1
CUST_5990,Push Notification,2,3,1
CUST_5990,SMS,1,3,0
CUST_5991,SMS,1,2,1
CUST_5991,Promotion banner,1,3,0
CUST_5991,Push Notification,4,1,0
CUST_5991,Push Notification,3,3,1
CUST_5992,Email,5,3,1
CUST_5992,Email,3,3,0
CUST_5992,Promotion banner,1,3,0
CUST_5992,Push Notification,3,1,1
CUST_5993,Push Notification,1,0,0
CUST_5994,Push Notification,3,2,1
CUST_5994,Promotion banner,3,2,1
CUST_5995,Push Notification,5,2,1
CUST_5995,SMS,3,2,1
CUST_5995,Promotion banner,2,3,0
CUST_5995,Promotion banner,3,0,1
CUST_5996,Promotion banner,4,0,1
CUST_5996,SMS,1,0,1
CUST_5997,Email,4,1,0
CUST_5997,Promotion banner,3,2,1
CUST_5998,Push Notification,3,1,0
CUST_5998,Push Notification,3,0,1
CUST_5999,Promotion banner,1,2,1
CUST_5999,Email,4,0,1
