customer_id,m1,m2,m3,m4,m5,m6,m7,m8,m9,m10,m11,m12
CUST_1000,101.47,109.89,112.55,107.72,116.36,115.97,113.96,97.62,119.2,93.49,117.25,95.34
CUST_1001,124.62,112.89,108.33,107.08,118.3,115.75,106.64,117.96,124.79,103.38,108.6,117.95
CUST_1002,31.4,54.13,48.58,49.69,33.45,36.42,55.39,36.69,44.69,52.95,57.92,49.2
CUST_1003,93.73,98.92,107.32,97.55,109.33,82.56,108.13,109.79,106.36,104.64,86.58,111.06
CUST_1004,51.2,55.12,63.21,71.05,64.47,74.74,53.46,47.36,50.25,47.97,64.12,73.09
CUST_1005,43.51,62.01,39.83,56.81,44.82,61.7,43.31,65.85,44.89,55.24,59.6,61.07
CUST_1006,58.79,58.85,52.28,66.15,63.69,43.42,59.07,64.64,61.73,61.63,54.31,51.87
CUST_1007,59.93,45.54,49.47,58.66,60.06,64.43,70.68,45.92,48.46,61.74,50.41,52.66
CUST_1008,74.72,54.56,64.32,58.72,55.57,55.52,69.53,56.24,73.9,45.54,61.88,57.9
CUST_1009,44.57,45.52,51.23,44.39,69.44,69.48,64.77,66.77,48.78,64.78,69.14,42.07
CUST_1010,46.56,62.63,57.72,64.6,42.85,51.1,57.19,63.88,57.45,47.81,64.77,63.32
CUST_1011,92.51,83.59,67.71,71.66,75.53,85.84,74.39,76.54,70.96,84.17,69.07,76.94
CUST_1012,74.64,78.94,96.65,86.05,79.89,97.14,82.98,102.54,103.55,93.89,79.75,98.84
CUST_1013,131.09,121.67,129.82,115.11,118.34,107.13,125.78,123.28,117.86,127.31,110.97,117.28
CUST_1014,65.87,47.78,56.07,65.43,64.76,75.9,46.35,59.52,71.31,65.46,56.3,67.65
CUST_1015,133.71,110.68,121.24,109.2,130.52,115.83,135.81,129.42,129.61,135.13,137.72,110.68
CUST_1016,108.58,87.67,94.41,84.39,101.67,95.42,89.25,106.48,110.87,105.62,105.41,103.69
CUST_1017,76.74,86.21,98.06,102.18,79.39,76.87,81.02,94.21,73.31,84.4,80.18,89.47
CUST_1018,126.47,122.63,117.23,108.62,113.77,125.37,127.2,119.63,113.0,116.49,106.5,105.04
CUST_1019,103.39,84.63,83.26,103.93,94.51,89.17,90.13,98.77,87.97,76.67,74.6,81.42
CUST_1020,79.61,87.68,78.32,99.11,74.92,91.24,94.26,98.02,80.9,92.95,103.61,86.66
CUST_1021,125.32,97.7,112.12,114.7,119.12,113.35,106.97,120.11,110.57,103.86,97.25,102.46
CUST_1022,75.31,93.8,83.13,69.53,81.99,81.73,70.81,85.11,86.76,74.36,79.01,94.92
CUST_1023,24.23,26.3,48.07,44.13,25.97,47.06,48.88,33.86,48.91,43.92,48.58,50.94
CUST_1024,62.42,73.9,60.38,45.51,55.92,53.14,74.89,74.28,48.65,55.38,52.02,73.12
CUST_1025,82.52,71.28,79.76,65.92,59.49,83.04,64.79,80.44,80.42,68.27,59.85,67.46
CUST_1026,119.89,125.78,123.8,125.68,131.18,120.1,120.45,126.96,131.67,128.94,108.43,124.65
CUST_1027,85.97,89.79,69.25,72.06,77.64,78.71,86.6,69.2,75.01,66.75,86.58,88.26
CUST_1028,89.4,98.34,102.32,93.01,77.45,89.01,75.57,76.73,103.57,99.63,101.99,95.3
CUST_1029,74.58,74.43,90.53,87.59,63.27,90.9,78.23,64.57,68.66,67.08,82.74,66.84
CUST_1030,31.54,49.13,27.41,27.81,28.93,27.96,33.24,45.26,23.63,38.83,35.64,43.22
CUST_1031,48.54,34.54,44.52,52.45,26.84,28.92,26.1,43.57,38.95,37.41,38.4,24.09
CUST_1032,115.33,117.03,131.95,120.78,118.58,110.38,119.75,118.93,120.89,122.57,112.59,129.45
CUST_1033,79.66,72.76,53.41,70.26,68.28,53.36,54.2,57.93,71.6,56.17,70.74,71.75
CUST_1034,77.97,88.54,91.32,96.68,90.47,76.8,87.3,85.28,102.9,105.61,102.67,86.91
CUST_1035,107.28,100.39,97.41,102.04,99.38,107.54,122.68,120.87,123.95,124.98,117.65,114.27
CUST_1036,81.49,105.82,100.64,104.45,83.6,81.04,90.04,78.79,99.31,92.15,104.49,91.49
CUST_1037,101.91,117.22,95.38,117.89,107.66,115.75,109.37,96.57,121.2,111.37,98.39,110.03
CUST_1038,68.23,60.99,64.27,78.92,81.65,66.39,76.59,64.31,85.71,61.93,82.0,84.73
CUST_1039,109.67,94.83,119.22,108.19,100.49,112.47,104.38,99.54,123.41,98.83,104.85,119.8
CUST_1040,80.73,92.68,76.29,102.22,83.04,74.9,91.92,89.26,86.46,97.02,89.96,82.05
CUST_1041,99.2,100.14,100.84,111.4,99.78,120.4,120.72,102.94,96.56,106.32,115.52,98.77
CUST_1042,95.26,116.51,113.55,117.08,108.4,116.18,109.77,114.07,121.67,121.01,112.47,110.74
CUST_1043,46.04,40.76,21.02,23.31,24.21,43.06,26.35,34.19,30.76,22.54,36.73,29.26
CUST_1044,82.49,98.34,79.57,97.2,81.89,95.53,80.54,71.61,87.12,94.73,92.45,94.84
CUST_1045,93.2,100.43,98.49,93.87,100.85,88.12,85.04,99.44,92.48,71.94,78.8,77.71
CUST_1046,123.6,113.25,104.28,112.44,114.23,112.72,108.38,117.05,120.09,119.7,115.78,120.57
CUST_1047,98.83,114.14,89.15,102.62,105.04,95.64,106.99,93.46,94.65,105.27,94.14,104.41
CUST_1048,124.15,122.17,123.12,124.56,131.95,118.73,129.44,112.76,125.22,127.25,115.97,131.79
CUST_1049,95.17,82.6,85.58,82.94,86.8,106.85,107.92,86.09,105.11,90.74,93.22,108.51
CUST_1050,98.96,124.72,123.97,108.18,118.22,98.21,112.8,101.18,115.71,98.75,106.38,103.63
CUST_1051,58.08,54.12,64.62,72.34,75.09,67.31,55.58,56.91,80.72,66.35,77.4,63.06
CUST_1052,91.39,84.53,107.47,108.33,108.15,93.11,104.8,109.48,98.0,102.22,83.78,97.4
CUST_1053,92.12,68.95,95.04,67.88,84.38,79.8,80.81,96.66,72.32,83.04,83.3,68.39
CUST_1054,117.92,121.09,134.25,129.85,131.52,121.18,119.03,127.13,128.1,110.86,112.48,132.28
CUST_1055,49.4,46.32,35.73,45.79,33.68,26.68,26.94,23.73,47.09,37.93,30.73,51.88
CUST_1056,39.28,28.26,31.68,48.02,52.82,48.24,47.75,49.55,49.51,48.95,30.03,32.22
CUST_1057,84.56,87.28,64.92,66.62,71.67,89.12,63.29,79.91,63.0,75.52,79.54,75.47
CUST_1058,130.06,113.53,127.2,111.67,120.28,123.75,128.84,125.41,125.99,133.15,113.66,115.56
CUST_1059,87.6,104.05,83.86,95.57,96.21,95.87,84.61,84.76,85.54,93.33,104.8,106.67
CUST_1060,71.28,71.75,81.78,60.45,64.48,55.36,57.93,68.05,60.43,67.56,68.55,62.95
CUST_1061,90.73,83.36,69.33,79.55,80.69,70.86,97.17,74.77,90.9,82.68,94.72,85.63
CUST_1062,100.34,87.92,102.42,92.06,90.81,96.19,94.6,79.97,100.41,78.97,89.64,91.94
CUST_1063,37.7,27.21,31.56,41.96,33.35,22.64,23.58,32.45,43.84,37.86,38.13,31.57
CUST_1064,134.13,126.54,134.63,122.8,121.16,134.84,125.11,106.69,122.2,109.67,125.46,119.43
CUST_1065,30.86,34.49,47.93,31.4,49.38,57.84,47.1,50.48,52.46,52.6,38.87,56.63
CUST_1066,62.28,58.01,42.32,54.27,44.2,58.69,40.21,61.35,40.93,58.12,58.55,60.15
CUST_1067,60.15,61.77,59.42,64.48,55.78,65.99,73.34,78.59,68.35,66.22,54.14,62.67
CUST_1068,57.5,71.1,73.25,75.96,60.46,62.01,72.39,51.38,74.56,53.79,78.0,78.44
CUST_1069,103.81,87.61,101.7,90.03,94.69,92.12,82.76,93.36,103.33,77.98,92.65,82.64
CUST_1070,50.69,66.27,75.43,66.61,62.55,66.42,74.14,73.2,59.59,46.03,64.46,57.08
CUST_1071,133.37,121.38,113.08,128.58,128.27,125.94,110.39,111.02,130.77,104.12,132.68,112.36
CUST_1072,52.96,64.32,46.11,61.33,43.04,62.95,59.79,48.7,59.52,58.28,55.37,55.92
CUST_1073,51.97,28.77,53.51,45.28,54.67,53.0,44.28,25.16,33.55,28.62,53.52,31.7
CUST_1074,60.35,83.89,70.43,68.7,72.73,64.26,76.65,70.45,58.81,70.57,58.19,63.25
CUST_1075,115.62,104.04,102.05,97.66,102.89,103.95,98.83,118.92,117.24,93.37,97.68,115.99
CUST_1076,85.59,98.82,92.64,79.51,84.53,104.85,98.34,83.59,83.93,81.59,91.46,96.22
CUST_1077,130.2,129.17,106.48,116.63,104.1,107.16,130.55,119.23,123.2,126.38,119.32,122.34
CUST_1078,30.45,48.65,29.04,34.7,38.55,37.41,30.02,23.19,40.83,32.67,21.49,24.33
CUST_1079,108.42,108.31,107.71,99.54,99.49,102.19,100.94,87.82,103.46,91.81,95.5,92.87
CUST_1080,62.38,59.83,51.14,58.2,42.26,59.12,49.39,60.99,50.98,49.62,49.77,50.59
CUST_1081,45.99,35.47,48.45,35.39,41.51,39.5,43.31,50.18,62.82,56.4,62.99,55.48
CUST_1082,92.3,84.05,86.95,110.34,87.11,84.4,82.26,90.21,84.86,95.88,80.69,102.64
CUST_1083,36.8,40.67,40.02,51.01,60.66,34.4,53.94,53.49,54.55,38.25,53.8,33.93
CUST_1084,110.27,124.21,119.04,125.88,119.13,129.34,130.84,118.08,127.1,119.42,124.29,117.79
CUST_1085,63.56,46.72,37.09,37.65,38.97,44.83,63.54,51.6,55.96,46.94,56.57,56.25
CUST_1086,60.51,74.29,53.46,65.26,79.46,63.55,73.72,59.36,57.49,82.39,83.37,72.94
CUST_1087,55.08,58.41,65.52,54.89,43.63,51.68,43.66,54.53,60.85,64.81,72.73,56.98
CUST_1088,72.04,63.02,64.65,81.85,54.03,61.45,59.77,62.24,61.58,52.82,79.88,62.11
CUST_1089,108.63,119.59,115.02,126.79,112.58,106.93,109.56,107.31,125.19,107.52,122.82,123.8
CUST_1090,48.87,52.36,48.82,39.14,35.85,41.18,54.77,36.56,51.3,59.06,41.7,46.85
CUST_1091,37.95,55.76,57.07,48.24,56.35,49.59,50.01,59.31,55.16,52.55,45.04,57.36
CUST_1092,51.47,48.41,45.43,54.81,49.87,46.48,50.21,61.22,50.05,64.71,41.36,55.39
CUST_1093,80.39,80.49,66.03,67.06,83.56,78.29,62.32,74.04,70.0,70.69,85.63,66.77
CUST_1094,123.28,112.33,114.76,131.07,112.01,114.72,115.92,120.22,119.25,131.42,117.43,117.43
CUST_1095,94.94,96.13,106.42,111.09,89.53,106.29,97.63,94.63,110.62,108.9,85.31,112.1
CUST_1096,111.13,110.55,91.9,102.17,103.14,96.32,92.73,109.32,97.78,91.5,87.32,91.71
CUST_1097,61.67,67.92,63.19,50.93,63.49,49.24,49.08,62.19,52.05,71.53,67.53,71.11
CUST_1098,52.61,72.55,47.21,63.64,59.99,61.46,65.94,49.94,51.78,56.02,46.54,67.21
CUST_1099,102.93,95.13,89.25,94.07,79.34,90.48,94.39,85.24,90.46,78.35,81.92,101.46
CUST_1100,100.95,74.13,92.58,94.9,98.6,92.54,99.18,95.77,99.86,90.52,87.84,86.23
CUST_1101,80.22,98.72,85.33,78.24,101.32,100.06,97.19,101.98,102.77,85.25,84.68,92.99
CUST_1102,87.94,98.84,93.44,103.18,80.31,86.7,101.69,81.89,86.0,84.4,97.47,99.39
CUST_1103,28.37,39.07,51.78,45.58,42.46,46.78,32.96,34.98,46.56,35.59,41.13,26.28
CUST_1104,59.06,73.11,58.97,66.28,63.22,58.28,63.6,68.99,61.34,83.83,69.72,74.19
CUST_1105,85.13,103.1,93.05,98.2,99.36,86.25,107.87,92.0,80.47,89.25,103.29,103.12
CUST_1106,73.13,71.66,75.29,62.19,71.01,64.7,64.99,76.08,58.0,66.96,53.84,74.12
CUST_1107,52.15,46.1,47.33,47.17,29.17,49.83,49.8,29.18,49.29,52.4,46.73,25.14
CUST_1108,115.36,116.14,129.34,132.58,124.11,132.59,114.33,114.22,129.77,135.79,116.76,127.63
CUST_1109,93.9,95.5,101.04,91.97,105.59,86.82,106.06,85.99,83.04,102.29,88.83,97.44
CUST_1110,60.63,63.01,50.23,60.04,71.54,68.64,64.63,74.04,76.09,59.74,54.58,64.89
CUST_1111,97.87,118.04,116.13,96.87,118.14,98.82,109.32,97.55,106.36,104.73,102.99,105.64
CUST_1112,95.81,99.99,111.11,108.06,101.2,92.67,103.72,102.17,92.74,93.34,91.89,87.69
CUST_1113,111.73,110.18,118.44,128.3,125.43,107.95,113.04,128.9,113.69,106.22,130.9,122.08
CUST_1114,105.28,121.23,117.12,110.35,128.44,117.17,116.78,126.62,104.76,124.14,129.73,127.38
CUST_1115,120.33,106.79,97.45,96.57,105.29,112.59,121.43,99.59,103.1,121.34,97.01,123.56
CUST_1116,63.13,73.1,58.66,68.49,68.53,67.07,75.73,65.07,69.66,60.77,62.76,60.84
CUST_1117,59.94,77.51,75.15,78.35,51.98,69.93,77.9,61.24,57.55,56.95,70.98,52.51
CUST_1118,117.84,104.61,116.26,113.8,118.24,129.43,127.59,122.38,118.99,103.23,104.73,128.32
CUST_1119,69.6,76.26,63.73,58.41,70.88,56.36,64.25,60.5,50.43,74.74,63.59,50.89
CUST_1120,41.7,41.47,32.86,49.88,40.26,47.6,27.81,34.72,54.37,27.72,30.48,47.82
CUST_1121,122.51,113.44,127.93,129.36,138.66,121.57,123.9,135.75,124.27,135.37,109.92,132.95
CUST_1122,117.63,96.98,104.06,113.96,99.4,118.09,103.64,107.39,118.8,102.18,112.28,122.79
CUST_1123,89.2,112.27,116.81,111.65,116.06,93.84,88.85,114.69,91.89,113.23,104.04,98.11
CUST_1124,78.55,93.31,74.57,80.57,93.6,70.16,73.79,96.7,83.19,98.18,100.01,91.61
CUST_1125,63.21,60.97,70.18,64.33,67.34,66.27,59.86,85.94,64.1,63.71,66.65,71.54
CUST_1126,71.23,90.53,88.09,85.58,83.56,68.21,77.51,64.44,76.3,75.73,89.54,81.96
CUST_1127,44.84,66.96,55.66,55.14,50.48,66.57,53.25,49.78,53.34,40.99,62.42,49.07
CUST_1128,58.54,57.66,84.82,68.49,63.59,59.73,76.78,66.46,65.0,72.87,78.12,74.14
CUST_1129,95.04,109.05,101.62,108.07,91.36,95.02,96.78,99.79,107.86,113.14,90.42,114.89
CUST_1130,98.74,100.42,91.75,102.72,108.64,93.59,97.16,105.23,97.63,114.24,98.97,112.28
CUST_1131,91.01,98.33,100.46,79.27,93.02,95.39,75.67,80.11,103.61,86.82,102.81,83.94
CUST_1132,42.49,37.88,43.96,35.51,40.75,27.68,36.87,40.97,33.7,39.18,33.34,38.61
CUST_1133,105.93,99.13,98.47,79.37,101.24,82.67,81.51,82.05,89.58,99.93,78.82,103.7
CUST_1134,51.5,53.39,45.37,68.27,46.83,61.05,70.29,56.22,46.05,53.77,48.72,61.08
CUST_1135,105.06,110.65,96.11,92.46,108.05,83.83,89.87,95.16,86.43,92.65,95.33,87.49
CUST_1136,83.44,78.97,87.39,84.84,91.16,92.86,91.69,66.42,75.93,80.61,91.12,77.08
CUST_1137,71.47,73.21,62.53,86.18,73.54,84.44,78.77,63.96,62.84,73.66,65.32,77.0
CUST_1138,120.86,106.6,120.27,104.24,113.69,122.37,97.89,99.36,111.24,102.58,121.18,122.25
CUST_1139,41.3,57.58,54.23,42.02,47.99,46.33,54.05,40.56,59.49,58.03,55.13,62.64
CUST_1140,69.41,59.14,66.81,47.91,53.93,71.5,49.44,70.35,61.83,67.3,67.83,55.45
CUST_1141,80.21,71.25,89.64,89.93,93.33,84.29,95.1,95.15,74.78,67.18,70.57,72.92
CUST_1142,89.84,87.14,84.35,79.8,93.63,73.12,75.54,91.98,77.38,88.32,76.52,78.37
CUST_1143,102.48,107.14,122.53,110.53,103.94,126.48,115.82,123.43,119.77,122.59,123.02,104.88
CUST_1144,101.61,90.84,85.0,101.94,74.07,76.25,82.49,100.21,73.84,75.12,88.59,83.65
CUST_1145,125.26,116.63,126.24,121.09,119.4,116.55,111.71,112.85,129.72,115.01,108.3,104.7
CUST_1146,56.24,42.67,59.14,47.08,65.33,51.55,43.75,40.85,57.15,68.84,63.55,64.95
CUST_1147,110.56,115.09,112.35,109.53,97.81,107.23,100.37,100.4,98.33,112.78,121.27,104.59
CUST_1148,88.39,85.12,72.58,73.53,65.97,66.66,66.78,81.09,70.55,84.46,76.79,82.04
CUST_1149,117.93,130.7,106.47,128.92,117.02,122.7,103.57,119.66,126.61,118.54,122.11,123.53
CUST_1150,84.28,76.55,74.52,80.78,80.4,85.38,93.58,90.88,90.53,102.08,81.94,78.51
CUST_1151,78.4,81.16,87.87,66.5,70.86,81.39,65.37,75.94,64.49,76.97,80.66,68.0
CUST_1152,106.07,102.54,100.52,108.03,107.8,119.04,116.7,127.42,106.06,122.43,101.01,101.61
CUST_1153,26.89,24.91,34.44,22.25,33.99,31.57,33.09,21.15,33.07,40.78,27.67,27.03
CUST_1154,79.11,71.82,70.24,66.72,74.41,60.17,59.7,85.54,64.3,84.52,85.91,62.24
CUST_1155,116.14,106.09,97.23,100.08,103.54,98.44,104.32,101.5,104.87,107.97,100.27,92.97
CUST_1156,97.36,92.62,87.3,85.17,107.51,97.71,98.84,86.28,101.52,97.36,105.77,83.7
CUST_1157,48.01,51.05,52.17,55.13,43.62,47.47,58.48,34.41,51.81,45.45,45.2,39.83
CUST_1158,121.15,100.21,100.42,120.42,112.57,98.25,114.32,115.3,98.71,100.31,104.53,122.15
CUST_1159,108.99,111.24,106.35,91.42,91.32,95.75,98.78,87.17,88.88,85.56,110.55,91.22
CUST_1160,103.47,91.66,103.85,99.37,104.19,112.14,93.72,96.29,91.21,90.33,96.24,99.08
CUST_1161,54.57,49.34,47.88,40.87,61.03,38.53,53.91,43.06,57.89,42.54,55.02,37.0
CUST_1162,37.57,28.83,47.58,47.09,38.48,47.51,30.44,40.33,32.82,54.76,36.85,33.13
CUST_1163,95.68,87.46,99.77,107.17,101.04,102.88,105.25,109.9,111.8,91.51,94.29,114.49
CUST_1164,51.63,45.13,49.63,37.32,60.15,50.49,39.74,46.79,39.6,40.27,39.82,46.37
CUST_1165,88.16,82.49,73.84,67.44,88.14,74.23,84.14,73.86,67.77,65.76,76.75,82.07
CUST_1166,103.1,98.87,113.92,93.35,88.29,109.42,105.8,106.25,88.28,92.99,93.72,108.71
CUST_1167,95.0,119.32,120.44,115.6,97.63,98.68,115.42,94.48,100.27,106.41,106.49,94.92
CUST_1168,71.97,74.95,68.75,66.28,49.29,70.87,59.39,58.68,51.13,71.35,60.9,68.81
CUST_1169,62.22,61.89,84.66,81.19,60.24,72.51,71.38,61.58,58.63,72.63,60.8,83.94
CUST_1170,98.2,81.9,90.49,94.07,75.37,89.92,86.77,94.05,79.76,74.94,84.97,85.9
CUST_1171,89.36,94.02,113.66,112.44,111.53,96.87,85.48,94.65,91.25,110.19,96.64,104.8
CUST_1172,86.81,86.37,90.89,71.06,69.91,64.17,67.24,88.1,73.24,75.09,66.34,78.39
CUST_1173,60.8,61.47,51.51,51.8,45.33,59.6,37.81,50.29,53.11,47.37,61.39,58.74
CUST_1174,67.23,65.37,90.72,90.79,77.87,79.52,85.06,80.49,73.6,75.44,86.72,68.9
CUST_1175,111.02,117.98,134.62,131.05,115.25,128.59,130.6,126.2,110.71,107.11,116.81,109.94
CUST_1176,89.02,62.75,63.39,75.68,83.45,62.37,80.87,85.0,77.77,87.45,64.93,82.12
CUST_1177,91.41,89.09,93.89,100.22,99.55,93.1,84.71,89.25,96.97,84.31,110.07,94.48
CUST_1178,78.13,80.04,85.05,85.8,79.51,81.83,99.29,82.07,87.66,90.23,82.71,92.01
CUST_1179,134.78,121.1,113.83,114.97,127.74,111.06,129.21,126.31,123.76,133.88,132.46,118.39
CUST_1180,104.68,100.22,121.9,106.08,96.51,113.9,109.58,110.73,96.82,119.36,113.71,103.92
CUST_1181,74.06,89.46,65.97,88.67,83.46,69.85,76.87,79.23,76.24,82.01,72.62,74.41
CUST_1182,50.17,54.65,32.17,31.83,53.36,41.74,28.24,33.39,56.14,39.16,43.84,56.25
CUST_1183,107.06,114.85,105.42,114.02,106.94,128.86,132.37,109.3,123.5,124.5,110.63,119.93
CUST_1184,96.94,84.44,95.53,88.33,86.19,109.24,111.77,95.32,84.74,84.84,104.33,94.49
CUST_1185,117.99,98.09,109.93,91.12,105.49,112.83,106.86,107.51,107.36,98.32,116.26,95.35
CUST_1186,115.81,116.53,107.61,122.27,113.87,123.15,107.38,120.72,110.21,109.08,131.19,114.25
CUST_1187,64.64,69.5,53.01,59.62,44.25,51.03,43.72,67.19,51.03,49.03,57.22,47.83
CUST_1188,91.28,98.25,96.24,93.9,84.47,102.7,109.25,106.05,110.57,85.54,85.23,94.11
CUST_1189,80.7,75.15,75.02,84.22,63.68,64.61,57.79,84.21,64.0,85.99,61.88,72.01
CUST_1190,116.59,108.31,110.3,126.98,137.3,122.08,127.6,124.5,120.77,132.39,119.6,125.93
CUST_1191,66.06,58.93,83.59,68.35,81.48,60.97,72.2,74.48,85.95,67.94,79.71,81.76
CUST_1192,68.71,85.88,77.57,75.07,66.73,83.5,83.4,72.74,77.2,85.44,80.69,63.79
CUST_1193,68.98,52.02,71.71,60.17,60.3,52.82,58.81,72.47,64.58,65.93,56.82,62.63
CUST_1194,51.98,53.63,42.02,61.44,36.69,55.17,47.18,61.92,55.5,46.51,48.23,63.28
CUST_1195,73.89,83.6,86.37,75.22,92.09,66.48,65.98,94.13,83.92,71.82,89.03,90.4
CUST_1196,57.59,63.58,60.5,57.78,65.48,64.73,75.94,75.09,79.6,62.44,67.72,73.85
CUST_1197,60.33,35.19,34.29,52.44,45.41,32.19,32.74,39.09,38.99,60.51,44.8,42.75
CUST_1198,64.03,55.07,44.78,55.28,38.42,41.12,42.87,43.54,66.25,62.66,63.48,39.76
CUST_1199,130.73,110.53,110.17,110.13,108.01,125.8,104.01,124.21,109.36,109.98,107.58,126.56
CUST_1200,87.81,98.15,78.11,107.19,103.52,90.54,91.04,80.54,82.42,100.66,96.1,89.35
CUST_1201,50.15,44.55,30.52,54.51,51.25,37.33,52.4,53.45,46.38,53.57,51.53,38.38
CUST_1202,68.19,66.24,69.47,48.76,71.48,49.78,59.04,54.65,48.0,50.81,58.01,53.87
CUST_1203,124.28,109.04,130.86,132.7,110.63,128.33,109.93,107.19,132.86,124.62,133.5,110.59
CUST_1204,47.27,28.57,52.49,28.22,33.23,46.02,29.49,52.15,27.61,28.53,35.9,36.38
CUST_1205,40.59,46.68,52.27,41.9,47.99,45.2,50.51,58.25,41.58,52.81,46.64,40.69
CUST_1206,92.71,103.44,77.1,82.43,95.9,83.38,90.62,97.05,86.2,75.77,93.84,74.98
CUST_1207,99.28,110.44,96.41,104.02,109.77,94.62,111.65,107.46,93.29,83.28,82.21,85.76
CUST_1208,86.69,88.04,107.04,105.65,96.33,99.44,105.58,88.13,100.88,109.28,98.59,98.91
CUST_1209,100.44,116.36,111.15,100.57,108.33,111.95,104.38,90.4,117.45,118.7,98.4,107.78
CUST_1210,37.4,35.27,50.42,43.58,35.2,30.22,46.48,37.91,44.91,42.6,50.13,25.86
CUST_1211,57.86,52.77,58.98,65.62,67.13,65.42,47.52,45.17,58.05,63.75,50.92,37.51
CUST_1212,115.53,94.9,114.98,99.73,97.54,89.93,90.96,89.14,88.28,107.62,98.22,106.09
CUST_1213,101.4,101.89,109.28,94.74,110.28,111.09,104.34,88.51,94.9,99.35,100.35,99.81
CUST_1214,85.16,87.45,79.96,92.5,82.69,89.85,79.45,88.97,72.09,80.64,83.36,100.8
CUST_1215,104.32,80.48,80.52,100.9,87.92,105.46,105.27,77.63,103.44,99.23,100.66,81.91
CUST_1216,125.7,114.26,128.21,122.66,101.76,107.56,125.36,122.47,120.03,108.2,109.31,116.1
CUST_1217,115.59,137.54,121.02,132.83,124.43,133.21,119.95,121.74,135.16,127.82,118.03,132.29
CUST_1218,101.18,100.98,88.86,99.01,116.13,100.78,89.73,106.62,98.56,93.03,94.79,87.39
CUST_1219,93.87,72.41,84.93,95.37,70.85,91.35,65.72,78.94,84.22,87.48,76.67,71.15
CUST_1220,115.84,129.05,122.3,125.37,111.43,119.77,129.42,128.83,130.86,135.28,134.96,137.64
CUST_1221,55.36,59.49,60.56,56.69,66.91,42.2,54.97,45.13,68.58,57.39,44.93,44.22
CUST_1222,55.99,40.45,63.43,44.25,49.45,56.51,40.25,46.56,66.35,49.2,56.26,60.96
CUST_1223,56.35,56.29,37.36,63.95,51.44,46.54,50.32,64.85,38.67,47.99,53.54,40.15
CUST_1224,101.32,117.69,103.73,104.99,112.55,112.27,92.13,103.39,101.85,88.54,101.0,92.69
CUST_1225,101.73,99.13,101.58,94.06,103.0,95.02,105.87,102.64,81.1,91.34,83.99,93.44
CUST_1226,44.21,27.85,56.11,34.36,34.01,49.62,27.25,52.66,27.28,34.78,35.27,34.71
CUST_1227,123.07,108.68,106.81,120.05,113.36,127.79,102.71,100.5,101.71,104.82,101.94,116.5
CUST_1228,108.72,123.34,110.68,121.1,131.91,117.71,116.72,129.25,128.59,114.82,131.97,123.51
CUST_1229,77.35,73.14,80.61,82.21,76.79,76.68,64.23,61.07,69.4,76.46,84.48,58.46
CUST_1230,98.4,124.66,107.69,107.65,108.65,96.29,116.49,102.3,107.72,121.24,124.42,106.7
CUST_1231,95.77,99.25,108.56,120.03,96.1,120.43,120.92,99.9,104.04,109.87,96.54,104.02
CUST_1232,70.29,78.36,84.2,81.52,81.91,81.43,73.01,66.8,78.82,83.95,70.69,64.89
CUST_1233,85.81,80.98,83.26,73.6,91.4,76.46,68.06,70.15,86.03,77.96,87.62,78.09
CUST_1234,33.05,45.35,29.13,48.35,22.85,31.22,28.47,23.28,20.57,42.69,30.45,25.21
CUST_1235,131.5,133.49,130.58,130.83,119.43,123.19,122.63,109.11,117.56,113.08,120.67,109.5
CUST_1236,86.43,86.55,81.72,83.96,99.09,96.35,90.32,75.44,86.08,95.38,75.37,75.92
CUST_1237,116.55,119.62,104.15,122.08,99.4,103.25,114.04,121.72,113.93,112.18,123.77,103.24
CUST_1238,69.29,75.0,66.16,56.6,52.31,57.05,57.48,59.54,57.23,78.51,67.57,56.83
CUST_1239,79.28,55.58,79.38,54.11,68.06,69.9,60.04,63.13,69.87,52.16,77.82,65.07
CUST_1240,95.39,79.51,93.45,76.1,92.26,85.27,89.65,85.79,80.34,75.42,84.01,81.9
CUST_1241,34.94,36.2,40.39,32.01,34.81,20.78,24.42,30.75,25.23,36.47,44.17,34.65
CUST_1242,84.32,62.8,70.93,69.7,89.34,68.73,72.55,86.31,90.21,83.6,76.13,80.69
CUST_1243,110.37,88.87,114.16,95.4,114.22,113.42,111.29,91.34,88.97,89.55,113.97,113.57
CUST_1244,75.03,84.44,96.06,75.32,72.65,97.47,99.07,80.02,73.53,73.96,87.75,95.44
CUST_1245,32.95,46.98,51.25,55.16,53.64,51.96,56.28,49.8,53.08,54.71,47.87,35.02
CUST_1246,50.14,50.07,42.95,49.9,38.18,50.31,42.73,55.13,43.49,41.36,47.22,37.56
CUST_1247,98.9,89.03,99.65,95.61,86.58,84.24,79.5,102.4,86.46,90.68,81.65,87.99
CUST_1248,107.45,97.32,122.15,107.6,121.75,104.11,105.99,100.2,116.85,117.1,98.24,124.22
CUST_1249,95.68,103.93,97.89,116.02,114.92,91.05,104.95,101.8,91.03,100.06,104.33,89.14
CUST_1250,105.77,122.63,123.54,125.65,110.97,131.92,119.15,133.59,113.46,125.86,131.87,123.87
CUST_1251,98.54,113.22,111.17,105.13,107.13,112.61,119.12,92.98,114.25,116.01,110.51,103.55
CUST_1252,117.52,112.01,119.96,113.73,122.38,101.8,110.37,102.0,124.33,123.53,125.5,113.32
CUST_1253,91.27,97.71,95.02,84.58,87.49,83.66,104.03,90.32,95.53,100.36,109.26,107.29
CUST_1254,96.6,89.98,94.99,79.25,92.55,90.54,98.55,82.04,76.87,93.33,95.76,81.58
CUST_1255,93.28,111.33,90.39,118.96,110.07,108.94,116.59,94.58,107.39,116.45,112.69,91.1
CUST_1256,61.06,79.09,59.67,70.95,77.01,77.81,52.99,75.52,54.77,78.79,81.62,65.61
CUST_1257,96.91,107.33,100.25,110.02,100.22,94.13,95.36,90.68,110.2,106.43,103.69,108.17
CUST_1258,52.29,40.3,52.3,60.16,68.7,58.37,69.22,55.88,44.41,52.81,58.8,54.74
CUST_1259,76.86,65.31,78.94,68.53,72.32,76.54,81.8,59.2,78.88,57.79,78.56,60.53
CUST_1260,73.48,61.7,65.88,76.88,80.81,72.09,63.58,55.59,83.87,67.65,75.33,74.21
CUST_1261,63.33,68.96,73.69,71.78,73.04,52.59,78.38,72.84,66.15,60.08,49.85,75.44
CUST_1262,111.25,102.83,94.73,119.26,114.31,120.78,112.2,99.39,107.18,116.41,97.04,95.77
CUST_1263,58.78,34.1,33.39,49.05,58.31,41.89,59.51,50.08,51.96,35.41,59.71,48.19
CUST_1264,40.28,59.26,62.32,57.39,64.94,54.61,51.79,59.84,61.78,66.15,65.27,58.62
CUST_1265,136.91,126.87,129.7,127.39,137.66,127.77,116.47,118.84,130.82,125.14,117.05,121.03
CUST_1266,111.64,110.02,111.13,136.12,112.48,114.99,134.2,127.37,125.17,116.29,119.63,122.21
CUST_1267,24.6,44.54,24.97,52.55,41.12,25.52,30.1,25.05,50.9,51.08,48.7,40.23
CUST_1268,53.43,57.24,52.06,57.99,44.98,52.86,62.78,50.43,62.42,35.52,53.85,35.54
CUST_1269,121.82,102.47,112.65,115.77,121.03,117.58,115.2,115.72,124.03,103.99,123.7,101.47
CUST_1270,101.02,108.45,89.21,87.64,99.64,94.98,96.43,89.25,97.33,86.21,99.79,91.77
CUST_1271,74.07,87.84,79.04,99.02,93.68,99.93,98.94,78.98,82.79,90.33,86.26,101.16
CUST_1272,90.77,80.08,86.66,84.06,88.26,103.89,97.5,82.78,77.9,77.71,76.67,100.86
CUST_1273,53.28,46.72,41.21,32.71,27.78,33.39,41.8,45.96,33.34,34.26,27.09,26.87
CUST_1274,99.3,111.86,84.9,84.59,97.56,110.82,94.29,103.76,85.76,99.85,90.38,111.5
CUST_1275,44.66,31.42,34.89,41.54,32.98,36.99,33.02,32.82,51.89,26.9,28.46,38.15
CUST_1276,122.09,119.16,117.73,113.47,131.69,121.16,108.59,123.6,135.95,130.97,113.12,134.96
CUST_1277,50.12,54.11,48.77,53.1,37.98,56.35,35.75,37.5,42.12,46.23,36.55,40.97
CUST_1278,86.58,88.65,71.94,86.93,70.52,68.11,72.22,80.72,72.32,77.38,69.79,74.16
CUST_1279,92.1,104.14,100.67,94.95,86.65,111.93,104.86,108.92,91.16,96.27,110.96,92.36
CUST_1280,81.48,69.25,84.62,78.7,84.47,63.53,77.14,79.01,88.27,68.52,85.03,84.26
CUST_1281,35.23,48.64,42.62,53.48,55.05,31.1,43.63,53.04,45.74,46.68,43.35,47.58
CUST_1282,49.44,50.61,39.44,40.25,50.91,47.45,41.96,40.32,59.03,57.72,43.36,36.04
CUST_1283,108.13,115.29,113.29,105.31,118.59,101.3,108.17,127.39,111.98,109.97,106.11,110.1
CUST_1284,68.92,85.34,78.86,83.03,60.94,67.05,85.29,70.87,76.66,72.85,86.45,80.06
CUST_1285,45.1,57.64,71.65,62.17,57.09,69.02,65.49,45.66,55.81,71.57,71.19,68.51
CUST_1286,77.79,70.17,69.15,65.25,74.99,64.78,62.4,77.5,58.05,61.99,72.87,58.42
CUST_1287,84.15,83.84,69.36,73.27,60.75,75.08,82.11,80.53,71.24,80.84,56.35,62.13
CUST_1288,86.37,103.66,91.85,112.76,98.59,101.14,106.9,92.98,84.35,112.9,90.42,85.65
CUST_1289,107.35,79.22,97.8,106.66,102.15,90.48,85.82,100.61,83.73,95.17,90.79,99.39
CUST_1290,79.84,53.87,58.74,58.76,75.48,65.86,67.69,69.74,71.39,54.88,65.74,52.55
CUST_1291,96.66,116.31,106.39,99.11,112.42,99.39,120.28,114.27,110.81,106.33,109.39,98.73
CUST_1292,82.35,69.91,75.83,77.38,96.25,71.86,95.63,94.17,89.2,92.31,91.55,88.1
CUST_1293,50.97,59.01,59.1,55.32,68.52,60.04,73.26,50.87,77.66,59.32,75.01,73.46
CUST_1294,85.57,85.33,99.49,84.17,94.09,87.94,81.08,76.63,103.81,82.03,82.49,78.34
CUST_1295,66.8,83.78,71.75,69.61,89.08,87.37,73.61,83.6,71.66,83.28,66.68,72.78
CUST_1296,46.31,52.9,32.46,33.11,41.76,33.34,34.69,37.78,39.89,49.45,44.28,55.31
CUST_1297,95.51,93.67,103.83,88.61,82.0,97.13,95.8,96.2,86.3,90.61,103.33,94.23
CUST_1298,87.06,75.71,68.06,67.41,85.27,80.22,77.58,73.34,85.91,64.25,75.95,69.13
CUST_1299,71.19,64.26,81.11,70.85,59.15,68.54,67.28,69.44,79.32,64.59,56.99,73.89
CUST_1300,108.6,107.04,115.69,119.45,121.82,129.24,114.62,116.79,118.45,103.58,106.12,115.73
CUST_1301,54.77,80.16,68.2,80.51,82.06,64.86,62.08,75.85,71.14,79.05,56.1,66.04
CUST_1302,94.07,99.18,77.34,83.84,86.36,99.2,78.24,83.29,102.38,102.63,80.66,103.52
CUST_1303,22.55,34.75,37.1,45.73,42.3,28.35,43.82,43.28,33.14,28.05,38.62,37.66
CUST_1304,116.12,131.78,135.24,129.07,114.18,114.78,124.0,130.49,108.75,127.65,118.04,134.04
CUST_1305,115.76,106.77,98.15,116.39,116.61,98.2,105.22,104.04,121.08,123.56,112.14,98.5
CUST_1306,94.87,88.47,108.79,88.31,102.71,91.61,106.14,85.17,105.17,101.32,93.56,88.02
CUST_1307,33.01,43.46,33.11,31.44,29.75,43.96,36.22,46.91,56.07,55.81,29.04,29.71
CUST_1308,51.85,50.57,61.26,48.89,51.45,58.96,56.28,69.81,55.98,69.96,62.6,56.85
CUST_1309,66.76,85.33,61.03,75.46,67.79,86.03,83.41,64.49,72.25,67.82,69.6,62.31
CUST_1310,111.98,100.73,103.65,107.52,100.31,104.65,114.84,100.2,119.15,95.27,94.52,122.31
CUST_1311,70.63,78.96,63.88,73.88,82.19,67.85,90.41,75.63,67.15,81.82,91.53,66.8
CUST_1312,111.61,105.49,95.07,118.69,118.2,102.45,121.33,93.1,108.62,106.18,95.18,93.12
CUST_1313,126.05,124.74,100.4,105.03,106.82,125.8,123.43,102.41,118.48,110.53,107.64,119.47
CUST_1314,45.25,55.64,55.97,54.44,56.06,36.56,35.07,29.79,48.95,46.73,30.4,30.89
CUST_1315,82.19,75.24,68.82,75.65,82.84,65.45,60.06,82.15,80.47,81.67,70.13,63.34
CUST_1316,81.06,65.42,67.98,77.29,57.11,78.41,63.7,55.88,73.56,67.51,58.66,79.21
CUST_1317,60.77,55.18,72.48,52.38,62.51,63.93,54.11,54.61,63.19,57.85,63.45,76.67
CUST_1318,84.99,89.84,66.29,66.21,64.12,75.91,87.75,80.4,79.88,87.03,60.56,69.48
CUST_1319,74.1,89.4,94.93,101.74,90.71,88.73,100.14,85.46,92.5,89.31,102.67,75.27
CUST_1320,67.02,72.26,55.35,45.27,58.59,46.68,67.82,56.06,69.03,52.87,62.2,73.12
CUST_1321,49.63,35.25,50.02,49.83,40.05,30.16,57.8,53.74,41.23,54.54,33.47,47.06
CUST_1322,42.59,40.5,58.58,53.25,48.39,59.05,55.03,42.34,38.11,55.4,40.75,38.14
CUST_1323,87.07,67.14,68.87,84.43,94.96,93.48,67.92,77.14,73.68,72.07,79.19,72.05
CUST_1324,77.03,70.63,78.05,77.41,78.05,87.19,71.86,62.78,79.35,90.25,89.4,76.59
CUST_1325,83.71,86.86,74.48,67.94,61.87,78.44,82.52,83.53,81.21,81.41,85.54,72.63
CUST_1326,73.29,69.28,80.6,85.24,74.53,71.43,72.72,87.55,70.07,85.41,75.81,66.58
CUST_1327,106.71,82.76,89.79,90.94,107.51,97.18,89.86,88.55,87.76,98.02,84.3,80.19
CUST_1328,96.78,89.4,105.71,105.25,94.25,83.29,98.24,99.4,91.51,92.29,90.54,87.77
CUST_1329,82.01,69.58,79.58,80.01,88.09,92.82,84.8,72.77,79.5,83.48,76.05,92.26
CUST_1330,48.63,52.92,47.22,46.84,65.31,56.72,48.85,50.79,54.08,53.18,35.68,49.15
CUST_1331,81.04,94.23,84.96,88.17,87.13,93.52,77.39,95.65,98.07,92.64,80.27,74.01
CUST_1332,113.26,132.7,118.17,127.46,118.59,132.8,121.18,113.64,120.46,124.38,107.24,136.4
CUST_1333,74.94,83.03,69.49,60.72,67.21,59.0,85.75,79.39,74.35,71.53,70.94,83.23
CUST_1334,63.15,73.78,87.41,76.03,67.48,64.8,83.75,82.45,81.0,70.7,66.46,87.05
CUST_1335,121.85,134.26,136.3,125.26,126.76,125.29,118.66,122.04,110.4,136.16,108.41,116.74
CUST_1336,114.71,100.4,107.27,116.51,104.49,100.29,113.17,107.84,96.03,95.11,115.4,108.02
CUST_1337,70.68,79.24,86.24,83.15,94.97,69.07,75.41,95.38,87.85,87.92,89.89,86.9
CUST_1338,98.87,101.97,100.68,89.67,86.79,97.89,102.76,102.41,78.03,88.19,87.95,86.7
CUST_1339,77.5,79.17,87.85,89.84,69.35,69.13,83.44,81.86,83.42,86.81,68.79,71.87
CUST_1340,81.69,66.16,68.81,71.39,67.04,68.93,75.9,78.99,91.35,87.14,77.51,81.45
CUST_1341,75.29,66.34,73.96,63.86,80.98,64.91,83.77,73.55,65.62,68.56,73.82,67.43
CUST_1342,72.13,70.26,74.86,58.05,60.75,81.18,73.84,71.59,85.23,58.34,65.19,86.4
CUST_1343,49.87,38.84,44.12,40.94,36.95,45.28,44.69,30.53,32.79,48.86,24.55,27.35
CUST_1344,61.41,50.93,57.81,69.5,69.57,55.41,41.3,68.07,62.03,69.3,57.03,70.61
CUST_1345,47.45,53.41,51.22,49.34,53.12,53.16,48.91,43.89,40.95,65.65,56.46,46.1
CUST_1346,108.8,115.14,98.18,97.91,98.04,109.63,98.77,98.77,92.06,92.86,112.99,101.95
CUST_1347,57.43,74.69,69.45,51.98,49.82,45.69,53.58,45.76,64.46,70.32,66.22,45.16
CUST_1348,112.34,116.23,121.2,109.65,120.7,120.56,113.66,121.58,115.31,108.37,107.46,102.82
CUST_1349,65.83,82.81,88.43,62.42,81.42,87.98,66.7,89.5,67.39,72.13,68.5,65.64
CUST_1350,89.87,93.03,95.2,91.96,83.35,84.49,96.99,99.42,91.06,93.54,98.31,78.09
CUST_1351,115.79,123.44,112.24,104.55,122.69,93.78,105.73,94.51,113.08,122.78,115.81,107.68
CUST_1352,98.73,78.05,105.42,83.84,95.58,90.32,96.78,106.89,86.09,103.14,100.96,78.57
CUST_1353,43.96,30.99,27.75,32.48,28.09,26.23,36.85,41.77,34.26,38.31,35.94,39.02
CUST_1354,90.01,103.03,99.06,81.03,83.17,84.82,99.48,92.3,84.83,105.08,101.3,89.53
CUST_1355,117.33,127.82,110.92,118.44,111.16,130.71,131.25,127.16,138.47,130.52,139.87,116.34
CUST_1356,129.75,111.1,101.84,114.13,127.55,129.78,112.48,120.93,103.77,102.5,130.07,109.72
CUST_1357,100.92,83.77,98.21,101.64,79.06,102.55,91.56,81.28,105.85,105.29,82.54,106.31
CUST_1358,73.76,69.02,59.6,59.47,65.97,75.39,76.41,67.32,66.05,78.31,77.11,82.23
CUST_1359,97.38,96.33,92.77,109.08,99.5,90.26,96.42,93.57,103.94,83.73,88.51,97.15
CUST_1360,75.23,73.93,88.45,93.44,67.71,96.43,69.94,81.04,82.32,70.25,90.29,84.22
CUST_1361,58.78,37.28,50.44,54.52,50.5,61.27,44.89,41.05,59.81,58.67,41.05,50.44
CUST_1362,59.69,74.63,68.23,53.22,69.48,62.5,52.38,52.27,66.17,74.26,53.6,75.83
CUST_1363,84.02,69.85,78.67,58.77,70.37,73.8,79.49,87.11,75.82,83.37,85.28,81.94
CUST_1364,62.53,60.29,48.42,53.05,67.04,68.75,55.7,62.68,63.47,48.97,67.52,43.65
CUST_1365,43.11,44.08,26.19,49.35,42.5,50.75,41.31,39.47,44.68,24.92,25.87,31.02
CUST_1366,72.78,92.09,81.07,81.58,69.83,70.81,85.19,79.63,89.14,75.84,74.91,96.41
CUST_1367,96.17,105.38,91.99,112.01,86.29,108.08,89.31,106.24,97.23,98.28,111.47,91.43
CUST_1368,101.4,98.5,84.38,80.58,88.35,101.11,73.14,90.86,95.45,95.32,88.42,97.93
CUST_1369,42.83,45.45,50.85,44.74,50.1,53.83,36.18,53.85,35.08,29.56,48.73,29.23
CUST_1370,41.85,57.25,61.88,58.02,56.34,60.36,37.4,33.81,43.2,34.35,49.98,54.13
CUST_1371,60.21,69.96,70.47,69.85,72.29,67.43,70.39,61.7,76.97,62.97,75.93,73.24
CUST_1372,117.28,119.65,117.66,97.15,104.44,122.83,98.33,119.82,120.34,99.92,109.2,112.6
CUST_1373,75.49,72.01,80.65,78.64,92.64,90.06,90.96,75.1,75.2,76.41,68.74,76.41
CUST_1374,105.35,112.61,104.48,110.82,100.0,111.72,104.33,103.62,115.9,90.56,93.79,90.36
CUST_1375,92.42,85.71,109.63,114.21,94.43,108.75,97.31,89.13,86.63,86.76,94.71,92.84
CUST_1376,82.45,92.47,83.95,81.33,76.16,85.75,93.69,81.78,79.9,91.54,90.89,83.97
CUST_1377,73.9,82.37,76.48,68.33,82.88,80.71,66.5,75.66,72.51,76.8,71.67,73.27
CUST_1378,55.83,69.01,75.65,62.14,67.89,68.46,75.14,68.54,69.37,55.56,72.61,64.88
CUST_1379,54.18,56.16,34.4,52.22,39.43,47.83,42.97,49.75,52.34,52.81,57.25,36.2
CUST_1380,44.04,66.83,72.94,46.38,54.41,45.87,53.66,50.5,63.1,63.91,69.46,64.59
CUST_1381,89.68,94.81,75.36,93.03,96.9,84.22,75.12,93.9,92.06,93.49,75.09,90.32
CUST_1382,74.94,99.7,80.13,98.32,96.94,88.71,89.63,84.49,91.85,73.78,79.22,84.1
CUST_1383,79.86,65.42,83.37,64.61,88.96,81.27,70.03,71.19,88.52,80.06,72.99,84.3
CUST_1384,47.12,40.18,57.27,54.89,57.69,42.11,63.48,57.48,50.91,63.14,53.87,54.24
CUST_1385,65.55,59.79,64.36,77.11,74.83,60.78,56.46,61.29,67.16,80.43,68.69,59.82
CUST_1386,55.13,58.63,55.87,66.29,45.9,48.9,47.61,44.31,55.74,56.24,60.49,51.17
CUST_1387,57.73,49.17,40.83,60.2,51.8,54.07,62.68,57.6,62.54,44.07,54.62,40.26
CUST_1388,116.69,100.87,105.8,98.12,113.5,104.41,120.29,109.46,118.16,101.15,117.64,123.69
CUST_1389,110.35,106.97,119.61,120.37,117.86,119.77,133.59,119.78,111.32,121.06,105.99,114.11
CUST_1390,84.37,87.08,93.52,105.21,110.66,114.05,108.21,110.1,89.42,86.91,98.08,97.77
CUST_1391,128.46,113.32,108.85,125.13,111.4,118.14,121.41,117.96,110.88,130.37,128.7,124.22
CUST_1392,111.71,104.55,121.81,111.11,114.38,92.13,96.97,92.0,92.54,119.49,104.5,102.56
CUST_1393,48.97,55.65,58.02,37.18,41.47,35.01,62.98,39.24,53.27,51.29,35.35,48.06
CUST_1394,77.66,54.23,62.05,74.7,62.08,63.83,61.31,81.25,65.02,69.87,51.69,71.07
CUST_1395,83.52,86.55,68.49,86.05,69.56,70.06,71.74,66.85,77.41,96.4,73.42,88.3
CUST_1396,74.55,65.76,72.61,77.88,63.32,50.67,56.52,67.04,57.75,67.74,71.88,60.45
CUST_1397,110.86,125.05,99.03,107.76,108.1,126.38,124.01,114.0,107.86,125.2,106.35,112.75
CUST_1398,124.59,116.98,137.43,118.1,127.96,130.61,124.92,109.18,120.09,123.5,115.44,113.84
CUST_1399,53.5,52.29,51.27,51.05,32.12,37.08,43.55,43.84,28.71,48.89,47.11,40.26
CUST_1400,66.17,60.13,60.29,62.91,74.11,64.11,67.3,73.92,77.27,63.59,51.93,78.23
CUST_1401,111.46,113.37,100.86,116.05,108.17,92.13,91.61,94.97,91.57,91.78,102.46,115.43
CUST_1402,104.94,102.55,101.11,99.44,89.42,88.12,113.43,109.87,115.11,94.11,100.68,85.65
CUST_1403,136.04,135.02,125.54,136.7,115.42,134.38,122.72,114.43,122.57,133.48,121.12,120.22
CUST_1404,120.15,123.24,117.51,128.95,102.47,111.87,117.97,123.79,103.93,122.77,127.89,122.03
CUST_1405,96.54,89.41,102.78,96.17,99.63,93.57,96.08,96.74,89.07,95.95,90.64,102.6
CUST_1406,108.06,122.34,122.32,108.8,117.78,100.48,99.43,118.87,116.62,123.83,119.91,125.78
CUST_1407,75.96,83.96,84.51,85.11,85.08,74.98,61.9,83.95,75.69,71.88,74.02,66.59
CUST_1408,105.46,98.17,95.87,98.18,83.34,105.36,86.34,110.14,98.0,108.49,102.57,85.2
CUST_1409,61.08,55.8,57.06,50.18,43.17,41.95,53.36,65.85,40.44,42.95,60.82,61.35
CUST_1410,78.02,83.68,65.96,74.67,71.67,82.99,87.79,92.46,93.36,68.39,87.49,89.82
CUST_1411,81.16,99.55,81.66,75.25,78.38,88.81,93.25,83.07,86.66,83.29,94.47,87.29
CUST_1412,47.03,52.91,68.57,73.81,54.71,74.37,47.09,56.21,66.95,46.63,48.43,50.29
CUST_1413,117.28,112.87,113.61,127.77,133.14,113.4,114.78,123.42,109.58,132.8,124.54,113.84
CUST_1414,83.17,94.52,69.86,70.0,98.87,79.78,85.6,78.05,83.11,93.69,91.45,88.37
CUST_1415,44.59,46.17,48.37,47.34,50.85,45.79,31.86,44.05,28.81,29.78,36.77,34.88
CUST_1416,40.33,53.96,40.77,42.88,42.71,39.45,45.86,45.2,29.69,31.62,40.31,43.81
CUST_1417,119.4,109.31,134.31,121.84,109.41,120.16,119.18,113.01,133.67,114.81,133.03,125.02
CUST_1418,38.83,44.46,42.5,25.85,40.39,26.47,41.76,41.1,39.5,30.48,47.19,34.95
CUST_1419,102.06,92.31,111.18,96.56,93.38,94.38,96.21,97.0,87.91,111.92,92.37,113.47
CUST_1420,61.08,76.44,61.9,54.6,58.33,58.69,73.63,60.05,77.11,64.08,60.24,50.62
CUST_1421,22.97,38.45,35.63,41.99,39.61,37.92,24.85,47.9,42.44,32.08,34.16,22.02
CUST_1422,101.12,106.13,119.74,103.32,127.3,126.18,113.91,118.17,127.43,119.08,109.77,115.75
CUST_1423,54.37,40.9,34.84,47.17,52.76,54.26,55.27,53.46,30.43,57.42,32.87,46.73
CUST_1424,86.53,78.79,63.31,72.32,64.5,66.65,83.5,91.04,80.99,79.26,70.46,72.81
CUST_1425,94.2,85.94,75.28,93.21,80.12,98.61,76.29,86.6,92.6,90.06,92.48,75.95
CUST_1426,49.2,44.91,46.68,40.26,44.01,50.1,38.02,41.63,46.68,34.14,30.44,36.31
CUST_1427,52.43,58.41,52.67,52.67,40.96,59.0,41.01,40.27,35.58,51.08,40.82,62.9
CUST_1428,96.78,113.45,113.25,94.91,104.57,113.86,96.07,97.9,115.72,101.7,107.62,96.98
CUST_1429,90.93,83.09,95.62,95.87,110.51,111.03,107.96,97.99,93.62,104.11,84.31,106.86
CUST_1430,42.02,42.73,48.31,34.15,33.86,40.85,51.56,59.67,32.45,33.77,42.3,35.19
CUST_1431,46.25,43.59,58.82,62.32,36.54,38.97,50.02,35.38,38.67,38.29,61.37,63.32
CUST_1432,113.2,123.96,114.95,131.66,125.4,117.7,113.57,122.18,117.13,110.11,125.9,124.26
CUST_1433,93.53,110.63,104.0,103.94,93.39,101.42,91.41,102.16,110.1,102.42,108.27,87.17
CUST_1434,87.27,75.98,92.35,84.96,68.02,86.99,71.82,70.54,74.61,73.85,73.17,80.91
CUST_1435,123.24,108.17,114.31,106.8,130.77,129.83,125.94,118.31,122.26,124.63,120.31,115.14
CUST_1436,43.91,49.25,55.75,53.6,34.19,41.62,33.54,40.92,39.59,52.34,31.93,36.19
CUST_1437,107.83,103.88,106.31,111.94,97.75,104.12,112.84,105.62,104.8,102.73,96.45,113.27
CUST_1438,67.88,54.02,63.5,54.04,54.87,45.12,45.69,62.7,58.29,67.01,58.65,69.22
CUST_1439,66.7,75.63,86.42,67.74,73.64,62.64,84.97,89.07,73.02,61.52,76.73,82.98
CUST_1440,103.49,125.23,121.51,118.64,106.15,117.27,123.26,124.76,121.9,104.9,96.89,104.05
CUST_1441,115.25,110.12,92.0,100.15,92.83,102.66,97.43,106.44,104.06,111.89,105.53,95.12
CUST_1442,119.74,105.96,119.66,109.54,101.89,100.66,107.8,105.08,111.63,120.91,118.21,97.09
CUST_1443,110.33,112.04,102.61,113.0,108.77,101.57,90.64,93.59,90.96,94.31,95.99,106.76
CUST_1444,92.92,118.5,117.9,91.57,91.23,101.64,93.12,104.64,114.56,118.14,102.06,111.49
CUST_1445,72.99,69.09,62.54,59.85,62.41,62.94,81.67,58.8,75.56,70.37,70.26,65.87
CUST_1446,54.15,36.25,52.93,43.57,38.85,50.49,52.56,56.2,50.12,32.36,49.6,38.54
CUST_1447,115.06,126.38,110.44,113.6,112.98,130.06,114.24,125.7,131.75,132.34,116.32,125.28
CUST_1448,38.42,43.75,32.15,35.97,42.9,47.31,51.12,34.39,23.68,39.81,38.29,45.93
CUST_1449,96.72,94.6,103.52,101.6,103.16,94.36,119.74,114.7,94.36,104.24,118.2,119.61
CUST_1450,126.18,128.58,127.69,130.84,108.84,118.24,114.23,128.65,124.99,121.5,115.49,110.23
CUST_1451,45.51,47.99,51.08,34.67,40.53,61.03,35.77,47.13,39.02,31.94,61.15,48.35
CUST_1452,102.85,90.97,81.25,76.24,79.5,101.49,99.35,80.24,99.15,102.67,75.94,92.07
CUST_1453,103.3,98.38,101.96,120.57,103.75,108.94,124.27,123.52,113.65,99.21,121.73,120.58
CUST_1454,73.07,90.55,71.81,74.34,89.84,63.07,70.79,68.62,69.61,78.17,68.11,64.72
CUST_1455,117.15,110.5,105.37,122.33,124.99,126.86,121.07,116.82,113.2,108.07,117.71,123.61
CUST_1456,58.95,56.91,37.95,59.36,59.81,42.7,37.55,59.71,37.05,45.22,42.66,55.54
CUST_1457,64.52,57.08,60.98,59.22,46.58,47.11,73.36,70.2,55.57,55.05,61.6,44.43
CUST_1458,55.73,72.52,74.08,79.44,61.64,53.23,81.27,72.36,76.1,69.26,72.75,74.17
CUST_1459,97.0,99.97,92.27,105.23,102.23,117.99,118.33,97.18,119.1,110.18,95.44,103.37
CUST_1460,51.87,47.54,38.37,35.51,59.4,34.24,44.41,36.85,37.5,44.86,49.84,39.46
CUST_1461,88.97,84.95,69.71,79.83,71.99,62.38,59.35,71.23,76.31,84.92,88.79,73.18
CUST_1462,80.16,75.61,81.16,76.72,90.71,93.79,79.0,82.88,82.63,76.93,72.35,90.82
CUST_1463,90.44,89.28,79.87,75.38,81.9,79.26,71.33,75.62,89.49,78.38,69.75,83.37
CUST_1464,69.7,72.22,62.17,74.92,66.56,77.26,64.32,90.52,79.51,91.55,83.25,82.87
CUST_1465,73.52,85.89,86.65,83.53,88.66,67.54,67.66,79.04,74.74,65.87,74.16,83.28
CUST_1466,87.3,86.0,99.0,97.95,100.22,100.53,79.26,102.48,94.9,87.07,95.53,90.1
CUST_1467,122.84,127.08,109.02,102.63,110.71,124.43,111.91,119.06,100.34,111.41,99.3,108.05
CUST_1468,68.19,45.79,44.75,43.87,60.44,50.71,57.1,49.13,69.12,42.29,65.84,46.6
CUST_1469,49.76,50.59,59.24,70.25,46.04,50.83,65.5,56.39,56.53,52.74,48.84,44.69
CUST_1470,25.97,32.55,26.62,51.49,28.36,49.08,50.64,44.68,27.12,28.24,55.42,33.9
CUST_1471,55.35,61.01,45.46,33.79,41.52,33.19,42.91,61.24,48.66,56.67,36.08,45.45
CUST_1472,82.45,86.76,108.4,82.84,85.07,86.44,88.48,95.3,107.33,87.46,103.87,81.99
CUST_1473,64.41,44.19,49.05,61.43,47.39,39.19,44.1,60.5,60.35,51.16,50.4,49.34
CUST_1474,60.8,46.07,71.44,71.84,60.69,59.98,69.6,56.68,74.52,67.73,73.59,46.74
CUST_1475,42.0,57.27,46.25,27.71,43.17,53.74,34.9,51.62,33.06,40.73,52.39,50.67
CUST_1476,88.22,108.57,85.35,105.1,96.12,104.35,96.45,103.23,90.28,95.78,87.25,90.71
CUST_1477,99.74,93.29,107.01,113.89,100.19,103.84,111.84,110.68,91.26,90.84,91.99,95.46
CUST_1478,88.87,96.6,103.7,111.9,96.28,113.24,114.41,91.12,115.84,116.18,96.19,91.79
CUST_1479,36.6,43.8,30.29,44.56,28.36,46.64,31.66,49.36,52.6,26.14,52.51,40.13
CUST_1480,26.43,42.56,47.31,27.65,47.16,32.6,34.54,51.02,47.2,44.39,50.27,25.86
CUST_1481,45.54,59.42,51.75,33.52,49.48,49.13,49.93,49.5,49.43,45.42,44.29,57.8
CUST_1482,89.79,81.09,73.18,78.57,88.04,71.17,84.45,83.09,88.94,86.35,62.57,82.61
CUST_1483,108.25,133.66,122.99,107.08,132.45,130.23,110.79,127.81,127.43,130.93,119.0,107.04
CUST_1484,75.86,70.33,79.5,60.21,68.69,80.07,63.56,59.15,75.94,67.98,70.55,84.48
CUST_1485,31.72,48.57,29.05,25.94,35.32,29.97,45.88,40.67,26.41,52.02,24.7,33.52
CUST_1486,66.78,42.34,68.7,67.97,69.39,64.3,64.96,50.23,69.97,56.51,54.06,64.62
CUST_1487,80.84,90.9,89.43,87.18,89.93,73.17,64.76,64.36,80.97,81.39,88.66,88.42
CUST_1488,82.21,98.74,92.7,96.12,111.08,108.23,99.2,82.43,82.86,111.36,98.85,98.12
CUST_1489,103.62,96.4,107.0,94.42,113.31,116.5,110.23,118.3,112.63,106.15,91.24,119.29
CUST_1490,69.07,86.34,78.52,83.15,84.17,79.4,63.5,92.69,71.88,65.27,72.97,70.61
CUST_1491,46.17,46.72,22.14,40.5,46.55,27.68,32.82,46.33,32.86,26.92,31.73,24.03
CUST_1492,73.95,50.4,66.38,79.41,72.41,57.18,67.05,58.55,51.62,76.01,77.9,73.23
CUST_1493,106.95,82.74,99.53,103.36,100.0,85.8,87.99,98.51,100.4,105.21,97.9,105.52
CUST_1494,109.17,127.24,114.58,136.76,131.01,116.93,108.85,127.54,132.63,115.37,125.46,110.58
CUST_1495,31.03,53.7,38.08,50.87,29.52,36.43,27.63,48.65,56.33,31.35,55.92,35.2
CUST_1496,86.19,87.01,67.77,75.0,83.29,67.42,77.18,87.19,75.23,83.19,72.94,70.27
CUST_1497,113.27,126.91,117.77,102.17,99.32,124.26,125.22,115.47,97.91,119.08,102.93,122.7
CUST_1498,39.2,50.48,59.12,52.07,37.55,42.26,46.01,46.4,37.33,52.49,39.26,45.0
CUST_1499,95.33,93.69,102.6,101.54,78.09,103.55,89.61,104.09,82.33,86.03,99.73,89.02
CUST_1500,65.74,88.87,82.42,84.88,92.65,84.52,66.99,74.88,76.88,88.6,74.92,88.67
CUST_1501,60.77,65.92,69.73,67.2,58.82,70.33,67.37,67.43,79.06,84.21,69.41,72.92
CUST_1502,92.65,113.12,98.79,113.84,88.7,107.4,105.1,106.51,102.75,102.07,110.57,99.73
CUST_1503,95.95,87.4,80.69,71.85,71.21,77.37,99.71,82.12,79.31,97.38,85.38,98.81
CUST_1504,83.43,67.18,79.75,80.82,78.42,69.19,68.61,75.44,81.29,70.46,80.92,61.89
CUST_1505,127.81,137.05,107.93,117.22,122.86,134.21,108.71,128.74,124.79,116.98,111.35,125.17
CUST_1506,79.98,82.07,81.48,76.91,73.27,70.19,66.86,74.58,77.3,91.83,81.96,66.83
CUST_1507,56.56,34.22,39.07,33.03,41.13,47.63,32.56,41.39,40.77,39.89,39.05,46.69
CUST_1508,92.89,96.31,102.54,81.29,92.87,99.12,103.19,103.17,88.85,96.86,104.52,83.27
CUST_1509,117.14,108.48,121.63,100.07,111.7,102.03,102.97,117.44,117.97,103.16,112.05,112.15
CUST_1510,63.01,53.69,65.13,77.66,58.29,78.27,57.19,72.25,52.76,58.58,60.87,52.58
CUST_1511,95.75,88.43,85.99,81.54,97.78,99.27,87.36,101.18,73.58,90.07,90.2,100.67
CUST_1512,47.08,33.01,27.02,42.93,34.87,54.37,47.12,37.43,52.07,27.0,48.96,26.28
CUST_1513,114.3,125.12,113.07,124.46,108.7,115.32,104.21,101.88,121.67,122.05,103.88,102.63
CUST_1514,89.63,92.95,76.03,83.36,86.63,87.67,89.31,69.84,83.81,76.23,82.81,74.11
CUST_1515,125.06,130.42,119.29,109.58,128.62,104.76,121.24,104.52,130.48,110.45,113.97,117.17
CUST_1516,92.83,98.5,103.68,84.38,97.65,109.34,103.99,107.33,98.4,91.44,105.85,93.95
CUST_1517,41.68,60.88,61.49,40.06,42.91,49.78,61.83,53.63,43.79,51.58,42.62,56.19
CUST_1518,81.68,82.94,85.14,101.68,80.56,87.81,90.12,101.2,87.6,89.32,98.7,83.19
CUST_1519,103.66,125.34,110.38,118.72,100.08,97.56,109.49,114.73,99.31,125.89,120.54,99.08
CUST_1520,88.15,100.15,108.72,113.23,90.01,103.17,106.47,101.18,102.3,106.29,111.76,85.69
CUST_1521,90.06,94.29,94.07,79.05,76.76,75.93,70.07,67.35,82.24,95.03,96.48,86.23
CUST_1522,42.07,50.27,59.57,56.51,57.72,34.67,54.03,54.29,40.86,52.27,41.76,60.69
CUST_1523,62.79,49.46,61.37,38.12,44.15,60.32,61.82,54.89,40.45,42.36,52.27,58.14
CUST_1524,91.2,88.02,69.98,76.44,89.21,86.7,88.91,85.34,72.72,79.12,83.58,77.19
CUST_1525,90.04,74.37,82.1,75.66,75.49,74.99,81.9,82.3,81.73,81.2,73.17,102.58
CUST_1526,102.32,124.16,100.54,100.55,107.83,114.48,116.18,116.07,121.65,105.54,107.8,124.01
CUST_1527,98.99,77.14,87.7,101.63,77.39,96.25,77.94,85.63,102.28,97.73,103.59,80.79
CUST_1528,78.67,76.29,75.27,71.32,60.89,78.69,68.35,60.58,66.72,65.81,54.57,71.77
CUST_1529,37.24,45.88,55.18,41.89,38.97,31.1,33.88,43.2,56.17,33.41,49.3,39.32
CUST_1530,99.76,93.55,73.6,81.89,97.86,89.71,70.66,72.75,94.85,82.82,89.38,86.63
CUST_1531,40.01,58.8,43.07,60.21,47.09,39.41,51.95,38.77,42.06,50.81,54.16,41.5
CUST_1532,76.6,83.45,94.24,78.54,70.39,69.93,71.43,68.95,95.57,66.86,92.05,84.85
CUST_1533,81.37,106.76,107.67,103.43,82.7,83.29,105.77,95.71,103.28,89.98,107.02,80.97
CUST_1534,38.48,56.7,40.03,33.26,59.28,50.28,34.15,50.13,54.22,42.4,47.24,48.66
CUST_1535,111.2,88.58,108.82,107.87,98.14,99.53,109.18,109.0,83.25,95.42,102.75,108.64
CUST_1536,89.17,90.07,103.01,101.86,113.31,99.72,95.19,113.43,107.27,109.88,87.35,102.2
CUST_1537,48.36,56.55,48.04,62.34,54.14,63.88,59.85,46.31,46.17,45.87,48.51,41.77
CUST_1538,130.89,137.11,110.36,133.16,114.5,110.74,131.57,124.37,120.54,134.35,113.34,114.73
CUST_1539,44.35,41.69,55.1,41.58,38.97,43.27,49.52,37.66,66.28,61.85,62.46,53.22
CUST_1540,36.25,35.32,47.49,46.09,52.46,29.88,26.32,33.64,26.88,46.72,39.67,33.8
CUST_1541,58.73,80.96,59.53,58.53,82.7,64.62,77.24,68.7,63.99,62.5,65.05,71.33
CUST_1542,81.47,78.85,58.94,78.51,67.32,62.26,58.89,74.27,62.6,71.24,81.61,62.94
CUST_1543,58.85,49.79,55.64,57.47,44.34,70.25,69.47,55.4,47.08,42.8,51.4,53.08
CUST_1544,92.68,107.29,90.89,109.24,87.02,84.71,103.81,109.51,99.7,95.32,94.11,92.84
CUST_1545,61.75,70.66,84.96,82.74,65.85,78.82,83.77,85.35,77.27,70.0,61.64,61.89
CUST_1546,36.78,31.75,49.88,47.99,60.25,40.75,36.08,30.9,32.87,33.84,35.55,32.45
CUST_1547,52.23,44.65,48.41,54.24,29.64,48.35,40.56,27.96,31.91,56.95,42.49,42.65
CUST_1548,62.41,61.64,46.63,45.5,47.51,60.64,45.52,61.67,39.25,59.72,47.61,48.99
CUST_1549,69.77,61.06,69.36,78.67,65.77,73.73,81.63,71.41,60.64,70.95,70.89,61.58
CUST_1550,94.12,90.72,75.75,73.15,95.78,75.34,92.01,86.92,73.56,83.05,66.02,80.78
CUST_1551,85.4,78.81,81.98,84.44,72.53,56.88,61.99,67.97,57.2,68.11,83.02,75.43
CUST_1552,47.22,36.86,33.1,49.38,54.97,43.39,53.34,46.13,40.88,45.05,47.85,42.71
CUST_1553,87.84,93.93,95.73,75.22,101.35,76.12,100.17,79.03,88.6,86.54,74.83,87.68
CUST_1554,63.66,77.94,87.94,71.44,70.07,76.37,74.24,75.37,79.13,78.72,65.54,81.46
CUST_1555,127.29,131.23,120.44,135.76,123.8,113.07,131.46,119.04,110.81,130.36,112.45,112.9
CUST_1556,85.3,82.94,74.34,71.69,82.0,87.83,98.99,82.86,73.88,79.01,71.68,80.56
CUST_1557,78.78,80.02,68.19,72.04,77.72,65.67,72.99,82.95,70.82,59.34,56.14,86.06
CUST_1558,40.76,43.07,54.07,28.66,31.1,48.82,44.89,43.34,43.65,43.32,41.24,52.53
CUST_1559,93.73,102.81,100.03,104.63,119.78,97.93,106.41,107.04,102.68,97.21,95.28,120.2
CUST_1560,120.0,119.23,110.37,106.42,117.81,106.65,121.51,127.35,120.93,128.48,122.84,125.71
CUST_1561,92.29,90.43,81.2,80.16,94.55,82.49,80.09,99.36,91.41,82.73,105.16,103.54
CUST_1562,91.67,97.07,99.2,107.13,79.49,100.03,86.61,105.2,98.02,98.06,107.31,101.77
CUST_1563,30.35,35.86,48.67,43.22,52.14,30.33,38.69,39.94,46.62,32.67,26.28,40.3
CUST_1564,115.34,118.65,104.35,110.97,106.84,112.94,117.1,103.22,124.74,107.67,123.02,119.12
CUST_1565,43.86,33.26,23.97,36.8,35.4,47.09,23.4,47.41,35.76,43.46,29.51,26.07
CUST_1566,96.66,78.15,78.06,83.27,86.81,83.85,96.68,83.72,88.84,96.65,81.64,105.35
CUST_1567,90.77,83.75,106.45,104.68,91.46,81.65,84.89,87.68,105.93,105.04,92.12,77.75
CUST_1568,82.08,66.98,80.88,82.56,59.7,85.43,81.57,62.78,68.03,71.85,57.9,58.96
CUST_1569,59.11,66.98,74.2,54.85,52.05,74.49,49.95,67.66,58.61,48.3,51.18,64.53
CUST_1570,83.06,69.54,65.21,77.05,77.61,85.32,82.49,73.18,87.31,77.9,74.23,62.3
CUST_1571,34.42,26.67,37.52,34.35,34.11,45.32,38.84,48.8,27.78,41.78,43.38,52.25
CUST_1572,64.88,43.68,61.58,57.35,43.64,55.73,56.7,49.28,45.67,68.71,45.62,55.14
CUST_1573,77.66,71.88,77.53,64.91,80.64,72.97,65.21,57.6,70.6,60.24,79.77,70.67
CUST_1574,109.17,113.55,117.76,116.95,103.67,118.91,122.53,127.15,122.41,101.33,129.67,122.74
CUST_1575,61.71,66.98,44.62,63.35,52.25,68.03,61.23,64.97,62.4,58.0,56.4,62.38
CUST_1576,118.17,121.15,112.49,109.71,107.2,100.84,112.42,121.02,122.23,103.86,126.31,123.62
CUST_1577,80.21,80.03,80.35,87.5,84.46,94.89,95.36,79.1,84.28,97.85,77.24,69.2
CUST_1578,78.92,86.07,95.63,107.31,108.0,85.83,102.15,90.14,79.07,99.91,93.79,99.02
CUST_1579,74.77,96.86,80.37,79.68,94.72,83.83,81.39,78.43,80.3,74.86,88.12,93.93
CUST_1580,48.19,60.3,69.53,48.6,61.29,69.74,59.74,50.01,66.2,49.53,46.45,54.38
CUST_1581,82.54,87.51,91.61,87.14,94.8,82.28,89.56,73.43,97.06,81.86,71.86,87.78
CUST_1582,65.29,50.6,48.39,61.32,62.05,48.68,53.17,60.26,40.53,43.6,53.38,45.65
CUST_1583,52.53,76.5,68.93,62.33,70.31,75.9,71.52,65.46,65.26,59.84,57.07,79.34
CUST_1584,114.34,93.25,102.33,109.92,115.24,97.78,100.93,89.89,99.52,94.18,106.19,102.75
CUST_1585,115.39,109.84,105.04,114.95,103.94,102.48,130.2,112.91,119.7,106.44,123.04,105.1
CUST_1586,35.05,30.94,53.74,49.15,52.42,35.05,59.86,52.81,38.58,43.94,35.64,40.43
CUST_1587,88.33,110.42,100.51,113.0,90.29,104.78,106.0,97.01,109.41,111.9,100.38,100.66
CUST_1588,115.11,100.55,106.24,110.61,116.16,114.2,124.78,98.92,120.82,115.16,113.14,112.75
CUST_1589,44.22,67.96,41.49,65.87,68.43,49.34,54.96,64.18,54.29,55.95,63.49,46.02
CUST_1590,24.15,34.47,23.78,38.62,27.32,29.3,42.98,39.32,36.03,26.86,34.37,23.18
CUST_1591,41.59,28.79,43.06,23.8,38.65,44.15,39.4,47.77,22.88,24.99,34.24,35.66
CUST_1592,74.21,72.38,64.99,79.98,71.38,83.26,75.36,63.78,77.08,82.98,77.49,86.71
CUST_1593,98.97,109.06,110.98,117.61,113.91,112.8,118.58,94.5,113.85,110.98,94.5,105.63
CUST_1594,65.1,69.23,47.4,66.29,60.65,56.77,73.53,70.39,59.57,59.56,67.83,56.44
CUST_1595,55.8,74.31,58.46,63.73,56.75,51.91,66.31,56.0,78.45,57.95,78.65,70.8
CUST_1596,45.99,43.1,59.34,41.71,62.08,44.35,56.01,56.54,47.78,34.8,33.13,52.49
CUST_1597,71.92,71.19,79.89,57.76,76.54,79.36,70.02,78.59,58.65,55.35,77.29,63.67
CUST_1598,81.31,80.4,76.52,57.27,68.57,77.75,55.3,64.03,84.39,70.66,76.08,79.66
CUST_1599,66.96,80.09,82.14,55.35,68.48,55.27,59.07,59.71,76.89,81.73,56.91,73.14
CUST_1600,89.91,87.41,100.5,105.87,109.41,107.55,92.47,89.94,84.34,104.22,99.8,109.09
CUST_1601,73.22,90.02,83.64,71.34,67.99,69.6,87.78,82.88,76.59,85.26,78.31,72.62
CUST_1602,51.32,33.08,40.52,50.65,42.84,35.07,37.3,52.12,37.2,47.35,57.15,51.3
CUST_1603,122.99,100.54,116.51,118.88,123.77,98.31,113.79,102.27,115.96,123.24,124.04,121.76
CUST_1604,72.91,54.27,59.55,78.6,54.91,64.34,65.67,60.22,75.27,63.31,78.14,64.87
CUST_1605,102.44,122.4,117.32,120.8,100.82,117.68,114.58,106.33,115.08,121.43,104.61,101.84
CUST_1606,82.35,101.99,81.62,85.19,82.86,91.86,78.92,100.2,81.46,82.35,82.69,93.8
CUST_1607,87.41,110.51,99.77,109.37,101.29,107.09,104.54,97.7,104.77,87.14,102.93,111.89
CUST_1608,87.3,100.22,83.77,97.87,85.82,90.3,97.63,95.76,87.84,106.55,108.95,105.63
CUST_1609,100.98,101.53,92.5,97.55,76.23,85.44,81.7,86.08,85.37,78.97,81.92,86.99
CUST_1610,85.66,100.41,115.34,94.16,106.03,110.66,99.21,95.56,94.3,99.11,93.45,112.92
CUST_1611,69.33,76.45,78.32,72.4,84.16,67.77,78.06,59.37,82.76,59.53,61.54,57.88
CUST_1612,102.98,98.08,104.37,116.73,116.38,92.82,106.7,100.28,95.55,114.31,93.45,104.71
CUST_1613,92.88,116.94,105.01,93.57,102.91,106.9,119.16,120.47,92.38,99.4,108.1,100.51
CUST_1614,74.31,80.24,94.61,96.93,81.8,99.71,84.28,95.92,83.36,83.32,99.66,101.81
CUST_1615,117.31,98.12,106.68,108.36,118.21,109.99,97.85,93.92,94.96,103.78,102.43,115.04
CUST_1616,91.18,74.66,77.01,75.79,88.96,88.66,93.1,97.64,98.77,78.34,96.04,96.93
CUST_1617,115.04,94.11,109.11,112.61,108.81,89.12,93.78,98.92,118.22,94.58,113.66,90.94
CUST_1618,48.98,60.6,60.23,47.7,52.04,39.09,55.02,57.97,67.49,66.91,60.26,40.01
CUST_1619,82.61,77.51,59.16,81.0,73.63,69.52,64.07,61.77,61.57,82.61,76.13,55.68
CUST_1620,29.96,49.15,37.29,52.03,50.85,38.21,49.72,51.0,33.74,56.39,57.51,29.79
CUST_1621,49.93,62.49,51.54,69.08,49.05,63.05,70.13,48.54,50.42,70.53,46.15,54.4
CUST_1622,63.02,43.84,48.69,51.62,63.2,34.16,42.55,37.13,57.51,43.11,45.26,62.82
CUST_1623,91.4,81.99,87.63,74.72,83.68,65.9,79.63,82.98,84.43,76.96,83.86,93.55
CUST_1624,64.74,66.31,83.26,74.96,77.34,83.11,67.19,62.04,84.65,82.97,76.38,84.55
CUST_1625,78.43,77.82,88.97,85.53,90.53,70.86,84.23,64.62,83.78,66.15,76.89,80.47
CUST_1626,62.29,50.91,55.03,42.8,53.51,62.2,44.65,63.53,54.32,40.95,37.13,38.15
CUST_1627,81.19,90.65,91.76,64.14,64.86,87.95,74.44,73.23,66.81,87.93,92.29,78.63
CUST_1628,81.3,86.31,66.06,67.3,68.3,83.83,79.72,75.39,84.5,90.35,89.84,69.24
CUST_1629,47.16,40.03,42.18,28.56,32.81,37.46,28.03,36.72,41.5,52.21,36.04,34.15
CUST_1630,97.86,80.12,85.61,78.67,74.0,83.72,74.99,80.41,99.25,75.72,89.48,92.56
CUST_1631,77.75,83.95,86.58,81.89,71.51,93.86,95.87,87.0,79.53,69.6,83.34,91.9
CUST_1632,91.0,82.28,72.22,66.05,91.01,89.39,73.77,76.0,77.12,71.34,82.05,84.42
CUST_1633,106.64,114.59,126.43,104.84,127.3,109.67,122.11,102.64,98.28,109.88,112.58,104.43
CUST_1634,71.28,71.59,84.72,77.23,85.43,75.61,73.48,81.47,60.31,75.17,66.23,81.04
CUST_1635,57.2,68.3,52.65,73.15,57.18,57.27,68.69,76.82,76.97,63.21,66.27,61.4
CUST_1636,122.18,129.62,109.45,115.67,117.24,106.29,104.18,127.79,114.41,123.36,120.96,107.52
CUST_1637,112.88,120.06,108.4,109.41,108.65,117.13,109.57,113.21,105.77,124.88,120.03,126.64
CUST_1638,39.06,51.62,30.84,34.57,29.29,37.12,29.3,44.73,58.13,39.03,54.32,50.8
CUST_1639,92.21,81.46,81.63,73.88,74.0,84.75,82.77,78.71,95.03,92.13,98.91,95.04
CUST_1640,103.37,99.34,103.1,84.86,110.44,104.48,95.63,85.32,98.27,101.03,86.03,87.22
CUST_1641,105.75,107.6,106.25,110.52,107.23,85.14,104.0,114.07,114.1,98.72,114.31,88.18
CUST_1642,105.42,102.72,110.74,123.21,97.4,110.67,122.19,112.11,107.45,124.56,103.35,114.03
CUST_1643,70.7,69.47,59.03,66.51,61.04,58.04,57.18,69.07,74.09,53.36,47.2,75.1
CUST_1644,103.75,114.74,113.57,125.54,124.61,108.0,113.95,120.26,119.34,126.05,105.35,108.64
CUST_1645,67.48,64.81,84.06,81.13,89.42,71.73,77.1,73.18,85.54,72.13,82.75,63.23
CUST_1646,39.27,51.14,33.69,43.99,52.54,40.68,51.43,42.46,28.29,56.64,40.89,37.51
CUST_1647,101.36,104.44,107.35,94.92,106.27,108.31,102.42,93.68,115.21,119.77,95.95,100.22
CUST_1648,34.82,47.68,49.2,26.16,32.71,54.37,52.79,39.89,46.64,25.78,37.93,38.63
CUST_1649,52.55,54.07,39.23,35.69,38.38,29.55,42.93,27.03,35.68,49.11,33.12,40.48
CUST_1650,89.46,103.3,94.86,115.72,99.55,110.75,94.32,98.32,102.29,92.3,107.32,117.09
CUST_1651,122.77,130.77,129.15,110.13,116.86,121.21,131.57,104.5,128.74,111.02,125.48,106.73
CUST_1652,32.86,44.09,49.81,54.59,26.94,35.38,46.1,37.94,32.7,53.91,27.77,37.89
CUST_1653,59.23,63.07,53.92,42.51,65.12,58.42,53.71,56.21,59.6,61.38,67.75,64.55
CUST_1654,104.92,108.39,106.54,102.98,97.45,111.34,103.23,88.35,103.68,92.05,100.05,104.23
CUST_1655,59.56,56.75,48.53,65.78,59.71,50.33,40.2,64.15,51.63,50.39,51.29,37.05
CUST_1656,99.29,101.72,96.62,113.75,111.35,113.96,89.44,91.27,115.03,101.83,108.49,111.48
CUST_1657,69.84,71.29,51.22,66.3,62.23,71.86,53.26,61.74,57.63,70.53,61.55,61.86
CUST_1658,104.32,100.57,101.82,113.74,98.78,117.96,108.83,110.82,97.94,120.1,116.68,123.28
CUST_1659,41.63,36.55,39.18,60.91,61.9,63.65,57.75,54.97,47.48,55.05,35.94,38.21
CUST_1660,107.41,95.97,107.19,98.49,104.88,104.55,91.09,92.29,98.83,99.52,108.52,109.68
CUST_1661,70.79,73.41,63.89,73.82,48.56,61.68,72.26,66.28,56.3,65.7,52.87,57.36
CUST_1662,97.66,117.13,106.76,92.6,88.76,98.48,110.89,96.93,94.93,105.99,115.56,95.76
CUST_1663,79.19,81.32,62.43,54.62,73.3,79.96,57.11,66.67,60.44,75.42,81.91,53.56
CUST_1664,78.85,101.11,77.8,75.77,82.13,101.29,79.08,73.48,87.83,97.51,80.61,84.61
CUST_1665,101.08,72.84,91.75,86.03,78.47,90.69,72.27,82.72,85.89,97.23,99.59,73.9
CUST_1666,45.48,53.42,44.56,73.76,68.27,66.72,59.75,69.83,53.03,70.28,68.73,73.53
CUST_1667,45.97,35.21,53.11,40.64,30.49,32.6,54.09,38.46,34.62,58.61,35.68,38.31
CUST_1668,71.37,91.8,85.83,90.46,92.39,78.35,86.93,79.97,70.37,73.42,87.53,87.03
CUST_1669,91.64,82.58,84.98,85.15,91.61,85.17,88.21,94.2,85.17,95.14,95.06,82.55
CUST_1670,120.98,117.9,112.3,112.67,119.5,133.24,127.74,122.27,122.05,123.86,120.92,137.05
CUST_1671,76.62,77.55,103.26,100.12,98.01,78.1,79.0,77.26,88.57,77.25,88.37,91.42
CUST_1672,97.25,91.61,100.77,106.67,107.35,106.88,107.4,114.45,98.62,100.19,104.41,104.08
CUST_1673,49.23,59.14,35.38,46.55,36.27,46.17,37.14,34.93,34.96,38.96,58.52,61.75
CUST_1674,35.74,29.19,52.31,49.65,33.2,39.2,26.29,33.27,46.05,53.97,50.18,32.47
CUST_1675,64.83,61.21,63.87,67.59,78.95,77.18,66.64,80.78,78.9,71.91,58.8,51.55
CUST_1676,109.52,115.92,98.27,108.47,104.01,95.46,108.9,92.52,105.01,110.08,93.68,101.44
CUST_1677,58.72,49.38,54.02,56.54,42.93,46.75,49.63,61.9,61.58,45.38,38.9,60.59
CUST_1678,27.72,34.72,26.85,35.35,29.25,26.66,30.42,34.33,46.71,44.99,26.17,48.69
CUST_1679,20.69,29.21,35.73,39.52,29.18,46.8,21.5,49.77,27.38,20.19,41.38,43.37
CUST_1680,47.56,56.29,41.97,61.13,48.65,61.72,54.59,40.87,61.5,39.21,67.36,49.14
CUST_1681,89.29,86.71,111.23,110.84,102.82,97.75,90.64,92.48,102.58,101.48,103.72,107.51
CUST_1682,79.68,93.36,82.33,89.83,101.25,94.31,99.56,102.83,85.28,94.57,93.13,93.06
CUST_1683,35.24,55.72,46.39,50.39,49.04,30.38,54.47,51.5,28.01,30.51,37.96,52.04
CUST_1684,37.7,43.32,45.98,42.2,52.25,46.71,40.35,54.75,52.87,53.19,56.1,60.03
CUST_1685,135.79,132.58,125.53,106.91,131.39,125.57,113.13,119.43,118.85,110.59,133.06,120.12
CUST_1686,79.15,96.32,80.83,66.98,83.65,96.14,90.96,85.82,82.98,92.36,76.88,87.34
CUST_1687,47.64,66.96,50.7,60.95,62.25,53.11,72.04,54.69,47.03,63.67,45.49,47.33
CUST_1688,43.77,53.65,37.69,31.01,40.04,43.84,27.96,43.75,53.33,41.55,39.42,33.91
CUST_1689,51.71,40.56,53.92,29.74,41.23,32.05,52.2,50.77,32.62,36.46,41.26,35.82
CUST_1690,73.0,71.39,65.39,92.02,75.2,63.49,79.65,72.0,72.36,87.91,88.03,80.71
CUST_1691,102.17,95.64,107.18,114.55,94.77,112.64,112.69,118.87,108.73,98.76,104.0,102.39
CUST_1692,74.54,65.52,74.56,66.32,62.13,54.96,62.79,74.75,67.74,81.83,62.15,58.99
CUST_1693,106.53,120.71,133.07,130.87,119.76,125.61,117.02,107.15,121.31,130.81,130.1,116.51
CUST_1694,113.32,114.36,112.53,132.21,120.05,132.75,135.52,138.7,123.93,136.89,138.66,129.72
CUST_1695,70.84,49.7,49.76,71.41,56.21,44.43,55.9,63.05,54.68,61.67,65.31,57.4
CUST_1696,72.74,71.71,83.33,81.67,68.98,57.85,74.67,83.54,62.52,67.16,64.56,65.89
CUST_1697,108.48,105.34,82.89,98.93,89.84,87.64,97.73,97.64,92.76,90.99,83.44,100.77
CUST_1698,84.76,71.65,76.49,65.47,62.74,64.15,78.72,62.13,85.03,79.39,69.65,64.65
CUST_1699,39.87,65.6,61.4,64.68,43.84,44.6,54.86,50.0,64.21,40.61,48.52,60.39
CUST_1700,103.44,87.71,81.41,95.88,86.82,102.76,76.17,84.54,95.6,86.62,82.45,94.49
CUST_1701,84.23,64.94,69.22,91.92,90.25,67.18,75.18,71.27,84.77,83.53,84.2,76.19
CUST_1702,94.39,95.35,71.07,67.6,85.91,76.32,89.38,66.33,69.73,66.6,81.14,86.47
CUST_1703,65.54,53.7,60.91,51.02,75.54,70.79,54.67,75.41,57.33,55.48,66.14,51.34
CUST_1704,74.84,73.47,62.12,64.21,53.25,66.41,54.6,59.5,53.81,74.71,67.51,57.29
CUST_1705,62.09,78.43,59.95,73.51,57.46,66.92,72.72,53.22,68.9,78.28,70.5,56.25
CUST_1706,49.62,59.52,48.37,53.31,50.87,62.49,39.54,65.66,45.45,53.46,57.02,61.15
CUST_1707,95.0,102.02,98.71,97.75,91.94,107.44,111.57,85.78,84.81,94.5,85.85,99.37
CUST_1708,95.41,96.65,111.86,97.18,97.43,88.64,95.17,86.57,102.99,97.83,106.39,93.8
CUST_1709,105.98,117.39,121.43,101.04,107.25,103.83,122.14,118.11,103.02,103.37,104.31,119.31
CUST_1710,78.07,78.9,87.79,84.04,81.43,77.31,85.64,86.29,81.13,97.58,97.75,95.17
CUST_1711,123.13,117.64,100.65,106.24,114.09,118.59,127.0,108.07,105.78,125.95,108.93,119.49
CUST_1712,58.97,64.62,38.35,51.17,61.56,60.88,38.8,57.82,54.58,40.05,64.58,58.65
CUST_1713,51.17,54.39,27.01,29.79,48.13,30.29,33.48,37.57,33.32,46.71,54.49,32.82
CUST_1714,70.33,57.82,61.48,53.15,51.96,59.24,74.16,79.64,60.75,64.9,72.35,74.07
CUST_1715,54.45,76.83,55.56,80.37,64.82,72.05,57.1,70.65,78.1,62.8,61.89,67.48
CUST_1716,107.34,122.83,114.28,106.59,122.36,99.15,109.95,117.06,116.56,116.75,125.9,114.24
CUST_1717,73.01,73.35,83.59,85.12,77.15,83.62,94.12,99.46,78.48,73.23,87.75,84.89
CUST_1718,72.83,78.47,78.47,82.64,88.53,73.7,87.61,76.39,91.08,66.81,89.05,77.39
CUST_1719,112.01,110.73,99.0,97.17,120.34,106.14,111.9,103.92,106.25,118.12,111.01,120.32
CUST_1720,62.39,49.29,74.81,52.51,47.26,65.29,59.07,46.7,60.51,61.39,47.85,66.31
CUST_1721,51.26,65.04,66.63,53.28,67.0,61.31,53.81,69.82,72.56,70.67,59.78,69.29
CUST_1722,28.75,26.07,34.82,24.32,40.52,37.98,46.7,46.54,25.74,49.9,26.31,31.74
CUST_1723,94.22,102.33,105.16,86.74,91.13,100.02,95.56,105.04,95.49,98.84,78.63,96.94
CUST_1724,102.47,92.03,90.87,97.29,77.81,85.08,81.37,84.63,91.66,91.29,99.12,86.52
CUST_1725,83.29,86.46,57.7,77.32,62.88,65.06,76.91,84.45,78.35,68.03,57.72,59.76
CUST_1726,102.07,127.9,123.21,111.9,113.43,101.34,113.99,125.98,105.58,116.44,108.4,115.9
CUST_1727,53.24,74.32,62.5,67.71,77.62,82.01,56.49,67.53,75.98,70.8,77.47,54.62
CUST_1728,99.73,120.49,103.37,103.38,125.08,113.9,103.06,129.26,104.59,119.34,117.84,105.03
CUST_1729,42.02,41.86,32.1,41.07,44.36,31.49,39.42,44.84,41.3,51.71,56.73,30.65
CUST_1730,109.09,119.9,123.71,110.94,108.65,132.35,112.27,134.24,123.88,118.09,115.1,114.01
CUST_1731,50.16,62.93,38.04,56.35,37.4,41.35,35.74,52.61,53.13,49.24,60.32,37.99
CUST_1732,94.22,69.28,72.7,69.15,74.05,89.28,67.77,65.31,91.27,89.6,94.44,77.93
CUST_1733,100.27,110.09,114.63,117.06,105.75,115.82,122.85,116.38,103.28,107.67,124.83,115.05
CUST_1734,51.15,55.81,58.06,75.33,75.44,64.33,64.99,58.41,64.16,60.49,63.97,68.93
CUST_1735,58.01,84.53,66.9,61.31,73.9,79.24,58.52,79.11,67.08,76.14,61.64,66.67
CUST_1736,74.73,94.61,78.85,96.07,85.15,73.29,96.88,72.56,91.62,74.21,96.29,93.9
CUST_1737,93.29,77.99,73.39,74.28,95.35,79.72,76.99,95.2,92.75,98.87,80.59,100.42
CUST_1738,117.66,106.16,131.34,119.91,125.56,105.4,123.63,121.7,129.65,110.37,115.53,123.03
CUST_1739,90.04,90.49,76.1,69.11,75.91,69.16,69.63,74.21,70.53,73.71,72.84,90.94
CUST_1740,125.8,127.5,128.83,110.84,126.43,133.04,108.27,131.88,124.69,109.35,120.41,109.81
CUST_1741,73.3,68.36,84.72,96.38,66.83,87.47,95.4,81.48,82.93,70.38,83.47,74.21
CUST_1742,55.35,59.37,84.73,58.49,73.18,61.51,60.99,65.3,66.39,57.34,73.42,71.04
CUST_1743,36.78,26.0,25.02,38.18,42.82,30.75,29.04,50.89,24.73,42.68,26.62,30.86
CUST_1744,56.08,63.8,44.12,43.7,55.94,60.43,58.64,54.64,57.58,66.18,54.14,50.26
CUST_1745,43.62,59.7,51.26,48.24,61.52,41.99,53.57,53.38,46.28,45.25,62.47,49.79
CUST_1746,83.48,61.96,62.22,88.85,67.27,73.66,62.65,87.19,89.03,84.22,82.34,85.83
CUST_1747,22.74,40.68,21.6,33.68,48.22,28.97,42.85,44.64,33.63,36.4,33.54,22.22
CUST_1748,77.72,89.55,79.87,70.78,96.27,79.94,73.88,73.09,70.03,78.92,77.56,92.09
CUST_1749,125.19,113.26,134.0,130.14,116.61,108.17,107.69,106.6,131.24,132.24,110.9,131.36
CUST_1750,78.55,69.49,91.39,78.27,81.24,74.99,70.89,73.57,74.5,80.62,94.64,73.33
CUST_1751,119.07,92.96,97.49,92.03,97.69,109.5,109.7,107.25,113.0,115.34,92.66,93.23
CUST_1752,87.36,90.13,94.17,84.1,82.07,70.76,81.96,85.17,84.1,83.81,85.35,91.7
CUST_1753,83.44,80.64,60.78,69.55,81.78,83.28,60.02,69.18,65.26,72.01,65.21,64.1
CUST_1754,75.58,76.23,58.55,68.7,69.08,75.12,50.8,63.58,77.77,72.63,74.29,61.29
CUST_1755,98.31,106.62,92.19,90.47,109.78,91.85,82.24,91.43,99.26,82.4,90.47,93.7
CUST_1756,75.54,76.61,85.35,76.73,93.75,80.18,83.05,91.16,102.54,77.02,81.66,92.21
CUST_1757,53.12,51.87,73.28,55.68,50.71,46.12,59.15,67.79,70.99,66.07,64.3,60.68
CUST_1758,59.55,62.87,66.65,68.61,54.4,53.67,59.23,52.82,53.43,61.42,58.86,74.0
CUST_1759,61.3,64.56,43.52,56.56,65.05,47.96,57.14,56.45,62.05,42.57,59.95,60.99
CUST_1760,87.83,81.94,92.85,84.91,94.31,96.67,86.69,79.44,81.78,95.43,92.36,75.28
CUST_1761,91.99,97.83,83.32,79.73,85.13,98.24,81.01,87.8,103.87,99.27,82.19,106.45
CUST_1762,28.49,42.23,25.39,33.5,47.86,39.02,37.5,32.71,33.87,34.17,33.37,39.3
CUST_1763,57.71,58.84,45.77,38.43,48.43,60.0,59.71,65.51,45.7,51.74,57.82,57.1
CUST_1764,83.59,72.09,65.24,90.59,90.27,72.42,86.1,81.54,68.53,61.44,84.8,69.09
CUST_1765,31.06,43.28,45.57,37.45,47.36,24.6,23.95,23.34,41.32,29.43,28.36,46.98
CUST_1766,115.87,118.96,120.79,136.47,115.28,133.7,115.82,118.02,134.87,129.76,128.38,117.97
CUST_1767,55.96,46.07,69.03,51.14,71.61,44.99,68.26,46.02,43.74,50.68,66.73,57.36
CUST_1768,48.05,64.48,64.34,67.82,69.54,66.27,47.14,67.72,45.75,40.43,52.24,65.69
CUST_1769,67.34,86.06,65.99,86.4,91.14,94.82,90.73,65.48,68.5,65.57,91.02,74.1
CUST_1770,99.96,99.2,107.44,102.93,80.72,103.78,105.14,79.33,91.06,100.65,85.57,99.24
CUST_1771,79.23,79.9,99.12,77.96,76.7,80.81,99.14,88.16,82.9,83.27,72.17,98.43
CUST_1772,75.96,81.78,80.28,76.8,62.55,80.26,72.83,66.75,60.25,72.35,68.15,66.18
CUST_1773,79.92,70.98,93.34,82.87,91.53,73.82,88.26,87.95,77.13,79.5,67.98,87.69
CUST_1774,93.75,110.27,117.26,105.92,118.96,109.08,111.23,91.61,97.44,112.85,110.79,95.02
CUST_1775,65.41,65.37,56.89,74.38,73.17,57.17,79.18,62.31,73.21,75.15,54.36,79.22
CUST_1776,78.88,84.8,102.0,85.77,105.12,97.13,91.64,98.75,87.98,87.37,96.35,102.82
CUST_1777,90.49,83.01,92.95,92.64,80.94,74.08,86.86,81.04,97.74,100.98,78.38,93.78
CUST_1778,132.96,121.53,124.79,123.41,118.53,114.46,121.47,131.68,117.68,109.58,128.08,135.66
CUST_1779,124.72,114.96,133.98,128.21,113.34,122.48,111.08,127.52,128.48,118.19,121.87,114.52
CUST_1780,50.57,38.24,42.6,27.78,42.22,50.98,46.83,33.18,34.8,32.55,22.28,49.96
CUST_1781,122.04,135.06,134.41,117.1,132.33,122.68,118.37,118.79,136.53,116.31,133.58,113.48
CUST_1782,91.46,97.15,95.66,86.47,98.45,92.82,88.95,89.63,81.53,95.34,81.61,92.12
CUST_1783,72.5,73.38,64.29,63.15,65.67,62.11,56.93,54.95,79.89,59.79,72.06,77.9
CUST_1784,103.49,96.13,114.1,86.64,87.66,90.08,111.97,87.06,110.44,100.88,84.84,89.67
CUST_1785,82.09,102.53,101.28,94.25,100.08,83.08,108.88,93.9,93.92,81.32,100.22,101.42
CUST_1786,52.14,28.24,35.32,41.17,48.21,39.63,37.06,46.08,30.84,44.0,46.87,35.66
CUST_1787,107.57,110.92,98.17,102.93,102.58,108.59,105.28,95.05,104.1,109.77,110.4,109.34
CUST_1788,131.36,123.96,130.26,107.62,122.53,111.23,113.02,126.0,110.8,111.95,132.3,127.55
CUST_1789,82.56,84.61,91.17,90.25,103.1,82.98,104.24,97.11,98.56,86.18,96.54,91.81
CUST_1790,48.07,60.64,51.95,63.14,60.21,65.2,53.71,60.5,68.69,56.29,53.02,57.21
CUST_1791,94.96,116.02,112.59,100.54,101.84,95.99,108.48,121.44,99.21,117.24,121.77,117.49
CUST_1792,60.54,77.49,63.16,72.39,58.76,73.46,53.02,69.48,59.55,79.79,71.61,79.08
CUST_1793,80.81,78.3,75.36,83.14,95.96,83.51,83.83,71.11,73.23,100.06,83.07,77.02
CUST_1794,43.01,46.76,44.28,55.83,32.96,35.47,54.66,39.41,45.8,43.07,30.25,44.69
CUST_1795,73.07,64.36,78.34,72.89,65.6,69.54,77.56,72.82,67.82,62.22,69.71,68.44
CUST_1796,60.34,63.16,55.58,41.25,54.58,39.34,42.28,48.06,44.78,49.34,42.96,41.31
CUST_1797,98.94,93.5,96.51,102.06,95.92,95.16,81.41,83.17,83.19,80.41,81.8,98.92
CUST_1798,107.94,100.22,101.31,104.2,119.16,121.65,116.82,108.42,122.3,102.7,122.01,97.74
CUST_1799,97.26,102.77,83.07,108.28,99.42,82.48,87.93,97.37,90.05,97.68,104.12,107.36
CUST_1800,30.07,33.41,45.93,31.28,29.7,40.72,50.05,28.64,40.47,29.9,45.72,33.77
CUST_1801,42.47,54.08,62.76,64.53,60.09,65.55,63.5,59.7,55.8,62.1,51.64,64.13
CUST_1802,80.79,76.48,98.2,91.23,93.89,94.67,81.25,97.28,101.08,101.73,86.23,100.28
CUST_1803,53.08,51.15,39.18,58.52,41.16,36.75,36.38,37.22,47.16,52.42,51.11,48.51
CUST_1804,128.08,104.38,118.98,111.66,116.85,113.05,104.95,119.94,131.9,109.82,106.91,125.48
CUST_1805,121.67,104.89,113.21,102.21,124.58,125.01,103.79,115.71,100.87,104.84,101.48,104.12
CUST_1806,62.53,58.37,56.94,58.76,57.87,62.11,50.36,46.8,38.8,62.42,49.2,65.06
CUST_1807,78.82,63.95,64.49,68.19,65.02,83.52,57.13,63.03,84.25,67.38,79.59,63.05
CUST_1808,108.88,105.78,99.97,113.74,126.03,119.21,111.22,118.75,103.95,113.6,104.87,120.78
CUST_1809,33.93,36.89,48.99,52.24,53.37,43.3,44.11,54.17,38.5,34.4,49.78,41.67
CUST_1810,103.95,100.09,89.71,113.1,110.55,113.08,84.08,93.09,91.56,99.16,85.69,106.77
CUST_1811,73.47,80.83,69.01,62.32,67.07,83.84,72.0,65.81,74.32,89.51,80.48,67.19
CUST_1812,110.43,113.18,104.87,111.66,118.59,124.46,113.18,104.38,122.76,128.89,116.72,109.09
CUST_1813,117.65,114.48,104.07,106.4,128.41,125.31,126.73,124.71,99.8,124.29,111.03,108.65
CUST_1814,40.04,37.22,31.17,29.49,27.13,41.53,28.88,27.58,32.31,25.21,23.54,23.42
CUST_1815,62.56,57.97,44.81,58.61,56.25,57.09,64.04,61.82,62.12,43.96,68.04,49.56
CUST_1816,72.26,68.39,79.42,61.64,69.46,77.48,56.65,57.31,53.0,54.87,63.75,67.06
CUST_1817,103.52,94.77,94.46,95.65,85.44,88.03,92.0,90.29,75.92,89.3,79.74,84.5
CUST_1818,56.52,59.52,34.21,50.84,58.3,60.18,42.85,48.57,60.67,40.07,55.07,54.6
CUST_1819,50.78,43.32,66.1,51.62,55.9,49.65,55.73,44.36,54.88,70.52,72.17,70.22
CUST_1820,93.71,116.24,114.3,110.12,106.99,107.97,114.26,100.93,110.99,108.41,106.26,92.67
CUST_1821,28.51,28.75,47.85,23.89,35.56,51.33,49.24,36.18,27.71,23.39,50.73,30.69
CUST_1822,65.27,62.86,73.23,89.07,67.49,67.47,64.03,79.41,69.04,90.21,85.24,83.69
CUST_1823,94.73,101.51,105.25,91.41,105.66,101.62,81.26,83.55,106.92,93.12,90.86,78.38
CUST_1824,54.8,66.74,71.75,59.93,69.21,73.23,72.09,59.58,44.7,65.18,67.62,54.86
CUST_1825,34.0,29.18,41.37,38.03,33.03,34.53,28.5,47.69,41.74,44.77,47.83,55.28
CUST_1826,85.83,88.09,76.19,89.3,80.46,79.78,78.24,74.17,80.84,76.78,89.99,72.83
CUST_1827,65.97,83.74,75.08,87.63,91.79,86.69,79.4,71.41,73.4,72.32,77.23,75.73
CUST_1828,101.04,97.87,93.63,114.5,92.23,93.88,92.21,121.5,105.15,92.79,105.76,103.84
CUST_1829,42.5,55.36,31.14,52.32,51.85,36.85,42.45,46.87,38.5,36.95,28.91,43.3
CUST_1830,87.75,98.82,103.76,102.45,84.16,97.76,99.04,84.13,101.34,105.23,85.9,88.77
CUST_1831,76.24,75.48,90.61,86.35,78.89,83.37,83.85,77.72,75.7,74.93,87.96,88.33
CUST_1832,109.87,118.49,115.01,110.2,103.6,105.34,116.18,92.28,109.83,118.0,94.15,98.29
CUST_1833,69.11,63.81,48.17,49.26,69.21,53.73,68.01,63.81,49.99,46.03,41.68,40.63
CUST_1834,80.09,95.25,93.36,69.77,96.15,78.22,80.85,90.76,78.8,89.76,82.36,92.43
CUST_1835,97.17,108.5,88.73,98.92,104.58,96.23,95.06,91.37,108.6,114.35,108.6,96.73
CUST_1836,38.47,49.06,50.23,32.25,34.05,51.75,48.88,45.47,42.8,27.75,25.9,32.23
CUST_1837,46.13,32.19,33.41,35.47,33.11,34.04,23.31,41.01,29.79,23.66,28.35,20.73
CUST_1838,117.93,96.88,107.93,111.46,106.35,111.25,101.81,99.52,124.0,108.09,122.7,117.31
CUST_1839,44.02,51.08,31.8,34.6,29.27,32.34,54.98,45.07,28.94,45.81,37.35,47.62
CUST_1840,78.17,53.81,54.36,66.78,67.17,71.3,62.99,54.22,74.14,67.35,60.93,57.45
CUST_1841,58.26,45.07,60.5,55.11,53.83,72.45,47.45,53.7,48.31,55.52,70.39,62.16
CUST_1842,97.31,77.08,95.05,78.78,88.28,71.99,72.75,78.44,96.95,92.3,91.82,71.4
CUST_1843,105.49,115.4,100.67,121.75,102.83,124.14,96.44,122.54,120.23,125.51,103.92,106.19
CUST_1844,88.26,78.75,79.8,90.83,79.66,69.73,70.58,79.44,90.48,86.3,74.84,69.81
CUST_1845,95.58,106.72,113.74,104.8,110.63,110.52,110.49,111.83,103.84,112.2,90.14,113.11
CUST_1846,100.84,90.55,86.2,98.13,88.47,103.25,100.09,104.0,92.06,90.24,104.36,91.13
CUST_1847,65.69,71.0,66.28,84.12,87.26,86.83,92.32,94.75,78.67,82.15,75.57,72.8
CUST_1848,82.04,69.65,69.83,96.32,72.53,85.66,89.36,82.37,85.34,80.01,78.98,77.31
CUST_1849,37.44,55.82,60.52,58.73,61.28,57.87,38.34,56.58,64.15,51.12,50.02,47.88
CUST_1850,94.63,101.45,99.52,101.17,115.55,111.95,91.61,102.62,91.44,93.35,98.84,105.68
CUST_1851,80.02,70.15,90.09,80.81,94.73,99.31,74.76,73.19,75.59,79.41,74.25,92.5
CUST_1852,79.44,93.58,68.14,94.88,88.69,91.34,94.74,80.2,71.38,90.19,74.73,70.96
CUST_1853,23.58,40.27,35.79,38.09,24.36,40.22,33.21,25.66,47.31,29.65,37.7,41.27
CUST_1854,100.83,97.93,113.6,112.76,93.13,103.63,96.68,92.1,100.78,108.3,108.09,103.2
CUST_1855,92.84,81.7,95.47,88.87,98.52,87.3,98.19,94.03,80.63,70.97,82.33,92.04
CUST_1856,52.79,50.63,45.19,33.93,42.9,55.45,34.01,31.16,51.22,35.49,36.23,33.31
CUST_1857,119.12,103.29,111.81,103.28,124.1,117.84,121.66,131.35,128.8,120.4,131.23,124.27
CUST_1858,103.72,107.64,106.39,121.71,101.16,103.13,127.93,119.94,128.44,100.53,112.23,122.32
CUST_1859,48.88,68.14,61.22,71.96,44.01,53.71,63.71,56.17,66.32,65.13,57.4,66.38
CUST_1860,92.01,88.44,87.1,83.54,92.77,94.86,86.74,96.34,98.47,96.93,107.7,84.71
CUST_1861,104.03,99.98,99.27,91.32,74.97,98.88,102.6,81.39,79.36,74.55,91.12,99.05
CUST_1862,93.05,65.06,88.95,85.73,73.65,74.01,75.95,75.39,78.26,63.57,85.78,69.87
CUST_1863,90.62,88.16,108.86,84.69,92.56,82.25,111.76,111.27,101.21,108.3,90.68,85.62
CUST_1864,37.47,38.21,53.68,58.5,37.68,51.87,43.35,54.23,35.28,59.46,35.21,33.25
CUST_1865,90.49,81.72,102.98,107.77,89.63,100.32,102.75,103.35,94.3,99.8,92.95,102.72
CUST_1866,73.98,99.34,101.34,82.04,73.8,102.93,82.66,85.91,94.92,84.76,91.7,101.52
CUST_1867,58.64,76.55,75.56,56.38,72.01,65.73,57.16,64.75,77.14,68.07,78.38,66.8
CUST_1868,96.47,88.04,86.98,100.36,95.44,76.51,86.93,85.32,98.03,79.56,86.88,103.78
CUST_1869,104.18,103.72,94.07,78.91,81.24,79.25,97.55,88.44,79.61,93.05,79.65,97.27
CUST_1870,103.0,93.88,100.5,121.94,113.86,94.0,120.95,106.79,112.45,116.48,113.41,113.23
CUST_1871,29.82,29.97,45.5,48.67,34.64,44.21,42.38,31.47,51.98,54.08,35.42,45.9
CUST_1872,67.42,81.53,95.42,81.47,83.64,82.58,79.38,81.02,86.95,69.05,82.96,77.93
CUST_1873,128.35,117.66,120.86,129.19,107.26,115.25,109.79,111.45,111.37,126.97,106.28,124.97
CUST_1874,78.42,67.88,78.05,80.81,73.46,60.08,68.14,82.59,72.63,73.5,59.01,53.75
CUST_1875,94.59,95.72,94.16,89.92,94.39,81.35,94.31,93.86,73.29,88.21,72.79,95.09
CUST_1876,125.16,125.46,130.55,112.75,110.41,112.66,117.25,101.74,124.1,107.64,113.25,128.78
CUST_1877,131.62,122.38,117.7,123.03,119.62,132.85,128.12,111.11,128.41,119.94,109.95,118.45
CUST_1878,37.47,49.7,49.1,42.77,59.66,52.13,40.75,48.42,50.67,57.76,41.5,45.1
CUST_1879,92.78,100.26,93.48,90.24,97.75,97.54,98.68,104.52,89.35,108.14,108.81,115.16
CUST_1880,65.4,57.55,64.68,77.7,81.15,78.67,70.84,76.18,56.24,54.68,58.25,64.3
CUST_1881,93.24,66.14,86.98,70.78,90.77,89.23,84.68,89.68,69.87,82.67,76.12,67.02
CUST_1882,104.67,123.19,111.39,110.71,110.64,101.88,127.61,100.25,124.49,114.86,125.04,106.94
CUST_1883,102.69,104.98,86.58,84.25,101.98,79.55,88.51,80.7,92.54,105.11,92.24,95.76
CUST_1884,123.65,127.6,130.78,136.35,126.19,110.25,107.21,136.01,111.94,114.79,114.22,114.64
CUST_1885,55.37,65.95,74.99,76.47,46.85,61.07,57.38,50.25,60.18,76.2,53.92,57.12
CUST_1886,39.71,56.08,58.38,67.12,55.04,52.85,41.11,58.92,43.19,63.32,49.82,49.29
CUST_1887,80.2,74.92,78.14,66.67,67.18,67.84,81.31,59.14,60.6,67.72,66.15,73.96
CUST_1888,43.66,54.89,39.19,54.02,57.52,66.53,45.34,45.66,52.66,50.07,40.86,43.3
CUST_1889,93.96,105.88,111.19,95.66,91.41,100.54,83.64,99.12,106.74,105.31,105.12,92.07
CUST_1890,41.36,45.77,46.94,30.13,26.36,41.06,47.9,35.21,51.94,48.25,53.54,48.8
CUST_1891,66.52,79.46,66.78,79.65,68.06,89.0,69.42,83.08,79.16,93.17,80.7,90.27
CUST_1892,110.2,115.59,121.51,109.85,123.01,122.46,126.41,113.62,136.25,126.19,114.87,127.82
CUST_1893,41.65,56.17,32.99,38.06,50.68,50.93,59.73,53.23,60.26,50.24,43.51,53.93
CUST_1894,107.65,127.66,120.01,129.44,124.18,118.76,113.35,126.07,125.81,114.82,133.48,119.04
CUST_1895,54.47,70.97,71.47,58.17,57.0,59.5,54.41,67.23,70.48,59.67,65.49,63.15
CUST_1896,69.41,49.77,52.85,58.36,66.9,70.36,58.87,62.96,54.66,71.05,67.05,46.28
CUST_1897,59.9,74.72,56.32,75.74,48.75,61.65,59.13,51.12,57.86,77.2,67.4,71.06
CUST_1898,38.72,37.47,45.17,42.5,62.13,41.25,53.5,60.59,62.99,43.35,55.19,60.01
CUST_1899,74.62,65.16,71.5,75.34,77.98,78.73,67.55,73.64,83.88,72.98,80.83,56.45
CUST_1900,118.27,113.01,112.18,106.64,106.51,99.41,107.47,120.51,106.28,124.55,99.65,127.41
CUST_1901,77.58,106.24,91.3,100.34,102.52,105.89,101.86,78.31,89.59,87.18,84.14,104.41
CUST_1902,39.27,47.12,50.39,38.16,40.9,61.08,61.0,57.0,47.15,50.31,43.51,51.87
CUST_1903,56.44,50.54,57.06,65.2,47.15,53.38,63.57,54.41,59.13,48.43,63.29,38.98
CUST_1904,74.66,69.63,75.55,69.7,58.85,61.88,68.51,63.41,77.94,70.62,77.7,73.08
CUST_1905,37.96,34.57,54.97,52.05,32.86,37.47,49.9,44.97,54.49,28.6,35.39,39.17
CUST_1906,121.69,137.51,126.69,121.72,117.71,110.99,110.98,120.27,130.73,136.87,131.7,128.44
CUST_1907,90.26,90.88,117.73,90.38,97.62,93.27,99.62,93.38,105.14,91.21,103.18,115.69
CUST_1908,94.72,112.89,103.8,84.6,86.42,114.31,112.63,102.72,98.52,99.35,89.42,100.61
CUST_1909,113.91,105.78,108.57,115.04,132.06,130.7,112.11,122.33,114.64,116.38,110.12,113.95
CUST_1910,65.7,66.55,55.53,57.43,67.47,57.19,73.2,58.33,58.55,77.3,73.21,64.4
CUST_1911,40.08,49.57,44.48,29.31,43.69,38.21,47.1,51.34,48.29,34.75,51.77,49.72
CUST_1912,120.41,123.75,109.02,112.44,110.55,111.53,123.3,106.92,108.99,102.83,108.32,122.77
CUST_1913,81.71,84.57,75.65,78.11,75.11,77.71,90.19,79.31,86.45,87.1,67.45,85.48
CUST_1914,89.08,69.41,75.82,86.41,89.54,62.97,67.9,84.4,75.71,66.68,71.58,67.02
CUST_1915,98.39,112.49,94.53,100.69,94.64,113.31,96.07,106.18,99.11,113.89,97.13,91.25
CUST_1916,51.59,68.09,60.17,61.98,48.45,59.32,47.45,47.85,60.5,51.62,68.57,69.06
CUST_1917,51.65,61.72,41.99,65.75,67.62,66.43,63.26,61.46,45.21,57.77,59.36,47.97
CUST_1918,66.95,79.76,81.11,82.18,72.53,74.14,66.4,56.97,76.77,65.6,67.83,75.6
CUST_1919,98.23,80.95,74.67,90.7,75.03,82.81,90.28,96.46,95.88,81.64,77.45,82.29
CUST_1920,59.14,74.46,74.42,77.2,74.22,56.69,67.95,63.2,57.96,63.63,56.4,76.15
CUST_1921,126.74,137.19,136.32,126.5,135.43,114.29,122.36,110.76,122.41,114.55,118.91,136.05
CUST_1922,59.96,69.38,68.85,59.98,70.49,76.78,57.69,81.95,65.81,67.18,67.94,68.06
CUST_1923,110.87,116.09,115.83,113.71,91.68,117.84,96.38,116.98,119.71,116.31,114.6,110.61
CUST_1924,80.58,81.82,77.77,88.49,74.19,87.07,91.52,85.14,67.43,88.33,79.09,68.33
CUST_1925,94.92,101.09,96.97,100.26,97.8,85.58,74.97,90.85,73.73,80.06,96.75,74.5
CUST_1926,67.75,52.74,63.86,60.54,61.43,72.75,71.55,67.54,69.9,69.77,52.12,62.6
CUST_1927,115.44,96.05,120.47,97.47,103.36,98.75,110.72,96.06,104.26,110.48,101.12,119.82
CUST_1928,59.48,36.67,59.4,63.3,49.84,37.71,43.09,48.94,38.82,44.45,37.48,52.56
CUST_1929,79.19,63.96,73.47,78.72,77.14,53.44,72.73,81.35,58.05,76.9,72.71,75.87
CUST_1930,62.89,53.53,66.59,44.39,60.43,44.75,45.71,70.21,71.16,65.17,63.11,48.08
CUST_1931,106.97,120.39,111.9,130.55,132.33,116.18,130.29,126.03,133.82,119.67,132.91,113.28
CUST_1932,85.6,102.07,97.25,81.46,100.8,94.05,92.68,100.98,97.63,77.89,76.17,72.35
CUST_1933,84.83,93.22,92.39,94.83,82.2,101.62,94.08,84.11,98.49,93.22,87.17,93.28
CUST_1934,96.65,97.55,103.0,84.24,82.77,92.28,81.61,97.6,106.52,96.13,93.8,105.12
CUST_1935,55.74,33.29,58.55,49.75,45.01,33.25,36.17,41.55,39.93,60.58,36.96,46.0
CUST_1936,82.99,65.37,79.44,65.99,80.35,84.35,71.41,75.51,91.22,90.28,90.73,73.2
CUST_1937,73.03,76.33,47.9,47.71,64.92,64.83,70.84,73.99,71.21,70.33,75.86,56.0
CUST_1938,51.08,37.92,59.49,33.71,49.07,30.07,48.9,34.5,59.65,49.04,51.03,54.85
CUST_1939,54.02,68.81,52.01,45.63,51.19,62.79,59.32,47.3,55.75,52.15,54.87,43.58
CUST_1940,51.21,59.0,51.73,41.05,35.64,53.01,45.51,39.36,39.74,47.95,57.56,45.57
CUST_1941,24.56,40.49,48.07,45.85,31.45,50.59,49.19,53.26,37.16,38.41,33.14,34.49
CUST_1942,85.69,93.5,87.62,87.14,93.05,102.11,84.38,90.08,88.1,99.47,97.09,95.3
CUST_1943,125.03,122.21,114.87,136.13,132.45,108.76,129.95,112.65,116.41,113.41,134.18,119.16
CUST_1944,68.79,58.9,76.36,73.12,67.89,74.35,81.05,66.9,71.86,65.52,84.67,77.45
CUST_1945,102.77,104.01,94.99,82.33,90.59,97.0,99.34,109.77,90.61,91.73,110.32,86.39
CUST_1946,94.87,109.84,106.9,105.77,101.1,114.81,99.76,93.85,111.18,97.9,101.01,111.91
CUST_1947,97.27,95.59,81.37,79.55,96.56,98.17,76.19,85.31,75.4,83.03,82.38,98.2
CUST_1948,109.33,86.6,109.89,93.07,95.01,108.26,88.39,89.14,106.77,99.54,90.82,97.11
CUST_1949,88.86,78.03,78.75,75.65,96.89,81.1,80.16,77.54,76.2,87.93,71.59,89.06
CUST_1950,97.52,89.04,103.43,91.47,86.92,96.1,79.94,79.12,79.85,92.1,86.41,97.72
CUST_1951,46.5,43.45,66.32,42.1,55.5,52.17,67.51,65.07,60.1,59.89,56.15,63.78
CUST_1952,31.7,54.54,40.15,47.73,33.82,48.7,40.12,42.52,40.87,27.78,33.03,34.72
CUST_1953,53.95,56.79,35.42,30.16,37.04,33.3,57.21,41.24,37.41,34.91,54.79,41.02
CUST_1954,105.03,124.05,104.58,112.96,112.29,105.22,109.24,126.35,104.47,109.17,114.59,120.87
CUST_1955,57.74,53.02,76.41,48.09,72.08,50.0,55.59,59.02,55.02,65.74,62.62,58.15
CUST_1956,108.42,106.6,102.66,127.11,117.39,128.24,125.85,126.14,125.66,105.78,123.66,127.21
CUST_1957,94.71,92.23,103.06,101.87,93.1,90.59,106.12,96.53,86.75,84.15,97.34,96.42
CUST_1958,107.96,108.61,112.02,99.31,93.18,118.1,95.47,102.24,115.75,116.31,100.75,105.04
CUST_1959,126.79,133.47,111.94,135.6,132.17,120.32,116.23,109.35,114.62,126.25,114.28,119.97
CUST_1960,82.18,81.28,85.97,89.54,87.05,77.53,76.54,81.95,86.65,78.37,78.7,94.23
CUST_1961,41.3,49.91,47.2,54.66,63.8,50.39,65.11,59.42,43.88,65.44,59.98,59.43
CUST_1962,107.71,106.64,111.0,127.03,97.59,111.62,99.11,121.81,98.26,125.55,119.2,110.19
CUST_1963,48.91,54.76,59.46,39.26,43.0,44.61,57.09,63.93,52.25,40.28,37.43,56.27
CUST_1964,99.11,102.15,105.44,94.85,89.98,104.72,105.68,84.38,101.42,95.21,89.41,111.17
CUST_1965,34.69,44.08,51.21,26.75,34.47,37.14,47.25,31.71,45.96,33.52,34.67,47.51
CUST_1966,76.78,59.77,71.0,79.41,81.97,84.16,58.46,76.39,74.02,64.48,76.29,58.36
CUST_1967,51.21,63.4,61.92,63.71,62.67,45.0,48.29,60.89,59.71,64.07,52.31,61.1
CUST_1968,71.67,87.44,68.45,85.42,70.28,81.29,86.3,82.05,76.65,67.62,67.02,82.53
CUST_1969,49.22,41.68,38.14,53.03,49.78,32.77,31.32,45.29,53.29,53.99,47.51,55.89
CUST_1970,55.33,44.41,29.9,44.25,30.47,57.22,53.57,57.43,56.44,35.83,34.42,55.93
CUST_1971,25.25,35.4,42.8,24.92,33.01,43.44,24.59,38.06,39.62,36.66,29.75,24.97
CUST_1972,68.76,64.25,61.55,67.75,63.87,81.16,68.43,82.92,78.96,88.44,69.55,83.45
CUST_1973,43.79,57.93,56.76,61.71,63.45,36.24,47.81,44.05,39.61,50.61,36.57,55.86
CUST_1974,103.19,99.4,86.27,91.18,91.86,94.82,88.76,97.84,96.2,100.52,91.89,91.62
CUST_1975,57.17,43.58,47.78,61.35,49.55,46.32,41.99,67.6,47.7,39.34,46.77,51.27
CUST_1976,98.34,97.67,99.57,89.92,77.64,82.13,101.0,101.91,96.42,89.18,91.28,95.82
CUST_1977,69.34,65.66,72.61,71.54,80.42,73.61,63.54,71.1,65.19,78.01,72.23,90.24
CUST_1978,46.0,49.81,32.55,47.19,36.97,44.1,30.95,39.68,37.79,24.09,37.95,49.05
CUST_1979,63.3,55.46,63.89,62.53,49.57,62.68,52.53,60.88,62.33,78.0,75.33,49.04
CUST_1980,102.13,96.99,95.72,88.28,103.69,98.16,83.52,102.23,88.03,81.73,96.53,83.93
CUST_1981,126.78,106.59,112.73,118.66,106.45,110.23,106.85,126.32,117.61,113.18,118.3,108.94
CUST_1982,126.48,135.52,123.77,123.56,115.29,121.75,113.49,107.99,112.94,123.41,127.62,122.2
CUST_1983,66.17,67.76,65.39,60.79,53.06,55.42,71.26,60.99,70.77,72.23,78.95,58.9
CUST_1984,64.15,73.99,83.85,86.81,87.37,64.34,92.24,71.75,79.03,67.49,70.71,70.0
CUST_1985,60.3,50.18,39.75,47.02,55.92,43.37,58.57,41.33,53.1,35.26,47.44,57.33
CUST_1986,82.06,85.17,78.96,75.77,94.59,72.29,99.62,70.66,99.85,84.12,90.23,87.63
CUST_1987,40.97,41.42,38.12,36.21,49.25,52.05,29.82,51.03,44.83,52.07,48.12,54.99
CUST_1988,120.46,130.96,131.69,120.0,126.5,134.71,108.92,109.24,127.88,119.07,105.94,116.06
CUST_1989,64.07,77.33,86.89,74.37,67.89,60.43,61.53,81.51,80.93,66.81,79.42,60.44
CUST_1990,127.49,119.96,107.03,121.59,126.7,124.57,128.7,134.01,108.21,131.71,122.31,125.6
CUST_1991,82.11,79.54,80.27,98.78,104.51,107.21,98.75,105.26,107.44,96.99,107.93,101.63
CUST_1992,109.08,116.57,118.58,115.85,105.1,124.75,110.57,127.05,122.17,122.12,121.16,122.03
CUST_1993,102.69,84.38,97.76,91.94,84.88,101.8,98.92,99.71,84.8,98.83,97.66,103.62
CUST_1994,50.12,39.23,53.2,45.61,45.42,41.73,41.06,52.1,51.47,42.32,46.04,35.26
CUST_1995,53.12,47.99,50.68,44.81,31.07,30.66,47.31,43.14,33.0,31.9,47.82,39.01
CUST_1996,43.86,53.71,43.91,48.53,48.92,39.68,63.88,34.61,41.66,41.56,45.4,62.81
CUST_1997,74.28,65.91,75.56,83.48,70.14,80.41,66.49,58.88,55.32,56.5,67.46,61.07
CUST_1998,53.35,50.42,64.19,72.36,49.81,65.8,74.69,49.18,70.28,58.06,73.51,51.3
CUST_1999,90.32,102.13,96.03,99.78,98.22,111.41,89.13,89.6,106.24,103.93,84.74,112.3
CUST_2000,40.02,40.73,41.24,40.7,38.0,39.75,40.39,50.39,36.05,47.54,33.21,48.78
CUST_2001,94.08,113.83,111.18,104.09,117.0,110.44,123.19,99.68,119.35,111.38,122.39,115.56
CUST_2002,82.64,79.45,70.75,78.12,67.19,87.44,78.42,67.77,76.0,78.19,80.91,76.63
CUST_2003,75.36,59.06,70.29,63.71,66.25,64.33,51.28,55.03,76.56,65.72,51.65,52.23
CUST_2004,57.13,64.82,73.17,48.14,70.08,76.18,74.51,59.43,58.2,63.57,53.04,60.14
CUST_2005,38.54,40.2,54.44,59.71,53.04,64.78,58.72,62.44,65.08,42.42,53.85,39.17
CUST_2006,80.98,75.66,94.5,86.22,97.33,97.29,92.42,77.56,76.08,92.39,76.58,82.32
CUST_2007,55.46,42.94,40.54,37.31,44.09,51.51,49.04,36.67,61.42,43.53,48.4,45.34
CUST_2008,113.95,112.6,134.21,119.04,134.0,111.12,129.65,129.79,112.57,119.0,116.69,127.8
CUST_2009,67.28,69.33,51.52,51.64,77.73,78.4,53.35,76.15,62.1,64.76,68.97,64.74
CUST_2010,54.32,77.37,57.15,58.13,61.7,70.35,57.18,73.06,58.2,55.57,70.4,51.84
CUST_2011,111.18,100.58,109.22,117.18,108.52,116.45,108.46,106.78,122.84,104.29,117.7,117.6
CUST_2012,45.42,64.36,48.86,61.95,49.68,65.0,52.36,50.93,59.6,46.92,60.57,42.97
CUST_2013,76.56,65.45,61.27,64.56,74.81,56.08,63.96,78.61,54.03,76.0,71.28,70.27
CUST_2014,87.03,92.77,97.9,89.49,90.3,100.63,91.05,97.75,91.4,90.78,108.31,83.48
CUST_2015,72.23,89.84,91.45,70.59,78.43,85.33,89.91,74.51,67.75,78.18,81.99,69.96
CUST_2016,55.59,63.21,62.67,39.93,37.73,52.6,61.95,55.72,40.14,63.86,57.16,64.9
CUST_2017,75.29,93.21,103.06,75.31,82.35,90.56,96.41,84.97,89.54,98.65,86.41,80.92
CUST_2018,85.63,73.26,77.94,94.82,87.56,73.85,79.99,74.86,85.08,86.5,80.91,71.47
CUST_2019,72.42,67.5,76.15,72.22,82.39,88.03,85.74,67.37,67.37,66.96,87.21,78.02
CUST_2020,69.96,72.02,95.11,75.18,65.19,84.27,76.81,82.49,71.97,86.1,73.71,94.29
CUST_2021,127.04,122.03,121.39,118.1,126.14,127.12,124.35,128.24,132.96,124.74,114.17,123.0
CUST_2022,37.49,53.2,40.17,56.99,41.9,39.81,63.93,48.81,51.68,55.31,61.85,37.46
CUST_2023,33.75,23.63,28.41,35.21,31.29,41.96,51.5,32.13,39.76,34.13,44.33,29.0
CUST_2024,111.73,126.29,106.04,119.1,122.63,125.94,127.78,105.82,116.76,130.48,111.11,115.55
CUST_2025,69.15,83.24,97.14,79.45,91.21,89.97,89.77,75.74,77.38,96.26,70.6,95.97
CUST_2026,106.02,106.69,121.03,128.67,117.95,100.68,106.88,109.84,121.29,124.82,114.34,121.87
CUST_2027,38.27,42.53,61.0,60.52,63.91,38.15,41.09,41.23,45.36,56.38,60.93,43.41
CUST_2028,93.33,107.34,111.17,90.13,98.98,94.68,116.94,96.31,107.29,102.75,114.89,119.45
CUST_2029,70.07,65.46,71.9,53.74,54.25,52.31,54.87,71.85,57.65,60.46,48.08,75.54
CUST_2030,73.81,83.51,69.73,88.31,87.73,69.06,81.72,64.14,77.06,76.79,67.54,65.14
CUST_2031,66.92,72.94,78.03,81.42,82.75,68.97,70.38,55.13,74.95,69.0,62.75,82.52
CUST_2032,85.36,104.11,81.88,107.62,86.37,98.4,79.86,105.84,85.64,96.0,105.22,89.8
CUST_2033,73.18,83.76,82.08,80.17,61.01,61.25,73.05,71.59,82.97,64.69,70.63,82.78
CUST_2034,129.49,119.72,121.0,119.0,132.16,130.12,120.5,131.95,119.44,131.8,109.92,107.36
CUST_2035,106.92,103.73,117.5,93.52,116.04,119.11,92.98,114.57,110.33,97.17,111.88,99.19
CUST_2036,80.99,79.41,94.92,85.69,84.41,84.24,92.69,104.3,88.76,87.06,87.8,80.34
CUST_2037,61.46,44.01,65.1,48.05,59.1,70.86,58.4,42.4,50.35,52.35,57.53,60.6
CUST_2038,62.95,56.08,70.64,71.16,74.18,67.23,63.4,61.16,78.26,62.92,60.48,62.09
CUST_2039,39.87,58.0,61.06,56.51,63.26,63.63,39.24,53.07,63.12,57.08,53.85,40.1
CUST_2040,61.86,68.14,68.82,69.57,71.71,68.05,57.15,56.96,67.43,67.45,70.82,56.18
CUST_2041,96.63,72.51,97.01,89.44,98.95,78.01,100.09,90.19,85.6,98.81,75.75,93.74
CUST_2042,95.59,108.08,93.57,90.67,116.7,101.55,102.14,116.86,109.73,107.01,105.25,93.13
CUST_2043,82.04,87.97,104.91,89.31,93.44,78.54,100.87,99.75,100.67,78.65,79.32,89.45
CUST_2044,112.3,123.14,120.06,132.15,129.39,110.35,125.22,116.37,134.57,119.85,111.44,108.46
CUST_2045,44.27,58.37,48.11,65.2,46.46,48.23,60.64,57.9,56.37,61.57,66.0,45.96
CUST_2046,103.74,125.13,119.2,108.81,114.36,124.87,107.35,119.56,113.15,113.71,98.52,125.98
CUST_2047,56.37,76.06,73.81,61.81,56.33,66.6,69.85,61.77,63.58,84.06,82.37,79.61
CUST_2048,61.63,71.68,77.45,81.4,80.59,66.54,64.31,69.34,61.93,66.39,75.11,61.85
CUST_2049,105.13,104.56,115.34,97.69,119.54,117.05,108.77,104.86,109.03,121.62,117.7,103.22
CUST_2050,75.96,70.81,66.81,63.25,91.37,69.95,79.96,74.16,67.44,89.84,77.33,88.65
CUST_2051,97.11,81.75,104.96,81.93,101.15,95.08,85.0,106.38,102.27,98.13,108.18,97.69
CUST_2052,87.57,100.26,86.14,105.6,104.5,102.87,87.45,111.51,82.47,86.92,92.94,106.59
CUST_2053,68.08,71.57,51.69,77.22,62.95,73.08,67.47,71.36,76.97,75.14,79.14,76.0
CUST_2054,90.92,91.41,94.66,96.04,78.4,81.64,93.37,87.22,94.18,77.72,86.74,69.35
CUST_2055,77.81,66.57,74.07,51.08,74.47,65.14,66.2,51.41,58.95,58.48,58.48,64.45
CUST_2056,62.66,55.26,51.57,67.97,48.56,55.42,48.86,61.59,61.27,65.92,57.58,57.77
CUST_2057,126.77,119.72,121.53,133.9,131.34,130.31,114.73,113.08,127.72,135.21,134.21,122.93
CUST_2058,131.11,108.59,118.61,130.47,114.77,102.15,102.14,122.27,111.52,130.35,114.05,117.18
CUST_2059,73.1,76.57,51.09,61.46,71.56,72.94,73.48,69.27,56.4,62.88,71.06,74.93
CUST_2060,81.04,59.5,69.89,64.72,56.56,69.04,68.16,60.18,64.94,57.17,59.99,74.97
CUST_2061,64.85,52.14,52.08,76.69,56.42,50.64,62.95,54.54,62.15,52.26,60.27,74.1
CUST_2062,130.48,124.78,121.9,121.2,121.73,122.98,129.71,118.03,111.59,124.01,103.54,103.15
CUST_2063,82.43,75.99,67.3,88.43,81.92,68.98,82.32,80.16,80.39,64.58,69.47,85.92
CUST_2064,107.87,100.66,109.26,97.42,112.72,86.03,107.95,101.64,107.39,89.0,114.8,112.53
CUST_2065,94.29,104.86,115.79,107.95,90.87,97.07,112.78,96.49,112.85,92.66,114.9,109.29
CUST_2066,42.39,51.45,41.89,42.78,57.2,57.99,54.31,63.32,48.71,48.54,51.32,66.41
CUST_2067,55.39,59.19,51.02,39.06,48.17,40.79,52.45,43.5,52.35,61.74,52.57,52.22
CUST_2068,102.29,105.48,114.83,116.77,113.65,105.95,116.84,106.25,98.66,108.24,94.49,98.07
CUST_2069,82.96,78.65,71.15,72.06,70.53,60.23,77.39,85.56,68.92,79.96,71.78,72.56
CUST_2070,96.08,69.14,84.99,82.03,95.4,90.42,91.43,75.45,87.51,95.7,95.83,89.32
CUST_2071,92.29,101.11,101.98,89.74,110.09,109.43,98.33,87.23,92.77,88.19,98.86,110.86
CUST_2072,33.08,53.98,39.04,59.69,36.49,47.45,41.95,51.46,36.6,59.91,60.37,46.65
CUST_2073,48.19,42.69,43.71,51.98,32.25,25.06,51.14,40.09,53.35,40.43,51.74,49.36
CUST_2074,95.16,79.2,88.83,95.15,81.72,108.78,89.06,97.1,82.82,87.04,98.6,95.81
CUST_2075,26.1,52.66,29.55,36.58,42.41,47.88,47.16,29.35,51.88,38.41,39.33,32.24
CUST_2076,115.07,108.11,132.07,119.88,114.57,109.16,105.11,126.2,128.12,118.75,121.41,110.38
CUST_2077,117.43,126.0,127.12,110.28,127.74,107.09,109.34,125.06,121.94,108.12,125.71,108.75
CUST_2078,41.4,21.53,49.98,40.21,33.61,44.7,35.02,28.23,28.27,22.3,25.17,45.73
CUST_2079,50.67,52.94,45.81,63.42,37.81,55.67,60.96,40.72,50.22,50.39,50.08,57.49
CUST_2080,108.06,112.57,127.79,122.94,114.2,129.72,109.17,111.16,121.9,109.23,124.11,106.65
CUST_2081,89.95,91.54,89.63,85.57,79.24,89.53,91.12,79.65,84.84,82.51,87.39,84.82
CUST_2082,84.6,78.0,63.95,72.98,92.17,82.99,70.14,69.25,86.64,87.4,77.08,84.05
CUST_2083,63.22,72.34,85.4,73.84,81.51,66.39,76.33,86.39,87.82,90.12,88.6,70.24
CUST_2084,50.32,38.32,52.76,35.91,37.7,55.0,39.2,28.86,49.71,43.22,39.18,45.46
CUST_2085,80.68,76.83,62.3,80.6,64.08,58.34,63.52,53.98,77.68,55.08,80.62,80.62
CUST_2086,71.93,69.86,67.18,70.07,73.54,70.02,70.57,88.73,84.82,65.66,88.49,86.22
CUST_2087,90.51,83.16,82.92,105.93,93.7,90.67,105.86,108.75,102.67,93.21,98.69,82.44
CUST_2088,25.97,50.16,26.01,30.18,22.83,21.91,38.14,43.45,47.06,35.92,50.39,26.03
CUST_2089,73.69,83.22,97.93,95.34,85.81,72.85,93.36,96.11,84.74,95.28,86.16,82.64
CUST_2090,93.88,87.57,107.85,83.39,101.19,104.09,101.73,92.61,82.01,82.37,84.46,97.64
CUST_2091,120.91,103.73,115.4,103.58,102.14,119.31,117.87,111.22,120.25,116.7,115.64,105.65
CUST_2092,101.77,110.14,130.3,105.98,112.26,116.86,104.77,106.52,114.62,123.62,118.01,120.8
CUST_2093,81.32,81.29,79.04,70.46,89.95,69.59,82.66,71.49,87.13,79.25,67.71,65.37
CUST_2094,51.01,36.68,41.25,27.01,34.69,40.87,27.48,42.76,25.53,41.79,39.54,47.87
CUST_2095,111.99,89.07,96.89,87.1,97.49,97.11,100.62,92.55,112.05,92.99,89.03,85.94
CUST_2096,99.07,107.31,82.06,108.5,104.22,90.37,99.55,81.11,106.97,98.67,86.71,94.07
CUST_2097,56.39,52.19,44.25,64.05,53.58,62.79,60.89,38.07,43.25,63.44,63.66,52.86
CUST_2098,111.43,108.33,130.56,117.24,112.65,118.87,123.87,134.43,117.62,117.26,134.57,125.26
CUST_2099,101.89,106.36,94.59,86.94,85.97,93.83,92.45,103.78,107.67,109.87,87.52,102.03
CUST_2100,42.71,32.35,41.05,47.15,39.78,50.1,50.71,41.83,42.49,43.58,57.18,36.99
CUST_2101,69.96,89.32,77.05,79.48,83.79,82.23,68.0,77.66,88.39,81.3,86.03,83.4
CUST_2102,44.49,56.2,55.09,51.48,54.8,55.8,46.32,54.56,46.61,47.04,30.42,34.71
CUST_2103,68.01,47.56,66.41,46.12,60.99,61.3,59.93,70.16,61.42,48.66,68.98,54.87
CUST_2104,112.55,113.7,113.36,102.26,116.83,123.29,100.42,119.38,108.21,104.38,117.62,112.56
CUST_2105,134.23,112.84,109.65,119.47,122.63,127.83,106.49,104.79,133.5,122.87,117.61,125.94
CUST_2106,79.57,80.25,92.45,78.92,89.34,102.0,107.86,78.31,97.8,101.82,86.81,106.66
CUST_2107,70.47,89.06,76.83,87.15,72.2,90.62,66.75,81.71,90.13,92.12,70.59,81.02
CUST_2108,105.31,105.93,112.93,119.63,113.78,106.76,92.39,109.72,97.94,114.16,104.92,112.51
CUST_2109,125.32,115.9,116.34,125.43,112.02,101.74,96.29,101.99,102.89,112.59,105.25,105.96
CUST_2110,74.98,87.97,83.42,79.44,94.81,102.26,76.77,89.34,73.63,74.49,84.3,97.1
CUST_2111,38.61,58.97,48.18,60.55,42.9,51.92,49.52,56.45,54.92,48.22,40.0,64.68
CUST_2112,66.93,49.66,62.27,48.69,61.78,73.48,71.45,68.56,57.33,67.22,78.53,65.19
CUST_2113,81.64,97.2,84.36,108.48,95.68,94.22,90.76,94.03,108.42,102.04,82.78,104.78
CUST_2114,100.25,83.67,79.43,81.6,94.74,75.2,94.45,75.22,78.44,92.37,86.99,78.38
CUST_2115,51.86,50.82,57.3,48.31,52.67,49.86,51.22,49.75,47.8,59.8,67.18,39.06
CUST_2116,111.38,107.55,111.72,99.83,98.51,104.46,97.63,113.15,101.89,96.61,100.38,101.25
CUST_2117,108.98,121.99,116.2,106.69,125.9,135.25,111.86,126.52,116.09,131.23,125.27,130.46
CUST_2118,47.43,63.74,69.93,63.45,70.43,66.81,47.66,49.55,55.23,54.38,55.71,59.71
CUST_2119,95.46,88.46,72.65,94.91,89.57,86.21,92.04,69.37,89.36,88.69,73.69,95.12
CUST_2120,115.75,116.36,105.21,118.99,114.3,123.02,108.24,104.39,101.27,117.58,115.92,104.83
CUST_2121,102.56,115.67,115.5,113.88,119.54,112.84,97.13,94.43,92.16,112.59,116.88,96.16
CUST_2122,81.92,86.91,66.77,72.51,86.55,82.3,81.69,94.9,93.08,91.44,94.87,81.4
CUST_2123,48.18,36.16,46.94,47.08,50.47,57.47,62.03,54.63,46.66,47.51,51.85,34.54
CUST_2124,35.89,54.03,39.57,52.45,57.65,40.16,58.2,43.29,53.73,41.11,45.06,61.15
CUST_2125,39.55,35.54,22.1,35.91,35.15,50.05,22.59,49.39,32.72,46.22,39.44,31.64
CUST_2126,98.7,118.23,117.53,109.46,105.19,92.86,113.87,93.27,114.78,99.25,111.28,108.0
CUST_2127,105.48,82.42,98.52,107.7,94.05,98.37,94.12,107.31,94.89,94.18,108.81,85.4
CUST_2128,130.11,115.86,107.54,126.04,126.21,107.83,110.13,109.46,126.73,102.92,128.4,121.65
CUST_2129,42.46,49.26,38.23,52.96,40.93,35.45,44.58,56.69,39.65,54.37,56.92,56.41
CUST_2130,39.93,28.64,46.57,25.45,29.75,38.59,26.86,25.6,20.87,41.49,24.32,48.73
CUST_2131,39.26,34.52,51.34,47.72,41.29,45.06,27.9,47.28,39.7,52.96,33.72,46.21
CUST_2132,33.27,54.85,41.7,56.36,45.77,50.98,34.85,43.06,33.96,33.96,59.1,58.21
CUST_2133,114.17,99.44,118.26,114.63,98.04,101.29,121.13,112.06,99.0,117.16,119.34,120.11
CUST_2134,87.47,84.32,90.09,93.92,95.15,101.72,81.28,89.22,94.39,88.44,98.9,80.46
CUST_2135,109.66,96.42,93.15,107.75,92.9,101.87,97.97,105.43,96.73,103.41,85.4,111.39
CUST_2136,95.33,90.49,96.49,93.26,82.57,95.8,74.29,96.92,85.29,73.44,84.9,96.23
CUST_2137,29.58,31.95,29.99,35.92,40.25,26.82,27.73,40.75,38.47,26.82,31.63,29.52
CUST_2138,38.72,53.96,53.95,33.7,26.19,49.3,47.67,50.26,53.03,49.93,40.49,49.0
CUST_2139,103.92,89.09,78.58,93.27,84.35,77.24,94.12,95.56,81.57,76.11,76.37,81.08
CUST_2140,109.97,119.58,125.68,127.5,111.25,132.71,128.42,119.7,127.58,112.33,130.24,108.36
CUST_2141,90.31,102.64,98.95,103.81,78.23,79.41,84.04,106.0,86.2,105.74,92.47,96.01
CUST_2142,99.96,110.93,111.7,90.6,114.19,106.98,87.91,100.77,91.96,112.79,100.01,100.91
CUST_2143,53.78,55.46,54.6,53.73,52.15,52.98,50.15,46.16,57.02,63.93,63.14,46.38
CUST_2144,95.51,75.12,95.1,71.23,87.88,94.31,94.39,81.56,82.72,91.51,79.03,80.33
CUST_2145,63.73,38.74,62.06,63.27,38.75,57.78,45.21,55.17,56.54,59.02,65.67,54.29
CUST_2146,44.84,41.23,32.33,58.63,31.14,57.24,41.32,31.09,44.09,49.23,29.45,57.23
CUST_2147,99.82,85.81,98.19,113.23,99.45,112.54,108.39,101.4,107.44,98.63,87.91,93.36
CUST_2148,57.41,60.96,78.44,80.85,63.93,63.5,72.27,73.92,70.8,57.65,82.9,84.16
CUST_2149,85.5,94.49,92.51,68.43,68.67,89.26,75.92,92.26,74.5,68.83,92.34,87.04
CUST_2150,52.16,48.7,67.08,51.27,62.87,57.9,73.52,56.92,67.94,57.17,49.61,63.65
CUST_2151,63.92,57.58,70.2,66.26,61.63,56.27,51.09,53.31,72.91,55.08,63.19,67.28
CUST_2152,76.91,83.23,81.7,83.38,63.67,85.69,61.29,76.56,56.6,71.48,75.58,72.14
CUST_2153,105.56,122.72,121.7,120.08,107.36,117.16,115.93,109.33,114.08,116.32,134.47,105.79
CUST_2154,83.33,80.94,76.29,76.09,99.61,91.53,92.4,92.44,75.74,96.77,74.4,99.41
CUST_2155,97.06,80.82,106.77,97.94,88.6,101.63,91.04,108.67,109.05,104.55,99.27,103.51
CUST_2156,98.68,98.63,74.32,97.53,74.68,83.04,86.93,91.51,90.12,72.83,93.69,78.29
CUST_2157,49.34,72.49,75.56,51.83,51.31,57.15,55.44,58.26,66.91,58.83,67.05,48.49
CUST_2158,60.5,52.01,43.83,50.64,59.32,62.19,60.74,44.41,34.82,47.35,39.33,51.27
CUST_2159,90.85,93.55,103.21,96.6,90.7,83.24,81.71,77.81,101.18,81.87,84.86,80.06
CUST_2160,117.97,103.45,119.29,123.27,121.19,128.9,118.24,102.02,101.66,105.15,101.82,127.46
CUST_2161,44.88,28.81,38.49,51.83,47.86,49.6,28.67,28.47,33.15,42.75,44.91,40.02
CUST_2162,113.45,106.56,103.64,105.44,107.92,123.5,111.63,107.74,108.82,118.1,117.3,118.01
CUST_2163,43.85,49.84,51.15,41.24,64.5,59.74,57.23,47.91,43.54,40.54,60.7,38.76
CUST_2164,61.95,46.81,34.04,59.62,57.61,44.03,48.66,45.37,50.91,60.75,51.68,52.08
CUST_2165,123.58,119.22,106.97,112.67,99.79,101.47,101.96,96.57,94.9,110.3,101.96,108.15
CUST_2166,60.14,62.25,56.45,72.84,67.59,75.64,54.42,57.69,73.38,58.86,82.58,79.84
CUST_2167,82.46,90.74,84.35,84.77,88.13,108.84,100.4,95.2,90.98,107.51,105.91,82.34
CUST_2168,80.95,77.46,68.31,65.62,59.47,73.43,79.87,67.67,62.09,64.11,73.16,69.12
CUST_2169,23.18,29.85,47.85,49.76,23.83,25.32,47.69,26.27,33.69,43.09,27.36,49.17
CUST_2170,45.99,33.95,57.83,42.11,45.84,60.81,54.85,39.87,53.1,48.46,44.15,52.08
CUST_2171,97.0,116.06,113.66,103.71,103.97,98.88,94.61,105.19,115.22,96.17,91.19,99.51
CUST_2172,80.83,67.2,79.91,74.4,80.77,70.93,82.78,74.82,71.72,62.74,60.02,64.21
CUST_2173,69.98,56.11,56.82,47.21,64.79,49.23,65.07,51.91,63.98,46.82,51.35,55.88
CUST_2174,49.06,73.03,73.43,49.3,61.25,71.67,69.68,50.25,71.16,48.79,65.99,57.99
CUST_2175,31.8,40.44,28.1,27.5,32.16,27.93,30.68,32.98,40.51,49.36,24.23,22.35
CUST_2176,42.5,64.13,59.77,45.5,64.84,55.94,47.51,55.02,42.45,63.57,54.66,58.14
CUST_2177,115.76,110.53,119.31,101.2,125.18,98.36,116.23,111.87,115.79,103.45,126.83,111.23
CUST_2178,44.25,32.37,35.12,41.28,40.64,47.1,54.36,38.19,50.19,51.46,45.28,36.3
CUST_2179,77.38,70.95,84.29,76.19,87.92,61.79,85.09,90.0,79.23,75.72,81.61,87.01
CUST_2180,69.03,88.64,73.97,85.24,89.98,86.42,83.41,73.38,77.45,70.21,91.63,70.4
CUST_2181,93.54,85.73,83.15,91.32,96.69,77.05,92.02,77.17,97.11,95.43,94.16,76.12
CUST_2182,109.37,119.48,104.04,95.49,119.09,106.27,96.75,97.08,115.02,91.54,108.97,96.91
CUST_2183,116.21,100.14,99.52,104.67,108.16,104.67,112.77,122.19,123.71,111.31,103.37,106.9
CUST_2184,63.24,62.85,69.44,65.65,79.37,65.07,60.9,68.14,77.94,59.4,60.73,60.42
CUST_2185,69.03,85.78,76.13,71.2,64.91,90.45,91.43,92.65,71.55,82.2,84.5,81.54
CUST_2186,80.0,81.86,106.02,100.38,82.17,78.92,104.19,103.8,92.97,94.04,96.23,97.1
CUST_2187,94.77,88.89,78.33,82.88,78.07,97.45,102.98,100.77,103.48,83.09,106.3,83.84
CUST_2188,105.25,99.96,100.97,90.97,101.96,83.06,80.62,90.67,95.78,99.48,89.08,88.92
CUST_2189,92.51,90.37,105.76,99.03,85.67,86.77,101.91,94.58,97.93,97.7,98.88,96.95
CUST_2190,107.51,100.25,115.84,95.15,92.77,109.39,117.8,95.86,97.8,95.22,118.12,99.83
CUST_2191,80.61,92.66,65.97,72.39,85.08,92.11,66.56,75.36,71.94,72.54,76.75,94.11
CUST_2192,94.28,104.81,107.86,94.74,109.56,118.76,109.14,118.45,107.67,103.13,109.91,111.82
CUST_2193,117.99,106.75,96.91,94.99,111.03,106.92,115.12,92.67,108.31,89.64,111.87,112.82
CUST_2194,51.33,32.75,37.88,41.94,47.4,35.57,38.62,52.0,35.83,58.58,41.31,38.88
CUST_2195,114.77,116.72,111.09,110.81,110.82,117.64,111.7,123.48,118.3,130.58,116.58,121.91
CUST_2196,80.58,55.61,61.82,69.28,65.9,69.86,59.49,73.07,68.16,82.83,60.65,74.84
CUST_2197,105.75,123.13,120.84,113.47,107.81,97.39,117.39,114.84,124.2,124.54,114.84,105.8
CUST_2198,37.3,36.13,28.72,30.19,45.26,44.5,30.03,40.85,56.06,31.85,34.31,34.37
CUST_2199,100.33,85.82,106.04,86.94,80.72,97.24,79.85,91.06,83.72,84.81,80.67,88.7
CUST_2200,67.27,64.91,63.61,63.81,56.72,53.35,68.57,50.53,67.62,44.42,45.06,69.83
CUST_2201,97.73,85.2,82.75,95.57,99.34,84.06,97.23,84.74,94.74,91.72,91.18,87.19
CUST_2202,113.69,112.77,112.7,95.65,113.5,104.57,120.71,96.42,105.11,111.31,92.98,120.17
CUST_2203,44.34,56.68,55.6,54.48,43.71,45.53,52.07,45.49,27.62,27.7,49.69,31.13
CUST_2204,92.71,80.82,90.9,105.75,87.31,91.08,83.69,105.56,95.41,95.18,79.81,87.15
CUST_2205,43.94,64.28,47.55,46.05,46.83,44.65,50.66,50.03,49.47,55.08,62.15,63.04
CUST_2206,60.18,43.18,46.29,45.65,48.28,49.75,50.63,34.94,47.57,47.13,50.57,51.19
CUST_2207,104.05,119.27,114.51,108.41,91.64,111.02,102.89,111.76,110.76,101.99,110.76,103.67
CUST_2208,71.07,80.65,62.17,64.93,61.57,80.57,54.01,80.4,59.51,55.77,61.73,79.05
CUST_2209,51.15,74.25,56.73,71.38,65.71,50.74,52.95,53.36,77.9,65.04,63.23,76.96
CUST_2210,69.71,68.72,59.05,70.16,71.63,70.3,69.33,62.57,82.99,77.29,77.91,79.0
CUST_2211,115.39,115.22,94.82,96.86,93.31,113.31,117.57,114.5,103.62,89.42,114.92,98.37
CUST_2212,75.35,61.83,69.12,55.92,58.02,53.13,63.93,68.19,76.62,49.86,55.14,63.15
CUST_2213,53.21,53.73,29.99,38.98,32.72,39.99,52.02,42.08,43.24,32.28,51.47,54.06
CUST_2214,112.13,109.88,96.05,109.26,96.87,89.75,98.93,91.3,98.8,103.38,98.35,90.56
CUST_2215,78.81,87.73,65.39,83.87,69.89,79.22,75.99,61.17,88.96,88.58,65.08,89.21
CUST_2216,40.46,57.84,29.47,37.32,46.17,32.19,35.03,35.08,54.02,54.83,28.88,58.46
CUST_2217,75.86,62.48,80.82,66.55,74.5,89.3,79.96,70.61,66.25,71.88,63.28,67.87
CUST_2218,30.44,50.02,37.97,42.0,34.28,48.26,43.99,47.97,30.84,45.18,46.47,28.23
CUST_2219,97.15,81.86,86.56,80.72,102.29,88.5,94.35,84.71,96.48,88.07,103.91,78.81
CUST_2220,60.74,54.65,32.92,47.44,53.65,44.95,61.02,31.99,40.78,37.98,57.28,46.17
CUST_2221,103.76,114.02,114.18,116.95,110.28,97.38,107.16,96.32,110.13,115.25,100.75,111.13
CUST_2222,67.1,69.89,83.2,68.66,72.06,91.7,87.38,93.73,76.03,88.36,78.76,89.77
CUST_2223,63.1,36.1,46.16,63.98,41.48,34.18,36.33,34.34,56.15,49.62,50.95,54.35
CUST_2224,112.31,95.88,105.74,111.22,108.67,115.84,97.75,96.43,98.32,103.58,90.95,117.6
CUST_2225,125.24,136.43,117.7,117.8,122.64,137.31,119.52,136.26,114.61,114.94,115.86,134.6
CUST_2226,136.82,121.26,129.49,121.52,125.95,126.23,124.18,111.63,111.82,126.11,136.7,110.74
CUST_2227,62.07,57.19,61.23,68.33,72.14,60.31,62.97,82.11,84.92,62.95,80.67,85.42
CUST_2228,92.64,93.37,76.49,73.88,91.39,80.03,96.4,92.3,97.66,85.99,79.68,94.91
CUST_2229,72.08,74.87,51.62,74.77,59.34,67.32,65.99,65.1,49.59,63.13,61.74,73.57
CUST_2230,67.58,58.64,58.19,53.19,58.67,71.25,64.16,66.98,79.0,53.3,73.23,78.51
CUST_2231,54.86,66.67,79.11,64.14,66.61,82.19,64.12,72.5,80.25,75.9,62.99,61.25
CUST_2232,48.22,49.7,34.65,52.99,56.34,34.84,59.12,55.02,30.29,45.73,47.39,47.26
CUST_2233,91.1,68.84,93.26,88.13,93.8,92.48,84.79,66.79,84.79,92.91,73.64,65.18
CUST_2234,87.24,68.89,68.44,81.15,86.11,95.68,78.5,74.92,67.01,85.24,83.73,87.61
CUST_2235,115.42,127.16,120.94,115.27,114.68,119.69,113.56,118.95,134.73,128.96,123.96,116.36
CUST_2236,56.57,55.6,74.25,61.89,63.45,67.3,77.61,75.97,81.0,76.49,55.88,74.44
CUST_2237,42.64,38.66,48.39,31.45,37.0,52.54,36.9,43.63,34.88,38.27,54.04,52.44
CUST_2238,131.32,135.7,135.85,111.55,131.06,138.27,115.5,131.13,130.09,119.65,108.6,112.93
CUST_2239,102.9,114.99,121.33,118.58,116.58,103.25,121.18,123.2,102.01,125.49,112.86,118.67
CUST_2240,58.28,58.92,53.17,45.95,45.29,34.02,49.21,56.71,56.98,56.38,44.43,43.51
CUST_2241,95.57,82.98,91.91,88.22,82.43,81.31,86.49,87.78,69.59,88.6,91.28,84.14
CUST_2242,109.28,118.16,106.45,120.68,98.29,94.67,116.12,102.04,107.63,97.93,99.82,104.5
CUST_2243,103.08,125.32,116.98,100.12,114.01,115.53,98.44,100.54,117.11,98.18,99.41,123.78
CUST_2244,103.02,82.43,102.58,107.55,88.72,108.62,96.19,109.1,85.51,98.06,100.77,106.66
CUST_2245,106.44,116.3,92.0,102.44,112.53,98.39,90.98,103.16,108.41,108.37,107.85,114.07
CUST_2246,34.78,52.74,52.03,38.25,36.65,44.5,34.34,42.72,46.99,32.55,47.53,49.01
CUST_2247,85.25,93.62,69.69,91.0,94.68,91.02,88.51,66.39,77.32,86.98,95.54,71.62
CUST_2248,112.36,112.88,108.38,129.92,119.04,107.62,134.75,123.32,120.24,125.75,133.18,118.32
CUST_2249,87.09,101.31,109.1,81.69,101.79,90.13,80.96,103.14,104.35,94.29,104.28,106.57
CUST_2250,27.62,53.02,44.53,46.92,39.51,37.17,28.78,51.04,40.58,25.44,44.89,27.96
CUST_2251,56.02,70.33,69.62,69.3,54.36,50.18,60.92,51.55,58.32,54.62,51.81,64.67
CUST_2252,48.54,49.26,29.35,44.82,53.2,29.52,29.4,46.65,33.98,57.32,29.92,55.07
CUST_2253,43.39,43.86,50.46,58.17,49.14,49.41,57.68,41.91,56.85,54.1,56.25,42.04
CUST_2254,95.11,101.85,98.8,100.55,91.98,87.37,85.72,97.36,105.71,110.03,111.67,106.2
CUST_2255,44.45,38.39,48.02,51.71,30.9,39.96,58.59,31.07,43.58,40.02,34.03,31.88
CUST_2256,110.63,119.78,106.75,118.4,134.03,120.34,111.0,119.09,115.92,110.19,133.95,107.35
CUST_2257,53.68,41.4,44.76,51.4,65.2,54.16,53.44,58.27,52.87,49.31,66.69,44.62
CUST_2258,50.07,61.85,51.69,53.48,51.28,54.91,34.07,57.61,47.91,45.96,42.29,45.78
CUST_2259,106.39,105.47,108.97,102.72,95.45,98.39,101.21,104.01,112.11,108.63,92.53,89.78
CUST_2260,45.63,34.96,35.88,55.27,37.16,32.88,50.92,54.57,39.6,35.47,34.41,46.22
CUST_2261,84.44,80.57,96.87,105.99,97.78,82.37,89.94,78.11,78.88,79.57,84.81,93.39
CUST_2262,90.11,89.54,97.65,107.88,86.64,98.39,103.04,94.65,89.28,97.64,108.76,113.56
CUST_2263,91.11,91.52,86.86,85.93,111.55,101.03,101.72,108.36,88.62,102.82,93.38,97.95
CUST_2264,77.48,84.43,87.49,67.79,82.69,78.46,78.43,86.27,70.08,67.78,80.71,80.07
CUST_2265,107.07,101.47,96.61,80.62,98.32,104.35,80.89,80.74,102.65,108.03,88.27,92.09
CUST_2266,54.61,47.23,35.18,46.26,46.86,29.66,31.19,55.49,31.18,51.42,42.9,33.88
CUST_2267,54.5,36.25,42.69,32.0,33.33,40.39,35.72,47.51,43.93,54.56,30.86,57.36
CUST_2268,89.95,101.77,85.26,79.37,79.02,97.13,85.79,88.6,76.97,91.8,97.68,104.29
CUST_2269,124.51,131.42,106.13,113.46,122.65,130.77,131.12,111.28,108.46,108.41,120.09,127.94
CUST_2270,97.76,112.98,108.57,106.74,108.81,99.36,100.95,107.41,106.65,98.41,104.12,105.3
CUST_2271,87.04,87.96,99.04,85.27,91.3,95.66,81.1,86.5,96.86,82.39,97.53,99.25
CUST_2272,109.51,105.74,108.03,101.01,118.44,118.26,99.94,114.8,111.92,96.29,100.44,107.48
CUST_2273,112.63,97.82,102.02,105.89,107.19,101.66,101.29,109.1,105.64,117.76,95.63,110.4
CUST_2274,111.64,90.04,100.57,103.63,90.25,104.36,103.62,90.59,99.75,106.39,114.71,105.07
CUST_2275,57.85,54.24,67.98,58.63,56.17,57.98,47.46,61.61,47.55,57.9,59.8,53.65
CUST_2276,116.23,107.11,96.4,98.55,105.56,110.46,100.22,96.5,122.39,104.36,121.06,118.87
CUST_2277,51.63,55.45,50.39,50.89,55.52,57.65,68.04,70.32,74.04,53.35,59.87,54.84
CUST_2278,81.48,88.46,83.12,81.54,107.64,84.59,89.18,103.77,107.13,106.16,82.86,90.75
CUST_2279,79.9,90.54,87.27,65.28,86.29,87.52,71.99,78.34,76.35,76.99,78.03,73.34
CUST_2280,56.66,47.19,57.47,37.08,57.46,46.8,57.26,52.11,53.55,36.6,46.51,47.05
CUST_2281,25.87,30.16,37.94,47.76,31.55,44.35,43.85,46.5,28.33,38.73,32.19,31.61
CUST_2282,64.62,51.76,53.51,69.06,53.72,73.26,75.89,66.1,66.37,52.9,71.06,81.11
CUST_2283,34.26,26.02,39.23,32.42,41.73,36.31,40.36,33.79,36.92,29.79,40.98,49.63
CUST_2284,34.74,50.36,43.51,51.3,43.34,56.16,60.35,45.33,58.6,36.82,56.61,55.4
CUST_2285,58.52,71.0,72.9,54.21,53.75,58.84,57.18,57.8,63.4,53.08,62.13,68.13
CUST_2286,115.91,104.27,107.81,119.28,130.69,128.83,124.41,132.62,131.78,109.39,111.4,105.43
CUST_2287,98.26,98.6,84.1,100.85,79.75,95.54,97.05,78.03,93.17,90.48,91.16,90.22
CUST_2288,95.81,107.81,97.19,93.18,85.85,85.96,99.04,90.31,83.09,101.15,97.09,93.47
CUST_2289,54.69,39.79,36.87,51.23,53.77,58.32,42.78,37.13,47.5,61.69,41.4,57.79
CUST_2290,116.09,109.56,120.59,134.34,115.86,130.2,121.17,137.81,120.37,110.86,118.31,138.86
CUST_2291,92.8,85.64,105.78,102.09,113.13,86.59,90.25,86.06,85.5,99.95,107.15,99.8
CUST_2292,52.86,55.43,60.08,53.34,79.73,62.97,53.44,62.51,56.33,52.14,66.69,55.8
CUST_2293,91.54,115.47,94.81,108.38,104.73,114.26,114.77,96.9,106.19,92.25,109.49,115.23
CUST_2294,118.26,130.33,115.24,117.42,125.45,122.97,126.71,127.96,117.65,124.15,120.29,130.98
CUST_2295,82.96,98.79,86.94,84.74,104.85,92.53,107.13,103.45,99.67,85.49,91.31,102.07
CUST_2296,64.52,49.43,72.82,51.26,54.39,59.17,77.23,67.85,51.13,78.34,74.63,64.95
CUST_2297,67.75,62.8,85.42,77.24,81.0,80.14,69.86,78.94,83.84,72.63,68.57,71.46
CUST_2298,99.79,116.38,107.71,100.66,89.79,94.98,111.89,111.96,117.92,115.3,108.73,101.74
CUST_2299,45.23,39.39,31.53,48.48,29.21,33.09,51.12,37.23,42.29,35.5,52.63,27.89
CUST_2300,46.74,49.15,50.09,50.21,30.91,44.52,45.1,32.37,41.11,37.06,47.06,38.21
CUST_2301,98.66,76.19,80.09,97.73,102.17,94.71,89.41,81.33,79.64,103.61,93.71,86.25
CUST_2302,64.97,86.94,80.34,73.7,80.73,80.21,64.89,75.49,88.96,89.1,64.12,88.85
CUST_2303,76.63,62.04,64.03,77.6,61.4,89.53,59.96,67.7,82.22,67.36,86.07,74.01
CUST_2304,76.75,97.34,97.43,77.06,86.16,81.69,81.5,98.36,76.91,98.0,81.63,91.2
CUST_2305,89.69,68.95,81.11,77.29,83.45,91.56,71.52,89.43,79.61,82.55,74.04,68.88
CUST_2306,73.45,68.17,66.83,67.99,72.72,57.09,58.01,77.01,57.44,53.82,59.77,68.97
CUST_2307,22.38,46.8,40.74,43.83,27.78,35.35,46.81,22.81,47.43,44.64,51.2,39.44
CUST_2308,40.31,53.76,45.55,38.82,51.9,52.99,60.32,59.01,55.98,47.23,56.35,53.97
CUST_2309,63.36,39.36,51.92,52.02,44.6,46.78,65.62,40.06,39.99,63.01,41.71,46.41
CUST_2310,76.34,76.53,82.89,74.34,85.77,69.87,72.19,71.16,81.76,77.52,85.55,84.83
CUST_2311,52.41,57.85,53.21,66.5,51.97,80.65,76.17,51.5,73.29,66.63,66.96,61.91
CUST_2312,56.97,47.67,64.59,51.49,53.5,55.31,49.65,57.87,54.14,57.01,74.36,65.6
CUST_2313,113.41,101.92,103.49,94.63,113.04,120.1,113.56,95.34,117.01,107.24,118.52,119.72
CUST_2314,70.02,75.26,84.22,67.14,73.48,92.81,74.84,83.9,77.16,73.94,75.83,86.6
CUST_2315,98.41,110.93,92.89,113.68,98.8,113.93,112.8,94.6,97.77,90.16,85.96,113.4
CUST_2316,65.34,62.96,64.04,48.1,73.68,71.05,51.26,75.32,58.13,72.9,71.44,48.02
CUST_2317,70.22,89.75,67.78,77.23,63.54,72.87,88.73,83.74,69.29,63.77,62.74,78.12
CUST_2318,107.01,116.56,108.38,103.52,114.39,107.63,104.03,126.77,108.53,120.69,122.56,120.97
CUST_2319,87.8,66.29,72.87,89.66,94.08,92.9,77.77,67.77,89.73,70.72,91.96,83.02
CUST_2320,118.24,125.86,104.34,105.14,100.96,113.32,115.86,113.25,126.56,118.97,125.83,102.46
CUST_2321,115.96,106.37,99.3,99.74,114.6,102.98,116.19,95.21,108.89,117.76,99.99,109.28
CUST_2322,58.61,42.73,29.9,50.15,40.56,31.36,32.34,53.91,46.45,48.19,37.97,42.87
CUST_2323,56.44,49.42,33.45,49.85,34.82,34.55,53.11,47.8,36.85,38.31,36.55,40.55
CUST_2324,104.78,110.03,96.49,109.45,120.08,103.84,109.01,115.53,96.13,104.33,116.24,105.26
CUST_2325,73.08,66.85,74.09,78.76,81.02,66.94,79.21,68.41,68.28,72.31,87.23,62.09
CUST_2326,47.16,68.45,53.33,51.0,47.72,46.82,65.63,62.74,43.92,45.79,53.45,52.91
CUST_2327,48.6,62.48,48.61,63.55,66.1,66.73,62.3,58.06,46.74,40.0,60.99,54.17
CUST_2328,97.16,100.14,99.03,119.78,112.41,109.85,115.6,112.47,101.39,106.67,95.49,96.21
CUST_2329,63.25,70.18,89.73,64.03,89.71,80.81,79.46,80.28,87.98,73.96,62.07,70.26
CUST_2330,99.02,90.85,101.31,80.97,104.09,77.81,83.59,94.7,86.76,76.4,92.97,93.24
CUST_2331,112.49,103.52,83.91,84.14,84.39,99.82,83.68,105.98,112.37,94.2,110.0,99.27
CUST_2332,123.87,104.19,110.05,123.28,119.01,126.04,129.28,121.74,101.67,121.56,109.04,120.66
CUST_2333,111.82,88.16,98.31,96.66,96.51,91.44,99.28,93.36,88.19,114.52,110.21,86.86
CUST_2334,38.79,51.44,56.61,40.64,30.66,50.54,50.09,55.84,34.24,34.82,28.28,34.37
CUST_2335,83.75,80.17,99.08,106.88,85.8,102.61,107.82,103.44,98.92,102.98,90.81,82.51
CUST_2336,109.97,119.31,108.69,106.37,122.66,101.04,107.26,120.7,109.72,115.85,109.18,119.18
CUST_2337,106.95,90.32,91.6,104.34,84.8,85.91,81.0,104.78,107.09,93.82,84.7,90.53
CUST_2338,65.45,66.72,84.89,76.23,79.6,74.05,87.86,78.87,70.88,72.72,80.82,87.9
CUST_2339,64.28,69.49,59.5,57.57,55.61,83.41,70.54,81.51,81.86,69.72,73.32,76.46
CUST_2340,126.75,130.78,131.98,112.97,125.76,128.14,115.86,116.14,129.1,128.18,129.65,131.05
CUST_2341,76.81,81.2,65.29,66.36,61.2,62.59,64.52,75.64,74.3,66.43,54.05,62.01
CUST_2342,68.33,92.91,69.13,93.26,86.41,95.35,86.91,80.26,96.22,76.27,70.2,77.87
CUST_2343,114.29,100.11,112.4,108.97,106.83,107.53,115.47,98.22,109.65,115.23,105.47,124.01
CUST_2344,119.81,130.12,128.94,123.39,129.27,133.12,119.67,121.12,109.88,132.35,110.66,124.78
CUST_2345,38.81,53.62,42.97,55.86,53.87,49.9,28.57,33.74,37.26,53.72,29.63,46.34
CUST_2346,75.19,84.97,79.91,85.11,85.91,93.96,85.68,87.17,92.69,92.12,94.87,86.86
CUST_2347,109.18,113.25,117.3,118.86,115.2,110.24,133.33,125.45,112.27,112.87,122.06,109.91
CUST_2348,107.93,127.33,122.19,116.2,114.47,121.58,127.24,113.2,105.71,116.13,126.12,107.71
CUST_2349,88.13,60.7,83.26,74.58,69.98,74.9,76.95,79.84,59.16,86.59,79.0,64.04
CUST_2350,85.08,91.89,104.31,84.47,107.63,83.61,107.42,93.38,108.38,112.82,90.62,93.98
CUST_2351,108.23,102.55,111.37,113.57,93.18,87.15,106.54,114.96,104.89,98.59,99.35,101.36
CUST_2352,100.13,79.99,84.17,101.73,87.31,96.53,104.69,104.4,79.57,79.45,82.84,100.05
CUST_2353,108.39,128.17,133.35,132.24,112.4,117.84,117.84,119.43,111.77,121.68,133.79,111.3
CUST_2354,70.74,57.24,75.74,79.18,60.7,68.17,52.17,78.0,62.23,72.95,67.27,62.14
CUST_2355,36.1,25.67,27.16,47.52,30.22,24.88,35.1,30.11,41.42,30.21,50.65,24.47
CUST_2356,76.35,76.08,66.49,91.43,79.19,64.61,78.16,87.09,68.58,70.34,83.49,93.77
CUST_2357,59.34,37.28,57.13,56.4,43.91,38.5,33.66,32.83,34.32,33.26,58.96,60.17
CUST_2358,81.52,67.83,76.81,61.86,63.23,61.55,76.47,54.72,53.6,70.2,54.69,69.13
CUST_2359,55.3,53.0,44.69,67.24,66.29,46.24,45.75,60.44,68.74,46.75,61.58,54.71
CUST_2360,46.47,60.36,49.34,48.06,44.72,53.08,45.88,63.48,50.3,52.58,44.61,45.2
CUST_2361,65.36,79.28,91.17,65.72,74.14,68.4,80.39,76.77,72.88,68.98,64.31,76.67
CUST_2362,30.92,27.75,39.78,44.11,53.29,36.51,27.33,26.06,49.99,24.94,28.84,29.47
CUST_2363,37.77,37.49,33.22,40.91,32.23,25.43,30.86,33.19,28.53,48.49,42.09,42.89
CUST_2364,109.5,107.23,83.5,85.63,94.56,97.65,97.02,101.21,108.79,109.78,101.3,95.04
CUST_2365,117.86,122.62,125.77,124.96,114.14,119.16,122.26,114.88,103.18,130.49,110.71,128.58
CUST_2366,104.45,105.88,92.8,93.98,110.81,107.28,113.76,111.96,117.11,94.47,99.11,118.19
CUST_2367,85.9,88.35,85.24,84.19,88.98,105.23,99.1,107.86,87.18,110.21,100.36,102.29
CUST_2368,95.23,101.57,118.32,104.4,118.32,116.26,94.43,95.79,111.36,98.9,96.24,120.02
CUST_2369,80.94,91.07,77.64,88.19,70.32,65.17,85.7,76.73,90.61,89.44,91.94,76.16
CUST_2370,57.2,40.5,51.55,56.57,43.08,57.19,43.83,56.81,45.31,48.33,44.68,62.75
CUST_2371,82.92,80.09,70.66,91.7,65.48,73.59,89.06,91.05,81.57,83.96,79.77,71.56
CUST_2372,83.89,89.29,91.39,72.58,73.7,82.8,81.55,83.26,97.29,92.39,82.34,75.84
CUST_2373,58.57,64.11,49.32,66.23,54.38,62.15,47.18,54.06,66.99,70.77,59.64,64.32
CUST_2374,57.81,66.04,70.03,84.63,58.22,61.89,73.07,73.37,79.31,63.71,83.72,66.64
CUST_2375,65.04,66.29,88.19,66.92,65.78,70.69,65.43,70.49,83.64,89.81,72.27,70.77
CUST_2376,99.94,103.59,87.35,99.93,99.87,91.59,97.06,80.96,98.89,99.05,97.99,102.62
CUST_2377,99.58,98.78,98.31,118.54,100.8,99.54,93.01,111.05,99.56,93.15,111.26,113.3
CUST_2378,116.11,123.22,119.39,105.19,100.64,103.77,107.94,120.35,117.76,109.61,101.88,121.79
CUST_2379,47.95,50.2,46.53,39.43,58.61,44.39,45.54,61.91,42.94,57.51,49.29,49.58
CUST_2380,112.29,92.19,97.7,95.71,93.32,100.6,112.44,95.93,97.01,96.27,90.18,109.81
CUST_2381,97.92,89.34,92.27,112.38,113.11,106.2,102.35,110.7,97.51,107.82,109.5,114.91
CUST_2382,123.28,116.34,113.87,125.11,120.51,101.31,123.71,102.77,113.45,107.19,125.92,98.14
CUST_2383,93.47,83.3,110.21,93.53,90.11,82.99,97.48,82.81,97.57,110.31,94.72,89.7
CUST_2384,33.12,32.33,48.56,37.57,39.57,57.06,43.99,51.47,28.44,52.64,45.37,39.96
CUST_2385,80.16,99.33,93.87,93.02,101.97,78.1,82.86,85.9,80.62,105.43,92.5,83.06
CUST_2386,108.45,125.06,117.29,118.04,113.05,124.84,110.59,115.03,122.67,106.51,108.73,97.54
CUST_2387,60.18,49.15,72.87,74.84,64.67,52.44,55.51,47.77,71.31,46.66,69.82,65.29
CUST_2388,122.0,125.17,135.72,112.56,129.18,116.44,134.05,123.95,111.17,132.71,129.96,122.7
CUST_2389,38.69,38.86,39.25,47.64,43.17,24.45,25.17,38.97,45.53,47.07,44.16,49.78
CUST_2390,31.92,45.51,45.48,45.28,44.84,48.07,31.57,31.37,30.79,31.49,35.54,43.58
CUST_2391,41.77,43.76,57.96,58.94,37.82,52.46,56.39,65.4,39.31,58.32,63.45,40.29
CUST_2392,47.36,54.39,35.43,57.72,38.91,37.09,49.15,54.82,43.77,46.13,55.42,58.49
CUST_2393,79.87,65.25,67.63,57.58,82.92,64.37,78.56,80.99,64.37,64.12,61.17,59.01
CUST_2394,26.36,43.26,23.22,31.53,27.9,48.33,50.07,36.64,47.28,35.12,43.39,43.73
CUST_2395,55.3,55.72,81.82,57.27,68.32,53.7,61.09,70.49,73.76,56.63,68.91,69.78
CUST_2396,68.6,90.38,85.29,80.74,90.9,84.4,91.65,78.39,72.19,86.24,72.47,77.73
CUST_2397,46.11,42.05,54.99,54.19,51.63,55.99,46.49,36.33,39.77,40.63,35.71,30.31
CUST_2398,82.54,82.73,95.04,79.71,86.2,94.38,95.83,92.55,90.1,85.82,77.81,77.62
CUST_2399,103.38,102.19,106.72,94.17,86.5,97.01,106.5,107.07,88.65,99.96,103.7,91.55
CUST_2400,57.58,73.34,68.3,73.77,67.51,65.32,77.47,70.97,50.47,72.19,54.04,58.98
CUST_2401,73.36,75.31,88.29,64.18,82.21,75.92,79.82,63.92,66.92,82.68,72.59,67.16
CUST_2402,95.1,99.74,99.25,86.87,88.84,95.3,95.59,89.49,85.04,91.22,86.82,101.24
CUST_2403,102.22,95.33,94.16,81.19,101.4,89.38,84.32,82.59,85.45,79.87,93.29,88.01
CUST_2404,44.88,62.65,39.47,49.78,51.66,46.96,67.14,44.7,47.58,68.35,67.06,56.07
CUST_2405,105.15,85.62,105.94,97.69,91.14,79.18,87.85,102.87,94.97,103.32,78.37,84.21
CUST_2406,20.99,41.5,33.65,37.95,34.69,35.23,42.93,43.15,39.58,41.41,50.16,32.88
CUST_2407,34.98,39.91,37.11,29.23,43.68,49.36,23.81,24.84,31.68,23.8,36.44,46.42
CUST_2408,118.15,90.74,116.07,92.34,115.05,103.97,108.19,97.58,110.06,94.47,108.85,91.73
CUST_2409,56.48,52.44,53.24,60.62,58.45,63.33,64.47,72.82,66.32,76.8,54.56,60.0
CUST_2410,35.4,30.1,35.9,53.69,39.71,37.75,49.93,39.91,52.14,51.04,26.54,38.94
CUST_2411,59.01,60.63,38.35,65.24,39.24,51.38,61.78,64.37,39.38,46.79,40.31,64.81
CUST_2412,44.18,28.44,34.4,48.08,25.46,43.19,52.31,35.71,28.01,24.73,41.24,52.43
CUST_2413,96.2,107.08,116.36,111.67,115.3,112.39,107.36,102.77,117.86,118.32,112.24,103.31
CUST_2414,108.55,97.44,104.35,94.37,95.86,107.22,110.71,107.39,81.99,97.49,101.13,101.87
CUST_2415,44.29,43.86,42.96,42.93,38.27,30.38,47.8,38.99,45.53,47.86,24.15,37.93
CUST_2416,108.25,87.53,86.66,110.92,111.68,88.23,104.98,105.14,98.91,105.46,95.37,110.68
CUST_2417,120.26,117.96,113.84,119.01,98.39,107.44,118.81,96.7,106.21,96.34,112.83,94.59
CUST_2418,68.16,78.89,62.12,62.39,78.33,69.52,64.58,56.97,54.95,59.58,77.37,62.3
CUST_2419,98.78,93.02,70.55,94.69,95.93,92.92,81.29,96.27,93.74,89.27,78.24,71.25
CUST_2420,39.24,56.63,61.03,62.72,61.32,59.14,46.19,65.49,44.22,63.48,58.63,53.82
CUST_2421,110.35,94.57,95.97,94.52,114.66,94.84,113.14,95.6,110.81,104.38,111.99,112.85
CUST_2422,84.52,73.52,77.72,76.7,78.32,72.44,73.75,66.19,89.9,78.39,73.82,64.37
CUST_2423,51.48,60.51,77.12,54.37,67.79,49.21,67.57,64.87,49.51,69.76,57.26,53.05
CUST_2424,74.42,88.25,79.27,75.79,98.67,79.02,96.93,96.23,75.89,99.39,90.25,74.78
CUST_2425,61.24,50.85,40.29,52.34,40.15,45.2,59.05,35.94,60.88,49.93,48.35,61.61
CUST_2426,81.11,70.62,65.42,59.88,71.52,71.74,59.72,59.81,76.09,67.45,70.72,80.07
CUST_2427,108.91,131.51,126.49,108.4,123.31,134.27,107.03,121.77,114.4,127.4,125.27,111.08
CUST_2428,93.28,93.49,115.07,99.65,98.33,97.31,119.36,94.64,95.05,111.82,91.8,93.01
CUST_2429,61.72,45.57,33.29,33.48,45.13,56.19,34.09,42.61,60.92,41.65,33.77,56.76
CUST_2430,57.36,63.97,57.01,42.34,63.43,67.44,67.18,56.6,39.32,54.31,42.45,38.32
CUST_2431,45.73,55.85,44.46,59.42,43.88,42.16,54.65,54.75,62.24,50.37,45.34,61.3
CUST_2432,49.73,52.53,51.53,36.34,43.31,34.17,32.73,55.51,34.61,40.19,45.62,30.46
CUST_2433,37.45,52.15,56.98,45.58,50.71,55.85,37.5,59.28,51.02,43.65,61.38,35.64
CUST_2434,123.59,105.23,122.64,108.03,111.69,121.67,115.45,104.59,125.66,113.57,114.37,109.71
CUST_2435,111.97,92.29,111.54,101.64,115.02,100.49,88.75,118.15,105.14,102.46,109.16,100.37
CUST_2436,83.17,77.64,64.23,86.69,78.54,78.42,64.13,74.06,65.85,86.56,80.14,72.29
CUST_2437,53.01,62.43,49.83,64.8,57.56,45.6,50.84,43.79,49.92,38.74,37.65,51.0
CUST_2438,63.8,58.73,68.55,64.35,70.29,54.4,54.49,54.63,48.58,53.47,72.21,65.76
CUST_2439,27.35,36.24,45.04,25.77,31.66,28.79,35.81,27.36,32.85,42.22,23.79,24.61
CUST_2440,89.12,85.31,100.48,103.09,83.44,94.23,105.02,83.06,99.08,94.88,82.56,81.72
CUST_2441,78.0,71.2,79.28,74.99,64.35,59.39,81.66,63.2,64.1,69.6,58.85,74.47
CUST_2442,95.1,86.12,107.76,85.47,104.58,95.83,92.96,95.86,110.22,102.79,100.01,97.01
CUST_2443,80.88,85.15,88.22,81.96,81.53,62.86,90.92,75.75,78.59,72.63,82.28,67.97
CUST_2444,97.88,71.8,90.64,70.17,83.88,86.38,75.16,77.48,96.13,91.71,90.26,78.14
CUST_2445,57.15,38.15,48.27,40.95,32.61,51.25,30.77,56.66,43.06,43.0,33.78,46.1
CUST_2446,94.61,69.0,93.72,73.53,67.99,68.91,92.8,86.57,83.8,81.29,72.76,91.78
CUST_2447,91.97,110.05,90.78,87.33,92.98,102.15,105.43,101.71,87.0,86.02,108.72,99.93
CUST_2448,62.38,54.47,45.05,56.81,58.3,63.38,57.61,52.48,49.76,61.94,48.23,40.74
CUST_2449,107.95,115.0,101.41,116.1,98.61,115.16,108.75,108.45,105.73,118.53,96.25,101.88
CUST_2450,96.97,91.72,78.17,81.08,71.84,73.46,68.36,68.98,80.96,84.39,72.31,79.93
CUST_2451,84.47,82.28,65.87,85.75,75.63,77.0,75.91,81.75,77.58,88.96,90.61,85.22
CUST_2452,39.43,40.25,26.89,25.87,41.61,50.74,34.15,47.11,41.65,40.21,38.38,28.15
CUST_2453,75.01,55.24,55.57,64.73,60.86,74.74,61.07,52.34,49.85,57.14,69.65,51.99
CUST_2454,88.51,81.27,90.71,92.05,73.21,69.0,89.28,74.6,72.27,67.81,69.51,92.41
CUST_2455,74.65,50.36,52.6,75.43,75.0,64.29,55.63,71.76,66.16,58.57,70.1,58.78
CUST_2456,34.47,45.2,38.41,43.43,32.44,39.19,42.55,55.37,34.78,33.42,58.83,51.14
CUST_2457,96.97,88.24,107.49,95.85,95.19,84.16,85.38,101.88,103.35,90.93,108.04,80.74
CUST_2458,38.77,46.06,62.02,60.6,52.7,55.97,42.87,45.49,55.15,58.3,45.07,50.56
CUST_2459,83.21,60.99,66.17,68.05,72.52,82.5,71.28,75.63,74.35,58.35,80.44,84.57
CUST_2460,74.93,92.17,85.34,91.16,69.93,96.03,75.04,80.7,77.53,88.64,72.56,84.17
CUST_2461,94.39,81.56,96.87,103.31,93.05,102.08,104.91,87.03,108.69,94.37,107.97,108.85
CUST_2462,122.73,112.66,121.05,127.29,113.53,126.09,137.5,120.14,128.56,114.4,132.69,138.49
CUST_2463,87.46,80.09,103.3,103.21,78.86,88.33,98.09,78.51,99.72,100.18,92.81,96.81
CUST_2464,80.37,72.94,76.03,75.4,80.41,75.58,94.71,80.21,93.43,78.01,83.96,80.66
CUST_2465,61.04,75.68,88.72,69.34,76.93,66.18,84.54,87.03,66.07,67.71,78.24,78.52
CUST_2466,107.0,124.89,113.78,105.49,123.07,98.72,123.88,125.65,128.28,110.84,110.8,112.27
CUST_2467,30.0,39.39,48.39,43.6,50.46,31.88,25.49,25.22,31.35,39.46,31.29,37.88
CUST_2468,78.76,80.79,82.9,85.61,62.44,89.25,67.86,69.28,81.07,80.29,89.45,73.34
CUST_2469,25.18,30.16,44.41,32.49,22.68,37.73,48.19,24.1,49.65,30.62,39.33,24.74
CUST_2470,34.36,44.51,49.33,27.35,28.44,42.84,38.94,49.54,39.01,52.25,52.57,44.28
CUST_2471,59.84,61.31,81.2,75.97,81.67,83.19,86.76,86.45,86.61,75.86,75.78,59.96
CUST_2472,65.53,61.73,68.33,76.66,58.75,79.07,74.03,70.8,69.91,82.1,82.22,65.45
CUST_2473,99.85,93.28,92.72,99.21,106.24,106.14,119.3,103.0,91.53,105.7,102.36,115.9
CUST_2474,53.91,47.76,44.09,43.32,53.46,35.69,28.72,52.56,55.62,47.57,32.17,35.57
CUST_2475,82.58,84.6,78.13,93.39,79.92,88.45,78.71,88.71,78.17,71.74,72.26,70.99
CUST_2476,73.39,75.54,74.61,73.54,82.7,81.46,84.65,75.21,73.08,60.25,88.68,83.5
CUST_2477,98.97,77.41,79.28,85.52,82.24,84.28,96.9,92.87,93.23,101.49,92.6,103.25
CUST_2478,80.3,73.68,55.17,72.86,54.97,71.5,73.73,80.55,70.21,65.14,63.88,60.67
CUST_2479,61.39,52.21,42.75,40.64,37.38,60.93,46.0,57.81,48.14,43.55,56.5,39.68
CUST_2480,92.31,98.04,104.42,87.06,88.93,104.69,103.44,86.29,83.77,89.46,85.21,93.15
CUST_2481,91.5,72.73,83.04,97.96,77.34,92.59,75.0,82.32,96.87,77.56,97.8,77.51
CUST_2482,110.65,84.91,100.97,112.07,86.25,112.19,87.02,88.83,105.09,110.38,87.48,107.54
CUST_2483,87.79,93.07,92.51,97.8,100.81,94.13,89.56,80.72,101.9,94.88,79.05,79.92
CUST_2484,106.41,110.49,94.72,101.44,101.06,97.24,115.21,115.92,99.3,103.26,106.63,95.21
CUST_2485,82.92,89.11,83.89,90.42,89.56,72.87,83.57,81.3,83.09,79.89,83.14,92.23
CUST_2486,38.49,45.99,31.63,40.77,42.2,25.01,20.66,28.49,30.58,48.32,39.47,28.66
CUST_2487,70.68,66.39,66.21,58.96,70.41,61.67,64.58,60.64,54.98,48.37,68.07,74.4
CUST_2488,32.94,37.79,44.12,57.85,51.99,59.66,59.94,60.62,57.58,35.41,57.26,53.32
CUST_2489,95.18,96.23,77.71,80.45,97.93,90.19,98.03,84.08,99.07,83.45,81.67,75.68
CUST_2490,64.8,64.99,58.01,53.2,63.06,42.9,54.4,67.66,59.76,57.01,60.36,64.91
CUST_2491,60.06,58.12,71.57,56.03,66.49,66.03,63.86,77.78,80.83,78.25,59.78,78.09
CUST_2492,97.31,113.99,117.91,116.14,112.1,104.23,100.87,111.32,112.47,100.81,98.87,110.22
CUST_2493,92.0,94.71,97.92,99.98,98.7,91.8,101.93,102.02,100.51,97.85,106.93,86.28
CUST_2494,69.0,87.67,76.66,75.29,90.04,69.72,68.75,91.57,94.09,88.54,91.22,87.36
CUST_2495,123.87,109.99,120.4,109.82,100.86,119.12,114.92,120.55,103.91,129.25,124.88,114.37
CUST_2496,90.34,79.83,67.33,82.23,91.76,65.38,87.89,89.13,69.36,71.46,79.06,65.43
CUST_2497,88.39,99.16,87.46,100.25,97.31,91.35,96.19,103.15,108.04,94.24,96.27,85.73
CUST_2498,51.28,67.17,60.42,48.06,40.11,57.15,64.22,37.76,47.91,60.06,66.42,39.74
CUST_2499,50.49,27.94,28.23,34.08,29.36,51.16,25.9,39.99,26.24,26.12,42.01,50.84
CUST_2500,127.83,111.81,116.6,129.91,122.43,111.04,118.92,112.39,125.79,127.03,122.41,122.08
CUST_2501,119.98,121.75,108.4,119.05,126.03,119.13,110.0,105.51,101.96,110.61,118.11,113.57
CUST_2502,53.93,66.98,57.43,66.95,57.95,50.55,50.96,67.56,53.31,43.06,43.31,46.63
CUST_2503,102.97,119.4,118.74,103.27,122.4,107.67,110.83,120.25,113.66,119.17,96.0,122.7
CUST_2504,88.81,111.46,109.86,110.76,106.81,90.32,103.02,95.81,115.05,95.11,101.37,102.64
CUST_2505,88.89,84.28,86.55,105.44,110.6,109.13,107.07,111.35,102.47,97.19,89.73,108.76
CUST_2506,106.14,99.43,111.09,100.46,84.39,107.73,87.34,110.62,103.26,90.67,105.27,92.39
CUST_2507,91.4,105.0,99.61,106.04,112.92,109.89,105.47,110.71,97.76,105.24,101.93,104.89
CUST_2508,87.54,100.61,94.23,88.13,91.19,96.88,104.6,95.07,109.72,86.26,99.76,101.01
CUST_2509,81.61,90.69,87.59,65.77,61.99,85.93,64.57,89.73,89.85,84.33,61.16,89.52
CUST_2510,62.87,78.07,68.35,63.49,77.4,77.24,62.38,71.83,63.34,87.66,74.55,63.6
CUST_2511,75.57,69.23,73.33,72.5,80.33,78.28,71.37,56.26,55.24,76.95,61.35,60.84
CUST_2512,41.04,55.77,40.88,57.54,61.0,53.9,61.43,55.81,68.01,49.59,62.36,51.1
CUST_2513,59.99,37.83,44.62,33.91,48.91,38.12,37.38,34.78,39.84,47.78,43.21,41.45
CUST_2514,85.48,92.81,90.2,96.98,98.01,103.29,78.87,98.82,99.69,98.38,95.61,93.06
CUST_2515,35.24,53.38,43.45,62.69,46.84,36.6,48.66,58.61,58.8,57.47,42.92,44.37
CUST_2516,35.95,29.88,34.69,49.39,49.95,46.52,53.96,35.42,38.97,29.79,42.67,27.51
CUST_2517,73.78,78.7,77.37,60.05,72.25,52.81,56.97,71.13,67.34,66.51,67.53,82.15
CUST_2518,67.29,70.0,48.18,72.4,77.01,74.68,72.51,76.94,62.33,72.62,75.18,60.39
CUST_2519,82.2,106.5,104.79,95.61,81.25,79.11,108.56,88.19,104.18,83.56,102.34,104.25
CUST_2520,120.12,125.12,116.11,120.76,122.44,110.64,125.11,121.15,113.84,125.73,125.56,138.22
CUST_2521,101.34,109.15,111.31,109.22,90.47,103.55,89.06,103.29,93.49,111.89,97.2,94.01
CUST_2522,77.36,89.95,71.33,89.4,96.31,98.11,76.6,88.46,75.25,90.71,85.56,77.08
CUST_2523,81.53,76.79,66.12,78.29,80.37,69.99,68.76,77.43,89.07,85.77,82.0,68.88
CUST_2524,113.47,129.45,113.53,128.83,109.77,119.76,113.5,116.79,110.38,118.13,103.25,122.12
CUST_2525,97.23,81.82,97.42,77.69,75.56,77.91,89.48,81.41,70.13,71.27,91.9,77.92
CUST_2526,88.22,96.95,97.33,70.52,91.97,77.37,74.96,94.5,93.2,78.85,74.55,75.12
CUST_2527,52.11,52.28,68.84,66.94,80.05,57.9,53.5,68.82,73.61,70.31,80.03,79.85
CUST_2528,65.31,49.85,48.44,49.89,56.77,62.89,52.89,73.08,48.22,56.89,71.24,70.91
CUST_2529,95.17,96.66,118.36,108.37,104.53,99.12,105.29,112.07,102.77,97.23,91.23,109.06
CUST_2530,108.14,101.72,98.19,105.2,107.54,123.86,101.07,119.46,125.49,123.62,122.46,107.34
CUST_2531,73.04,83.86,89.72,84.82,79.88,82.11,94.8,73.55,82.99,98.25,70.77,87.31
CUST_2532,79.03,65.87,63.52,64.25,53.92,61.22,70.64,77.92,57.94,68.3,77.74,73.89
CUST_2533,63.51,60.34,54.4,48.93,71.7,74.13,71.15,52.66,60.47,53.72,60.73,52.04
CUST_2534,133.15,128.93,115.51,117.2,122.86,118.71,111.99,113.38,132.58,106.62,112.43,104.67
CUST_2535,42.53,50.43,57.51,46.19,40.49,36.91,61.64,53.84,57.86,56.61,45.67,54.14
CUST_2536,64.74,47.89,62.72,48.35,56.18,46.14,64.05,61.21,48.4,51.0,56.2,41.58
CUST_2537,52.84,43.86,61.04,44.86,57.39,63.47,59.12,69.67,68.81,62.24,54.77,50.32
CUST_2538,85.84,86.42,104.81,83.3,88.39,81.25,101.49,81.34,99.46,88.33,97.74,85.85
CUST_2539,113.3,110.61,110.64,103.07,115.05,119.08,98.0,104.33,119.08,96.72,104.88,110.86
CUST_2540,129.4,107.75,126.26,123.85,128.24,113.33,122.8,123.18,113.42,111.33,128.49,113.92
CUST_2541,54.09,40.28,48.76,37.68,38.36,53.11,57.27,37.83,47.5,30.81,52.22,37.71
CUST_2542,26.97,34.79,42.27,48.49,32.82,30.68,36.85,38.66,33.64,53.96,54.19,41.76
CUST_2543,67.08,80.04,73.29,82.13,72.77,78.3,75.88,85.8,73.87,72.51,64.61,63.66
CUST_2544,56.44,64.1,60.78,47.48,57.7,47.43,64.04,58.85,52.5,50.5,47.87,56.9
CUST_2545,83.38,86.44,83.83,101.74,103.39,102.94,84.24,93.26,81.18,92.44,101.74,94.43
CUST_2546,61.37,46.75,48.07,40.3,59.18,34.61,58.59,34.38,41.79,61.59,59.61,61.64
CUST_2547,76.3,59.6,74.71,77.38,65.06,61.93,82.25,63.2,61.12,61.66,57.53,71.14
CUST_2548,109.61,96.48,114.41,102.85,103.91,103.04,97.94,118.21,100.41,99.79,112.68,120.14
CUST_2549,84.32,82.59,86.91,87.04,73.23,87.6,92.88,79.72,64.51,75.63,91.8,65.25
CUST_2550,83.86,70.3,68.24,94.0,80.07,93.64,70.21,79.56,68.97,82.88,96.29,93.2
CUST_2551,41.96,30.15,37.13,52.0,51.91,34.19,39.38,47.25,30.22,27.49,34.61,35.44
CUST_2552,89.53,72.75,64.21,83.17,91.58,85.19,85.94,91.4,73.39,72.08,85.31,69.59
CUST_2553,86.69,91.07,65.56,81.06,65.59,64.93,82.56,67.36,88.88,78.91,83.24,68.42
CUST_2554,98.62,103.18,96.43,97.39,97.41,106.46,95.15,103.23,118.88,119.16,113.64,123.17
CUST_2555,103.55,93.74,107.4,108.91,82.16,96.98,92.01,107.96,109.02,89.53,102.03,109.69
CUST_2556,97.58,98.96,105.08,95.07,107.73,114.8,98.26,109.49,97.47,104.36,122.26,104.01
CUST_2557,116.95,106.81,104.72,122.31,111.37,118.19,116.81,100.07,120.76,120.43,102.35,114.89
CUST_2558,116.87,114.6,107.8,127.51,102.23,119.02,122.33,102.3,119.09,100.58,122.8,116.41
CUST_2559,128.17,113.2,109.22,113.46,119.3,131.75,134.44,134.71,109.44,122.62,124.71,130.74
CUST_2560,48.36,71.4,46.69,74.4,47.68,53.36,64.27,53.29,64.49,63.61,67.08,55.86
CUST_2561,32.16,41.1,29.04,53.66,57.22,29.27,33.32,49.54,55.24,37.42,47.08,37.73
CUST_2562,48.12,58.09,45.87,52.16,58.21,44.72,31.83,52.35,54.47,29.23,57.4,53.9
CUST_2563,71.84,76.36,60.98,71.35,64.03,78.54,69.79,66.36,82.41,72.6,65.64,84.11
CUST_2564,58.19,48.08,68.16,52.73,45.3,40.76,45.83,54.51,55.85,62.06,64.15,61.37
CUST_2565,80.25,83.33,72.09,77.66,98.16,82.88,98.75,77.32,77.99,87.67,97.9,72.56
CUST_2566,34.0,52.21,39.89,31.93,41.41,25.88,31.85,32.17,39.47,24.39,38.27,44.78
CUST_2567,106.64,114.5,103.85,121.65,120.76,95.19,97.18,103.23,93.14,107.62,108.93,114.42
CUST_2568,70.53,72.57,86.89,91.74,87.57,68.26,69.58,80.92,83.97,91.86,68.35,71.5
CUST_2569,72.42,63.92,87.4,59.18,70.04,79.14,70.78,58.49,57.74,66.67,77.61,70.91
CUST_2570,84.72,71.15,71.01,78.74,85.17,76.44,60.05,67.88,62.22,80.35,63.93,87.58
CUST_2571,83.96,98.35,91.6,87.37,107.89,94.97,107.46,97.95,97.67,92.25,99.72,105.69
CUST_2572,31.98,55.76,44.61,48.21,56.61,40.73,57.14,47.69,49.31,48.61,34.55,36.26
CUST_2573,111.08,123.19,125.16,102.38,104.82,111.5,113.81,121.66,130.03,122.15,101.9,112.57
CUST_2574,45.24,48.33,51.77,43.69,47.0,41.4,64.23,48.57,62.75,51.2,51.06,56.33
CUST_2575,93.38,98.11,102.23,94.54,88.61,102.11,87.52,88.23,83.79,110.64,109.2,84.92
CUST_2576,106.15,93.49,103.59,98.12,114.02,108.25,91.25,117.48,105.68,110.38,115.06,94.29
CUST_2577,103.03,120.1,99.58,110.81,99.75,111.56,113.98,119.52,111.03,112.16,103.0,102.18
CUST_2578,76.85,81.74,73.5,80.95,73.44,73.25,55.79,64.94,63.23,62.51,81.13,55.98
CUST_2579,81.63,74.26,85.19,95.49,82.63,94.84,100.31,96.15,93.65,87.71,100.23,76.27
CUST_2580,37.6,56.97,37.59,54.85,51.05,45.08,48.35,54.73,50.71,33.76,48.27,43.02
CUST_2581,94.85,73.47,97.04,89.96,77.73,83.21,74.4,75.98,80.98,99.78,86.43,95.4
CUST_2582,26.25,36.73,31.3,22.24,32.53,32.72,31.16,22.9,25.14,35.17,49.53,42.58
CUST_2583,57.86,68.5,77.98,62.94,68.13,74.17,59.7,60.72,72.35,57.51,69.15,75.64
CUST_2584,60.48,43.48,38.94,41.84,42.95,33.35,32.4,34.23,38.86,44.81,34.24,50.31
CUST_2585,73.38,83.64,65.51,65.84,84.64,75.58,69.07,81.12,74.03,68.68,62.63,80.84
CUST_2586,51.1,45.68,44.63,42.85,46.07,52.72,63.56,50.25,49.43,59.25,63.61,53.24
CUST_2587,105.19,83.39,99.47,83.97,87.98,101.37,108.33,106.03,98.45,87.28,83.86,96.17
CUST_2588,109.78,120.24,117.52,102.79,102.78,102.52,102.63,114.43,127.03,116.91,106.19,105.61
CUST_2589,128.72,115.16,118.01,109.05,111.52,114.96,117.04,126.87,111.67,118.33,114.2,131.21
CUST_2590,53.76,51.88,69.5,65.94,43.35,61.06,45.07,60.2,66.71,47.08,69.43,61.45
CUST_2591,46.5,29.62,25.09,34.41,30.25,24.85,38.4,34.17,26.94,29.38,50.11,37.29
CUST_2592,70.89,64.89,71.69,54.08,44.5,73.64,70.02,55.94,46.47,71.65,65.61,52.48
CUST_2593,118.53,117.58,110.51,111.11,104.75,106.28,105.84,114.87,104.93,119.42,108.54,125.55
CUST_2594,99.82,97.17,98.81,79.83,96.88,80.04,97.69,89.25,85.6,77.98,96.75,96.0
CUST_2595,60.38,47.48,62.81,37.93,52.48,42.6,59.56,50.36,65.83,43.92,59.87,42.76
CUST_2596,89.59,82.52,70.95,86.04,64.56,72.71,70.95,86.21,72.27,84.01,72.41,87.75
CUST_2597,71.87,66.97,69.88,65.98,85.1,73.31,83.13,89.08,89.45,80.24,67.53,84.79
CUST_2598,44.03,62.18,61.31,44.89,38.0,53.79,49.68,61.3,32.59,60.17,33.82,41.55
CUST_2599,79.35,90.22,89.54,80.42,87.44,84.75,80.75,80.78,82.1,85.02,92.26,94.4
CUST_2600,26.05,23.59,40.57,27.57,30.94,43.94,39.32,23.34,35.52,50.06,35.81,33.87
CUST_2601,79.48,73.48,66.99,81.68,70.16,78.66,77.03,83.0,56.91,56.89,79.29,84.47
CUST_2602,76.23,82.73,75.6,85.13,84.4,90.12,88.98,78.91,86.08,91.0,88.5,95.68
CUST_2603,85.68,72.79,84.27,93.09,81.9,93.44,85.18,79.62,96.33,100.01,75.92,84.77
CUST_2604,81.78,71.4,62.93,66.83,75.96,68.31,75.99,82.95,59.4,62.41,60.68,68.54
CUST_2605,64.53,81.05,65.81,68.96,71.14,89.92,60.6,60.64,83.26,73.41,86.2,78.72
CUST_2606,55.26,51.23,40.69,48.31,40.03,37.98,37.82,61.29,55.83,33.79,40.37,56.55
CUST_2607,84.74,69.36,89.17,97.71,80.86,83.09,91.72,90.85,79.28,83.13,80.62,93.88
CUST_2608,77.04,78.94,84.29,75.05,85.73,84.72,97.24,75.51,69.44,95.04,82.39,69.29
CUST_2609,104.76,113.34,105.79,112.67,130.48,106.25,119.48,122.75,121.54,121.01,129.86,106.88
CUST_2610,47.07,46.29,34.02,48.25,44.66,43.57,44.07,36.22,46.95,28.18,29.55,47.78
CUST_2611,118.85,105.42,120.28,117.94,105.84,104.1,101.74,97.16,101.54,93.01,93.6,111.68
CUST_2612,104.84,105.44,111.72,111.43,128.52,125.37,114.09,117.53,114.59,112.75,115.21,103.1
CUST_2613,72.72,73.78,69.69,72.77,65.35,84.17,56.42,64.1,71.25,60.14,72.69,65.64
CUST_2614,90.36,93.23,76.45,92.25,91.78,100.65,91.03,92.2,78.49,84.87,83.69,75.83
CUST_2615,127.62,127.82,124.16,130.55,118.74,126.95,127.21,121.82,112.7,132.02,124.08,106.87
CUST_2616,40.91,46.82,69.98,47.59,43.03,47.38,40.48,56.15,48.04,47.37,54.1,45.02
CUST_2617,93.98,107.05,107.79,93.1,95.31,105.82,88.17,105.95,85.55,100.83,98.93,96.34
CUST_2618,29.3,53.99,52.9,36.01,43.17,42.82,32.36,37.05,48.39,48.3,29.75,32.26
CUST_2619,38.79,43.26,54.83,35.4,46.98,40.78,48.45,30.4,31.25,44.51,46.64,32.42
CUST_2620,51.78,43.23,36.65,34.67,50.03,36.05,56.89,42.69,61.52,36.15,34.28,48.94
CUST_2621,54.89,44.5,67.4,59.56,43.98,51.85,54.68,56.61,50.18,63.11,56.06,39.65
CUST_2622,91.7,93.13,101.21,110.44,104.47,104.67,117.34,96.57,118.46,102.55,119.1,118.69
CUST_2623,108.55,85.69,84.84,90.99,86.45,84.69,102.65,105.47,95.2,84.8,106.94,93.51
CUST_2624,105.52,94.43,93.04,121.17,114.03,110.13,93.35,109.49,100.12,112.73,107.38,113.25
CUST_2625,96.76,77.92,98.24,78.8,92.12,79.95,88.18,80.91,100.45,97.9,104.59,91.1
CUST_2626,85.9,78.11,83.97,92.69,89.3,73.39,93.53,70.91,93.7,86.59,93.12,90.55
CUST_2627,53.48,48.01,46.87,56.78,52.5,29.72,44.11,37.42,33.75,39.88,40.57,53.24
CUST_2628,65.75,76.86,65.05,80.74,67.43,72.05,63.58,63.77,72.33,80.17,63.95,56.51
CUST_2629,51.43,36.67,38.77,31.2,48.39,41.02,36.93,54.51,28.7,40.43,38.21,34.37
CUST_2630,84.98,76.46,102.41,87.83,95.67,91.33,96.41,80.93,76.57,86.29,101.93,78.34
CUST_2631,96.62,80.98,87.79,86.54,90.66,99.86,94.69,74.76,76.39,74.27,70.97,92.75
CUST_2632,99.89,86.41,88.14,82.15,89.27,92.55,86.61,89.64,82.34,71.98,93.99,73.16
CUST_2633,126.44,121.84,127.2,109.23,107.64,125.98,113.78,129.02,118.31,119.96,114.19,123.54
CUST_2634,107.42,111.21,130.3,118.76,122.56,125.78,109.12,116.2,130.3,123.61,107.96,106.73
CUST_2635,43.46,40.29,35.46,54.22,49.53,33.07,54.86,56.03,53.05,33.16,33.28,44.01
CUST_2636,86.9,88.79,103.98,96.3,83.76,80.03,105.34,88.71,83.76,89.86,83.99,85.55
CUST_2637,38.36,33.73,39.75,35.96,38.34,34.24,33.56,36.61,58.35,43.21,30.47,38.39
CUST_2638,93.54,105.15,84.49,100.84,99.61,81.85,100.64,95.95,81.7,78.45,95.08,91.87
CUST_2639,57.65,49.74,57.18,68.82,61.81,68.35,59.69,49.01,50.47,63.15,42.11,41.17
CUST_2640,92.07,106.55,102.36,101.67,116.6,104.44,104.3,103.43,117.07,99.29,99.29,116.08
CUST_2641,96.48,119.49,111.4,119.83,102.43,92.56,110.46,99.34,115.61,109.75,90.24,93.08
CUST_2642,58.96,74.32,60.55,71.47,84.13,77.34,81.45,64.85,73.87,60.27,84.83,66.55
CUST_2643,83.47,99.87,85.28,84.44,78.2,88.75,93.25,103.11,99.57,85.13,90.54,97.28
CUST_2644,85.12,69.54,86.21,70.43,82.64,79.1,74.77,73.29,86.26,72.95,67.58,82.3
CUST_2645,61.63,56.31,39.52,41.29,44.95,33.15,46.35,60.9,37.03,43.16,49.31,47.47
CUST_2646,57.33,45.27,48.71,56.97,43.63,34.88,55.41,61.47,63.02,56.99,63.87,47.07
CUST_2647,109.03,91.03,111.75,114.71,91.11,109.4,107.87,114.77,106.49,90.9,116.69,108.34
CUST_2648,35.03,42.04,54.08,55.81,45.74,55.4,50.95,43.51,35.5,39.49,54.24,31.57
CUST_2649,99.52,99.98,94.98,91.23,103.73,86.4,95.45,106.25,85.62,99.16,83.07,82.7
CUST_2650,63.11,70.21,68.15,69.31,56.74,51.62,67.09,62.68,43.64,65.97,67.38,47.18
CUST_2651,50.48,64.1,43.91,48.08,49.69,49.45,50.95,60.67,51.1,64.57,58.13,47.8
CUST_2652,103.51,99.53,99.1,98.72,98.48,93.42,92.83,110.83,95.78,108.65,115.31,112.12
CUST_2653,85.16,85.65,64.98,88.53,87.08,75.7,75.94,67.76,60.38,67.02,74.76,75.57
CUST_2654,89.4,93.46,104.26,107.2,87.37,102.39,111.71,110.95,96.34,83.97,98.23,107.49
CUST_2655,109.3,117.72,129.01,108.49,108.24,124.04,107.78,129.87,121.45,117.81,123.21,109.46
CUST_2656,72.9,77.95,86.18,80.38,69.15,69.17,69.23,89.65,67.9,94.25,71.55,70.31
CUST_2657,88.21,88.66,94.58,84.49,103.37,106.19,109.57,98.79,108.21,97.98,101.59,98.18
CUST_2658,46.56,32.47,36.91,44.61,53.1,37.21,41.82,48.29,41.13,42.23,30.07,23.94
CUST_2659,74.64,52.03,52.96,65.78,50.87,79.09,61.6,57.89,59.71,61.24,66.98,62.97
CUST_2660,80.79,74.43,96.52,76.59,100.4,83.1,91.88,90.07,95.04,99.92,89.86,89.87
CUST_2661,85.45,86.39,94.45,87.45,92.93,103.53,98.84,83.68,92.67,80.19,97.4,79.21
CUST_2662,130.67,127.39,124.43,131.49,111.48,113.34,112.12,137.92,131.5,111.7,115.67,121.42
CUST_2663,52.0,79.99,70.14,60.33,53.72,65.1,60.92,62.69,60.34,56.79,51.45,59.26
CUST_2664,77.06,90.15,68.66,90.96,88.07,68.89,81.25,64.52,63.46,89.51,83.9,91.36
CUST_2665,75.91,68.77,60.04,71.33,63.69,72.96,60.85,74.71,60.15,76.22,55.4,77.7
CUST_2666,50.15,53.85,30.16,47.79,24.86,35.07,49.17,54.4,31.87,51.76,39.13,26.16
CUST_2667,102.48,102.89,98.47,108.49,104.14,104.45,97.03,104.19,109.98,109.66,84.82,83.15
CUST_2668,52.43,56.77,54.98,60.68,46.9,53.59,33.06,52.02,45.48,51.93,59.65,54.18
CUST_2669,34.64,41.83,45.17,49.89,55.21,55.74,28.84,47.54,44.77,29.28,38.49,45.45
CUST_2670,84.02,76.34,68.97,91.74,84.76,68.02,80.66,88.34,79.06,86.52,72.94,80.51
CUST_2671,42.57,55.67,51.79,47.14,50.85,38.36,39.41,51.9,36.53,46.57,33.89,47.5
CUST_2672,37.9,44.79,56.29,43.78,38.72,55.3,45.64,39.36,59.05,52.07,58.64,46.21
CUST_2673,94.26,105.79,97.94,112.8,107.07,110.89,104.98,88.57,103.33,95.4,94.18,84.87
CUST_2674,61.37,77.66,66.47,67.56,75.47,55.22,77.82,79.82,78.89,55.57,56.1,70.03
CUST_2675,89.37,79.01,104.47,94.65,102.84,97.18,103.8,94.43,97.5,84.54,93.24,91.5
CUST_2676,130.52,116.72,124.49,110.2,133.67,125.81,124.4,129.87,132.69,119.35,106.94,115.97
CUST_2677,27.68,40.48,43.93,28.21,51.81,47.88,47.99,51.32,47.65,39.05,23.96,23.41
CUST_2678,116.15,133.54,130.61,129.28,129.99,119.98,129.06,137.82,125.01,138.21,125.33,118.32
CUST_2679,52.47,51.57,68.57,65.38,78.32,56.3,66.49,72.68,59.38,68.16,51.55,64.41
CUST_2680,81.65,73.99,72.72,84.4,74.41,82.69,91.24,94.15,96.38,74.03,78.29,76.28
CUST_2681,110.72,90.19,89.28,105.97,94.81,101.0,113.28,93.52,94.43,106.67,102.22,106.39
CUST_2682,63.76,54.28,49.85,53.13,57.17,67.52,55.39,56.25,44.29,61.46,52.67,46.81
CUST_2683,25.53,28.14,43.53,41.41,43.55,33.16,26.46,41.46,38.8,21.89,49.32,29.85
CUST_2684,125.23,120.07,118.44,110.59,116.31,120.69,134.89,115.53,117.79,132.51,133.51,112.02
CUST_2685,70.03,77.93,68.01,78.04,88.75,77.57,62.75,69.16,83.52,65.65,73.4,64.1
CUST_2686,61.53,73.95,63.99,47.38,54.17,73.56,63.36,63.13,66.01,50.17,56.32,74.02
CUST_2687,126.39,105.77,107.75,127.05,123.54,113.52,105.09,107.69,113.42,112.98,128.01,105.99
CUST_2688,100.37,103.18,74.44,77.0,96.85,85.4,85.56,101.67,100.51,86.0,74.73,81.21
CUST_2689,71.6,89.56,82.89,76.76,77.31,74.92,71.7,64.05,82.0,75.43,68.38,92.33
CUST_2690,83.97,87.88,94.29,97.85,97.76,95.87,98.51,92.83,85.66,102.64,100.34,106.83
CUST_2691,50.86,40.66,38.02,49.22,57.46,37.27,53.9,59.95,49.83,60.65,36.07,51.51
CUST_2692,73.37,82.58,85.51,77.15,90.82,90.42,74.99,85.99,100.22,100.94,76.95,93.37
CUST_2693,57.37,35.84,46.35,34.65,34.88,48.12,62.89,59.69,41.43,53.24,55.97,62.4
CUST_2694,119.79,109.12,100.66,119.96,115.54,98.8,106.24,120.34,116.89,104.5,103.96,103.51
CUST_2695,99.68,107.84,81.81,101.37,85.57,97.48,91.53,79.47,90.42,100.54,101.43,102.99
CUST_2696,44.87,64.4,53.83,48.46,61.5,63.26,51.62,45.14,55.25,53.76,57.89,41.68
CUST_2697,136.15,112.12,114.5,116.98,110.1,131.11,107.25,129.69,131.1,131.28,125.73,107.25
CUST_2698,105.17,84.73,91.94,108.55,103.71,104.98,101.9,107.91,89.24,91.35,98.0,108.96
CUST_2699,78.88,51.55,67.35,78.13,75.26,66.88,72.52,78.41,50.81,66.4,64.05,79.06
CUST_2700,65.17,40.89,56.02,52.39,55.74,66.72,43.24,56.21,59.46,43.79,59.79,67.54
CUST_2701,103.77,79.76,76.11,103.4,103.61,100.03,77.15,94.1,82.12,98.06,103.09,84.76
CUST_2702,64.41,61.94,71.89,47.87,48.07,74.61,71.47,66.29,72.84,57.52,71.31,51.45
CUST_2703,117.09,120.77,98.89,107.66,103.59,118.82,112.61,117.08,106.12,100.0,124.76,102.64
CUST_2704,31.69,42.33,51.71,38.44,23.66,30.03,35.23,47.95,36.34,31.11,23.68,31.07
CUST_2705,78.58,103.93,86.63,88.3,78.77,101.09,96.33,99.58,99.91,106.43,97.09,89.92
CUST_2706,94.87,99.01,100.69,88.83,98.12,82.15,88.98,83.57,81.17,103.46,83.19,78.43
CUST_2707,87.08,66.55,77.21,66.38,70.94,84.15,59.78,63.78,84.96,70.4,79.19,74.62
CUST_2708,119.55,114.75,101.49,108.63,92.43,95.86,90.5,91.08,105.73,119.94,99.92,115.56
CUST_2709,44.19,55.78,39.01,54.5,55.48,52.01,62.33,55.64,53.35,55.98,53.9,43.67
CUST_2710,40.32,36.88,60.91,62.59,57.82,53.12,51.77,41.79,41.87,45.06,49.15,40.35
CUST_2711,106.63,108.9,127.64,127.46,107.41,110.91,110.62,124.94,123.41,120.32,129.81,109.61
CUST_2712,124.69,120.29,105.89,132.5,105.95,130.74,106.69,109.71,129.18,121.08,122.48,131.69
CUST_2713,41.46,59.32,57.61,52.87,43.54,36.46,52.41,48.18,54.47,47.35,36.23,40.14
CUST_2714,73.89,74.09,92.62,90.77,94.93,95.08,74.48,67.26,89.44,71.28,84.5,69.29
CUST_2715,37.75,44.01,41.92,62.16,34.15,58.6,58.95,54.07,51.26,52.21,44.51,49.49
CUST_2716,56.73,44.25,55.96,44.08,48.78,58.12,50.89,35.29,49.62,43.72,33.22,33.9
CUST_2717,115.21,113.26,117.05,132.24,106.55,102.78,111.18,129.2,111.2,130.93,116.31,128.51
CUST_2718,107.7,87.27,108.03,81.98,97.59,105.41,102.48,84.91,103.95,93.36,99.81,98.67
CUST_2719,97.88,105.41,114.39,115.08,105.35,114.66,89.83,114.75,95.13,87.97,103.77,88.8
CUST_2720,106.17,117.9,109.6,93.58,101.08,95.69,108.56,105.12,99.9,121.22,97.66,102.7
CUST_2721,107.62,93.24,98.09,114.97,91.85,95.75,91.82,114.3,101.9,103.84,91.19,92.75
CUST_2722,45.37,40.28,32.48,35.03,46.11,45.25,40.28,31.25,42.2,40.64,35.77,51.49
CUST_2723,75.14,67.47,81.7,72.7,60.34,79.39,58.34,58.81,59.56,82.59,82.87,84.96
CUST_2724,115.07,115.82,119.28,125.13,112.9,132.19,120.07,128.96,124.47,125.98,135.19,130.14
CUST_2725,72.78,57.99,71.4,63.22,55.29,78.86,64.38,61.02,58.64,55.27,61.42,69.76
CUST_2726,57.32,69.86,64.29,76.7,68.01,66.65,68.27,57.1,76.36,61.89,58.36,65.7
CUST_2727,85.94,80.7,73.39,81.07,64.7,75.32,78.15,82.18,78.33,68.47,63.5,79.6
CUST_2728,62.59,70.46,66.23,64.31,78.67,76.17,75.43,63.07,70.79,71.18,56.26,67.84
CUST_2729,104.18,91.0,105.28,110.23,117.0,118.78,95.68,93.74,109.46,119.8,119.5,92.72
CUST_2730,108.03,93.86,93.1,112.08,102.86,116.35,116.5,98.47,111.66,91.07,112.41,94.54
CUST_2731,90.1,102.43,109.02,100.94,94.04,112.58,103.85,105.53,95.31,115.95,91.43,104.98
CUST_2732,104.1,105.37,104.02,91.35,93.84,112.09,86.36,102.63,108.8,88.55,85.16,88.27
CUST_2733,80.83,72.57,75.51,99.73,83.89,83.32,79.21,72.17,92.97,85.69,82.14,80.18
CUST_2734,101.35,107.88,108.88,113.67,118.96,114.76,101.56,115.11,115.73,107.18,95.26,103.38
CUST_2735,54.75,53.56,56.13,56.64,58.35,38.19,62.11,54.82,33.0,56.88,34.95,42.47
CUST_2736,51.84,68.34,65.42,67.86,42.66,60.75,49.15,59.01,71.16,47.79,54.49,43.0
CUST_2737,41.51,54.21,35.34,53.4,51.21,38.42,33.38,50.38,57.84,46.74,34.95,32.15
CUST_2738,91.56,68.7,84.42,91.9,85.9,82.11,86.08,67.87,79.94,75.31,72.96,82.53
CUST_2739,42.46,40.37,59.9,58.34,36.41,48.37,59.4,44.61,49.35,54.31,61.14,55.29
CUST_2740,109.9,120.22,116.9,122.51,124.67,128.57,119.85,104.12,109.4,127.53,124.26,117.56
CUST_2741,95.9,103.4,109.64,107.28,102.45,119.81,107.03,106.53,117.93,109.84,115.44,101.85
CUST_2742,111.64,103.61,102.05,111.09,119.9,108.12,98.29,104.36,120.33,118.06,99.54,110.36
CUST_2743,83.95,75.67,71.87,72.63,78.29,88.78,76.2,97.08,97.16,86.36,77.03,80.98
CUST_2744,86.68,76.86,76.61,74.99,57.82,60.98,61.79,85.92,85.26,76.58,86.46,83.54
CUST_2745,46.4,54.47,55.46,55.58,31.86,41.24,56.46,30.6,39.85,42.68,58.45,39.49
CUST_2746,66.22,69.0,75.89,58.1,69.98,62.52,57.4,81.4,69.23,79.64,60.9,61.41
CUST_2747,71.97,59.12,74.25,58.77,84.29,84.32,77.12,85.98,72.06,76.65,65.24,75.6
CUST_2748,57.51,43.03,46.64,57.48,39.11,51.33,50.92,43.65,47.72,58.12,58.67,36.77
CUST_2749,55.69,41.23,65.63,63.23,41.17,51.8,56.06,60.3,44.3,41.88,59.61,66.94
CUST_2750,45.06,55.66,58.43,53.86,48.92,61.21,44.47,54.91,44.72,38.55,39.94,33.03
CUST_2751,65.54,77.21,57.23,54.31,63.13,51.51,75.66,66.35,68.83,54.51,66.97,49.83
CUST_2752,55.42,50.53,39.79,63.64,45.1,37.41,65.57,63.31,55.99,42.99,36.7,37.82
CUST_2753,119.47,95.14,110.69,106.41,116.36,110.96,99.95,114.67,117.95,105.34,95.15,105.64
CUST_2754,95.96,91.21,90.19,116.63,115.89,92.32,110.28,93.26,118.64,103.51,93.57,95.07
CUST_2755,39.51,46.11,43.16,44.94,44.35,33.16,43.84,34.28,22.92,32.44,48.89,33.85
CUST_2756,48.24,51.87,59.35,62.55,66.85,45.53,67.22,45.83,64.07,58.1,63.79,55.11
CUST_2757,100.55,127.16,107.88,119.88,127.38,106.88,126.89,104.48,100.06,124.11,105.93,104.87
CUST_2758,91.5,67.62,78.68,88.59,81.25,65.15,67.64,78.48,70.65,69.54,90.83,86.13
CUST_2759,77.8,71.34,64.37,65.99,62.79,53.06,58.5,55.71,57.23,65.71,58.14,65.01
CUST_2760,99.86,93.99,86.65,88.84,84.63,90.67,76.43,85.72,84.91,83.26,95.96,95.78
CUST_2761,117.13,120.48,110.92,111.05,128.01,121.11,117.84,111.55,117.06,129.49,106.52,130.94
CUST_2762,51.91,59.15,43.02,58.39,52.3,69.07,57.23,45.06,57.09,63.05,62.55,67.91
CUST_2763,106.67,132.45,119.61,104.76,129.83,132.45,130.53,118.03,125.91,116.08,108.5,133.45
CUST_2764,36.54,40.93,32.36,44.0,28.02,27.7,33.24,33.24,29.61,48.43,30.71,51.82
CUST_2765,98.31,98.72,95.42,83.13,88.23,76.37,98.37,90.4,93.17,88.56,80.2,95.12
CUST_2766,84.15,59.22,85.85,78.1,81.84,79.66,84.21,64.6,80.93,81.89,80.54,72.74
CUST_2767,77.65,92.23,89.69,82.39,98.86,98.58,75.78,104.77,86.67,103.91,104.62,98.03
CUST_2768,119.36,107.78,111.75,110.56,102.97,97.41,100.8,120.72,97.49,120.87,121.34,121.92
CUST_2769,45.08,39.05,56.03,41.03,60.94,40.25,46.76,60.56,50.12,48.5,42.13,56.37
CUST_2770,59.58,55.69,52.67,48.31,59.21,59.06,39.24,53.21,48.34,45.14,57.03,46.73
CUST_2771,132.72,133.29,114.58,111.2,119.67,130.82,109.49,137.03,118.96,113.31,127.22,115.65
CUST_2772,85.39,83.3,72.14,80.49,77.87,86.8,85.12,72.79,94.15,74.38,78.08,99.16
CUST_2773,27.85,24.97,28.37,34.12,28.21,29.45,26.97,24.38,39.82,44.21,46.89,26.15
CUST_2774,72.03,82.32,86.97,79.98,93.92,93.81,72.37,84.2,74.46,90.93,90.6,92.07
CUST_2775,66.96,62.65,50.14,67.97,53.56,56.57,43.9,43.89,54.17,49.83,57.52,67.95
CUST_2776,32.08,50.56,36.75,46.72,55.7,29.33,34.19,44.45,46.35,31.03,50.04,51.59
CUST_2777,105.3,107.93,88.77,115.01,105.61,102.2,106.11,111.13,89.33,103.27,112.53,100.16
CUST_2778,112.47,94.52,116.65,94.44,116.57,113.62,103.27,108.35,98.04,114.42,112.38,104.12
CUST_2779,35.77,45.37,60.35,58.08,54.16,53.41,36.83,57.85,56.7,34.88,48.05,54.6
CUST_2780,51.88,54.54,69.59,49.29,45.32,62.61,54.62,69.51,52.69,67.72,59.35,67.64
CUST_2781,94.3,98.05,80.53,99.78,94.43,107.36,90.34,109.39,102.84,95.76,80.33,98.9
CUST_2782,77.54,85.09,86.87,93.99,89.42,93.33,87.85,92.17,72.63,90.48,93.98,71.12
CUST_2783,86.63,75.88,90.45,75.91,85.52,70.72,75.41,92.4,70.44,69.06,71.47,87.74
CUST_2784,91.19,100.94,101.85,114.79,101.45,97.65,97.0,93.73,96.88,86.73,109.47,114.59
CUST_2785,109.48,124.8,118.8,123.37,111.55,110.69,127.75,106.37,127.95,129.1,123.02,129.08
CUST_2786,89.19,89.57,98.75,108.52,101.82,109.85,107.89,86.2,97.47,106.9,100.76,95.52
CUST_2787,75.92,76.14,96.15,69.52,74.6,71.51,79.19,84.43,95.83,95.0,85.81,97.22
CUST_2788,102.12,87.85,108.76,98.07,100.59,83.36,95.35,86.82,90.99,99.55,83.64,96.21
CUST_2789,121.02,115.23,118.94,102.57,102.59,108.01,112.07,101.15,98.97,101.17,98.16,105.89
CUST_2790,121.47,120.94,133.87,136.21,124.69,111.54,113.12,112.81,116.87,135.83,127.57,127.17
CUST_2791,64.39,74.4,79.08,73.13,68.27,75.59,71.97,76.84,62.23,58.53,57.38,81.4
CUST_2792,113.94,127.99,119.87,127.05,116.77,107.79,125.02,124.99,131.08,127.43,127.07,126.34
CUST_2793,100.07,103.4,97.51,104.1,89.31,99.03,114.77,114.55,114.34,94.59,99.34,112.47
CUST_2794,117.53,112.31,125.24,122.91,119.36,111.14,124.19,96.77,101.59,104.45,107.69,97.45
CUST_2795,105.56,107.14,97.01,115.45,116.0,108.36,98.69,98.49,114.72,100.2,116.14,110.62
CUST_2796,80.19,70.47,89.74,67.53,77.45,83.25,67.49,84.41,71.63,81.21,66.97,76.7
CUST_2797,125.32,122.14,115.57,114.01,117.26,128.8,120.69,114.31,113.83,125.03,129.28,134.54
CUST_2798,121.15,102.54,116.41,107.77,98.64,121.64,117.76,120.78,101.35,114.03,101.16,105.89
CUST_2799,60.62,58.07,66.45,52.7,58.86,51.48,62.82,57.4,53.94,59.68,44.22,62.65
CUST_2800,27.18,44.87,50.1,28.9,33.25,29.79,36.97,43.01,40.7,30.04,25.69,28.1
CUST_2801,72.87,89.53,92.29,80.15,88.05,98.54,78.73,87.96,101.22,87.32,81.35,79.67
CUST_2802,75.7,75.43,94.74,97.13,93.67,95.35,94.66,88.21,92.07,87.07,98.99,89.57
CUST_2803,93.22,78.94,72.63,90.58,81.79,78.34,88.06,77.79,80.29,87.34,97.95,81.49
CUST_2804,63.24,59.6,42.68,56.12,68.91,54.19,47.87,45.97,54.81,61.47,43.61,63.96
CUST_2805,37.45,46.16,54.28,41.78,41.69,50.55,46.17,51.1,55.51,52.63,36.94,46.44
CUST_2806,114.92,91.67,112.37,112.44,90.76,111.59,92.26,96.45,96.28,93.69,108.26,101.01
CUST_2807,134.16,122.86,113.57,128.72,109.85,123.73,114.89,118.82,133.06,125.79,130.97,131.3
CUST_2808,80.6,85.17,82.19,83.69,59.17,65.87,81.4,67.43,69.14,58.83,72.22,78.54
CUST_2809,43.28,54.08,52.96,48.42,41.71,55.6,36.77,57.89,51.41,33.64,40.93,45.08
CUST_2810,63.2,64.3,62.72,84.22,68.76,55.42,66.48,64.67,67.18,80.44,65.03,76.97
CUST_2811,55.62,46.48,52.29,53.55,40.94,41.02,35.36,31.12,39.73,34.59,39.6,32.04
CUST_2812,51.11,43.34,50.29,57.25,62.57,61.64,32.89,45.5,45.6,61.77,62.11,45.16
CUST_2813,116.82,122.48,95.36,100.58,103.79,122.74,106.87,107.64,114.24,94.44,120.79,112.2
CUST_2814,104.22,110.39,99.56,100.7,106.22,85.65,104.29,86.0,87.72,95.63,88.86,103.54
CUST_2815,83.72,107.16,83.75,93.01,96.07,84.17,99.98,80.55,101.69,89.62,95.76,79.02
CUST_2816,46.58,59.13,48.92,51.71,46.66,40.72,31.72,45.97,41.62,37.99,34.03,44.41
CUST_2817,36.69,32.21,46.92,32.52,30.38,51.9,57.72,37.49,37.52,39.67,51.71,54.85
CUST_2818,48.27,57.75,36.37,41.95,49.7,60.31,62.87,43.42,34.64,39.84,61.65,50.55
CUST_2819,72.66,51.16,65.47,45.14,53.26,65.99,58.35,50.35,53.96,62.35,55.47,57.79
CUST_2820,46.83,45.0,40.05,36.13,39.71,35.85,49.58,29.03,52.82,33.31,51.51,30.15
CUST_2821,75.04,70.24,69.14,68.82,77.88,83.35,71.18,83.03,72.07,68.96,74.45,71.45
CUST_2822,116.31,122.2,114.86,124.45,116.73,124.72,117.35,105.36,100.19,117.77,111.51,105.17
CUST_2823,62.77,48.6,62.62,63.29,52.17,45.74,49.18,51.67,62.37,58.7,70.15,62.62
CUST_2824,82.28,84.1,76.36,81.59,59.86,79.83,57.66,67.94,69.01,58.53,67.27,82.66
CUST_2825,113.06,116.1,107.15,97.12,96.83,103.53,111.33,91.5,87.87,92.89,111.42,96.61
CUST_2826,120.36,115.88,112.26,129.71,114.25,118.42,129.06,118.91,122.24,127.3,114.64,107.2
CUST_2827,39.54,47.35,50.42,40.81,35.48,54.53,50.95,59.28,47.45,49.08,33.56,38.06
CUST_2828,61.48,67.11,66.1,60.6,76.39,66.52,62.43,64.12,80.84,78.96,67.45,68.29
CUST_2829,82.67,79.53,69.9,70.95,74.67,74.26,92.2,78.44,91.46,67.72,77.14,91.18
CUST_2830,61.42,58.76,51.95,63.47,54.53,63.67,51.88,73.65,79.71,57.0,59.94,53.77
CUST_2831,115.43,124.69,113.35,119.37,122.2,110.77,105.48,124.52,116.54,119.55,106.34,119.51
CUST_2832,104.32,112.79,102.1,98.9,120.5,117.27,105.55,113.25,124.74,121.01,102.0,102.21
CUST_2833,105.14,118.42,108.3,114.72,98.22,101.28,115.19,114.37,111.12,107.64,121.29,109.84
CUST_2834,110.12,112.39,132.23,126.44,136.74,109.87,111.76,112.12,123.81,125.38,117.68,117.8
CUST_2835,113.98,126.74,101.69,123.32,101.85,113.82,114.52,98.72,103.7,116.9,108.24,99.3
CUST_2836,134.73,111.42,124.56,129.01,134.03,137.37,112.2,113.32,108.71,113.83,122.42,110.11
CUST_2837,92.92,94.57,107.89,100.72,114.14,106.38,90.82,85.83,113.31,107.96,103.98,98.27
CUST_2838,57.05,60.86,81.23,77.94,67.77,79.0,73.58,55.25,62.49,73.1,67.82,60.23
CUST_2839,64.02,57.08,57.17,43.5,36.61,42.67,60.78,50.46,52.95,60.7,56.34,52.72
CUST_2840,88.11,98.37,83.91,86.26,97.23,90.85,87.08,83.45,69.5,72.11,80.59,73.72
CUST_2841,92.31,84.49,74.06,95.34,86.57,77.21,85.15,93.55,85.5,92.58,89.12,67.25
CUST_2842,50.99,63.66,60.68,53.9,79.77,70.36,59.24,75.44,61.24,53.44,77.05,55.59
CUST_2843,53.02,63.41,52.29,51.08,51.06,46.59,42.15,63.58,39.03,51.77,43.07,53.29
CUST_2844,46.1,47.06,59.43,57.63,68.38,66.45,51.53,69.68,72.46,63.21,48.28,72.45
CUST_2845,88.88,85.73,79.9,69.64,86.03,78.47,92.95,91.49,89.91,76.15,88.88,71.31
CUST_2846,93.26,99.61,95.88,100.04,75.68,74.61,99.28,82.59,82.43,86.64,86.1,78.92
CUST_2847,131.29,112.31,106.42,122.65,124.05,133.43,117.82,109.14,117.53,131.57,135.02,130.7
CUST_2848,58.51,55.01,56.34,64.71,58.53,60.99,48.61,68.69,44.44,45.34,56.81,68.34
CUST_2849,56.16,32.23,32.22,43.19,42.4,49.37,45.83,41.18,48.08,38.39,34.1,44.23
CUST_2850,67.96,55.5,69.8,72.45,61.28,69.85,49.07,68.91,60.36,55.61,44.88,57.88
CUST_2851,114.72,131.96,118.34,120.22,111.99,131.52,106.46,112.34,106.48,133.86,130.8,128.0
CUST_2852,100.63,122.13,128.42,120.45,122.61,118.85,119.13,104.71,101.22,115.89,116.37,115.81
CUST_2853,80.88,65.31,66.74,60.99,56.07,66.06,79.27,56.15,56.12,70.89,81.03,60.16
CUST_2854,84.13,91.62,104.8,97.84,89.28,102.72,77.93,77.58,80.33,87.86,84.94,88.41
CUST_2855,83.59,86.41,80.76,82.03,70.51,78.02,88.67,66.25,70.53,61.74,64.53,69.62
CUST_2856,66.63,80.25,64.82,58.6,67.86,79.26,78.33,75.28,72.18,70.07,75.98,61.27
CUST_2857,57.53,68.45,55.38,56.83,74.46,53.82,65.92,75.95,51.65,65.73,55.46,59.73
CUST_2858,97.47,78.98,93.88,81.28,78.68,95.05,101.3,90.64,80.93,80.94,103.3,100.93
CUST_2859,110.69,112.44,131.2,135.95,134.13,131.82,126.99,106.91,133.72,112.92,127.88,123.56
CUST_2860,95.45,96.88,103.25,94.26,102.59,85.04,99.26,83.91,104.66,102.88,80.81,77.35
CUST_2861,109.6,124.83,113.58,116.81,95.31,96.58,111.84,113.46,119.42,96.15,122.83,107.41
CUST_2862,96.03,117.36,118.11,98.61,110.5,121.08,112.04,107.52,108.83,105.0,107.19,110.9
CUST_2863,108.49,99.71,107.85,94.53,99.89,90.1,105.55,98.98,92.88,87.96,86.91,95.95
CUST_2864,92.03,66.98,75.26,85.58,84.97,69.64,74.79,77.05,74.07,75.41,85.65,75.07
CUST_2865,107.58,126.98,101.55,102.2,105.84,115.15,107.33,130.26,130.5,123.11,128.2,105.76
CUST_2866,56.95,72.54,57.24,72.68,56.87,75.61,65.52,82.79,55.37,68.42,64.94,78.49
CUST_2867,43.32,44.05,33.99,25.1,27.7,27.57,33.41,34.13,50.95,29.18,27.27,39.49
CUST_2868,111.2,115.46,102.12,112.4,93.81,117.5,104.83,113.3,101.79,119.65,96.48,105.73
CUST_2869,113.0,109.04,111.26,100.17,95.59,97.53,114.0,93.13,92.99,109.74,91.42,112.15
CUST_2870,43.86,67.42,55.62,54.78,60.04,62.13,65.37,43.12,40.16,41.69,46.06,61.81
CUST_2871,50.97,37.34,29.36,45.8,29.25,44.06,47.26,40.53,49.71,24.09,49.03,43.12
CUST_2872,73.23,81.63,77.24,91.12,85.92,84.81,77.51,88.11,72.72,89.11,83.2,93.32
CUST_2873,44.76,42.5,41.02,52.82,38.77,47.23,52.52,53.0,36.74,32.48,48.53,52.53
CUST_2874,66.55,69.28,85.03,80.33,78.75,72.23,85.39,72.34,71.45,72.83,71.02,68.11
CUST_2875,39.02,50.15,63.07,55.29,41.51,58.18,60.0,61.43,43.33,43.25,44.61,56.17
CUST_2876,80.03,84.17,77.2,66.57,71.4,79.75,65.56,65.73,83.59,84.53,84.41,68.86
CUST_2877,40.46,31.6,31.2,48.15,35.53,39.69,29.57,27.53,25.84,30.22,23.12,43.16
CUST_2878,57.58,48.16,49.5,50.73,40.54,51.83,57.35,47.36,53.84,33.05,51.27,48.3
CUST_2879,102.3,102.11,101.03,102.14,92.07,111.3,102.07,95.42,101.36,94.34,90.79,98.24
CUST_2880,104.99,119.67,101.4,106.74,111.35,112.83,122.27,122.98,113.72,107.48,107.34,125.35
CUST_2881,44.43,41.98,45.58,44.35,38.07,53.82,32.06,31.2,59.25,52.08,51.25,40.76
CUST_2882,58.24,63.43,54.63,44.77,47.87,59.3,70.72,64.24,45.49,42.06,63.95,65.0
CUST_2883,54.11,55.73,51.87,47.18,37.71,56.35,35.68,55.97,34.53,32.33,50.31,44.62
CUST_2884,96.72,84.01,81.46,73.48,71.45,86.15,81.81,78.56,80.66,69.31,68.31,67.85
CUST_2885,102.6,103.82,107.89,125.73,105.64,131.61,123.23,106.6,106.44,107.28,116.39,121.19
CUST_2886,39.57,51.12,40.4,35.87,33.93,29.06,53.07,30.85,38.84,48.35,25.49,40.04
CUST_2887,36.23,39.01,33.5,47.4,53.74,42.12,52.29,49.47,32.33,32.69,44.19,31.49
CUST_2888,48.44,62.42,51.12,63.72,58.65,55.59,68.56,57.29,58.19,76.77,55.17,75.16
CUST_2889,47.2,26.11,52.26,28.0,33.72,40.89,25.7,27.67,43.43,25.86,43.24,54.91
CUST_2890,78.35,51.23,60.98,52.41,79.96,64.97,51.01,58.06,64.88,51.71,65.74,73.72
CUST_2891,116.11,128.36,110.7,116.34,107.98,108.81,120.08,115.24,113.55,115.51,115.88,130.87
CUST_2892,71.01,65.32,65.47,64.86,64.09,63.4,62.86,63.43,72.34,69.75,75.06,65.36
CUST_2893,86.44,101.62,102.3,86.51,92.45,106.53,100.02,80.57,90.19,94.55,82.44,95.48
CUST_2894,60.44,59.04,60.26,40.72,63.98,53.61,59.57,45.56,40.19,42.28,37.49,64.58
CUST_2895,129.98,131.07,126.04,111.55,120.02,123.6,129.91,123.27,127.13,111.23,116.7,113.42
CUST_2896,69.28,47.21,60.86,60.87,61.0,71.06,54.42,61.77,43.06,69.19,58.66,54.82
CUST_2897,68.18,71.28,49.68,60.74,48.85,73.4,51.45,61.52,74.38,47.82,74.81,47.55
CUST_2898,49.97,65.26,39.48,50.23,49.56,56.24,41.21,67.96,44.85,67.81,61.7,39.91
CUST_2899,57.44,44.78,44.03,39.31,63.88,38.85,60.39,52.71,34.78,58.06,53.22,63.86
CUST_2900,85.62,71.97,66.15,64.93,61.81,68.62,78.64,75.36,59.49,61.85,67.09,61.27
CUST_2901,70.49,70.47,80.25,85.5,89.07,64.6,75.63,83.86,92.26,79.72,74.66,70.48
CUST_2902,104.29,110.22,125.62,112.45,106.78,110.14,125.26,118.62,114.4,99.42,109.36,117.15
CUST_2903,44.53,59.59,57.19,40.86,49.89,52.74,37.68,57.27,52.36,37.78,63.18,62.73
CUST_2904,88.48,83.98,75.36,88.45,88.7,90.85,77.58,66.45,66.76,79.04,92.56,76.03
CUST_2905,71.02,59.92,49.29,51.94,48.32,54.51,59.79,61.5,54.85,67.35,72.21,44.36
CUST_2906,100.54,114.96,97.26,103.62,104.59,114.28,105.1,108.52,87.56,95.71,105.24,111.7
CUST_2907,40.89,46.95,48.56,67.28,62.03,55.17,49.88,39.58,66.63,56.06,65.79,61.46
CUST_2908,94.28,82.19,76.53,94.48,91.79,99.61,86.41,73.92,76.13,87.91,85.52,74.45
CUST_2909,124.71,99.84,113.57,107.76,126.46,106.54,125.98,99.08,102.0,105.31,115.95,115.19
CUST_2910,107.02,100.11,107.33,91.06,97.57,114.06,95.58,104.68,117.3,112.63,103.95,92.02
CUST_2911,99.53,103.7,86.34,94.55,99.43,88.63,89.91,103.24,99.02,101.09,95.67,93.03
CUST_2912,116.98,102.93,95.84,120.16,98.51,91.71,119.61,117.5,99.9,118.06,116.87,102.78
CUST_2913,74.86,63.98,68.38,76.4,77.59,77.87,63.85,67.85,80.68,65.77,59.71,70.67
CUST_2914,114.41,99.4,108.51,99.59,110.82,107.46,107.66,98.8,108.98,115.55,111.26,112.62
CUST_2915,54.52,61.5,37.29,52.38,60.66,65.8,37.54,46.13,60.28,55.96,55.68,39.38
CUST_2916,79.49,78.84,80.85,94.36,99.39,103.93,75.76,96.1,83.28,88.62,85.65,78.93
CUST_2917,41.98,58.55,45.14,61.0,41.92,37.16,48.7,51.19,47.72,41.8,50.69,53.11
CUST_2918,85.93,103.73,96.67,90.25,102.62,96.76,93.3,101.6,100.05,104.91,85.86,87.13
CUST_2919,97.7,97.64,122.88,107.16,111.84,98.42,117.64,113.15,109.95,102.53,99.9,102.67
CUST_2920,65.99,79.72,73.76,94.98,70.64,89.5,73.52,84.15,80.48,68.32,70.95,94.96
CUST_2921,111.57,94.03,87.83,106.63,105.59,94.54,114.22,115.18,103.28,101.41,104.61,111.75
CUST_2922,38.0,31.87,31.21,48.54,49.97,32.67,49.22,35.7,45.08,49.03,40.84,52.46
CUST_2923,98.99,77.12,76.43,75.11,91.55,90.1,93.46,70.77,85.18,92.38,98.76,95.78
CUST_2924,56.37,39.55,55.47,50.27,49.08,42.83,39.85,38.95,46.44,32.02,43.16,46.35
CUST_2925,31.97,38.53,50.81,50.29,23.34,29.53,40.78,34.48,34.3,40.47,26.09,35.13
CUST_2926,64.53,78.32,82.63,61.13,84.33,62.1,84.33,71.48,72.05,66.98,73.28,87.67
CUST_2927,66.77,75.36,74.63,52.05,71.7,59.9,71.57,54.8,65.95,55.41,52.56,51.59
CUST_2928,82.16,74.92,60.19,62.12,61.29,75.19,56.99,68.32,61.28,81.65,76.38,54.63
CUST_2929,70.56,74.39,56.9,64.05,84.7,65.69,67.87,62.64,58.52,74.52,66.17,82.48
CUST_2930,100.59,101.93,110.14,96.88,108.25,104.97,122.2,117.41,104.18,103.03,110.77,110.88
CUST_2931,91.15,79.9,93.34,103.71,100.7,82.05,88.82,91.76,94.84,77.14,104.98,105.46
CUST_2932,77.84,61.18,53.15,50.1,68.14,63.56,55.91,77.36,50.58,56.88,76.2,72.16
CUST_2933,108.27,108.64,123.53,121.85,129.33,124.01,128.73,121.47,128.48,107.48,131.72,125.46
CUST_2934,95.4,94.34,94.52,106.67,84.81,76.88,96.93,85.67,93.83,87.9,101.34,92.44
CUST_2935,47.95,54.33,61.65,60.51,35.8,40.29,46.19,49.09,41.99,56.73,39.59,48.61
CUST_2936,67.14,66.86,70.99,60.35,79.58,67.49,61.18,57.27,74.48,65.65,61.22,53.23
CUST_2937,54.15,70.23,71.66,51.87,62.98,57.9,74.17,64.29,65.92,50.82,58.6,77.73
CUST_2938,130.87,118.43,125.15,118.02,108.86,113.86,114.07,110.19,106.77,128.22,120.36,126.8
CUST_2939,92.23,102.92,114.6,108.29,106.86,97.92,95.18,85.36,105.53,111.32,88.95,104.71
CUST_2940,58.84,61.58,58.85,44.79,50.9,64.09,55.08,56.38,58.79,52.34,49.29,69.05
CUST_2941,73.95,59.33,66.15,71.62,60.57,76.53,59.23,65.48,70.47,82.58,61.03,82.06
CUST_2942,52.28,39.66,46.27,49.46,39.18,30.42,32.04,29.5,40.12,36.19,38.92,30.78
CUST_2943,58.34,73.65,61.29,54.05,61.14,67.85,69.67,70.05,75.58,51.24,64.95,59.79
CUST_2944,66.81,73.34,72.62,82.88,60.11,66.4,70.46,72.56,71.56,84.09,78.07,60.12
CUST_2945,71.16,57.31,57.32,76.44,83.56,85.0,65.27,78.31,59.02,70.27,57.7,61.07
CUST_2946,57.88,73.33,55.38,67.19,67.44,66.62,59.52,72.83,70.88,80.13,64.5,76.48
CUST_2947,56.97,36.84,34.28,43.32,48.57,50.85,52.06,51.91,58.56,55.69,55.87,38.92
CUST_2948,41.58,49.03,30.08,25.56,51.28,26.86,27.2,51.04,48.57,43.61,32.53,48.4
CUST_2949,101.19,97.99,121.49,102.69,111.97,111.79,108.44,124.81,107.0,108.24,100.04,100.31
CUST_2950,91.54,92.72,75.66,75.18,85.91,90.39,104.38,87.58,83.75,102.59,89.07,96.84
CUST_2951,52.28,38.89,50.47,35.09,52.18,51.87,56.54,48.77,46.0,44.47,37.14,35.47
CUST_2952,84.55,66.34,73.71,65.46,58.01,76.4,80.0,75.51,66.37,59.55,70.75,81.08
CUST_2953,110.38,97.21,103.88,98.78,108.52,89.96,102.25,106.51,110.72,106.38,89.6,99.27
CUST_2954,110.53,130.55,113.14,112.88,126.46,132.67,123.13,107.98,112.12,109.39,129.81,127.51
CUST_2955,41.21,60.27,56.41,44.1,45.32,48.25,47.23,64.9,53.52,40.54,51.88,47.28
CUST_2956,99.69,107.07,111.96,114.57,119.38,109.12,96.61,96.12,106.84,112.94,100.79,121.07
CUST_2957,79.95,80.02,86.49,83.86,86.59,84.22,90.6,88.61,75.2,91.45,87.34,68.49
CUST_2958,80.77,71.08,58.44,80.32,80.14,63.9,63.24,70.09,61.38,71.08,82.56,57.95
CUST_2959,68.32,86.34,93.78,73.9,70.68,90.26,89.21,86.64,77.59,90.0,84.13,88.82
CUST_2960,101.12,98.01,106.26,119.34,96.09,112.25,104.35,113.97,109.11,103.11,97.63,114.5
CUST_2961,64.89,52.58,75.47,65.45,72.4,74.25,63.49,69.94,78.54,61.64,57.93,65.53
CUST_2962,77.59,90.57,87.63,92.54,87.83,88.32,95.25,93.19,79.74,85.74,103.26,95.11
CUST_2963,53.97,43.4,44.06,69.31,46.19,63.95,58.37,69.81,50.24,50.72,47.11,64.9
CUST_2964,83.95,92.56,86.79,86.61,84.56,89.74,102.17,73.18,86.02,74.84,94.46,75.52
CUST_2965,84.99,102.42,104.64,80.76,92.45,94.53,87.23,107.55,98.03,102.7,100.86,95.49
CUST_2966,138.98,135.35,122.17,134.0,136.66,124.3,116.46,110.09,124.03,113.92,120.31,134.75
CUST_2967,100.96,104.96,102.65,113.56,107.47,103.2,104.05,101.56,114.67,101.13,100.19,121.4
CUST_2968,114.65,109.96,128.19,103.66,123.0,108.71,125.76,113.12,124.27,125.74,122.34,108.1
CUST_2969,114.71,103.34,123.41,108.13,119.37,106.3,103.01,116.49,114.69,117.99,110.36,118.86
CUST_2970,100.67,103.75,86.91,102.93,87.16,79.58,108.22,81.36,94.04,96.14,106.36,89.32
CUST_2971,66.76,80.32,67.62,62.19,60.21,85.64,60.43,84.85,78.74,73.61,67.06,81.78
CUST_2972,55.12,43.53,52.76,47.76,51.48,35.36,25.86,43.86,47.74,36.34,44.07,51.63
CUST_2973,49.95,59.21,58.51,60.9,63.85,43.85,50.43,50.46,56.34,48.51,43.9,61.85
CUST_2974,111.6,101.97,91.2,107.22,99.37,91.0,106.67,104.47,94.87,95.67,119.08,98.47
CUST_2975,32.09,41.85,32.96,41.36,45.7,49.41,46.03,41.74,37.29,43.44,42.78,54.61
CUST_2976,69.32,73.24,80.62,85.31,88.61,79.85,83.56,65.87,92.02,94.51,67.1,84.59
CUST_2977,78.05,94.48,90.38,84.85,102.58,97.88,99.9,89.46,77.97,91.13,92.44,97.34
CUST_2978,91.62,84.14,91.92,78.25,79.72,99.6,85.88,87.23,74.2,85.85,86.13,84.53
CUST_2979,89.07,79.49,65.21,87.08,85.51,84.57,91.9,65.35,63.98,90.89,75.86,75.6
CUST_2980,34.29,25.21,47.62,42.35,48.52,51.01,28.31,36.35,33.91,27.78,48.36,29.95
CUST_2981,85.83,68.21,86.33,77.07,72.9,67.27,67.75,60.4,78.56,60.5,71.01,81.59
CUST_2982,116.21,101.25,112.97,104.34,110.81,116.47,91.46,103.06,117.99,110.74,105.08,107.09
CUST_2983,53.97,71.61,62.78,52.97,42.35,65.53,62.35,71.59,58.99,68.28,64.28,60.86
CUST_2984,75.68,92.73,89.46,80.5,88.01,97.58,78.49,89.74,97.22,85.5,93.92,78.14
CUST_2985,41.2,42.59,37.99,53.43,41.1,66.04,50.79,46.09,53.36,46.64,57.61,59.97
CUST_2986,89.77,61.54,60.71,65.24,79.59,82.1,66.92,68.42,87.16,88.79,83.72,84.43
CUST_2987,69.5,68.13,80.32,82.76,81.39,67.9,76.26,85.69,67.36,78.39,83.41,86.28
CUST_2988,76.22,70.16,93.44,83.87,85.88,75.43,85.26,68.98,72.57,84.17,92.31,71.71
CUST_2989,66.63,85.57,64.15,64.35,89.47,65.53,69.08,70.84,64.8,69.96,70.95,63.7
CUST_2990,61.83,80.51,77.48,65.51,82.07,75.34,65.14,60.92,68.47,82.13,77.3,76.87
CUST_2991,97.22,114.91,90.71,114.46,100.52,113.73,94.37,102.49,87.62,106.81,102.55,115.11
CUST_2992,71.92,86.72,76.96,69.34,73.03,78.28,84.28,75.22,75.54,80.28,92.04,76.22
CUST_2993,51.15,56.26,54.98,43.01,63.45,61.86,48.74,60.23,44.08,58.38,49.23,52.01
CUST_2994,52.55,52.26,44.71,55.52,57.94,57.61,60.17,43.81,54.25,55.37,40.92,51.18
CUST_2995,76.96,64.96,54.11,73.83,70.81,58.38,58.11,75.14,73.3,49.65,62.95,57.01
CUST_2996,77.49,72.61,76.96,76.9,85.51,76.61,78.01,85.81,86.89,69.47,88.38,81.69
CUST_2997,101.47,117.12,109.83,116.4,101.38,109.43,117.6,114.78,100.14,105.28,118.56,123.35
CUST_2998,95.07,89.89,90.4,91.61,85.68,98.57,91.92,79.97,77.91,84.32,88.77,79.22
CUST_2999,91.61,86.55,102.29,83.66,85.59,93.62,100.63,87.13,90.1,86.45,111.87,108.46
CUST_3000,110.88,126.8,127.39,122.32,117.15,120.93,130.74,110.0,121.05,115.49,104.06,113.73
CUST_3001,59.18,86.06,64.11,59.77,71.03,58.83,84.18,69.74,63.86,73.41,79.51,76.69
CUST_3002,80.0,95.88,80.59,80.44,72.9,79.05,72.3,94.55,89.47,80.77,88.23,68.35
CUST_3003,125.23,130.63,134.43,119.0,115.39,127.47,131.19,134.81,128.65,109.53,121.47,112.84
CUST_3004,31.32,37.29,29.08,43.21,51.36,36.68,55.7,46.52,50.16,44.08,57.1,49.22
CUST_3005,121.61,112.19,129.07,127.82,130.92,119.99,129.52,122.12,139.26,122.08,116.55,123.96
CUST_3006,113.78,123.08,110.84,106.65,119.78,123.82,108.12,128.77,106.14,126.72,102.8,117.72
CUST_3007,85.13,66.5,78.5,65.32,86.43,66.07,74.89,81.32,83.31,63.46,80.04,90.49
CUST_3008,96.71,92.97,71.04,82.65,76.71,89.27,98.52,78.77,69.84,87.41,93.26,83.18
CUST_3009,94.78,82.93,87.73,87.28,99.48,81.25,80.84,98.31,76.08,77.26,91.83,83.6
CUST_3010,98.89,99.78,82.81,82.07,98.84,108.14,100.33,107.65,98.47,81.42,103.32,85.75
CUST_3011,76.41,84.13,76.34,92.99,100.57,103.53,97.79,79.73,80.77,104.34,85.76,99.83
CUST_3012,117.92,109.86,106.54,105.44,97.86,98.62,119.92,113.63,120.29,117.2,112.46,99.31
CUST_3013,83.51,102.77,97.68,97.52,102.28,90.91,77.38,85.01,89.67,88.3,86.64,97.0
CUST_3014,70.32,80.91,74.51,71.0,86.18,61.96,62.37,71.55,83.54,69.79,65.21,76.03
CUST_3015,111.06,120.27,109.68,109.2,122.76,129.15,122.58,123.74,111.46,125.33,122.07,124.28
CUST_3016,70.69,63.84,80.1,84.39,73.28,60.03,61.33,61.7,76.26,65.27,76.43,64.77
CUST_3017,128.31,107.51,104.04,113.18,105.09,121.95,114.15,133.07,132.98,132.73,121.0,131.67
CUST_3018,61.41,68.36,60.21,75.77,77.6,62.83,54.76,54.39,65.76,64.63,69.01,63.13
CUST_3019,74.61,72.09,47.63,61.22,59.02,51.33,72.6,56.68,73.28,75.72,69.45,76.16
CUST_3020,74.92,66.1,83.55,75.71,86.48,73.36,89.53,74.64,67.74,72.11,78.91,65.14
CUST_3021,32.6,56.26,30.95,35.69,52.48,40.83,50.92,35.0,50.16,59.97,47.7,53.66
CUST_3022,45.76,48.1,68.72,53.98,64.98,54.59,69.07,60.03,45.73,70.19,49.54,48.98
CUST_3023,35.93,44.18,52.4,44.8,48.61,49.22,51.5,45.59,37.4,37.24,45.17,48.67
CUST_3024,48.17,45.82,71.99,68.67,51.13,45.26,54.88,57.35,50.02,45.45,56.36,60.19
CUST_3025,108.69,114.04,105.68,124.72,113.54,120.6,129.89,109.64,121.08,114.77,120.91,127.73
CUST_3026,88.98,73.95,72.69,76.13,84.48,81.52,70.73,90.91,68.1,74.03,81.67,76.57
CUST_3027,116.34,102.48,102.64,93.92,98.2,98.92,98.87,116.45,102.85,112.46,99.81,109.15
CUST_3028,74.98,59.28,59.87,79.8,78.75,66.08,81.62,55.32,79.71,82.09,58.7,67.34
CUST_3029,105.0,102.75,113.52,91.99,116.47,94.8,102.58,104.52,94.84,104.11,117.78,95.41
CUST_3030,42.25,67.97,46.18,56.08,62.03,57.92,41.3,42.62,67.98,61.14,66.83,56.01
CUST_3031,49.19,31.74,27.13,44.42,46.35,21.33,37.09,38.71,24.25,42.5,50.01,47.68
CUST_3032,90.87,92.24,67.05,78.59,85.56,88.31,95.08,70.53,70.24,85.95,78.87,87.57
CUST_3033,38.61,41.76,51.19,38.96,52.96,45.77,47.75,29.92,30.82,30.16,43.16,46.02
CUST_3034,49.66,48.58,50.3,60.28,34.94,59.49,40.26,59.29,51.54,41.09,35.42,54.42
CUST_3035,101.58,109.41,98.14,110.75,94.14,120.65,101.75,114.68,103.77,118.82,101.16,99.24
CUST_3036,29.2,27.25,38.1,46.23,48.61,42.11,47.64,24.99,50.16,31.68,46.49,27.91
CUST_3037,58.88,58.25,69.54,58.74,67.41,70.48,71.31,80.87,60.71,75.71,57.34,80.75
CUST_3038,100.87,74.42,92.31,80.25,102.17,76.09,79.71,91.95,80.36,94.83,76.71,88.85
CUST_3039,57.34,65.34,45.04,67.46,53.37,63.84,47.91,44.52,60.19,56.55,57.97,58.52
CUST_3040,119.97,100.84,110.66,103.38,104.65,119.15,101.14,100.29,96.34,96.19,116.27,119.21
CUST_3041,80.65,59.62,82.54,83.71,81.36,66.19,83.36,59.15,69.25,57.44,54.91,79.13
CUST_3042,130.54,129.35,129.23,118.35,113.85,120.36,129.1,124.81,100.75,124.76,123.8,119.39
CUST_3043,96.65,86.73,101.89,101.64,105.86,113.02,96.8,88.18,93.95,104.82,108.02,93.94
CUST_3044,68.03,62.54,68.98,61.7,71.15,76.16,81.83,78.92,71.82,80.49,75.22,79.98
CUST_3045,96.94,107.64,107.97,100.36,94.11,93.0,102.57,91.88,100.07,114.04,111.03,96.12
CUST_3046,78.93,76.51,83.26,83.25,62.39,71.36,72.83,70.54,72.3,56.33,70.3,59.92
CUST_3047,62.72,71.69,61.77,71.72,62.59,54.05,73.96,60.41,62.73,65.15,68.15,64.77
CUST_3048,28.46,42.99,50.52,46.54,23.8,22.08,33.87,37.82,42.4,41.06,28.78,23.05
CUST_3049,106.49,120.05,103.47,112.81,101.07,104.9,127.22,117.8,111.88,121.2,122.72,101.78
CUST_3050,88.44,100.75,86.33,96.62,104.88,109.02,93.34,86.02,102.54,95.09,103.18,106.67
CUST_3051,83.55,68.85,80.61,83.75,92.39,82.07,75.02,92.57,67.5,70.39,81.33,75.76
CUST_3052,77.13,56.32,49.53,57.3,50.63,70.76,69.93,77.9,78.8,77.3,65.28,65.1
CUST_3053,87.43,89.31,76.12,80.23,73.53,74.88,95.14,89.12,75.5,93.73,79.88,70.88
CUST_3054,59.76,51.81,56.38,55.0,63.1,66.45,58.94,51.29,50.04,52.09,49.76,70.6
CUST_3055,106.42,124.94,127.42,110.96,125.47,117.19,118.21,106.49,125.86,117.24,126.94,99.98
CUST_3056,76.98,91.21,74.14,89.5,74.24,70.5,61.96,88.07,80.43,75.29,68.22,89.25
CUST_3057,68.91,80.36,90.04,76.11,74.09,76.89,79.56,72.13,77.07,89.9,89.66,80.23
CUST_3058,103.08,93.06,105.11,97.4,88.4,101.12,100.49,103.52,93.19,103.49,102.32,83.72
CUST_3059,50.16,67.47,67.78,70.53,55.45,53.26,65.96,61.08,46.72,71.88,48.91,74.17
CUST_3060,95.69,114.6,100.47,102.45,108.04,98.15,102.16,85.17,92.95,97.63,92.18,106.98
CUST_3061,129.62,105.4,133.09,130.17,121.51,109.33,121.05,134.07,133.56,114.22,132.03,131.42
CUST_3062,83.93,80.03,85.67,84.84,98.38,100.46,105.9,90.81,106.63,78.34,107.01,81.38
CUST_3063,54.67,57.13,72.79,48.53,74.81,46.61,73.5,61.22,64.34,58.96,70.81,73.67
CUST_3064,28.36,43.41,29.84,32.86,29.12,34.56,55.63,41.93,42.99,38.53,41.06,40.71
CUST_3065,84.23,81.33,73.57,68.19,93.86,90.99,80.12,74.67,74.24,80.64,96.72,93.76
CUST_3066,117.52,107.98,106.42,112.3,126.34,113.31,127.65,118.56,107.15,118.16,123.66,103.06
CUST_3067,115.69,105.02,113.72,104.71,98.63,111.27,113.25,88.86,87.06,109.84,110.4,100.15
CUST_3068,114.4,107.45,93.22,94.02,110.24,93.05,105.28,108.04,92.29,110.41,93.21,107.67
CUST_3069,61.19,50.9,69.11,62.67,56.31,50.46,49.92,51.99,47.24,49.6,64.8,56.01
CUST_3070,67.36,54.5,52.74,73.14,78.23,58.02,50.75,67.37,67.47,52.17,66.78,75.25
CUST_3071,23.52,39.75,24.35,35.62,45.68,29.83,24.2,23.36,21.88,44.82,43.04,46.57
CUST_3072,82.85,94.47,109.65,101.68,91.39,101.93,83.99,98.21,93.7,81.51,83.8,101.7
CUST_3073,84.41,81.25,75.84,88.67,77.54,87.33,89.53,89.61,93.95,98.61,73.86,91.47
CUST_3074,117.56,120.84,108.74,112.21,124.19,130.39,116.61,129.43,121.02,128.73,114.82,109.57
CUST_3075,48.97,30.9,30.98,26.39,50.77,42.54,51.35,43.79,31.61,47.46,39.4,55.46
CUST_3076,115.9,134.88,117.48,106.64,136.43,119.36,116.52,136.07,125.81,119.8,126.11,122.14
CUST_3077,56.67,48.59,70.29,60.31,62.65,48.56,75.07,74.17,60.22,62.77,55.61,56.3
CUST_3078,47.81,35.03,22.92,46.87,51.6,42.76,52.37,41.64,49.89,49.85,27.96,34.66
CUST_3079,35.6,41.61,58.32,52.49,36.5,34.98,39.37,36.54,54.29,54.84,34.84,37.22
CUST_3080,77.43,93.54,89.41,98.37,88.72,84.66,101.04,101.02,94.53,97.29,78.64,95.36
CUST_3081,70.93,58.02,56.62,66.39,66.54,50.25,53.65,68.75,57.36,68.39,46.34,45.08
CUST_3082,105.65,109.48,126.02,125.36,108.67,121.79,120.18,104.91,125.89,130.13,117.3,122.06
CUST_3083,66.67,57.77,64.46,74.77,58.74,61.63,75.1,82.42,77.98,87.51,67.31,81.87
CUST_3084,80.98,101.41,97.88,85.22,96.54,77.44,83.43,96.27,94.53,88.32,94.44,93.35
CUST_3085,103.67,92.27,109.86,95.74,95.92,113.73,112.39,104.29,111.27,95.12,107.93,113.8
CUST_3086,115.67,132.03,129.43,114.06,134.46,128.47,115.75,111.34,120.6,106.08,111.27,108.89
CUST_3087,61.44,56.95,62.09,67.96,48.52,61.08,60.54,67.47,64.08,55.46,43.85,48.39
CUST_3088,78.98,84.8,103.34,82.47,84.55,88.26,101.38,104.88,97.07,103.57,85.49,92.34
CUST_3089,49.83,50.72,48.46,46.35,41.72,63.02,37.5,61.87,54.16,45.98,58.12,46.93
CUST_3090,90.02,89.31,89.31,100.67,97.4,97.14,90.68,91.38,103.47,79.26,100.14,78.54
CUST_3091,101.55,97.05,98.35,91.21,83.49,86.98,83.98,100.92,94.47,92.56,80.89,102.93
CUST_3092,125.33,127.3,126.36,119.45,120.67,116.79,105.75,127.3,115.72,129.03,110.08,101.04
CUST_3093,107.97,132.26,121.51,125.35,119.04,111.77,119.23,132.39,107.2,127.42,118.67,107.26
CUST_3094,45.19,41.04,28.47,31.68,40.51,47.07,39.17,33.86,27.92,30.09,50.16,41.75
CUST_3095,115.02,115.55,106.72,124.83,118.72,126.74,124.09,130.37,116.08,121.29,124.49,113.3
CUST_3096,76.29,81.62,56.16,72.82,64.08,63.31,69.28,71.61,62.74,77.26,65.64,54.87
CUST_3097,118.62,114.94,133.1,126.55,118.48,122.26,122.36,124.85,119.84,113.75,133.3,125.04
CUST_3098,64.73,58.11,51.33,71.53,68.22,77.73,75.65,56.67,54.01,74.7,74.4,54.33
CUST_3099,45.19,39.59,38.68,52.68,51.99,44.18,42.53,49.04,46.34,45.76,43.16,55.71
CUST_3100,122.13,138.1,129.49,133.89,137.46,135.44,118.64,116.3,132.38,112.34,124.4,127.81
CUST_3101,84.56,94.61,92.64,80.56,87.81,91.19,81.42,97.44,95.8,88.11,78.06,96.48
CUST_3102,74.91,85.28,67.6,69.74,90.96,65.66,72.29,76.76,80.73,88.48,89.01,92.37
CUST_3103,114.16,113.21,100.88,105.98,98.83,116.78,112.96,102.6,104.57,93.5,99.74,113.26
CUST_3104,56.64,41.08,59.61,65.79,52.41,53.29,51.28,43.6,65.25,58.7,49.95,56.36
CUST_3105,116.11,107.42,127.91,108.52,108.5,113.24,121.96,114.9,113.11,122.72,125.55,111.85
CUST_3106,114.95,96.91,97.1,122.27,102.61,113.18,124.49,107.61,107.69,104.71,98.83,106.04
CUST_3107,81.45,83.34,81.75,94.0,75.88,94.6,74.05,93.72,73.93,73.31,80.64,92.95
CUST_3108,52.76,44.16,58.36,50.05,37.9,36.38,33.96,43.4,52.53,44.28,45.0,53.65
CUST_3109,79.87,92.7,78.13,82.43,97.93,105.62,90.14,88.77,77.94,105.41,85.38,90.85
CUST_3110,89.72,81.18,74.32,74.0,78.02,86.76,79.95,67.82,79.12,88.72,71.21,64.47
CUST_3111,104.14,98.6,77.47,81.39,85.32,104.99,95.59,81.46,100.67,86.36,103.52,83.67
CUST_3112,116.14,111.92,112.12,106.1,119.86,112.0,109.35,103.72,115.13,104.53,98.4,117.53
CUST_3113,30.78,53.33,38.68,28.94,52.9,27.71,41.56,37.69,53.47,28.54,37.7,30.14
CUST_3114,106.94,91.96,111.07,96.78,94.22,105.67,92.25,111.9,105.48,90.04,94.86,104.05
CUST_3115,94.72,119.13,93.51,92.82,116.74,111.74,113.53,119.46,102.49,102.67,100.16,101.78
CUST_3116,79.56,78.07,57.4,64.84,76.21,74.81,59.05,83.06,55.86,73.89,70.94,62.96
CUST_3117,96.37,93.16,94.9,114.35,104.86,99.97,105.11,110.61,104.91,105.46,106.11,113.65
CUST_3118,45.09,73.04,44.36,69.21,60.22,68.57,55.94,68.47,71.21,72.59,53.29,65.39
CUST_3119,84.16,95.59,80.71,77.5,84.81,103.44,94.95,85.72,97.52,80.91,103.36,78.24
CUST_3120,54.62,65.18,58.55,52.09,66.86,56.25,73.84,53.67,78.35,71.51,74.36,66.97
CUST_3121,67.51,76.21,82.72,93.13,70.82,84.79,70.9,86.67,74.74,88.81,82.57,74.74
CUST_3122,98.86,75.49,87.98,96.61,90.2,90.08,97.4,69.16,70.63,75.77,84.68,71.23
CUST_3123,104.43,105.84,106.94,112.98,111.33,109.0,91.64,103.83,90.22,112.71,85.19,84.3
CUST_3124,122.79,123.38,115.25,116.74,104.74,119.72,101.57,106.31,115.37,98.95,119.14,107.63
CUST_3125,60.87,64.27,71.79,53.25,72.24,51.88,61.13,67.81,59.62,58.16,61.49,63.51
CUST_3126,109.59,125.27,118.3,112.66,119.02,114.68,125.82,107.1,123.19,120.19,127.63,120.5
CUST_3127,109.46,104.26,109.64,98.94,126.18,102.22,103.71,106.87,123.38,105.57,113.69,105.53
CUST_3128,29.18,52.44,31.14,52.82,46.07,52.31,50.09,51.27,34.66,32.85,48.08,49.07
CUST_3129,56.67,51.46,56.76,76.34,51.29,68.97,76.6,53.28,61.67,59.19,58.13,55.98
CUST_3130,44.38,58.84,41.32,62.24,46.12,63.65,68.35,61.32,41.46,55.35,46.19,40.6
CUST_3131,54.04,26.99,32.07,43.45,42.02,35.66,53.92,35.11,27.88,46.87,52.14,38.1
CUST_3132,111.46,113.34,94.22,116.75,96.29,114.39,112.69,94.1,94.51,96.86,108.26,116.71
CUST_3133,118.84,114.15,115.6,117.81,107.71,108.91,109.88,103.99,113.36,108.27,120.24,102.76
CUST_3134,66.02,79.09,67.26,69.11,64.89,56.57,72.56,62.05,74.56,53.27,65.46,78.27
CUST_3135,88.82,90.27,75.28,72.97,85.72,73.46,70.73,67.77,68.4,85.63,71.28,64.77
CUST_3136,107.18,102.36,102.77,88.2,101.1,88.97,111.25,102.42,103.4,109.73,113.84,96.84
CUST_3137,74.48,83.24,77.12,84.08,96.43,83.3,88.32,97.46,98.76,100.65,102.72,97.57
CUST_3138,132.86,120.43,106.02,116.84,124.06,123.69,120.6,123.85,134.53,130.91,108.29,125.15
CUST_3139,87.23,94.65,93.16,82.39,84.9,82.5,79.81,90.18,84.96,71.24,76.69,89.13
CUST_3140,130.92,120.82,130.55,119.04,131.35,110.21,119.31,132.49,124.77,129.33,123.89,130.35
CUST_3141,49.53,66.02,49.37,47.12,58.85,55.58,64.96,74.44,64.58,71.62,52.79,53.06
CUST_3142,107.06,125.22,108.33,106.81,109.43,129.32,131.55,108.89,123.81,120.41,111.69,116.02
CUST_3143,99.93,106.41,110.58,103.35,103.59,90.91,84.49,86.23,104.26,94.02,84.93,106.77
CUST_3144,65.35,67.89,85.57,90.54,66.55,83.41,80.48,64.51,71.39,65.69,68.11,87.48
CUST_3145,47.34,50.82,65.95,65.3,71.81,49.41,52.56,68.55,66.04,51.88,72.14,72.45
CUST_3146,30.77,39.23,32.36,34.5,39.59,41.36,41.81,51.69,45.61,34.68,34.68,48.08
CUST_3147,137.72,137.33,128.45,113.9,121.86,135.01,128.61,138.08,129.93,113.71,124.0,138.02
CUST_3148,122.49,121.33,112.63,132.62,109.51,113.65,123.5,124.59,112.47,128.91,120.01,110.64
CUST_3149,105.98,117.32,109.42,111.34,98.88,99.93,114.87,108.14,121.85,105.74,102.63,95.29
CUST_3150,81.89,89.09,63.76,63.33,91.78,63.43,71.78,62.91,73.12,72.4,86.83,63.67
CUST_3151,38.73,41.03,43.14,61.25,53.4,56.3,54.76,40.84,52.72,54.87,46.05,55.72
CUST_3152,101.27,85.37,80.22,91.44,91.52,100.9,99.21,104.46,85.89,92.26,100.07,104.93
CUST_3153,99.33,94.75,105.41,96.18,93.01,86.42,92.85,86.39,90.82,105.45,108.82,92.57
CUST_3154,127.09,109.5,118.22,114.78,103.88,114.77,121.0,116.59,101.47,123.34,101.39,122.54
CUST_3155,103.22,94.25,110.86,89.78,98.71,105.5,86.79,85.95,90.12,97.0,109.2,104.74
CUST_3156,38.01,51.02,36.47,38.17,60.3,36.43,59.4,57.19,47.22,34.41,45.71,33.06
CUST_3157,92.85,111.77,90.19,95.27,103.73,106.31,111.79,90.62,89.82,103.3,91.9,108.97
CUST_3158,46.47,68.75,59.88,70.27,48.62,65.08,63.35,44.26,44.8,68.5,62.42,68.11
CUST_3159,66.59,66.62,71.03,50.02,66.72,67.67,71.23,73.93,65.96,54.55,58.38,57.6
CUST_3160,62.34,75.18,70.08,63.09,71.42,59.45,64.59,69.41,69.56,55.69,67.48,69.1
CUST_3161,36.4,48.63,21.37,49.92,22.15,27.99,48.56,21.66,40.08,42.2,35.16,23.32
CUST_3162,56.59,62.6,79.66,78.53,68.2,51.93,74.01,80.49,68.56,57.65,71.44,51.48
CUST_3163,92.01,105.0,87.12,104.3,85.91,102.52,109.89,98.6,108.78,99.25,108.5,91.41
CUST_3164,32.17,33.7,50.16,56.61,56.93,42.01,39.3,46.94,50.02,43.68,36.02,61.72
CUST_3165,64.26,47.16,52.57,64.22,49.18,49.06,63.07,71.9,48.2,47.26,67.49,59.87
CUST_3166,76.36,60.89,74.8,61.17,59.58,77.86,51.73,73.26,54.25,55.69,76.95,64.58
CUST_3167,90.95,104.03,109.18,94.96,109.02,117.32,93.92,92.48,99.12,113.61,108.27,113.18
CUST_3168,96.84,95.64,100.86,116.4,117.26,121.45,120.77,95.7,119.55,102.42,96.1,100.94
CUST_3169,97.58,106.19,100.41,102.92,99.27,86.65,85.16,103.89,97.07,103.46,102.21,90.06
CUST_3170,52.11,64.91,50.73,61.05,56.4,61.06,56.2,50.7,55.09,47.42,43.4,56.05
CUST_3171,58.22,42.62,48.69,48.41,57.74,56.93,37.85,60.12,62.43,60.46,43.14,63.37
CUST_3172,42.62,37.32,28.45,36.48,52.29,46.22,48.57,38.8,28.06,50.29,47.12,53.76
CUST_3173,43.89,53.29,32.33,41.27,33.88,40.95,32.14,57.82,56.01,30.64,59.93,40.57
CUST_3174,107.39,111.44,99.55,107.51,101.09,118.79,101.29,112.22,112.28,122.87,125.13,112.36
CUST_3175,69.72,61.04,68.53,64.99,57.45,82.85,63.25,71.75,85.17,57.26,72.08,85.17
CUST_3176,101.4,123.88,105.13,123.21,115.14,123.32,106.43,102.0,116.52,123.06,110.25,127.52
CUST_3177,118.91,121.1,123.08,121.44,105.17,120.46,118.18,110.99,117.14,113.25,100.11,118.25
CUST_3178,54.97,33.34,52.27,46.44,30.36,55.4,44.83,55.28,35.52,36.65,33.94,54.47
CUST_3179,82.29,81.44,69.93,79.07,81.42,86.73,86.8,80.51,72.95,82.65,65.57,85.1
CUST_3180,115.57,121.34,110.17,100.13,124.97,124.4,104.8,99.11,108.54,113.19,100.45,124.86
CUST_3181,108.34,91.33,92.39,99.61,93.78,99.62,112.08,94.14,112.16,101.93,113.39,113.34
CUST_3182,98.9,97.89,109.75,104.04,99.87,117.95,115.66,105.35,94.61,103.55,111.21,121.22
CUST_3183,79.61,73.09,75.58,56.05,55.7,77.09,77.9,71.19,52.42,71.78,55.05,80.22
CUST_3184,50.26,33.64,42.04,42.35,51.0,32.62,43.51,52.5,37.65,51.92,33.2,37.4
CUST_3185,64.18,66.06,64.65,51.04,62.56,47.33,39.73,64.21,57.89,40.71,60.51,45.65
CUST_3186,103.75,98.16,103.84,117.64,100.0,112.01,105.44,93.41,107.71,90.2,117.16,104.28
CUST_3187,42.41,38.2,29.7,31.66,38.18,25.11,40.03,35.58,23.3,44.89,45.52,46.48
CUST_3188,62.07,79.88,78.51,68.53,64.35,63.94,58.92,78.27,70.2,73.19,79.61,53.73
CUST_3189,33.55,31.19,43.05,25.38,23.8,33.91,29.01,36.59,36.78,43.83,27.11,29.19
CUST_3190,90.23,88.19,72.17,90.59,76.79,73.65,96.75,78.05,94.53,73.04,79.58,75.54
CUST_3191,101.83,80.06,86.64,92.74,80.95,92.06,75.73,93.3,83.14,76.54,91.65,80.77
CUST_3192,86.99,93.3,96.88,90.04,87.7,80.4,95.49,78.11,90.37,75.5,73.17,74.97
CUST_3193,41.26,53.25,28.39,50.23,36.37,41.82,24.16,30.74,43.99,43.61,31.37,45.98
CUST_3194,69.66,63.84,67.82,83.4,76.01,84.06,79.21,83.27,56.57,75.86,77.46,61.43
CUST_3195,76.91,70.32,87.04,76.69,78.98,85.92,88.92,75.18,91.66,85.2,81.99,85.12
CUST_3196,33.37,25.44,45.8,48.43,41.5,35.64,40.78,45.77,44.81,33.27,46.31,32.51
CUST_3197,78.69,64.56,76.6,56.3,72.01,61.97,69.67,62.49,59.59,63.64,54.25,74.5
CUST_3198,90.42,64.7,87.21,91.73,80.13,94.04,88.53,89.73,84.87,69.06,92.02,78.53
CUST_3199,62.49,73.83,66.07,60.17,56.97,53.55,54.15,53.19,58.95,77.43,81.4,59.85
CUST_3200,60.38,61.22,42.26,50.99,59.01,52.52,50.05,57.4,46.57,65.8,60.15,70.65
CUST_3201,124.27,120.13,131.72,110.83,122.72,111.1,118.22,114.26,112.17,117.49,121.57,129.58
CUST_3202,81.41,96.93,80.56,101.68,77.92,92.28,93.07,94.96,85.63,91.85,87.36,80.96
CUST_3203,95.36,109.29,91.44,96.74,108.58,87.24,108.99,93.38,110.93,94.15,105.24,105.65
CUST_3204,71.3,70.98,72.94,80.76,91.28,81.29,91.12,70.27,68.13,67.31,84.61,79.3
CUST_3205,51.04,45.03,46.34,56.94,48.56,54.37,52.35,65.87,59.79,47.78,65.59,50.31
CUST_3206,56.17,36.8,43.61,43.78,59.0,50.65,47.9,53.24,58.87,48.95,59.27,58.3
CUST_3207,58.37,50.35,63.36,75.79,48.93,60.42,65.28,73.32,58.9,53.18,69.45,52.36
CUST_3208,40.79,48.53,41.14,48.18,58.55,39.91,35.43,37.36,49.02,37.26,56.86,36.47
CUST_3209,91.47,114.09,99.26,108.29,108.73,105.99,93.11,90.17,91.11,113.35,113.33,101.59
CUST_3210,53.57,34.47,39.42,32.12,50.95,33.8,34.69,42.17,52.34,39.33,55.03,32.25
CUST_3211,113.83,123.87,132.25,124.29,119.32,127.01,110.2,109.93,121.74,129.96,123.79,108.66
CUST_3212,84.92,86.38,74.35,86.6,87.79,82.43,81.32,96.89,84.17,92.17,90.16,85.03
CUST_3213,52.96,46.67,61.75,47.61,63.55,62.13,62.75,62.84,38.54,48.33,48.66,60.43
CUST_3214,113.1,123.37,120.69,114.06,103.45,111.86,107.19,128.29,104.34,123.69,119.61,112.15
CUST_3215,37.57,38.63,29.55,27.74,25.47,45.13,48.3,32.49,35.18,40.35,41.89,30.49
CUST_3216,83.07,79.3,71.73,70.61,97.33,71.41,98.52,75.92,95.68,92.93,71.76,76.64
CUST_3217,91.59,65.52,84.95,87.44,81.92,90.96,82.14,92.52,71.25,89.19,67.08,84.35
CUST_3218,40.4,40.24,48.67,27.72,45.71,25.82,48.71,46.25,32.55,43.64,30.2,48.32
CUST_3219,127.35,111.62,109.87,114.55,126.98,124.98,115.83,127.7,128.81,102.27,109.88,118.36
CUST_3220,29.82,42.3,44.09,36.82,38.49,52.86,42.62,50.47,49.69,40.23,42.77,35.18
CUST_3221,92.46,92.8,114.25,101.67,103.67,107.43,85.55,106.78,104.12,91.33,98.47,109.51
CUST_3222,77.83,84.35,72.24,66.09,62.66,81.31,64.13,60.18,65.9,59.79,64.73,77.77
CUST_3223,125.67,128.42,123.73,104.7,120.31,127.79,114.12,116.28,112.25,105.63,128.89,118.41
CUST_3224,118.38,134.28,112.78,113.93,117.23,118.39,126.74,128.21,131.3,111.75,130.6,108.63
CUST_3225,94.71,90.95,80.48,79.71,92.94,83.42,75.18,99.49,95.24,90.31,89.0,86.32
CUST_3226,90.6,84.84,72.34,89.7,78.39,71.58,75.55,90.16,72.27,64.3,89.01,68.58
CUST_3227,120.68,107.64,116.91,109.15,102.86,104.96,122.83,108.48,117.53,108.66,123.92,115.47
CUST_3228,55.82,60.56,77.57,71.8,80.6,58.09,79.83,78.81,75.47,65.27,74.13,52.08
CUST_3229,72.15,85.6,78.55,71.06,66.19,80.08,80.63,75.29,65.88,67.2,59.39,76.07
CUST_3230,112.9,103.1,105.37,113.28,112.94,106.14,87.28,99.94,85.88,108.34,89.06,94.86
CUST_3231,127.05,130.0,127.88,119.86,116.94,128.15,127.07,117.06,108.62,128.75,122.09,135.41
CUST_3232,56.72,68.92,71.35,62.05,66.91,77.09,73.24,54.61,54.06,80.69,73.21,58.0
CUST_3233,116.43,130.48,112.86,116.46,126.41,125.54,124.44,116.58,127.59,121.16,122.17,134.64
CUST_3234,52.35,76.97,73.36,60.77,70.51,75.99,50.98,60.38,48.7,64.04,73.9,67.93
CUST_3235,83.48,70.79,77.68,62.45,57.6,77.18,71.08,76.16,64.28,59.0,79.99,77.1
CUST_3236,40.52,39.47,59.82,58.3,54.15,43.41,45.51,62.33,66.76,55.22,65.98,54.93
CUST_3237,97.32,99.81,96.59,90.2,104.22,105.65,84.05,98.32,86.59,105.1,104.73,88.22
CUST_3238,58.77,63.33,74.76,69.99,77.16,76.96,74.95,59.69,60.7,69.08,62.77,58.9
CUST_3239,57.95,35.57,50.72,54.8,29.33,45.6,35.67,44.35,33.7,51.49,43.72,47.88
CUST_3240,101.41,114.8,121.51,103.69,107.43,110.1,126.15,116.9,119.61,126.33,108.74,111.41
CUST_3241,61.55,57.11,57.29,53.26,63.65,70.23,71.24,46.96,63.25,62.35,67.58,64.34
CUST_3242,62.77,54.26,67.98,74.3,69.72,49.71,55.71,67.88,68.46,60.02,72.61,71.26
CUST_3243,124.58,113.99,125.37,108.23,104.69,127.11,113.12,110.87,107.2,106.99,113.48,127.69
CUST_3244,87.52,87.01,96.56,84.67,93.43,80.2,71.45,75.83,82.6,70.87,84.57,78.0
CUST_3245,86.81,62.76,67.28,83.37,90.83,66.27,83.28,70.48,85.23,90.14,84.81,82.74
CUST_3246,60.56,53.18,36.16,42.31,36.78,37.17,54.59,44.49,50.77,59.89,54.68,63.06
CUST_3247,32.02,23.73,22.9,36.9,21.53,23.27,45.65,38.72,25.4,49.45,32.04,27.86
CUST_3248,35.48,38.92,44.31,35.51,31.52,55.68,54.93,33.28,46.33,55.44,57.56,50.17
CUST_3249,74.48,64.02,85.51,64.53,64.35,66.07,87.56,76.46,65.92,88.45,62.52,79.06
CUST_3250,45.2,64.92,64.6,44.93,65.59,38.0,47.38,51.62,58.16,55.6,42.19,43.73
CUST_3251,106.1,104.96,96.15,117.31,89.83,100.12,116.55,115.47,115.5,117.53,104.67,88.08
CUST_3252,99.97,97.41,119.8,105.63,114.48,121.54,105.64,116.7,95.01,107.86,102.0,102.5
CUST_3253,106.77,101.61,114.68,116.22,102.83,96.65,113.85,96.19,105.9,93.57,97.44,95.67
CUST_3254,70.65,50.55,54.78,73.64,51.32,66.99,72.26,48.07,76.93,48.92,50.38,66.76
CUST_3255,136.37,122.79,131.47,137.03,118.75,136.25,130.74,121.61,123.14,111.98,136.3,121.24
CUST_3256,43.92,46.3,35.95,28.87,25.72,40.46,50.7,24.75,46.72,33.67,44.79,41.75
CUST_3257,102.55,123.59,107.43,102.23,118.16,100.73,114.78,114.7,122.03,113.24,121.39,119.6
CUST_3258,102.6,104.55,84.6,100.63,88.04,95.45,106.85,104.27,85.29,101.05,103.87,112.18
CUST_3259,98.07,94.93,93.23,118.56,117.79,103.62,97.43,109.15,95.63,114.46,95.52,120.78
CUST_3260,86.23,85.64,66.16,94.27,66.79,82.31,69.24,90.81,75.12,75.42,72.3,70.3
CUST_3261,93.97,79.08,77.98,89.16,96.24,90.6,92.51,104.51,88.07,103.27,100.42,98.23
CUST_3262,123.01,128.01,114.94,103.6,112.69,100.09,116.37,110.23,102.92,117.76,122.02,117.49
CUST_3263,38.54,53.16,40.93,30.96,30.95,37.88,35.83,50.85,54.04,43.06,52.74,31.66
CUST_3264,117.76,105.94,112.94,122.89,116.6,114.98,114.5,108.1,128.56,110.54,117.42,115.79
CUST_3265,121.08,108.71,117.3,125.71,111.66,109.26,119.67,117.63,119.18,120.98,121.71,126.77
CUST_3266,117.22,116.02,120.88,102.98,111.34,106.84,115.55,116.18,126.45,109.25,117.05,104.13
CUST_3267,64.03,69.42,55.84,57.09,62.81,54.73,57.85,62.03,51.71,55.01,54.41,48.16
CUST_3268,61.4,66.03,71.63,84.93,82.82,69.66,64.66,80.76,80.47,81.1,65.85,91.07
CUST_3269,63.71,40.36,40.95,65.6,54.26,47.24,65.62,50.52,51.43,40.04,52.86,54.22
CUST_3270,42.3,44.71,58.12,35.83,54.24,53.79,55.97,64.61,52.35,47.71,43.6,37.69
CUST_3271,84.07,74.93,64.97,66.33,75.09,62.94,66.55,78.41,80.09,89.99,79.57,68.95
CUST_3272,66.77,85.54,57.72,76.28,57.82,72.8,63.08,63.31,70.47,68.13,66.03,57.96
CUST_3273,56.44,68.38,76.91,63.49,83.37,76.58,82.93,62.17,81.43,68.4,78.25,67.23
CUST_3274,49.12,50.24,41.6,39.9,53.81,46.94,48.34,52.22,51.67,53.1,61.26,47.36
CUST_3275,95.2,93.18,87.24,92.07,85.23,98.26,86.12,103.02,99.62,94.05,87.67,104.12
CUST_3276,67.77,64.08,84.76,77.79,62.67,61.86,80.54,54.99,60.11,79.55,55.81,82.77
CUST_3277,123.5,111.81,116.94,108.59,128.54,109.7,103.09,122.66,103.99,106.93,129.5,114.47
CUST_3278,82.75,77.23,83.31,68.75,82.96,78.32,83.38,87.37,68.4,81.69,89.01,82.36
CUST_3279,39.88,32.01,23.75,38.59,40.28,27.47,28.15,26.31,40.77,46.37,30.55,23.62
CUST_3280,29.78,23.47,32.45,48.07,22.7,29.91,47.6,25.25,46.39,47.14,35.84,49.01
CUST_3281,110.05,109.61,90.75,112.68,113.9,95.71,98.11,103.84,91.7,98.07,90.15,89.61
CUST_3282,35.89,38.64,39.73,45.14,40.69,40.13,54.89,56.53,37.1,52.43,37.47,51.24
CUST_3283,46.19,47.87,62.37,61.65,67.41,62.25,72.26,55.94,70.85,70.95,46.28,64.82
CUST_3284,83.03,70.31,71.87,75.5,85.35,82.14,86.35,83.55,73.97,93.03,88.09,69.4
CUST_3285,46.37,51.32,47.69,66.11,66.56,62.88,66.79,70.9,59.33,58.02,62.68,43.57
CUST_3286,67.06,54.73,50.14,55.03,58.37,48.85,70.9,57.85,54.38,51.38,71.39,62.41
CUST_3287,114.31,109.14,128.92,103.55,124.13,106.98,111.95,129.41,104.92,123.29,113.56,111.95
CUST_3288,87.42,79.89,93.63,79.36,80.07,86.4,98.02,85.48,90.09,105.04,93.9,87.91
CUST_3289,113.89,119.84,101.65,118.17,122.62,121.94,118.95,124.56,97.62,107.88,107.6,101.04
CUST_3290,57.95,77.83,66.32,54.33,76.22,57.32,68.43,79.0,62.52,79.84,69.35,70.42
CUST_3291,42.89,54.15,31.08,40.27,32.68,42.11,46.08,43.34,36.0,39.17,55.29,33.5
CUST_3292,50.65,67.68,69.83,64.93,43.75,60.89,50.01,53.28,58.74,58.5,64.5,57.14
CUST_3293,100.97,104.98,91.54,104.83,105.67,95.23,112.41,103.74,88.94,102.87,103.73,89.97
CUST_3294,32.63,44.49,47.48,31.62,38.63,56.87,57.37,42.55,58.1,31.71,54.37,33.96
CUST_3295,56.07,61.2,57.33,51.8,52.67,60.3,69.74,49.06,61.18,47.66,43.72,56.27
CUST_3296,97.16,84.82,101.35,97.81,104.37,79.6,94.26,103.87,102.68,104.86,94.93,93.35
CUST_3297,49.89,30.2,44.65,48.51,34.64,35.74,52.53,27.04,40.72,30.01,51.16,34.3
CUST_3298,61.12,48.73,71.62,70.13,61.15,52.59,71.77,68.62,58.18,55.35,57.82,60.68
CUST_3299,35.37,30.28,30.09,48.51,53.02,58.19,56.21,50.16,53.37,38.67,33.1,48.94
CUST_3300,78.27,65.71,61.39,71.72,79.32,78.14,58.18,74.45,71.31,77.37,82.06,71.49
CUST_3301,71.72,55.61,66.15,73.69,66.35,63.93,68.41,74.62,70.69,60.56,68.36,71.27
CUST_3302,60.72,45.68,60.08,52.71,36.13,54.24,49.47,62.8,58.3,54.85,42.52,50.53
CUST_3303,87.6,86.78,87.49,73.79,89.96,78.83,88.66,89.32,67.67,72.02,70.27,62.83
CUST_3304,64.68,68.79,39.63,39.8,65.09,52.44,58.08,58.8,39.5,62.19,53.08,47.24
CUST_3305,38.86,38.13,50.07,37.79,31.7,38.65,39.21,47.37,36.76,36.21,27.01,24.84
CUST_3306,77.11,65.83,63.53,72.5,67.06,89.04,74.87,84.74,74.34,62.5,88.79,60.72
CUST_3307,122.22,118.45,126.02,110.75,132.14,127.53,110.06,109.74,117.81,136.91,136.78,136.81
CUST_3308,120.24,110.8,102.7,95.21,97.39,107.61,120.07,96.7,102.94,103.09,103.03,109.34
CUST_3309,84.61,106.44,95.58,93.62,97.54,82.5,104.1,106.88,97.6,82.81,88.69,85.38
CUST_3310,64.85,83.81,55.93,62.46,58.42,63.5,70.52,74.56,78.14,60.24,66.13,60.29
CUST_3311,97.15,111.3,112.37,107.15,91.99,100.75,101.21,89.3,114.63,87.0,112.81,92.18
CUST_3312,116.66,118.38,101.57,120.52,99.97,100.19,107.77,117.85,104.21,115.48,112.85,119.89
CUST_3313,57.12,73.96,55.01,82.08,72.1,56.46,59.15,57.04,77.37,63.9,57.85,66.7
CUST_3314,75.54,98.54,74.78,93.79,96.64,79.13,87.36,98.5,97.04,92.5,78.96,99.27
CUST_3315,33.73,50.95,24.58,45.22,26.53,40.9,25.65,49.97,52.69,35.02,51.69,34.53
CUST_3316,90.75,99.88,95.11,114.75,97.09,115.86,100.3,119.17,91.35,104.89,102.61,115.48
CUST_3317,96.54,98.5,105.66,101.59,86.27,85.16,91.19,102.57,109.95,83.26,99.43,90.31
CUST_3318,75.61,89.22,86.1,83.36,88.7,91.76,101.25,80.87,101.94,95.36,101.84,82.56
CUST_3319,115.56,116.82,131.02,109.18,131.23,129.67,116.3,117.35,129.96,109.13,112.79,121.58
CUST_3320,137.79,131.58,108.63,133.65,115.15,124.52,136.09,112.51,109.26,123.55,137.69,114.29
CUST_3321,72.66,98.05,91.96,93.11,76.54,96.56,82.87,99.07,93.65,77.29,100.81,93.55
CUST_3322,90.98,114.11,115.33,89.31,116.0,105.08,109.57,103.91,100.7,100.99,96.32,90.88
CUST_3323,43.61,32.87,53.57,55.53,28.56,40.63,50.45,40.77,54.37,58.32,44.17,37.7
CUST_3324,48.99,63.69,56.38,70.58,57.28,72.86,72.9,73.71,62.45,54.0,71.35,55.25
CUST_3325,80.35,76.3,74.32,79.07,67.93,75.01,67.28,84.12,77.62,70.79,79.77,61.19
CUST_3326,56.0,63.27,61.9,47.09,73.16,76.14,48.92,66.38,69.82,75.56,61.81,61.42
CUST_3327,66.12,63.58,83.22,85.46,88.83,82.48,70.25,70.07,81.91,73.0,82.36,87.55
CUST_3328,104.75,106.56,87.41,100.19,97.89,103.52,105.36,90.2,100.69,102.99,98.24,107.96
CUST_3329,44.32,59.06,62.24,44.08,48.4,55.71,51.45,42.17,63.89,63.18,54.08,43.49
CUST_3330,113.32,130.67,116.13,108.9,122.35,127.09,127.01,137.19,114.29,119.71,114.32,136.32
CUST_3331,51.41,24.47,46.92,51.29,48.03,43.18,40.57,50.64,50.75,34.28,26.56,27.88
CUST_3332,77.07,67.48,56.43,73.08,70.33,62.01,78.64,69.21,74.74,61.31,52.65,61.79
CUST_3333,61.49,66.67,74.9,59.62,60.03,74.62,56.25,70.7,59.96,57.83,71.55,77.13
CUST_3334,113.22,86.3,110.77,101.69,108.99,99.73,93.46,88.61,101.98,100.84,102.33,107.37
CUST_3335,86.13,84.47,82.48,92.51,89.76,86.88,77.9,82.09,85.0,95.71,97.34,92.2
CUST_3336,32.55,35.89,60.06,52.61,54.74,37.85,40.13,60.28,59.64,60.17,42.75,52.48
CUST_3337,126.15,119.99,114.43,107.29,129.91,122.47,101.07,103.83,120.14,121.43,126.63,108.86
CUST_3338,60.72,76.01,55.07,73.66,73.87,60.26,51.84,54.39,60.66,60.53,48.25,60.14
CUST_3339,87.46,62.37,81.32,85.56,70.47,75.05,76.08,64.27,59.88,72.94,61.61,68.75
CUST_3340,54.02,62.43,80.81,75.25,71.08,55.77,63.1,70.0,75.76,63.1,66.11,76.26
CUST_3341,64.1,74.71,61.68,65.05,60.35,81.13,61.74,77.51,61.11,67.86,65.96,79.33
CUST_3342,87.79,78.67,74.92,85.72,76.67,67.43,85.08,70.07,63.05,86.04,67.31,83.34
CUST_3343,127.63,114.45,108.36,106.81,113.26,98.86,122.62,106.72,116.72,127.58,112.71,104.12
CUST_3344,65.71,83.66,72.38,62.01,82.39,84.64,72.89,87.28,77.31,60.54,68.89,66.38
CUST_3345,38.58,33.3,51.14,26.86,52.41,40.75,47.03,37.78,42.18,46.32,48.2,46.95
CUST_3346,50.02,38.82,29.69,32.57,39.14,29.84,38.2,46.0,35.09,47.72,32.13,50.17
CUST_3347,65.47,62.83,66.72,80.77,74.32,83.25,58.68,64.61,56.4,61.18,73.06,64.66
CUST_3348,128.94,108.96,114.0,117.81,111.82,128.6,119.37,125.98,129.37,123.07,132.83,116.67
CUST_3349,59.34,70.32,76.59,57.3,58.36,56.01,77.38,71.98,67.73,55.17,54.88,74.58
CUST_3350,75.26,62.27,55.11,58.56,57.36,68.41,64.68,72.53,80.1,55.29,55.59,80.05
CUST_3351,53.9,40.12,43.55,53.34,48.11,50.42,65.12,53.46,61.23,44.67,53.5,41.15
CUST_3352,42.09,56.96,51.36,64.84,56.07,40.89,58.55,65.22,54.13,54.54,49.45,64.58
CUST_3353,113.88,107.53,111.43,112.36,103.73,127.78,100.21,106.55,112.79,110.31,111.27,124.89
CUST_3354,126.27,129.1,120.84,130.8,112.92,128.88,113.72,117.88,106.99,123.91,120.02,129.67
CUST_3355,121.26,122.43,115.34,101.3,103.15,114.44,127.7,116.18,117.12,126.12,122.81,119.62
CUST_3356,102.98,91.16,83.21,103.09,94.4,96.93,89.75,79.44,93.71,77.79,90.21,84.12
CUST_3357,114.19,111.94,109.4,121.93,133.45,114.86,121.99,108.65,118.24,127.51,117.31,133.72
CUST_3358,61.69,60.16,79.3,72.12,58.8,77.32,58.68,70.94,74.45,79.9,54.82,78.2
CUST_3359,84.89,89.64,95.32,81.34,73.08,82.29,73.22,95.49,73.57,66.05,86.96,86.79
CUST_3360,99.61,88.65,101.75,100.25,86.13,80.2,89.13,98.03,81.7,86.62,100.62,77.19
CUST_3361,122.04,117.14,102.44,128.17,113.31,126.81,115.81,131.26,107.34,108.71,110.69,127.84
CUST_3362,58.6,49.27,58.58,67.65,68.21,65.66,71.73,68.28,48.02,61.95,51.86,52.22
CUST_3363,72.94,91.2,71.24,86.88,76.65,87.47,84.1,81.68,94.79,87.33,92.53,92.49
CUST_3364,117.88,110.24,104.24,101.44,98.63,96.72,114.47,104.77,117.38,116.5,106.86,108.91
CUST_3365,84.34,63.12,64.43,59.55,80.24,86.03,83.89,81.77,72.72,69.48,58.8,77.75
CUST_3366,32.82,34.54,35.12,48.59,54.02,36.4,36.21,51.65,30.72,38.99,44.81,40.79
CUST_3367,49.54,67.47,69.9,76.53,69.98,55.98,67.56,58.83,75.26,62.82,59.86,71.91
CUST_3368,58.98,48.32,46.35,52.19,54.97,48.63,59.95,44.87,59.93,54.42,49.59,49.14
CUST_3369,60.76,73.59,50.11,55.43,59.77,53.64,67.42,74.65,61.41,62.9,63.06,74.12
CUST_3370,50.92,50.18,36.82,44.91,42.24,26.07,35.43,43.27,36.97,48.99,22.06,34.74
CUST_3371,112.33,102.26,108.28,90.52,98.55,110.81,88.61,112.94,109.26,104.93,111.28,111.88
CUST_3372,77.36,73.41,88.92,87.71,75.28,77.49,88.98,75.12,83.38,81.98,69.96,95.55
CUST_3373,69.58,62.37,53.57,51.58,59.1,74.2,50.22,60.15,77.08,53.26,51.03,55.89
CUST_3374,84.79,81.58,80.04,70.47,78.87,93.6,85.54,95.14,68.79,94.05,95.03,85.11
CUST_3375,75.31,83.32,88.56,94.89,94.15,90.53,97.13,96.93,77.23,76.48,78.27,92.96
CUST_3376,116.02,101.43,97.85,99.99,102.5,96.02,99.72,98.37,121.16,95.82,95.32,107.5
CUST_3377,59.13,63.07,49.95,53.09,43.5,43.81,69.48,52.3,54.35,64.51,69.32,71.8
CUST_3378,64.07,80.3,78.59,72.18,73.32,77.81,59.63,82.7,88.1,69.77,82.59,59.3
CUST_3379,67.76,84.3,81.86,56.05,69.97,72.61,61.38,78.07,77.25,81.24,70.0,71.82
CUST_3380,25.58,45.9,48.5,47.1,34.89,41.76,51.81,40.59,25.65,53.48,39.41,43.93
CUST_3381,108.56,104.58,109.69,110.36,98.0,100.71,103.35,100.54,113.99,107.22,97.49,95.31
CUST_3382,62.23,58.06,64.28,66.91,58.32,78.89,66.64,55.03,52.01,79.48,62.45,72.89
CUST_3383,35.64,48.2,31.59,45.31,38.3,44.29,39.21,33.3,25.36,36.68,26.25,41.98
CUST_3384,20.63,30.14,39.54,29.84,36.77,28.87,27.1,22.31,43.08,31.19,29.09,33.94
CUST_3385,93.81,103.38,92.42,87.1,93.15,89.88,87.2,106.85,97.55,113.82,92.53,111.08
CUST_3386,132.97,117.46,127.18,130.78,126.63,114.39,124.06,117.52,127.53,121.21,130.44,113.29
CUST_3387,37.64,41.27,52.75,40.16,45.18,61.98,54.52,41.31,34.59,47.07,52.9,52.86
CUST_3388,85.3,79.82,84.51,76.56,59.2,63.36,60.55,82.65,80.6,66.61,59.97,79.11
CUST_3389,111.31,86.91,102.69,89.86,111.25,114.09,108.59,86.28,87.69,88.41,101.78,113.78
CUST_3390,119.88,115.55,126.62,105.44,110.11,107.2,121.48,104.95,103.21,120.65,104.67,122.14
CUST_3391,105.19,113.92,106.3,113.68,103.22,121.53,123.33,117.67,116.0,99.47,124.25,118.95
CUST_3392,84.23,66.15,62.01,64.34,68.0,55.68,62.06,68.98,61.51,58.32,80.49,66.84
CUST_3393,106.35,96.75,84.72,105.01,106.72,85.72,86.32,85.7,98.22,95.66,107.21,110.02
CUST_3394,100.0,95.9,85.81,87.71,79.56,87.46,78.79,86.49,72.04,81.18,80.29,74.14
CUST_3395,111.5,128.12,130.42,131.66,109.82,119.51,129.92,131.32,124.17,133.09,135.02,115.89
CUST_3396,97.08,106.94,104.56,106.99,95.52,94.85,110.49,100.79,98.2,85.16,98.73,104.36
CUST_3397,82.67,93.52,84.5,98.0,93.94,80.06,97.04,97.57,88.51,97.64,94.99,91.64
CUST_3398,119.3,107.62,123.14,118.38,121.38,125.38,107.26,129.3,133.1,117.32,118.09,113.0
CUST_3399,113.73,99.78,127.63,121.75,121.49,127.88,104.4,104.36,104.02,105.34,116.69,110.2
CUST_3400,63.88,72.98,78.61,59.16,67.96,71.18,60.63,81.03,74.75,64.68,66.44,56.35
CUST_3401,92.59,67.99,80.79,73.63,75.88,73.63,86.14,93.86,97.54,95.85,93.74,76.38
CUST_3402,111.32,99.46,108.62,114.89,101.05,99.29,99.17,117.25,105.55,118.81,113.08,98.69
CUST_3403,132.33,112.62,116.84,132.61,120.74,117.49,116.16,110.66,109.09,122.04,117.59,120.08
CUST_3404,100.17,107.73,105.01,112.96,96.23,113.46,112.54,91.96,112.42,98.96,105.63,110.71
CUST_3405,28.57,27.49,47.38,47.13,26.82,42.16,29.18,38.54,50.4,27.18,21.71,45.57
CUST_3406,44.39,49.64,72.79,69.9,49.39,54.14,64.73,66.21,67.91,57.31,46.69,61.36
CUST_3407,43.96,37.42,34.68,51.04,35.9,52.79,42.79,51.9,34.33,42.47,46.18,56.16
CUST_3408,84.86,84.86,98.81,96.04,98.47,89.4,81.43,83.35,88.11,88.0,103.83,83.06
CUST_3409,47.14,50.47,53.17,65.83,72.51,44.79,53.78,66.43,68.62,43.42,68.07,64.87
CUST_3410,56.65,61.38,62.23,70.28,72.16,53.72,64.52,70.63,70.44,57.26,68.1,57.68
CUST_3411,28.43,48.35,48.79,50.98,21.91,40.99,45.0,33.71,50.56,42.89,49.03,48.59
CUST_3412,130.26,110.07,132.15,120.52,123.96,109.0,136.8,120.64,111.96,122.99,107.98,114.72
CUST_3413,117.1,110.44,116.5,129.15,109.52,129.52,131.42,116.47,133.12,124.37,106.63,120.75
CUST_3414,55.81,54.95,49.6,60.08,56.44,60.59,40.44,51.16,35.11,46.85,35.58,37.11
CUST_3415,52.18,52.66,50.88,63.42,44.91,53.49,41.59,50.48,63.15,38.67,38.73,54.15
CUST_3416,72.3,86.25,92.8,86.0,92.49,94.58,71.56,75.47,83.54,90.04,92.55,73.82
CUST_3417,100.06,93.98,101.26,112.66,109.79,88.67,95.3,106.69,91.15,102.05,101.36,87.99
CUST_3418,72.74,74.22,64.74,68.43,59.89,86.91,66.9,60.01,84.96,83.82,79.79,75.25
CUST_3419,82.64,81.57,77.6,75.32,70.78,91.04,83.51,86.84,67.05,90.38,71.49,70.07
CUST_3420,111.59,104.02,117.33,105.1,123.44,103.72,123.3,123.51,114.51,131.52,125.92,124.82
CUST_3421,29.36,40.73,49.73,32.83,22.08,37.6,38.48,36.14,42.91,28.73,21.94,48.33
CUST_3422,83.03,69.48,61.3,86.47,85.25,75.87,88.14,70.39,76.03,63.77,63.06,89.34
CUST_3423,109.91,111.5,104.05,108.28,104.37,107.19,86.16,91.08,88.46,95.54,92.91,100.39
CUST_3424,81.8,77.5,61.2,78.68,61.63,73.23,80.85,59.88,63.89,83.07,80.47,63.87
CUST_3425,80.98,93.14,81.45,78.73,89.22,99.75,94.4,79.93,85.18,77.93,77.99,94.95
CUST_3426,56.7,64.16,60.06,42.91,62.11,44.92,41.97,57.93,65.07,48.41,63.12,52.82
CUST_3427,92.15,113.39,90.09,106.07,86.36,86.04,88.69,111.99,113.4,101.03,90.25,113.78
CUST_3428,48.64,43.98,59.54,65.81,59.01,66.5,48.93,64.09,42.62,61.85,59.83,53.03
CUST_3429,48.11,50.61,41.09,33.39,41.36,43.32,47.33,32.17,40.84,27.51,44.41,51.37
CUST_3430,78.57,71.58,55.98,54.77,69.15,80.93,69.64,78.38,53.79,80.12,54.52,56.87
CUST_3431,112.24,97.89,84.68,101.86,91.15,89.19,105.09,97.88,84.78,91.3,106.99,99.62
CUST_3432,108.27,108.84,104.9,86.89,107.63,108.23,106.58,102.45,86.74,90.04,108.82,100.07
CUST_3433,75.33,78.99,92.46,79.31,84.74,76.02,82.86,98.77,79.04,94.83,72.38,76.91
CUST_3434,99.41,106.27,112.73,115.5,97.3,110.14,102.88,106.87,99.02,91.26,116.39,118.34
CUST_3435,84.75,75.1,88.93,70.38,70.6,82.25,65.82,66.49,73.84,73.32,78.76,67.99
CUST_3436,111.05,118.65,119.17,101.45,115.23,104.17,91.08,92.4,114.34,108.11,100.32,100.2
CUST_3437,57.93,65.42,53.27,45.56,59.68,44.11,50.22,44.23,47.59,43.96,65.46,50.57
CUST_3438,78.37,101.4,89.14,85.49,99.71,94.3,79.67,92.48,75.37,81.64,95.99,99.78
CUST_3439,73.96,77.29,58.22,59.81,56.5,62.66,62.25,60.82,69.41,64.7,80.29,70.62
CUST_3440,106.23,96.77,95.29,92.9,97.43,95.76,94.57,79.41,79.19,90.71,91.66,94.25
CUST_3441,98.3,96.82,81.87,101.8,83.54,91.05,87.85,73.85,76.52,73.22,84.5,99.74
CUST_3442,103.08,109.62,112.14,97.62,104.72,89.39,114.41,116.31,108.42,98.33,96.19,105.33
CUST_3443,75.64,63.43,87.76,83.07,68.81,89.98,85.12,67.09,67.64,80.49,74.77,90.86
CUST_3444,34.91,63.19,42.34,55.24,45.51,46.78,54.09,58.19,38.93,49.69,47.01,45.72
CUST_3445,93.99,95.82,93.9,112.62,90.28,92.33,87.1,108.87,86.34,111.46,90.79,91.21
CUST_3446,88.19,85.91,80.65,96.31,82.54,93.45,87.69,85.2,84.67,100.27,76.6,75.32
CUST_3447,81.21,79.59,99.71,104.19,94.67,100.65,81.03,85.31,89.19,77.43,95.07,95.07
CUST_3448,51.72,60.54,50.93,56.09,63.21,77.16,59.05,48.29,51.53,58.44,63.68,48.12
CUST_3449,85.89,79.37,83.52,73.1,76.05,92.75,80.36,93.86,96.96,96.84,76.18,74.1
CUST_3450,63.68,60.84,71.25,60.19,61.56,83.91,62.97,60.17,60.37,63.19,76.37,72.63
CUST_3451,110.52,129.7,119.17,111.97,123.81,107.78,116.7,115.86,120.06,126.62,121.35,131.51
CUST_3452,54.94,62.38,67.95,82.21,65.59,69.57,81.49,79.92,58.28,55.3,58.87,68.0
CUST_3453,100.09,88.62,107.28,110.15,105.49,111.68,112.73,103.73,99.6,93.85,97.72,98.04
CUST_3454,90.33,94.82,80.94,101.03,91.83,103.3,85.73,80.15,85.09,86.54,82.46,108.62
CUST_3455,101.96,104.65,108.42,107.27,111.36,112.66,93.74,110.71,95.55,96.84,104.22,110.68
CUST_3456,58.6,48.91,52.54,56.5,73.33,49.61,49.99,55.53,46.03,61.99,46.26,55.14
CUST_3457,64.7,51.01,45.36,58.7,41.69,44.16,61.5,63.12,45.35,62.69,36.13,51.18
CUST_3458,47.56,40.99,35.3,53.84,43.25,45.97,49.55,39.7,33.27,40.21,52.66,35.79
CUST_3459,40.34,63.7,47.27,41.54,47.71,44.5,66.06,42.16,47.59,62.61,65.76,58.74
CUST_3460,97.35,74.51,77.98,75.16,78.35,77.74,86.9,92.56,69.3,71.58,88.5,91.95
CUST_3461,117.44,120.82,109.44,99.02,120.84,99.03,100.52,92.15,104.97,109.88,94.2,113.11
CUST_3462,129.6,129.77,116.97,115.99,117.56,130.04,116.34,105.34,109.84,105.41,117.17,117.37
CUST_3463,70.94,53.32,55.76,65.83,71.79,73.76,59.04,49.57,67.8,50.25,77.18,60.46
CUST_3464,90.19,84.85,89.69,86.19,90.4,86.81,82.3,79.61,90.01,78.17,92.19,91.13
CUST_3465,118.64,116.68,93.45,110.37,94.83,118.0,108.26,99.05,99.64,110.57,110.63,116.24
CUST_3466,43.87,43.96,50.55,52.97,50.2,29.57,43.11,57.06,37.3,32.27,53.1,36.21
CUST_3467,37.67,35.28,35.85,48.8,37.81,37.02,56.98,45.06,49.93,58.65,41.68,33.74
CUST_3468,69.27,70.17,62.97,67.25,57.58,72.58,64.05,72.16,46.07,57.17,63.63,46.39
CUST_3469,65.15,66.56,57.65,63.95,69.15,69.39,67.78,72.4,61.78,67.25,77.93,78.14
CUST_3470,119.5,118.07,102.79,107.52,107.93,106.66,126.7,124.28,120.1,127.94,104.13,110.03
CUST_3471,106.44,84.34,99.94,103.1,109.04,91.39,90.19,87.97,81.97,106.47,95.38,103.0
CUST_3472,68.65,62.76,62.17,64.35,80.56,85.85,84.77,84.75,63.72,59.81,59.37,64.03
CUST_3473,87.57,73.69,81.02,93.16,68.13,75.72,67.5,84.22,76.06,92.03,90.98,73.62
CUST_3474,48.29,70.32,60.34,51.24,58.3,63.79,47.2,65.49,54.19,63.95,59.38,47.69
CUST_3475,91.28,84.68,78.71,99.86,95.99,86.77,87.58,81.29,99.46,101.74,96.73,82.94
CUST_3476,34.52,45.46,50.51,37.89,43.63,61.34,39.89,53.69,48.19,54.03,62.46,44.25
CUST_3477,39.88,47.89,42.12,48.99,44.27,56.8,53.54,50.38,63.52,50.47,49.71,46.17
CUST_3478,92.8,110.17,103.77,106.44,92.16,96.47,107.19,100.9,105.56,92.22,113.89,104.64
CUST_3479,120.28,109.97,112.17,127.25,120.29,107.41,119.97,106.75,131.59,114.46,109.2,126.19
CUST_3480,88.93,87.56,99.27,81.61,102.52,82.51,90.97,75.58,83.61,90.36,100.32,82.33
CUST_3481,88.98,79.66,84.56,67.59,79.68,82.19,67.85,62.64,62.63,71.83,80.2,74.62
CUST_3482,51.09,25.64,44.84,29.55,42.7,48.08,40.43,26.1,44.32,29.68,31.33,44.78
CUST_3483,84.53,88.4,76.87,74.83,77.9,83.67,69.64,66.29,85.98,91.2,86.49,92.65
CUST_3484,118.49,122.83,124.57,122.31,128.07,119.74,111.38,126.1,102.03,102.48,106.46,104.33
CUST_3485,89.46,83.81,81.92,100.88,82.0,110.59,99.72,83.54,97.34,90.1,94.27,91.08
CUST_3486,57.1,41.03,51.96,39.69,42.61,44.39,67.04,50.96,45.19,56.8,58.03,65.9
CUST_3487,35.6,39.33,23.57,40.4,28.77,34.41,40.63,37.34,24.81,30.65,33.2,33.57
CUST_3488,125.8,108.48,102.62,106.89,118.14,98.09,107.38,119.1,125.46,111.67,103.32,112.78
CUST_3489,63.44,65.17,45.64,64.65,41.89,60.75,60.57,58.25,61.48,50.58,56.25,40.75
CUST_3490,30.28,38.36,34.18,36.07,29.09,51.76,44.52,52.82,32.95,43.02,46.55,37.1
CUST_3491,63.92,67.16,81.98,63.28,87.77,63.45,86.63,68.54,69.0,68.61,82.24,68.27
CUST_3492,102.3,100.65,108.11,103.64,119.24,120.47,103.66,94.56,119.09,112.75,113.05,96.04
CUST_3493,72.11,83.31,65.82,80.97,76.82,79.39,79.3,63.39,65.87,64.76,60.54,58.38
CUST_3494,84.36,62.07,77.39,82.1,74.55,72.79,61.34,73.82,69.29,88.49,63.71,69.85
CUST_3495,100.3,116.58,103.29,97.56,113.08,103.51,97.31,97.58,117.11,116.22,95.61,106.95
CUST_3496,82.41,83.34,98.29,101.76,101.25,104.56,99.59,98.6,94.62,81.56,100.45,88.84
CUST_3497,112.46,119.87,115.84,116.23,104.67,110.09,109.28,99.09,109.53,102.46,115.36,109.24
CUST_3498,90.46,100.27,97.39,92.04,109.18,93.69,110.48,103.41,101.81,100.64,115.62,102.22
CUST_3499,40.77,57.27,32.46,52.71,30.09,28.16,56.22,45.54,39.74,30.82,47.65,31.04
CUST_3500,73.91,82.24,68.17,90.23,88.73,76.11,71.48,73.78,80.96,64.43,63.84,66.17
CUST_3501,63.36,62.53,52.49,58.49,54.62,48.19,46.67,50.9,64.38,50.84,50.06,42.97
CUST_3502,107.5,110.11,108.47,120.25,131.48,108.24,125.47,110.54,123.41,129.21,111.79,129.2
CUST_3503,109.77,107.33,107.12,118.37,111.2,127.41,129.67,130.12,116.41,124.97,106.19,124.59
CUST_3504,107.77,101.12,90.91,103.67,107.99,87.79,91.43,103.49,99.46,108.89,88.77,110.37
CUST_3505,105.23,78.82,103.76,77.66,86.62,94.13,79.29,98.51,89.26,93.19,101.69,96.18
CUST_3506,131.84,124.3,130.94,134.27,118.04,127.15,126.88,131.84,128.89,131.27,133.83,110.13
CUST_3507,50.85,46.28,36.3,53.54,47.5,44.11,44.1,56.8,31.2,43.93,50.75,43.04
CUST_3508,32.6,33.17,52.41,43.69,49.24,32.23,41.14,50.94,33.87,48.98,41.03,30.48
CUST_3509,82.48,91.29,97.33,107.84,93.94,104.99,96.01,104.62,92.07,108.48,104.3,106.01
CUST_3510,98.88,103.33,114.95,110.12,110.77,126.61,123.67,111.61,98.66,120.98,118.95,97.77
CUST_3511,118.61,93.49,103.04,110.85,107.49,101.37,95.68,118.71,112.99,102.26,100.79,105.46
CUST_3512,59.05,33.54,52.04,57.2,31.84,51.72,59.59,57.15,41.45,55.56,41.96,31.29
CUST_3513,33.64,32.92,29.66,27.1,51.64,32.8,37.32,42.62,23.02,37.96,27.74,26.0
CUST_3514,96.71,116.11,104.02,113.5,96.9,99.53,120.07,101.96,109.46,117.77,99.01,109.89
CUST_3515,21.61,31.43,43.25,37.47,27.24,42.14,23.12,41.0,24.46,21.77,36.16,34.2
CUST_3516,98.94,114.13,100.08,101.04,123.63,101.13,117.59,114.73,119.02,97.13,99.95,123.7
CUST_3517,65.04,64.53,76.67,77.78,52.91,52.68,68.9,69.09,59.42,72.07,63.24,62.36
CUST_3518,113.93,87.39,106.98,94.94,108.84,101.42,98.73,85.19,107.36,102.22,94.8,93.01
CUST_3519,99.24,111.34,91.37,105.24,114.34,96.79,113.35,90.64,105.82,90.01,103.61,97.86
CUST_3520,117.08,113.03,110.54,94.0,92.05,99.53,101.7,104.92,113.11,101.02,90.78,114.79
CUST_3521,97.04,84.65,85.06,91.21,74.06,74.7,89.53,96.91,100.95,92.73,87.01,75.9
CUST_3522,79.99,81.0,90.28,91.38,80.55,93.97,78.17,94.43,78.62,70.33,72.74,91.33
CUST_3523,99.21,120.58,104.63,124.54,109.23,112.68,118.16,102.11,104.85,119.73,107.08,109.75
CUST_3524,91.06,70.14,91.35,79.04,91.96,81.44,77.96,79.31,72.75,97.37,75.58,94.96
CUST_3525,93.4,105.61,96.05,113.73,115.19,110.43,108.39,113.88,121.2,108.35,113.81,100.53
CUST_3526,109.48,109.06,95.07,87.99,89.87,91.82,87.01,89.17,91.17,82.47,109.62,88.57
CUST_3527,67.3,65.38,58.09,57.43,68.23,67.64,56.91,69.21,58.2,53.58,43.93,58.99
CUST_3528,44.53,54.4,52.4,39.95,35.29,32.38,49.13,53.68,37.46,51.25,54.15,56.88
CUST_3529,70.17,56.59,54.11,64.15,45.58,59.82,59.02,57.64,64.84,57.93,52.35,49.02
CUST_3530,106.69,97.26,114.81,113.08,114.93,118.2,92.4,118.62,113.74,116.0,103.2,94.09
CUST_3531,60.66,52.28,63.88,51.98,65.05,68.56,65.23,65.18,71.02,55.72,59.05,59.35
CUST_3532,92.63,70.38,77.58,75.97,86.59,70.97,92.48,88.65,88.72,91.17,93.67,93.79
CUST_3533,103.11,100.24,93.92,79.5,95.11,104.79,95.5,87.01,81.46,86.94,81.7,78.86
CUST_3534,50.0,44.18,58.89,53.25,48.43,41.11,61.47,44.49,47.79,36.37,58.16,59.78
CUST_3535,117.69,121.19,98.76,99.08,101.54,106.64,110.77,113.19,107.82,96.49,95.17,114.52
CUST_3536,50.65,62.28,59.77,51.33,47.09,61.13,39.41,65.25,37.37,63.3,50.31,55.06
CUST_3537,76.7,83.94,74.36,80.56,70.84,65.36,66.32,65.49,78.52,73.66,82.33,84.92
CUST_3538,80.08,96.9,76.96,87.02,92.41,79.79,93.95,89.28,98.9,97.68,82.81,94.13
CUST_3539,47.28,40.71,35.7,55.71,39.75,38.69,48.81,46.96,41.95,38.76,45.57,50.16
CUST_3540,51.0,50.4,54.84,41.28,45.25,41.89,48.38,54.17,38.63,61.49,36.27,37.28
CUST_3541,37.93,52.73,35.53,29.69,28.15,27.01,28.87,38.31,39.68,46.97,43.82,55.01
CUST_3542,68.11,59.9,60.88,63.72,52.86,64.96,66.34,69.95,50.19,54.77,61.83,44.36
CUST_3543,64.14,43.26,39.7,45.27,63.92,47.28,39.68,47.98,51.62,41.36,43.96,44.05
CUST_3544,41.45,42.7,39.85,36.69,34.32,44.42,40.48,48.71,54.99,56.84,42.27,38.8
CUST_3545,46.61,45.72,37.08,49.22,53.05,29.7,40.7,37.97,27.3,54.66,46.51,36.47
CUST_3546,22.77,30.7,46.79,32.19,28.52,38.2,29.16,31.65,32.25,28.61,23.17,32.05
CUST_3547,101.78,84.43,85.79,96.43,108.31,105.79,86.65,106.31,112.39,113.44,95.3,89.98
CUST_3548,83.66,82.63,93.78,80.69,87.05,92.87,101.71,101.47,103.79,97.71,99.9,106.76
CUST_3549,103.56,120.48,103.78,91.59,106.26,100.84,119.68,116.78,105.11,119.5,97.88,95.43
CUST_3550,79.67,78.86,89.35,100.14,82.6,86.22,91.83,92.07,87.29,99.89,93.59,106.47
CUST_3551,117.8,125.12,131.16,111.1,106.04,117.46,115.36,118.64,124.04,125.6,108.33,105.85
CUST_3552,64.82,59.45,59.41,69.26,74.16,61.04,84.09,66.65,88.71,65.64,72.13,64.8
CUST_3553,42.31,49.08,42.2,51.32,39.16,44.39,59.69,42.02,56.28,62.47,63.27,41.85
CUST_3554,75.31,87.25,69.43,83.91,69.98,90.23,91.31,93.21,75.26,71.42,87.17,91.69
CUST_3555,73.32,85.45,68.97,91.58,75.44,80.03,86.26,79.48,81.77,75.19,75.6,73.63
CUST_3556,27.35,26.93,44.74,46.79,40.23,50.57,46.78,38.99,42.37,36.73,41.15,40.48
CUST_3557,116.59,110.12,105.63,106.68,110.23,93.93,93.53,109.9,99.7,110.7,115.54,95.05
CUST_3558,86.33,79.91,75.59,84.33,68.63,97.14,95.89,79.36,80.86,91.07,77.67,84.12
CUST_3559,26.1,32.62,37.97,48.48,42.53,46.75,39.54,33.24,23.76,26.74,31.87,28.01
CUST_3560,99.12,86.37,95.5,87.62,93.1,93.12,100.88,86.51,89.39,86.11,97.7,77.65
CUST_3561,46.26,46.79,61.78,45.14,57.51,54.02,61.07,57.54,55.04,61.04,51.92,46.86
CUST_3562,74.78,97.26,101.72,99.0,86.53,93.59,74.25,85.33,81.11,83.23,86.96,87.83
CUST_3563,77.48,82.29,81.19,100.59,75.75,102.08,84.62,77.78,77.74,82.8,92.35,82.45
CUST_3564,53.6,30.3,44.35,47.08,50.85,30.44,51.55,51.87,27.46,47.12,40.93,40.83
CUST_3565,118.4,119.57,114.13,97.79,111.22,95.34,106.41,109.19,112.07,114.26,99.34,109.88
CUST_3566,84.17,88.25,77.17,74.1,90.76,85.06,72.37,73.18,95.17,77.25,86.42,90.48
CUST_3567,62.63,60.37,80.2,78.54,65.64,65.78,65.79,79.5,83.83,72.48,73.39,77.55
CUST_3568,132.14,133.23,136.47,107.67,113.56,124.72,134.18,114.04,136.36,127.26,129.01,127.35
CUST_3569,119.06,113.05,112.91,127.61,126.67,113.16,132.28,123.42,131.01,115.03,130.5,122.39
CUST_3570,112.2,119.92,116.32,117.03,112.04,114.71,115.62,114.81,112.01,103.03,93.75,95.86
CUST_3571,78.67,77.02,72.03,82.65,74.42,76.0,89.22,69.37,71.57,91.22,64.7,82.22
CUST_3572,82.71,73.51,88.68,76.06,98.95,77.89,99.1,89.76,86.95,76.18,93.65,86.35
CUST_3573,101.43,99.07,96.08,87.4,86.16,83.27,80.1,81.63,76.22,87.06,82.65,90.43
CUST_3574,110.32,123.32,106.5,110.39,107.08,121.22,120.73,116.97,106.88,128.57,123.79,98.95
CUST_3575,85.22,79.52,85.83,84.49,87.39,77.17,85.68,88.18,81.47,72.79,70.32,77.19
CUST_3576,119.29,116.72,121.08,130.02,110.86,132.71,122.96,129.07,119.33,121.6,132.88,137.89
CUST_3577,118.68,127.69,123.45,131.89,104.37,102.42,120.5,116.14,111.4,111.92,122.19,118.21
CUST_3578,80.45,75.22,72.04,71.66,81.27,81.91,54.07,65.22,62.74,60.45,66.15,72.8
CUST_3579,51.33,56.86,40.43,40.78,37.4,41.45,54.83,30.12,57.33,42.74,52.48,53.48
CUST_3580,27.91,41.29,32.33,51.42,39.04,52.74,38.48,33.05,30.12,38.9,24.67,47.65
CUST_3581,64.4,75.1,75.34,62.8,72.56,58.06,81.29,65.94,78.74,65.71,82.84,73.59
CUST_3582,89.3,96.17,81.65,96.85,72.64,100.79,71.43,78.02,100.12,73.92,75.62,73.77
CUST_3583,77.4,67.08,69.41,77.86,76.71,86.53,85.19,65.47,75.85,71.89,80.87,64.32
CUST_3584,70.55,60.21,56.47,59.49,60.13,58.19,42.06,56.0,57.56,66.36,55.48,45.69
CUST_3585,120.97,123.84,126.02,119.94,124.13,105.89,122.7,117.84,118.49,113.8,119.47,101.85
CUST_3586,48.67,45.11,65.13,49.94,52.72,59.61,54.39,44.48,49.96,50.7,55.41,64.29
CUST_3587,47.87,63.36,51.5,56.54,44.89,61.53,65.53,67.94,53.19,72.44,52.41,46.19
CUST_3588,62.56,77.45,59.78,71.21,79.92,68.66,88.14,85.89,61.94,82.42,86.63,82.0
CUST_3589,62.69,59.53,60.73,80.01,63.61,85.72,74.11,67.46,82.6,75.37,80.4,62.73
CUST_3590,56.7,50.75,38.81,32.83,32.21,35.82,51.28,40.28,49.92,54.6,58.13,43.29
CUST_3591,96.67,95.04,89.24,101.61,82.4,90.03,86.23,92.6,82.88,104.47,86.16,98.68
CUST_3592,46.87,53.11,44.72,49.99,56.87,53.3,37.58,32.39,56.33,55.49,36.01,44.19
CUST_3593,72.33,84.0,88.05,60.18,80.91,59.53,63.59,73.86,74.63,72.46,73.06,78.77
CUST_3594,80.34,97.46,93.86,83.1,97.56,95.72,93.99,83.28,84.66,86.51,83.17,91.15
CUST_3595,55.25,65.67,61.26,55.42,50.19,51.69,55.38,57.98,52.69,60.33,52.74,67.31
CUST_3596,98.8,86.43,95.44,83.45,109.07,103.56,92.26,90.06,90.17,94.83,103.65,101.51
CUST_3597,47.07,41.53,41.95,24.25,50.34,48.91,26.92,37.91,36.94,40.83,29.19,28.24
CUST_3598,123.05,117.37,137.27,126.38,110.38,126.74,124.02,109.97,116.01,119.2,115.69,112.36
CUST_3599,55.69,53.55,77.07,52.71,57.17,61.1,72.7,59.41,51.79,67.9,76.09,53.81
CUST_3600,34.87,34.93,39.83,45.62,40.47,37.02,31.99,36.21,27.98,32.54,40.82,27.09
CUST_3601,38.23,42.08,40.6,51.57,60.96,60.42,45.37,42.65,48.99,51.14,39.42,51.7
CUST_3602,120.9,112.17,114.13,127.02,122.63,126.29,114.93,118.46,117.61,107.91,131.13,134.86
CUST_3603,51.07,41.18,35.44,33.92,51.07,34.37,34.37,51.94,39.19,36.52,38.11,40.11
CUST_3604,35.37,56.01,49.87,46.64,51.45,29.15,49.31,37.58,48.69,38.17,56.05,35.12
CUST_3605,76.91,74.48,64.7,88.87,94.5,81.69,80.14,74.77,87.96,78.86,67.16,89.32
CUST_3606,38.23,32.66,27.58,38.73,25.77,32.69,27.05,34.68,32.84,37.26,50.85,50.47
CUST_3607,46.67,53.75,52.12,64.91,62.18,42.2,38.73,41.41,48.13,43.25,56.42,40.12
CUST_3608,90.03,98.62,84.05,107.38,110.09,101.74,86.77,90.23,85.93,98.17,112.41,111.33
CUST_3609,106.8,104.34,95.64,91.91,80.72,105.59,100.48,83.06,98.59,89.68,102.97,78.11
CUST_3610,39.65,58.23,36.07,41.06,57.62,32.94,50.76,34.0,42.64,40.35,38.4,39.72
CUST_3611,57.83,52.15,47.68,58.82,38.34,57.74,64.41,57.55,59.58,62.76,64.12,38.1
CUST_3612,128.25,125.92,134.61,110.65,110.95,115.53,138.44,113.68,120.23,134.5,133.98,130.4
CUST_3613,109.88,115.42,122.69,132.28,129.39,110.87,118.7,125.13,111.35,109.79,122.38,119.75
CUST_3614,103.33,96.54,94.77,88.23,102.88,96.26,85.48,96.69,100.58,106.87,107.47,101.44
CUST_3615,76.81,74.75,73.43,60.42,52.85,75.48,50.55,66.59,70.55,72.76,70.05,71.62
CUST_3616,90.19,76.67,73.16,92.13,70.0,81.82,71.99,84.85,75.71,63.28,69.43,91.71
CUST_3617,86.21,98.2,92.52,91.56,84.86,78.59,92.74,97.4,108.38,79.22,79.35,93.55
CUST_3618,81.94,106.84,97.88,109.8,92.68,93.59,92.73,101.49,100.52,87.6,99.68,91.08
CUST_3619,100.31,121.85,100.4,108.77,106.62,103.68,115.69,94.56,114.01,119.57,96.47,119.94
CUST_3620,119.08,116.81,125.93,122.53,126.87,123.39,132.66,107.86,106.19,127.64,125.15,132.34
CUST_3621,38.05,49.68,27.19,29.93,24.23,43.92,28.59,35.17,39.5,23.49,31.86,50.31
CUST_3622,90.83,83.74,91.93,94.47,109.11,87.84,83.0,88.64,102.15,100.12,87.36,82.35
CUST_3623,35.47,35.77,28.33,42.28,50.85,44.55,43.29,36.36,40.8,29.61,42.59,48.17
CUST_3624,83.74,95.09,84.64,90.57,76.74,98.74,81.21,95.17,92.77,83.65,100.93,95.72
CUST_3625,74.27,65.92,59.27,82.41,58.97,75.11,63.92,67.27,58.99,58.99,64.42,85.72
CUST_3626,117.82,99.49,98.86,106.15,117.16,120.75,115.7,105.88,111.94,118.99,100.59,116.51
CUST_3627,77.94,80.34,88.21,99.31,78.71,84.79,76.85,72.15,95.36,90.4,94.5,81.57
CUST_3628,41.33,24.62,23.98,23.58,39.26,34.85,34.7,23.26,50.51,25.07,32.41,46.22
CUST_3629,38.23,42.84,58.48,33.84,35.79,35.34,46.83,45.56,33.4,59.14,39.7,44.7
CUST_3630,110.54,109.56,99.26,101.02,105.98,104.51,123.9,123.06,105.29,126.22,112.29,100.83
CUST_3631,70.4,87.19,77.53,87.15,71.8,68.63,64.94,67.57,77.9,92.92,81.09,77.92
CUST_3632,119.85,105.83,121.09,111.58,121.49,98.85,119.98,116.54,100.71,94.32,99.55,110.29
CUST_3633,87.73,94.45,102.18,102.41,110.86,111.29,106.67,94.84,86.1,107.36,99.93,95.75
CUST_3634,58.41,58.41,66.32,65.62,59.23,52.89,63.13,56.21,49.36,51.65,59.58,65.86
CUST_3635,50.53,41.24,44.44,41.27,23.5,39.18,38.99,32.31,45.06,43.89,23.9,50.0
CUST_3636,70.16,55.51,47.98,65.77,64.51,60.54,59.84,50.95,46.15,49.44,66.05,70.05
CUST_3637,68.91,54.26,74.77,58.59,58.07,59.8,55.72,73.22,72.84,73.09,64.07,53.38
CUST_3638,78.58,102.15,94.05,99.79,103.98,86.59,79.83,80.95,101.57,97.38,105.18,101.73
CUST_3639,40.37,40.2,62.23,51.72,50.98,43.37,38.17,50.01,62.42,51.28,57.17,53.47
CUST_3640,42.39,51.51,30.9,29.87,47.24,42.67,46.23,50.79,50.67,44.32,49.23,44.02
CUST_3641,102.16,93.41,96.07,98.77,77.38,99.08,88.14,76.64,93.23,81.21,75.98,83.58
CUST_3642,117.21,95.01,116.61,122.32,116.57,123.79,109.66,94.95,96.7,112.88,111.86,111.74
CUST_3643,108.49,103.88,119.36,119.5,103.86,118.56,94.91,115.4,117.13,108.79,110.82,113.66
CUST_3644,44.59,42.63,40.89,39.43,62.67,38.84,56.49,65.18,61.38,45.42,57.4,45.36
CUST_3645,45.32,44.38,60.77,51.29,49.66,50.7,43.91,66.17,51.29,43.92,60.29,62.79
CUST_3646,79.72,86.79,91.91,93.14,73.74,73.6,67.11,87.04,74.44,87.86,84.18,93.65
CUST_3647,68.01,68.67,65.73,71.99,49.3,74.31,55.32,73.89,64.06,65.87,47.57,61.34
CUST_3648,64.77,70.44,59.84,65.22,51.26,58.72,59.63,66.38,50.75,53.11,62.63,70.71
CUST_3649,108.77,113.28,93.95,115.75,107.89,94.25,98.88,106.5,113.55,102.55,105.42,89.88
CUST_3650,114.47,109.37,96.57,103.45,108.79,103.31,102.97,102.22,117.85,117.49,124.79,95.04
CUST_3651,55.69,51.82,39.72,61.95,37.9,56.57,62.8,37.68,44.89,55.41,57.98,63.45
CUST_3652,115.8,117.97,120.56,128.66,124.36,120.64,127.9,107.27,120.53,105.03,105.46,111.87
CUST_3653,88.89,72.66,72.11,92.79,72.1,70.21,74.04,81.6,85.06,95.62,92.05,88.96
CUST_3654,62.0,35.35,38.58,39.16,60.33,38.12,51.34,39.92,58.6,55.21,55.25,39.99
CUST_3655,110.82,113.96,111.17,121.28,109.35,130.93,121.74,114.1,124.56,102.16,105.21,102.9
CUST_3656,92.26,106.72,108.09,102.31,108.15,93.99,84.64,93.94,82.25,99.63,109.36,91.59
CUST_3657,71.98,59.65,71.44,60.54,51.19,58.34,46.17,58.67,63.12,53.96,65.85,51.46
CUST_3658,107.73,103.38,113.38,111.53,107.56,109.64,117.86,94.6,98.01,106.04,96.02,117.15
CUST_3659,101.53,120.51,113.67,110.48,96.3,106.93,122.17,118.29,106.15,116.09,100.39,104.28
CUST_3660,39.71,46.3,41.06,20.71,21.23,39.44,48.71,24.5,42.41,33.27,26.58,38.7
CUST_3661,131.65,111.31,113.21,133.12,123.0,113.12,117.19,127.71,129.83,124.63,106.48,133.02
CUST_3662,89.42,104.03,95.84,116.07,104.27,95.59,101.16,111.16,103.49,99.2,92.56,111.1
CUST_3663,70.3,76.41,51.58,75.24,54.41,61.75,55.04,78.76,79.46,70.61,57.01,79.52
CUST_3664,92.86,106.84,90.07,84.22,97.92,88.71,84.22,110.36,94.97,112.23,90.29,104.5
CUST_3665,22.31,43.74,29.3,21.82,43.04,36.48,21.39,45.67,34.91,29.33,36.19,34.7
CUST_3666,81.7,74.26,65.92,74.3,80.68,56.18,58.53,78.6,58.76,58.63,60.26,82.45
CUST_3667,63.48,69.29,58.35,64.29,70.2,54.59,64.56,53.0,49.03,59.07,65.14,68.6
CUST_3668,131.63,111.85,129.55,118.7,111.75,116.6,110.36,119.77,117.42,110.42,123.42,128.48
CUST_3669,71.43,44.35,67.35,69.91,63.54,52.82,42.34,46.83,70.75,63.83,64.62,62.24
CUST_3670,46.21,28.36,37.81,35.07,35.78,29.5,43.42,34.44,28.69,38.75,37.87,27.75
CUST_3671,41.01,57.57,67.51,50.49,40.24,58.81,63.53,54.82,58.68,65.97,46.98,63.68
CUST_3672,73.41,65.51,61.2,76.56,66.14,77.22,69.31,65.97,83.8,82.54,65.78,74.73
CUST_3673,61.78,58.6,65.52,77.62,72.04,76.53,77.43,87.46,63.02,83.38,62.43,58.41
CUST_3674,132.31,110.14,132.38,125.44,110.73,110.35,115.45,132.26,109.29,112.79,123.23,126.85
CUST_3675,23.37,26.15,49.93,28.03,49.31,44.9,34.86,28.75,28.0,42.02,47.46,25.91
CUST_3676,36.98,35.12,43.02,33.44,38.66,43.81,55.15,29.8,45.24,39.78,37.7,44.71
CUST_3677,97.81,98.35,116.55,107.55,117.65,98.51,99.14,113.93,105.41,122.9,108.74,114.44
CUST_3678,57.77,80.09,78.31,65.05,73.7,73.33,66.71,79.32,61.19,57.21,81.46,60.72
CUST_3679,62.72,68.65,52.89,53.64,63.12,57.66,54.99,54.22,66.08,48.93,70.3,55.13
CUST_3680,43.95,38.67,41.56,33.64,53.37,34.52,32.03,47.09,44.42,55.38,30.06,56.12
CUST_3681,53.42,38.76,59.97,52.53,39.87,36.1,62.74,41.15,43.9,53.61,38.09,51.15
CUST_3682,86.85,80.33,85.27,69.13,79.79,67.26,74.24,79.13,71.89,67.35,77.98,83.52
CUST_3683,87.63,90.88,109.02,100.8,109.5,104.53,88.14,105.91,88.07,113.91,89.52,99.57
CUST_3684,89.21,85.34,79.88,98.21,78.17,97.58,88.44,79.83,104.67,98.64,93.98,89.14
CUST_3685,82.97,110.45,91.7,82.47,101.37,102.66,111.37,103.97,105.53,91.53,100.95,106.38
CUST_3686,52.73,39.75,43.38,55.28,39.77,67.32,64.51,60.92,54.1,57.43,66.0,48.54
CUST_3687,72.69,56.65,77.03,78.81,53.8,75.26,71.27,68.41,53.83,53.33,54.11,68.83
CUST_3688,87.01,93.68,106.39,109.53,94.69,90.58,102.57,85.33,111.89,102.34,111.22,99.66
CUST_3689,103.63,120.04,103.17,95.49,102.15,112.49,101.96,105.63,105.36,100.49,118.04,121.01
CUST_3690,85.88,92.07,100.84,91.68,82.34,86.67,86.63,93.93,105.46,108.69,88.21,87.85
CUST_3691,47.51,68.57,49.47,67.79,69.27,54.39,53.93,46.28,48.06,64.73,66.41,68.81
CUST_3692,111.32,98.15,113.68,116.91,107.33,116.9,118.94,97.39,123.48,119.45,105.71,117.39
CUST_3693,125.74,117.42,114.65,109.25,106.16,115.7,101.1,97.9,111.39,115.05,126.4,97.44
CUST_3694,135.87,117.32,112.42,130.7,125.15,136.35,120.42,134.2,128.97,115.23,108.96,136.02
CUST_3695,93.8,89.16,87.54,99.28,95.02,75.83,78.45,93.24,87.06,88.2,90.28,91.38
CUST_3696,117.97,102.87,111.41,97.87,101.5,90.14,112.73,90.14,99.11,94.58,116.16,92.03
CUST_3697,67.62,47.85,64.01,59.21,56.48,43.69,50.67,57.33,66.21,44.57,65.07,52.4
CUST_3698,86.23,73.98,68.73,87.22,85.24,66.21,65.34,77.65,72.13,89.94,91.18,91.77
CUST_3699,128.22,111.47,122.46,121.87,122.01,118.0,108.42,131.25,114.59,131.13,112.19,128.59
CUST_3700,62.7,62.77,53.97,68.18,43.03,45.5,55.18,59.38,59.21,45.81,42.79,59.06
CUST_3701,74.43,66.21,78.56,80.62,86.95,83.64,84.55,78.45,57.32,82.44,86.13,63.94
CUST_3702,26.83,44.51,48.14,35.06,29.72,32.86,28.4,41.78,43.76,33.0,32.29,55.73
CUST_3703,47.16,59.15,50.64,66.19,57.67,50.65,73.06,62.11,73.61,68.41,69.87,59.83
CUST_3704,79.33,77.04,75.0,72.95,88.86,98.05,88.33,78.31,85.28,91.8,82.77,74.93
CUST_3705,103.47,123.27,105.65,102.64,105.9,114.96,96.28,119.35,110.17,121.18,122.86,108.91
CUST_3706,123.52,117.75,128.07,107.14,114.39,118.64,113.04,109.18,126.89,115.95,117.74,130.8
CUST_3707,126.08,104.97,114.83,106.08,127.72,119.07,112.39,118.77,103.15,101.75,112.84,111.0
CUST_3708,73.74,64.36,73.07,65.51,62.47,82.01,73.58,59.41,70.37,65.49,84.34,60.48
CUST_3709,54.62,59.44,61.09,54.86,33.22,45.72,38.48,61.83,41.05,55.14,35.5,52.07
CUST_3710,56.08,65.88,64.3,62.08,54.48,65.13,52.28,50.15,44.64,55.95,49.87,49.88
CUST_3711,77.55,82.93,91.81,103.43,79.46,93.11,104.04,105.75,99.79,89.09,79.32,106.28
CUST_3712,26.88,32.85,26.23,28.97,37.1,50.09,54.26,44.4,44.09,30.12,40.04,38.05
CUST_3713,116.6,118.29,118.82,110.96,98.97,96.23,116.95,103.43,106.33,120.57,106.09,95.67
CUST_3714,82.76,79.09,61.59,62.59,85.99,81.22,59.15,71.32,58.87,78.33,70.9,81.92
CUST_3715,55.94,37.49,41.89,54.42,58.23,56.57,33.32,59.46,38.13,34.7,46.2,56.59
CUST_3716,33.8,57.78,31.63,41.6,54.23,32.47,59.96,40.08,31.16,37.85,40.15,52.81
CUST_3717,43.59,54.41,61.52,68.22,58.2,54.07,67.06,43.97,60.1,51.73,48.66,65.9
CUST_3718,83.97,94.15,94.29,93.38,84.14,83.35,87.92,85.06,83.11,111.49,107.13,102.75
CUST_3719,102.51,90.97,97.57,86.34,88.84,96.66,80.75,102.48,105.45,97.99,86.26,97.21
CUST_3720,56.4,48.92,44.2,43.64,61.6,53.96,58.76,54.14,67.36,68.51,53.97,43.3
CUST_3721,93.99,76.91,86.42,80.8,86.13,79.44,86.21,76.29,73.03,97.78,92.55,100.43
CUST_3722,53.39,50.27,27.94,46.86,35.07,51.39,33.17,53.91,26.05,27.24,33.3,52.48
CUST_3723,114.94,102.43,106.56,104.32,95.52,114.03,106.49,122.02,95.89,104.78,111.64,123.9
CUST_3724,48.96,48.16,47.06,58.54,61.05,49.14,45.09,56.35,50.25,56.35,72.83,62.93
CUST_3725,69.91,50.0,73.47,50.03,56.88,49.75,60.48,64.91,71.93,68.45,45.43,73.15
CUST_3726,103.21,108.51,107.77,100.0,122.47,122.82,100.08,106.91,121.26,120.3,120.76,103.15
CUST_3727,121.13,119.12,119.55,127.38,108.05,101.88,115.54,125.5,122.3,110.76,113.69,107.91
CUST_3728,136.93,128.62,122.65,122.11,126.85,124.92,129.89,127.68,114.42,113.24,137.28,138.76
CUST_3729,122.21,99.64,125.37,119.53,102.8,107.1,117.02,101.51,124.96,115.32,108.77,125.81
CUST_3730,100.74,114.64,118.35,104.52,112.38,107.48,105.08,104.73,124.47,100.46,111.77,99.8
CUST_3731,81.36,97.02,100.97,87.4,89.74,103.1,86.26,107.41,88.26,96.81,87.42,94.52
CUST_3732,39.72,41.04,49.68,51.45,39.34,53.52,44.96,42.57,39.17,57.49,45.24,54.2
CUST_3733,27.58,33.51,39.11,43.12,37.35,23.52,47.46,26.94,23.84,42.79,41.68,40.04
CUST_3734,130.78,116.58,124.08,134.02,108.35,109.54,111.53,118.94,110.03,118.84,133.1,119.79
CUST_3735,79.93,57.27,79.4,70.6,58.36,59.76,62.16,56.52,60.97,60.3,63.59,80.86
CUST_3736,64.34,53.02,48.31,54.69,46.87,62.52,51.08,55.51,48.72,57.08,53.28,43.54
CUST_3737,97.68,69.55,94.87,83.38,92.92,81.58,76.61,87.72,90.68,72.94,97.4,79.67
CUST_3738,72.04,60.96,90.1,64.51,68.08,77.91,77.84,70.54,67.71,89.54,69.67,73.36
CUST_3739,123.7,104.29,104.05,98.84,116.45,105.3,122.66,100.34,95.51,118.51,98.14,107.99
CUST_3740,41.65,37.47,26.59,40.47,52.81,28.19,53.28,46.14,37.24,44.89,41.96,50.38
CUST_3741,54.64,47.84,71.76,66.27,63.12,49.96,71.38,44.57,58.98,53.22,64.53,49.37
CUST_3742,42.24,43.28,31.05,30.26,34.53,53.12,31.92,25.89,48.75,47.83,45.54,45.7
CUST_3743,37.06,37.63,31.69,25.42,40.46,26.02,31.05,35.6,43.02,42.96,33.33,50.92
CUST_3744,61.63,63.99,67.87,76.72,65.38,54.32,63.12,72.65,61.34,73.75,76.43,70.34
CUST_3745,87.71,97.28,98.51,87.53,95.82,97.3,94.28,88.23,94.83,94.59,93.86,80.13
CUST_3746,122.1,121.34,97.65,111.19,97.69,101.72,119.94,115.63,125.18,96.47,100.41,97.23
CUST_3747,23.84,21.97,29.61,40.32,34.75,34.46,40.88,49.81,27.64,36.66,26.79,43.12
CUST_3748,97.64,87.1,93.65,98.46,111.52,94.71,113.55,103.09,93.11,109.87,105.62,107.71
CUST_3749,113.67,129.03,124.13,128.02,112.57,107.77,125.1,107.05,131.81,108.42,124.34,110.14
CUST_3750,67.6,55.77,58.81,58.01,68.23,58.74,58.84,48.1,69.17,69.16,61.92,42.52
CUST_3751,113.98,123.9,119.99,98.46,112.86,102.42,109.53,125.34,118.77,103.74,125.06,120.46
CUST_3752,102.15,109.95,91.34,105.15,92.0,100.03,97.25,87.24,114.2,105.89,102.32,94.37
CUST_3753,67.86,79.73,87.29,91.67,82.92,75.47,71.2,79.35,68.77,72.11,83.99,84.38
CUST_3754,36.17,55.46,30.94,35.87,37.96,31.68,29.72,32.62,35.99,54.5,36.97,43.77
CUST_3755,59.67,54.51,42.53,50.65,56.84,49.34,64.34,57.48,47.97,65.43,56.94,47.56
CUST_3756,113.82,119.67,105.02,116.94,98.89,105.82,119.91,103.52,114.6,101.91,119.32,101.41
CUST_3757,125.04,121.94,115.71,111.45,115.25,112.67,120.43,112.26,137.1,135.37,119.3,135.44
CUST_3758,115.19,101.13,113.67,93.61,111.46,95.97,113.4,117.54,111.2,95.33,107.26,91.32
CUST_3759,38.69,40.38,39.05,42.29,32.94,40.87,28.38,46.29,51.42,47.88,45.22,27.8
CUST_3760,77.93,91.71,80.71,73.67,80.82,88.61,74.29,84.66,87.6,74.08,68.96,94.91
CUST_3761,81.96,79.01,82.54,92.91,102.84,80.74,80.26,92.17,100.26,93.12,96.17,100.79
CUST_3762,106.13,99.23,116.38,116.03,98.64,100.82,94.5,98.92,110.33,92.24,91.11,114.92
CUST_3763,87.21,81.68,101.72,84.31,97.72,79.11,97.68,97.81,99.06,87.41,81.9,93.51
CUST_3764,110.45,127.69,117.81,114.38,109.07,120.43,125.59,110.57,134.99,119.89,129.81,121.29
CUST_3765,113.14,108.15,107.0,119.68,131.59,112.72,122.19,115.1,113.01,105.16,127.88,124.68
CUST_3766,102.15,91.19,81.73,76.87,102.44,77.82,95.44,94.22,84.93,85.74,98.55,72.52
CUST_3767,65.1,39.26,45.58,64.8,65.39,63.69,63.79,61.23,49.5,49.71,35.71,49.87
CUST_3768,106.48,99.69,108.07,98.45,89.25,87.09,109.29,100.06,112.67,102.23,91.83,103.11
CUST_3769,53.72,64.41,82.52,72.41,68.77,80.92,68.17,75.65,66.24,67.29,63.49,55.7
CUST_3770,64.36,50.21,69.14,53.55,75.27,64.88,62.76,74.42,68.03,61.07,53.1,62.11
CUST_3771,53.71,43.59,56.77,44.73,45.55,53.95,58.13,64.45,61.46,41.91,57.65,59.5
CUST_3772,73.8,81.7,76.97,68.47,55.85,53.88,78.42,81.78,65.8,54.69,72.59,61.93
CUST_3773,84.4,96.91,88.12,89.07,93.22,95.83,107.77,104.52,81.0,106.62,91.51,97.36
CUST_3774,124.47,120.18,120.11,112.86,122.12,133.76,133.28,114.5,131.58,125.13,113.6,128.92
CUST_3775,68.03,86.56,85.23,91.69,89.95,73.72,90.39,68.85,79.12,90.93,93.75,66.79
CUST_3776,28.77,48.82,32.36,50.53,31.76,45.47,38.29,26.95,27.26,54.92,31.4,55.2
CUST_3777,97.19,108.03,93.18,113.09,105.52,90.03,112.77,104.42,105.4,93.57,117.14,102.93
CUST_3778,53.61,57.48,64.1,72.66,63.98,56.01,48.65,59.56,53.68,46.83,59.91,73.0
CUST_3779,61.67,75.18,49.9,51.49,56.63,62.29,58.54,49.47,52.43,69.3,73.71,69.32
CUST_3780,63.83,56.94,60.78,48.1,45.76,49.54,68.2,59.67,48.41,62.46,65.83,41.86
CUST_3781,107.03,109.51,97.67,99.18,116.26,105.82,115.6,97.88,111.26,93.75,109.08,90.79
CUST_3782,68.95,59.5,68.74,60.59,61.62,59.78,44.65,56.13,69.48,61.88,61.21,71.89
CUST_3783,66.77,44.56,65.44,60.23,72.17,43.29,65.15,62.35,70.49,57.86,66.45,53.22
CUST_3784,113.75,106.97,95.84,106.8,110.85,93.35,119.07,93.26,108.85,98.51,115.85,98.24
CUST_3785,117.76,119.94,131.24,124.02,109.93,136.57,119.41,125.42,118.46,121.85,110.62,123.21
CUST_3786,87.41,62.59,62.81,65.86,81.64,81.65,75.98,81.19,67.17,75.1,58.08,63.89
CUST_3787,90.63,98.78,78.81,85.22,102.51,75.4,84.27,96.28,90.36,102.23,102.92,95.01
CUST_3788,55.72,64.71,48.71,45.5,56.49,59.1,55.57,47.06,58.16,70.61,52.52,64.62
CUST_3789,74.9,82.48,81.9,85.32,73.07,84.09,72.75,86.86,73.48,77.78,89.35,91.24
CUST_3790,52.91,31.39,41.63,58.05,56.75,30.2,48.9,50.43,34.42,53.95,51.59,44.15
CUST_3791,118.57,135.69,122.65,116.81,113.38,119.5,131.56,135.73,115.33,128.05,129.03,125.83
CUST_3792,81.73,82.18,88.69,95.83,94.1,94.13,93.1,75.18,86.4,84.1,85.31,76.97
CUST_3793,108.25,123.19,121.33,124.4,123.54,96.13,122.11,97.24,101.87,104.89,118.89,121.33
CUST_3794,97.24,85.74,101.42,110.2,93.68,105.5,103.37,83.93,101.47,97.81,110.47,92.89
CUST_3795,40.86,59.31,64.44,64.83,51.6,38.62,38.37,39.05,42.86,57.24,47.71,63.53
CUST_3796,94.95,91.16,95.03,81.62,85.35,77.81,85.62,75.23,93.15,74.07,92.15,82.52
CUST_3797,79.25,66.08,70.99,79.93,84.98,87.5,68.83,71.43,61.26,85.53,72.83,73.11
CUST_3798,57.67,60.13,54.98,71.44,61.57,64.81,65.34,72.0,50.35,54.6,59.73,61.26
CUST_3799,56.85,60.09,52.31,42.36,61.91,56.72,67.61,48.21,49.25,53.49,64.85,66.3
CUST_3800,58.92,57.48,61.42,62.78,61.24,49.27,52.49,55.77,54.02,55.09,48.72,50.36
CUST_3801,74.22,85.61,91.22,73.56,72.0,71.29,79.89,86.2,85.92,70.33,72.87,81.13
CUST_3802,56.78,58.53,50.56,63.78,60.01,59.64,55.63,59.15,70.18,42.85,66.45,58.26
CUST_3803,120.31,103.44,98.49,111.2,96.9,105.76,117.98,95.4,115.98,120.22,96.07,119.86
CUST_3804,134.25,115.33,110.46,110.5,119.71,127.07,131.93,118.89,108.11,128.85,119.71,128.89
CUST_3805,77.79,104.74,95.35,97.2,93.11,91.69,85.29,88.13,83.2,89.67,79.08,103.63
CUST_3806,89.58,90.56,80.26,93.8,86.07,75.06,97.74,81.21,103.48,83.87,92.75,103.83
CUST_3807,42.79,46.0,40.8,48.1,35.17,47.21,46.42,32.89,37.4,29.09,52.54,45.65
CUST_3808,50.35,50.84,44.97,34.58,40.91,36.02,48.4,47.75,44.48,30.91,46.41,52.48
CUST_3809,121.35,119.65,114.4,94.52,105.68,107.52,113.22,99.12,95.15,104.16,114.83,112.87
CUST_3810,100.58,114.87,106.89,99.86,114.21,87.59,89.2,111.24,99.68,88.65,111.33,96.77
CUST_3811,75.06,71.05,93.47,75.07,70.89,68.5,69.98,67.22,76.35,87.55,90.74,87.17
CUST_3812,56.4,50.49,40.39,49.08,39.92,56.03,32.04,51.87,42.64,38.1,49.96,32.89
CUST_3813,81.98,86.87,72.02,72.92,62.52,75.55,86.17,87.39,65.74,70.73,83.8,86.41
CUST_3814,116.51,103.53,115.65,90.83,106.24,108.34,99.12,100.43,111.48,117.13,110.92,111.29
CUST_3815,111.22,106.86,100.44,120.75,106.25,94.49,94.49,106.07,112.73,111.91,107.28,112.98
CUST_3816,121.32,93.38,102.62,102.36,98.47,107.07,99.01,96.35,113.55,101.57,119.4,92.62
CUST_3817,104.14,115.65,123.51,106.47,124.34,118.59,107.29,121.95,119.2,131.84,109.79,115.52
CUST_3818,99.65,96.39,92.82,98.58,98.57,94.03,80.78,91.18,85.34,77.17,85.55,90.09
CUST_3819,91.4,105.2,98.19,89.21,97.09,96.15,104.37,85.12,90.82,84.64,96.69,79.48
CUST_3820,60.18,46.52,51.05,54.71,53.35,71.79,49.84,57.71,55.95,48.07,45.3,68.19
CUST_3821,123.01,113.17,99.36,110.75,118.58,113.3,112.73,98.64,113.13,124.11,102.85,116.89
CUST_3822,68.43,68.5,51.0,72.91,57.37,63.53,46.99,49.98,54.72,51.85,54.62,67.25
CUST_3823,48.51,60.45,44.03,35.13,49.54,49.34,51.01,56.32,59.67,51.33,41.98,56.48
CUST_3824,56.06,58.07,68.57,49.23,61.7,65.89,43.55,44.6,65.05,43.79,42.56,57.7
CUST_3825,85.27,83.3,101.24,86.84,78.85,99.09,101.79,104.95,81.29,95.14,88.35,80.36
CUST_3826,124.85,115.49,113.79,124.95,129.02,107.41,128.42,103.76,108.74,112.67,109.43,112.55
CUST_3827,68.79,61.66,85.18,74.87,62.05,61.73,77.11,72.48,58.12,58.21,58.33,84.07
CUST_3828,46.01,56.99,48.17,46.1,62.6,55.02,39.09,53.21,48.17,34.86,53.69,46.99
CUST_3829,57.43,65.41,78.15,76.97,79.08,55.06,61.01,74.92,66.8,69.47,55.24,78.95
CUST_3830,48.43,47.78,44.1,43.2,21.32,33.98,23.51,32.6,47.92,31.99,45.28,37.04
CUST_3831,83.5,80.41,68.43,68.62,89.28,86.01,78.22,83.24,83.01,80.46,92.08,69.11
CUST_3832,87.66,109.65,98.12,85.69,88.58,94.59,99.3,88.97,104.66,95.84,105.63,83.57
CUST_3833,78.88,68.93,61.87,81.59,63.83,77.34,71.2,70.9,77.8,69.01,89.59,70.68
CUST_3834,34.3,49.05,46.84,44.67,48.82,38.14,61.91,53.21,61.4,44.36,62.57,59.53
CUST_3835,102.16,89.63,96.14,93.6,106.93,94.85,106.98,109.37,90.79,95.16,84.71,102.73
CUST_3836,119.18,103.78,127.06,108.69,128.24,105.25,130.09,132.37,120.24,130.34,124.31,113.18
CUST_3837,94.29,80.48,88.41,85.07,89.53,85.62,103.24,108.96,92.92,81.2,81.25,107.78
CUST_3838,56.05,54.43,53.91,37.24,41.72,41.3,37.77,48.27,42.59,49.15,64.27,63.02
CUST_3839,24.34,28.66,41.13,45.27,37.69,27.72,27.89,44.95,49.55,22.46,39.89,40.61
CUST_3840,49.12,47.81,65.95,49.02,48.43,49.62,67.12,52.25,72.78,72.05,49.93,56.49
CUST_3841,59.78,67.78,44.58,45.4,66.56,62.55,60.23,49.23,46.47,59.83,60.46,40.23
CUST_3842,60.43,65.43,44.27,53.69,41.93,65.23,48.78,62.41,63.63,56.47,66.8,56.47
CUST_3843,115.81,118.2,127.84,114.84,111.4,106.99,107.87,111.99,115.33,116.75,109.94,117.59
CUST_3844,110.03,112.64,107.67,100.79,94.25,99.92,109.0,116.8,113.17,107.38,100.99,104.17
CUST_3845,92.04,93.54,87.89,70.95,89.71,75.02,71.8,71.63,93.56,86.11,86.78,93.9
CUST_3846,123.44,136.73,113.42,130.98,121.09,116.32,122.5,139.75,121.77,137.99,127.37,125.15
CUST_3847,119.45,118.8,107.74,126.36,105.76,111.34,119.24,124.12,116.06,113.84,112.65,99.64
CUST_3848,111.1,115.13,113.8,138.32,133.6,134.92,127.93,117.73,113.34,137.99,138.88,119.32
CUST_3849,105.95,86.72,95.42,86.56,100.93,100.18,85.56,104.38,87.41,99.68,88.81,90.23
CUST_3850,87.6,105.94,98.92,88.41,99.48,115.48,101.36,108.76,97.87,104.68,88.41,93.85
CUST_3851,37.51,45.51,27.18,26.46,23.63,52.67,26.28,42.21,31.21,34.63,50.52,37.63
CUST_3852,111.33,115.24,118.28,119.13,109.4,133.92,108.1,107.83,117.71,128.7,128.05,125.65
CUST_3853,40.87,47.24,35.96,55.56,46.46,54.61,36.76,52.08,54.75,55.72,36.07,45.89
CUST_3854,95.12,71.51,87.0,93.35,74.91,82.93,91.32,93.46,72.46,78.29,82.41,87.96
CUST_3855,67.47,77.97,66.52,70.7,70.38,72.17,66.34,72.27,75.44,60.2,79.47,62.48
CUST_3856,117.27,95.37,104.09,100.25,108.54,107.72,103.82,93.28,98.92,98.03,96.15,117.51
CUST_3857,49.0,55.83,39.04,42.36,59.29,57.46,51.83,63.66,59.89,66.72,51.23,42.52
CUST_3858,89.91,89.9,107.83,99.04,110.77,107.62,99.35,98.2,103.81,115.39,89.22,103.84
CUST_3859,125.64,122.36,119.14,102.26,117.72,112.85,117.88,104.76,118.83,113.33,118.79,116.05
CUST_3860,59.82,51.21,48.54,44.51,58.67,49.09,39.09,35.11,56.65,36.01,35.72,43.43
CUST_3861,65.13,60.05,71.66,55.86,73.03,51.32,53.38,60.48,46.71,54.6,55.35,71.18
CUST_3862,49.84,50.81,59.46,60.0,57.86,57.51,41.24,40.28,56.78,61.63,63.92,52.08
CUST_3863,54.37,53.53,63.12,55.9,62.94,60.79,42.51,40.13,47.07,66.68,66.97,52.64
CUST_3864,42.83,51.88,52.33,38.84,34.49,43.72,40.36,41.1,48.26,42.74,49.2,49.07
CUST_3865,125.21,119.91,109.24,130.4,111.89,107.26,129.1,119.03,120.32,130.98,109.76,117.82
CUST_3866,36.55,59.83,40.67,58.79,32.69,41.05,34.28,49.05,47.41,52.76,57.2,58.97
CUST_3867,119.92,122.78,109.86,119.07,100.02,125.3,117.28,102.6,96.1,116.3,124.25,120.71
CUST_3868,73.26,89.28,100.41,73.48,85.75,77.64,72.96,83.7,85.78,71.58,97.48,85.04
CUST_3869,105.37,90.72,103.32,97.4,89.97,111.05,95.42,90.68,95.21,111.0,100.14,88.25
CUST_3870,77.53,71.1,73.7,87.66,81.12,90.68,74.08,73.98,77.7,76.62,63.61,89.27
CUST_3871,73.57,57.77,65.16,60.08,48.56,72.95,49.57,51.05,73.32,50.13,75.59,71.91
CUST_3872,114.58,112.63,99.44,118.41,106.29,121.84,102.11,108.6,98.11,122.06,122.58,123.03
CUST_3873,60.35,56.7,75.0,71.74,59.33,57.52,58.81,65.51,50.98,52.44,60.23,69.97
CUST_3874,69.13,61.84,57.71,66.15,84.16,65.62,80.22,62.16,79.59,60.18,83.51,61.63
CUST_3875,65.57,72.98,62.54,48.56,67.84,52.88,75.04,70.85,67.34,77.69,66.73,51.53
CUST_3876,101.25,91.53,104.22,109.66,110.17,85.83,89.72,82.45,81.74,85.74,109.44,109.63
CUST_3877,115.09,113.8,133.44,121.91,135.39,111.42,115.3,106.41,133.04,112.69,124.81,133.79
CUST_3878,93.59,97.75,88.53,88.4,93.31,79.39,74.4,89.35,79.48,97.92,78.17,82.25
CUST_3879,37.6,30.82,33.64,41.16,54.53,30.91,37.98,30.84,51.76,44.46,50.44,40.85
CUST_3880,21.03,41.3,47.62,36.94,38.68,41.15,40.43,32.36,22.29,23.06,24.2,27.22
CUST_3881,101.0,107.15,94.62,95.6,91.86,92.54,94.84,114.22,92.09,98.64,102.15,103.43
CUST_3882,83.68,87.73,70.39,73.26,65.34,68.32,83.83,93.1,94.73,83.65,77.77,71.75
CUST_3883,101.43,96.02,73.55,89.02,100.86,92.65,76.51,93.07,100.65,90.6,81.68,96.09
CUST_3884,120.63,115.75,126.49,114.6,113.71,98.14,124.36,115.97,98.6,100.79,99.74,97.41
CUST_3885,86.53,85.84,105.49,98.38,87.8,100.32,87.02,84.08,91.82,98.89,105.14,105.8
CUST_3886,50.98,76.07,68.06,61.09,71.72,62.41,59.26,67.06,54.13,75.21,70.89,72.62
CUST_3887,57.46,70.5,53.53,56.59,67.68,64.51,47.61,47.61,63.87,61.08,62.36,56.4
CUST_3888,81.72,84.47,92.64,99.42,101.72,81.89,86.09,94.28,89.06,108.62,85.25,102.9
CUST_3889,104.81,107.26,105.19,101.12,102.5,115.41,103.1,129.61,118.0,123.96,108.67,128.26
CUST_3890,98.28,105.63,92.08,107.22,114.39,99.15,107.78,116.44,108.0,102.64,97.93,98.58
CUST_3891,123.97,124.88,111.6,121.6,109.63,110.35,114.56,120.39,131.11,119.15,114.57,107.94
CUST_3892,110.11,97.05,98.63,106.31,85.68,98.74,92.18,93.61,100.04,106.91,110.12,107.3
CUST_3893,55.92,27.25,52.35,30.89,42.43,56.13,36.69,45.18,32.93,31.59,34.26,30.56
CUST_3894,44.19,64.88,52.48,50.6,67.56,73.87,66.54,47.26,53.54,68.82,69.19,61.53
CUST_3895,92.67,81.98,67.0,69.28,81.08,69.29,87.9,65.72,83.89,89.5,92.47,88.51
CUST_3896,75.91,83.96,82.38,66.71,78.29,86.4,63.56,68.5,84.1,73.21,56.83,67.54
CUST_3897,101.29,126.37,109.34,106.76,113.55,102.55,114.82,118.04,124.67,110.52,109.93,112.71
CUST_3898,129.04,111.17,132.85,117.3,108.95,119.5,130.42,130.29,123.96,126.45,131.77,113.89
CUST_3899,107.33,89.53,93.73,97.53,98.58,83.22,103.78,85.18,95.11,102.53,103.64,93.68
CUST_3900,92.46,87.77,86.01,97.91,92.22,90.75,95.31,80.43,79.83,81.78,85.65,97.7
CUST_3901,95.99,121.72,125.17,113.93,105.07,106.91,112.48,97.25,124.5,100.67,108.2,103.89
CUST_3902,112.14,117.89,117.07,137.64,120.62,132.92,124.04,112.55,115.72,134.11,136.71,129.46
CUST_3903,121.9,104.14,113.09,118.08,93.03,96.86,120.02,111.73,120.67,122.0,99.07,102.74
CUST_3904,47.1,44.78,52.68,32.37,41.53,37.45,43.65,38.97,41.59,51.56,48.87,51.49
CUST_3905,94.66,100.74,103.04,84.88,91.29,86.6,91.57,84.18,86.56,98.84,87.12,90.89
CUST_3906,63.68,47.07,68.11,70.66,55.22,55.0,68.12,75.6,51.02,73.39,53.92,67.06
CUST_3907,105.5,103.6,87.6,87.06,84.04,87.54,95.48,83.85,100.92,100.89,83.51,91.88
CUST_3908,50.34,63.11,44.48,37.15,44.95,57.37,44.3,49.25,39.76,41.53,35.64,62.56
CUST_3909,121.64,113.22,104.92,100.44,112.21,118.19,119.09,126.47,110.96,104.4,100.74,97.2
CUST_3910,96.41,104.2,97.3,92.85,114.85,117.47,118.97,107.16,103.35,101.7,113.41,93.7
CUST_3911,44.11,40.48,43.75,48.51,57.51,58.22,39.37,45.66,35.02,37.84,61.05,58.95
CUST_3912,134.3,130.12,115.58,132.48,116.19,110.67,122.13,128.5,130.54,126.04,115.93,122.12
CUST_3913,70.87,64.53,60.88,75.64,48.97,58.32,49.56,65.67,49.71,64.84,50.7,66.74
CUST_3914,103.69,108.19,109.68,107.93,102.4,93.24,114.17,87.61,89.31,104.91,93.96,101.32
CUST_3915,49.9,43.58,51.1,44.28,55.62,33.09,54.41,44.02,39.56,37.24,58.7,42.71
CUST_3916,65.96,54.4,56.81,65.56,63.81,40.69,41.15,63.69,43.84,68.42,61.07,64.43
CUST_3917,90.39,83.44,98.68,89.75,82.28,101.47,84.83,82.77,94.56,106.53,100.29,88.06
CUST_3918,111.52,115.26,111.2,100.7,94.38,97.12,107.61,102.91,112.6,113.12,95.61,113.32
CUST_3919,86.51,80.47,76.02,71.33,77.23,93.29,86.88,91.85,68.05,81.42,93.79,85.66
CUST_3920,99.54,122.49,122.58,97.63,101.84,109.81,111.52,120.5,125.38,95.97,118.09,96.1
CUST_3921,55.27,29.06,50.08,40.62,37.19,34.12,35.48,57.23,44.5,29.36,32.6,39.88
CUST_3922,111.79,99.17,118.64,106.93,97.08,107.23,114.26,100.8,96.73,118.23,117.75,114.48
CUST_3923,55.93,37.46,50.76,55.23,48.98,36.06,53.34,38.85,36.83,32.46,48.73,55.49
CUST_3924,104.1,83.55,98.14,97.3,87.92,108.93,94.74,98.88,101.79,106.04,82.29,103.36
CUST_3925,70.95,66.55,65.62,73.31,63.52,63.91,66.46,74.58,85.1,78.91,76.82,70.79
CUST_3926,111.76,93.83,92.58,101.67,99.54,97.27,91.06,98.15,98.98,100.88,97.23,85.9
CUST_3927,32.78,42.81,25.32,48.77,48.88,50.44,45.92,40.0,45.68,45.32,48.18,33.19
CUST_3928,55.38,44.8,50.03,43.19,43.85,61.44,55.79,59.84,47.49,50.53,56.26,42.62
CUST_3929,59.9,39.13,48.36,59.64,62.3,39.16,59.0,42.65,44.3,42.72,44.81,58.03
CUST_3930,35.01,52.45,61.34,42.94,45.07,46.64,55.33,51.57,36.05,45.29,55.89,34.39
CUST_3931,85.6,89.6,89.81,72.53,98.35,99.23,85.19,79.87,80.54,84.61,89.09,98.46
CUST_3932,114.75,127.66,108.94,123.74,130.03,104.09,112.88,110.66,107.99,120.09,129.7,129.53
CUST_3933,111.83,94.17,121.45,120.62,122.71,118.37,108.08,101.92,118.14,98.61,119.13,109.33
CUST_3934,24.44,27.99,35.15,49.94,37.58,42.49,46.8,28.25,41.86,23.7,28.58,38.99
CUST_3935,66.59,72.13,83.16,75.21,93.83,73.29,86.52,69.77,83.73,91.91,78.18,79.08
CUST_3936,97.58,99.68,95.56,91.87,90.01,84.19,102.26,93.25,96.42,80.47,97.61,86.52
CUST_3937,105.78,114.14,127.34,111.82,102.33,115.21,112.64,108.26,120.99,116.08,124.02,125.92
CUST_3938,88.74,72.06,79.86,86.85,68.79,68.34,84.78,90.68,81.32,74.67,77.23,71.5
CUST_3939,127.73,129.51,105.24,115.75,106.52,119.02,116.74,106.27,115.58,112.93,116.95,119.06
CUST_3940,52.71,81.41,78.89,54.34,76.41,60.98,55.67,72.3,61.47,80.83,60.92,73.16
CUST_3941,79.17,71.38,75.25,62.74,90.03,88.93,77.62,79.0,86.01,87.64,84.34,73.85
CUST_3942,99.55,104.31,114.83,110.68,116.44,102.18,113.24,103.11,102.58,110.63,120.34,114.22
CUST_3943,39.41,36.08,51.46,40.7,53.03,53.8,45.3,38.97,49.59,44.31,53.37,42.55
CUST_3944,47.01,68.19,70.65,42.53,46.91,67.4,57.58,45.0,69.23,51.5,58.82,59.07
CUST_3945,58.1,64.07,79.08,58.89,75.14,53.34,53.65,52.87,71.94,66.02,55.18,60.17
CUST_3946,82.69,97.56,80.21,90.08,91.05,68.36,83.12,92.49,80.92,76.53,86.67,90.37
CUST_3947,97.68,113.24,91.04,111.74,101.67,111.85,91.98,108.72,87.78,86.34,106.85,102.52
CUST_3948,94.27,118.86,115.75,108.16,100.83,123.34,122.1,116.25,100.05,104.8,108.08,110.22
CUST_3949,59.93,53.33,44.21,62.34,53.56,51.24,67.56,46.27,60.9,58.12,56.55,60.71
CUST_3950,86.93,102.6,96.91,112.86,105.13,95.14,93.42,109.97,112.68,113.24,89.34,98.53
CUST_3951,28.39,42.65,25.69,42.89,33.15,46.1,49.52,48.78,50.79,42.98,48.22,40.9
CUST_3952,99.91,98.04,114.01,102.65,94.89,107.49,93.84,110.89,100.14,113.59,113.99,91.97
CUST_3953,70.78,65.26,60.78,63.64,43.05,59.56,59.07,52.69,70.82,65.29,68.44,60.05
CUST_3954,54.37,49.23,62.17,54.42,62.85,47.17,62.1,72.86,50.32,64.62,64.5,72.3
CUST_3955,100.09,88.23,105.08,96.88,110.3,90.89,94.05,94.04,115.84,99.25,108.26,114.54
CUST_3956,67.23,74.82,52.41,54.92,53.56,63.61,78.03,54.43,56.3,61.82,70.88,56.5
CUST_3957,47.24,28.98,38.21,45.9,51.79,46.12,46.36,47.06,35.32,44.79,45.94,35.36
CUST_3958,47.21,26.65,50.53,46.85,45.27,51.1,32.76,33.57,50.26,24.82,24.46,41.61
CUST_3959,118.75,118.61,114.32,113.52,93.0,97.3,108.96,105.03,113.26,104.79,101.3,103.42
CUST_3960,58.54,28.82,56.22,30.94,39.62,34.58,35.72,48.33,30.9,39.18,51.86,51.9
CUST_3961,44.55,68.97,67.32,49.92,49.09,50.02,52.76,63.0,66.43,51.23,60.39,65.22
CUST_3962,50.39,54.97,72.99,68.52,63.63,72.95,72.72,50.59,59.97,61.26,49.51,72.35
CUST_3963,65.93,74.36,69.45,90.99,64.76,66.23,73.98,85.45,69.33,85.76,92.17,76.71
CUST_3964,55.93,44.47,46.51,51.38,45.87,56.01,57.39,51.41,53.01,52.14,58.88,44.71
CUST_3965,68.55,55.51,62.75,56.58,62.67,59.33,78.76,63.26,66.61,78.53,72.43,75.41
CUST_3966,114.43,95.05,95.96,98.07,115.71,114.92,100.18,116.36,112.4,99.58,118.97,108.34
CUST_3967,89.61,88.99,102.45,84.81,94.54,103.97,106.11,97.02,97.4,102.01,101.49,93.67
CUST_3968,84.85,100.85,107.64,97.46,98.07,92.77,113.62,95.25,99.06,99.79,99.02,87.89
CUST_3969,39.13,61.41,48.88,43.79,68.11,50.94,54.08,60.69,39.81,58.87,48.15,47.9
CUST_3970,70.38,73.23,59.38,52.73,52.77,51.65,67.45,72.31,64.25,46.09,73.27,65.98
CUST_3971,91.3,88.28,66.28,74.0,69.36,91.36,75.8,77.14,66.22,82.92,84.25,86.41
CUST_3972,91.28,107.87,93.87,91.09,88.85,110.85,92.14,105.02,89.35,92.83,108.96,115.43
CUST_3973,73.53,74.38,67.71,66.58,57.32,77.71,75.72,52.29,62.02,56.84,55.53,50.24
CUST_3974,81.92,82.42,86.66,74.52,89.76,81.77,73.15,75.65,94.58,93.15,88.43,73.81
CUST_3975,45.87,52.6,46.69,67.02,71.85,71.06,46.97,56.46,67.88,61.08,60.28,50.56
CUST_3976,110.51,113.62,109.67,92.5,105.65,93.05,114.25,95.25,100.85,118.18,99.45,119.31
CUST_3977,102.84,111.65,119.5,99.44,108.75,113.94,99.6,111.57,108.64,119.38,99.28,95.43
CUST_3978,85.82,98.59,86.55,87.53,104.66,77.29,82.23,103.54,83.03,96.91,79.67,81.66
CUST_3979,131.67,121.99,120.56,132.43,130.44,105.78,109.61,127.73,131.56,129.8,126.61,127.91
CUST_3980,79.13,72.65,73.79,77.83,82.48,86.25,79.74,84.77,101.91,84.11,99.05,98.25
CUST_3981,57.98,54.41,77.21,82.48,59.37,74.96,66.13,58.4,65.97,52.7,82.49,70.9
CUST_3982,64.4,50.43,70.77,65.0,50.92,55.2,54.1,60.64,60.54,52.23,64.76,62.1
CUST_3983,126.13,100.24,113.11,103.78,98.94,121.03,120.0,113.26,122.18,126.39,121.49,117.08
CUST_3984,82.66,78.64,70.37,76.32,86.85,83.56,78.24,71.24,83.58,82.45,67.79,79.06
CUST_3985,43.63,65.27,58.33,49.58,63.13,47.56,59.19,36.83,36.04,37.42,58.62,47.97
CUST_3986,79.07,83.26,94.37,69.67,74.66,77.91,80.3,87.92,96.14,94.39,92.95,72.03
CUST_3987,85.35,95.43,103.98,107.63,89.99,93.97,82.25,90.94,94.07,79.3,88.62,87.27
CUST_3988,72.38,86.86,72.17,90.33,89.09,86.43,81.85,90.96,98.04,97.45,97.8,92.92
CUST_3989,88.91,85.84,98.78,72.36,81.14,78.55,78.76,88.6,83.16,86.55,99.24,98.54
CUST_3990,113.16,133.43,122.79,114.04,106.48,121.5,104.45,108.43,114.68,108.47,132.03,105.44
CUST_3991,113.37,113.75,104.36,126.57,103.62,121.45,117.77,116.97,113.32,105.95,108.83,101.45
CUST_3992,122.76,102.14,104.56,110.16,109.93,104.18,101.32,98.83,109.56,99.92,99.51,113.59
CUST_3993,70.41,53.0,79.99,72.93,72.69,69.49,62.76,64.22,55.32,67.61,69.86,77.02
CUST_3994,37.03,37.72,54.16,65.08,37.18,37.31,48.37,48.77,40.45,65.83,61.88,62.16
CUST_3995,60.14,59.93,64.13,65.67,68.09,68.32,68.81,76.28,82.37,61.29,57.58,85.31
CUST_3996,80.32,84.12,82.3,70.01,83.77,73.67,65.36,63.25,70.95,79.75,64.99,89.72
CUST_3997,37.5,57.8,51.37,32.39,47.32,43.72,47.28,56.39,45.56,56.16,57.88,33.28
CUST_3998,56.73,57.16,46.73,46.51,46.91,32.81,44.05,32.52,50.03,42.26,38.98,34.18
CUST_3999,105.3,103.85,114.12,120.24,105.6,126.96,116.73,104.57,109.18,114.34,121.84,118.94
CUST_4000,122.81,98.77,123.27,111.08,97.81,113.29,100.32,119.88,109.77,119.09,122.78,123.77
CUST_4001,81.42,81.42,83.41,58.37,83.69,69.06,81.27,71.1,68.54,78.12,71.98,83.13
CUST_4002,120.76,118.82,107.98,104.87,96.13,125.16,102.69,119.51,103.68,97.18,115.09,102.79
CUST_4003,108.93,96.34,89.55,99.49,83.77,86.29,85.11,103.9,81.33,91.7,82.57,99.8
CUST_4004,59.76,67.22,61.97,53.51,59.51,55.54,58.07,65.79,65.15,53.1,47.18,58.65
CUST_4005,78.74,55.29,83.23,80.97,82.09,71.43,71.02,56.4,70.46,59.95,80.11,58.06
CUST_4006,78.66,62.51,57.43,78.55,73.64,70.94,49.28,66.49,71.76,77.72,76.37,73.53
CUST_4007,121.85,119.46,116.11,118.81,132.03,110.53,105.46,132.04,127.06,133.06,117.69,109.03
CUST_4008,93.73,72.39,75.32,80.62,83.72,92.79,86.01,71.59,99.13,83.2,90.58,85.54
CUST_4009,39.91,37.51,45.05,60.63,44.91,45.52,61.88,39.44,38.29,42.5,37.75,49.45
CUST_4010,75.52,77.77,84.13,95.79,94.43,90.89,75.36,90.8,75.48,69.19,75.56,90.6
CUST_4011,45.1,52.3,42.0,45.3,52.47,57.37,67.28,59.32,67.49,65.93,37.84,37.7
CUST_4012,39.11,41.62,59.69,51.7,41.0,53.02,52.57,57.93,49.05,63.79,61.02,39.27
CUST_4013,84.52,79.83,85.38,98.37,77.88,85.38,93.32,87.54,88.21,84.17,74.29,73.52
CUST_4014,68.75,47.27,44.96,61.89,43.14,68.62,65.86,47.55,66.81,62.58,47.38,63.02
CUST_4015,102.91,118.87,128.68,124.62,129.0,116.27,112.04,107.32,103.15,104.91,127.65,103.24
CUST_4016,118.04,120.73,120.82,114.49,116.23,126.53,121.18,102.76,110.51,122.44,117.71,104.92
CUST_4017,83.68,65.08,74.44,79.27,79.17,68.03,86.0,75.89,64.12,61.77,78.63,69.37
CUST_4018,86.37,110.81,94.54,110.63,86.02,82.66,85.46,94.95,104.27,88.68,85.42,84.43
CUST_4019,64.01,51.47,45.4,42.79,63.09,37.72,65.55,60.8,51.57,43.73,59.02,59.53
CUST_4020,104.93,109.47,113.61,102.97,114.74,113.62,108.82,116.07,110.4,96.62,118.09,123.03
CUST_4021,88.68,97.68,78.51,85.82,90.06,70.54,70.46,86.45,71.65,87.89,92.7,77.4
CUST_4022,82.7,95.13,98.86,80.54,76.49,92.82,99.31,97.97,82.45,89.79,86.84,81.12
CUST_4023,37.74,55.79,45.05,36.77,59.64,51.51,45.19,46.36,50.4,51.06,46.11,61.56
CUST_4024,78.62,68.24,67.85,67.96,67.66,60.94,78.96,70.25,80.72,59.06,66.31,58.59
CUST_4025,64.8,75.26,66.73,84.54,83.79,60.42,78.04,65.3,63.56,60.56,77.11,77.55
CUST_4026,109.51,129.39,126.93,109.17,127.19,122.04,107.1,115.34,116.51,113.61,113.87,125.38
CUST_4027,118.2,107.01,123.17,112.85,104.08,124.05,123.85,127.72,126.01,106.68,126.52,114.98
CUST_4028,26.7,27.42,30.94,31.85,32.94,31.98,36.74,25.74,47.12,43.82,27.73,24.97
CUST_4029,61.9,80.05,85.86,86.54,75.96,79.82,78.93,73.43,76.85,62.51,83.61,80.16
CUST_4030,90.66,69.38,92.92,90.22,86.51,86.95,90.26,78.79,76.77,81.56,90.64,88.75
CUST_4031,65.52,73.75,72.6,76.36,91.1,69.0,90.07,78.5,68.37,75.26,82.77,79.59
CUST_4032,97.22,87.26,85.86,82.73,102.52,89.22,86.54,102.08,95.67,90.88,94.55,97.76
CUST_4033,85.85,92.09,112.05,109.43,111.17,100.15,110.23,106.96,94.73,84.87,97.66,101.95
CUST_4034,108.5,95.85,91.74,94.76,112.23,90.31,89.21,104.68,93.87,105.05,111.75,99.41
CUST_4035,123.06,97.23,115.74,95.73,102.15,108.16,123.83,118.45,106.69,108.73,116.95,108.44
CUST_4036,46.91,31.61,37.96,35.61,32.25,48.36,38.04,49.72,30.88,47.53,52.38,52.39
CUST_4037,117.53,107.86,98.42,96.81,94.65,94.91,111.12,96.22,105.36,103.99,121.16,110.87
CUST_4038,62.17,68.67,48.27,57.29,59.59,62.68,41.34,42.81,68.2,42.81,63.07,47.37
CUST_4039,46.28,35.48,30.53,39.03,31.06,32.58,32.29,37.42,36.34,37.68,28.14,47.03
CUST_4040,87.4,102.7,79.78,80.37,76.05,79.94,92.78,76.47,96.5,101.15,79.59,100.38
CUST_4041,83.8,102.84,100.89,108.88,104.07,85.7,92.74,88.42,106.57,90.02,84.89,86.42
CUST_4042,72.82,70.06,66.38,74.98,72.7,60.25,52.97,49.14,48.89,60.0,63.01,68.55
CUST_4043,62.25,83.54,74.92,64.18,61.68,58.72,82.72,71.36,82.73,61.64,85.05,60.19
CUST_4044,63.81,61.22,67.26,46.86,50.98,45.38,61.77,56.1,56.47,65.04,41.59,44.58
CUST_4045,104.05,123.23,117.86,116.38,98.72,115.39,116.44,110.81,113.54,108.18,95.48,110.18
CUST_4046,115.79,102.69,115.93,119.68,111.54,102.28,102.03,93.41,111.46,110.4,104.56,114.14
CUST_4047,77.92,65.17,83.55,77.49,73.37,70.0,65.06,73.73,78.67,66.04,71.54,80.98
CUST_4048,103.98,88.85,101.45,110.73,107.39,99.71,92.26,114.94,90.7,110.72,111.94,95.0
CUST_4049,49.35,52.43,55.06,62.4,58.39,45.62,62.28,39.0,55.6,49.21,60.87,50.51
CUST_4050,27.62,26.37,25.0,42.57,51.22,32.79,50.36,30.25,47.11,25.09,23.97,45.97
CUST_4051,75.28,80.17,79.88,79.56,67.02,57.03,79.16,72.6,62.93,82.33,61.38,57.34
CUST_4052,79.43,91.86,86.56,89.89,71.03,90.29,74.58,91.99,79.89,83.91,67.04,87.74
CUST_4053,85.65,91.09,106.56,98.76,105.09,103.49,103.05,93.87,110.81,111.01,91.96,105.83
CUST_4054,25.98,37.13,25.37,34.38,50.81,35.98,44.34,44.52,28.05,23.97,34.01,30.58
CUST_4055,103.66,117.74,119.39,106.51,112.87,105.3,111.12,105.09,113.4,102.8,123.77,115.44
CUST_4056,112.81,92.6,98.33,116.79,113.28,101.9,92.63,97.03,95.16,109.19,114.45,118.23
CUST_4057,123.13,117.46,127.52,109.16,129.7,112.22,124.2,122.08,111.42,131.78,134.86,135.35
CUST_4058,95.33,85.88,106.54,91.03,103.97,106.06,106.08,90.93,90.06,85.06,86.58,97.15
CUST_4059,50.13,60.93,59.37,52.18,68.12,77.33,63.34,60.06,49.15,61.72,74.11,51.68
CUST_4060,93.64,103.68,100.17,106.7,100.0,98.33,103.58,116.91,109.43,100.87,93.84,101.85
CUST_4061,66.92,61.01,50.16,55.32,67.86,54.47,55.73,47.74,59.41,63.59,61.85,46.13
CUST_4062,55.37,29.91,48.45,36.91,39.17,53.31,43.88,35.32,43.64,52.73,42.27,29.25
CUST_4063,67.7,68.74,59.08,67.35,46.73,67.76,59.24,46.65,53.24,57.72,54.02,63.72
CUST_4064,116.53,133.13,117.76,130.66,125.14,136.23,123.17,122.1,109.29,114.95,108.34,134.53
CUST_4065,67.76,48.47,54.23,52.4,70.58,66.97,55.01,45.96,45.89,51.7,54.84,45.73
CUST_4066,62.54,77.3,53.62,56.28,72.53,54.0,52.68,76.01,73.05,63.56,54.89,78.37
CUST_4067,106.93,130.11,124.41,124.64,118.44,105.04,128.96,104.0,109.85,117.81,126.37,126.83
CUST_4068,102.24,74.17,83.05,101.81,77.93,100.73,102.2,79.6,90.95,99.08,83.15,89.82
CUST_4069,45.37,51.26,33.52,55.85,32.08,35.8,37.45,36.43,53.41,55.52,37.51,49.4
CUST_4070,77.58,77.81,69.23,91.69,70.25,91.8,69.51,85.39,64.23,74.06,73.74,65.0
CUST_4071,42.96,68.83,47.69,41.86,68.9,40.97,40.46,47.82,43.17,42.5,64.94,50.22
CUST_4072,100.79,81.2,96.69,73.91,78.55,84.64,84.71,97.32,90.63,101.26,77.55,94.05
CUST_4073,72.6,89.49,92.12,87.51,86.65,81.45,77.5,73.63,100.97,76.65,88.76,92.42
CUST_4074,38.01,66.8,41.35,49.75,57.45,61.49,45.82,64.05,66.41,49.96,41.05,62.11
CUST_4075,47.0,60.58,58.07,42.86,45.16,54.69,51.59,37.86,37.41,43.35,34.43,36.13
CUST_4076,79.18,87.24,86.97,70.77,63.63,66.61,85.06,74.57,69.53,64.42,84.72,80.72
CUST_4077,83.48,95.37,100.47,95.83,89.56,99.88,98.56,110.05,109.3,101.77,84.72,94.76
CUST_4078,113.2,102.02,131.2,107.77,109.55,114.65,119.04,119.34,102.49,114.48,123.81,128.88
CUST_4079,108.52,102.0,101.85,101.52,110.08,105.44,116.47,98.41,111.39,94.73,89.14,90.96
CUST_4080,59.73,62.4,60.53,84.77,60.29,70.46,65.68,62.94,80.77,60.12,68.52,89.26
CUST_4081,77.75,84.46,75.9,90.87,90.78,96.66,103.02,81.41,93.52,94.41,75.13,102.33
CUST_4082,103.37,101.21,110.05,89.99,98.96,86.31,101.44,110.17,86.45,100.72,89.24,87.71
CUST_4083,45.02,46.63,29.83,44.56,44.73,46.68,50.77,51.52,42.29,54.45,39.13,35.06
CUST_4084,105.67,127.29,114.85,129.38,127.66,117.42,109.98,129.89,104.35,115.79,126.76,112.82
CUST_4085,50.46,52.33,42.88,44.25,61.7,42.47,39.29,54.79,59.52,59.06,60.6,54.15
CUST_4086,92.44,75.08,94.64,79.32,69.37,76.07,83.62,90.04,75.24,69.7,84.49,74.86
CUST_4087,95.67,102.32,110.16,112.52,103.68,87.31,113.12,114.18,96.85,87.45,99.85,113.98
CUST_4088,96.49,95.28,109.35,106.9,112.9,89.32,103.87,87.77,94.11,112.5,89.03,89.67
CUST_4089,38.87,39.3,22.61,50.63,38.44,22.61,32.9,41.03,23.4,37.45,35.09,31.95
CUST_4090,73.52,67.58,46.82,58.32,66.91,73.93,67.17,48.17,53.57,64.63,73.6,47.81
CUST_4091,76.6,62.88,57.08,66.68,78.27,58.85,54.37,67.79,53.86,74.46,59.16,73.2
CUST_4092,125.76,112.12,125.17,128.14,115.93,122.38,134.5,128.94,131.52,112.19,116.73,120.56
CUST_4093,101.55,99.63,118.55,93.89,117.95,111.04,101.66,103.18,100.53,122.08,94.74,98.6
CUST_4094,92.73,97.32,91.78,95.22,106.67,101.18,85.87,97.49,100.15,99.26,88.59,104.52
CUST_4095,100.22,93.57,109.74,104.62,107.7,104.54,87.89,88.02,105.42,106.29,87.02,90.64
CUST_4096,34.72,38.57,33.13,32.15,46.68,31.58,46.94,32.88,46.86,32.27,50.92,35.9
CUST_4097,92.2,91.54,92.02,94.19,94.72,92.37,92.83,104.07,95.09,102.91,93.03,96.27
CUST_4098,89.87,88.63,67.23,73.28,77.12,79.05,69.33,92.06,77.09,80.8,72.53,78.49
CUST_4099,81.5,95.99,100.15,81.53,84.23,87.3,74.87,79.8,80.1,79.8,77.66,78.87
CUST_4100,84.97,92.14,94.76,93.72,77.79,87.02,89.74,78.84,103.44,93.76,90.17,99.58
CUST_4101,42.91,22.21,28.95,49.64,37.81,42.14,48.03,30.22,26.5,30.22,31.15,48.42
CUST_4102,94.16,87.14,91.61,82.28,92.75,92.1,82.04,70.7,84.04,81.01,91.79,70.2
CUST_4103,70.96,53.27,45.66,68.98,43.47,60.67,65.82,60.37,66.18,60.17,55.3,65.26
CUST_4104,84.63,103.51,85.81,104.1,109.15,83.23,96.09,92.19,96.97,91.83,85.71,98.96
CUST_4105,56.38,54.23,57.1,45.92,40.49,63.0,34.91,51.54,56.46,61.48,34.91,56.18
CUST_4106,60.96,67.63,77.64,79.19,66.06,65.16,55.14,74.88,75.98,60.17,57.19,55.29
CUST_4107,102.93,103.89,103.65,97.86,92.98,80.51,82.13,87.14,100.05,82.35,88.58,74.71
CUST_4108,105.11,131.94,132.53,107.57,123.18,120.73,107.32,107.65,119.84,134.57,120.34,107.4
CUST_4109,77.02,87.6,72.16,73.97,67.01,69.31,71.21,75.1,59.13,67.8,75.67,63.56
CUST_4110,43.11,62.81,50.3,48.32,36.88,62.03,38.47,42.46,38.07,60.5,62.2,57.52
CUST_4111,35.11,51.16,30.84,41.72,21.82,33.63,46.69,44.39,49.07,46.65,39.42,26.63
CUST_4112,84.38,80.58,73.8,87.24,77.05,67.27,88.31,91.34,85.09,91.98,63.48,85.21
CUST_4113,105.74,112.54,111.18,109.02,109.6,112.04,111.3,104.77,113.82,93.34,98.14,99.21
CUST_4114,31.62,49.39,46.36,38.7,43.28,44.27,44.4,58.88,46.7,41.38,46.43,35.44
CUST_4115,68.5,66.61,70.25,53.62,57.1,43.01,48.74,72.17,51.04,69.19,60.93,64.47
CUST_4116,74.16,46.02,50.96,48.65,47.45,65.35,67.63,56.7,68.14,52.51,69.91,62.97
CUST_4117,123.78,115.45,107.45,96.82,113.27,106.37,116.0,102.49,117.03,120.92,94.91,103.27
CUST_4118,23.59,40.4,50.38,36.81,28.66,37.47,45.15,32.02,48.18,22.83,32.59,21.18
CUST_4119,73.92,73.93,72.79,86.27,91.76,86.19,72.09,71.27,73.73,71.88,73.76,75.71
CUST_4120,68.31,72.48,54.86,61.36,59.2,75.15,68.73,67.4,48.66,77.54,51.03,63.35
CUST_4121,57.6,56.86,30.39,58.31,36.47,51.62,55.61,34.94,45.85,44.8,29.21,40.65
CUST_4122,35.44,42.94,44.71,45.56,33.72,47.78,43.5,26.64,49.6,23.56,39.7,36.88
CUST_4123,83.51,84.51,83.22,74.19,88.13,71.35,93.37,74.82,68.2,93.35,71.35,72.63
CUST_4124,56.28,41.03,41.37,53.73,46.64,53.2,43.33,63.14,64.76,59.54,51.95,42.0
CUST_4125,99.7,106.73,108.15,101.03,97.69,100.5,114.43,105.11,100.54,96.59,109.97,87.87
CUST_4126,66.56,77.04,83.03,71.66,85.57,79.53,78.93,73.21,91.69,63.29,71.62,72.75
CUST_4127,120.39,113.14,99.86,122.62,107.33,99.61,117.95,107.34,112.21,118.92,113.48,120.66
CUST_4128,49.73,46.18,50.05,46.62,37.92,30.57,31.67,42.55,30.61,24.23,22.05,36.61
CUST_4129,86.42,74.08,79.89,73.02,77.07,100.68,94.62,75.77,74.89,100.33,98.55,98.83
CUST_4130,71.38,49.92,69.36,49.79,68.51,67.85,74.99,58.58,48.83,52.6,65.48,49.48
CUST_4131,112.43,104.35,103.86,96.5,112.06,113.02,96.09,116.75,109.78,110.62,99.84,97.61
CUST_4132,112.91,102.27,111.0,121.92,98.44,101.02,102.08,119.85,111.24,100.73,93.68,93.61
CUST_4133,70.42,60.97,56.37,72.15,57.96,82.23,73.44,80.82,79.79,83.28,60.62,63.13
CUST_4134,80.45,90.23,103.21,76.78,83.72,103.7,88.45,80.18,83.83,79.4,87.12,98.0
CUST_4135,58.76,49.91,52.93,44.34,51.43,53.68,44.8,51.43,49.16,47.95,35.87,61.61
CUST_4136,21.3,22.23,42.51,28.27,25.1,40.49,24.88,31.42,31.73,36.86,38.22,27.23
CUST_4137,86.03,71.72,81.9,60.99,83.85,74.61,76.76,77.22,76.32,66.19,71.05,68.06
CUST_4138,78.52,90.27,69.21,89.64,79.15,69.51,92.89,68.23,69.1,91.36,80.51,80.41
CUST_4139,56.55,47.55,70.21,45.13,43.09,57.35,70.11,47.85,41.96,56.77,61.53,59.26
CUST_4140,54.22,73.73,68.55,63.53,57.08,56.92,52.76,76.47,72.19,52.24,72.84,64.28
CUST_4141,116.1,117.86,111.96,121.32,113.7,118.74,106.82,118.62,128.14,123.25,125.7,118.23
CUST_4142,100.47,117.42,115.15,109.98,107.64,112.11,100.35,110.8,105.81,115.4,93.9,112.89
CUST_4143,126.92,114.73,112.86,118.68,125.57,124.21,131.23,125.12,103.92,126.03,110.59,108.15
CUST_4144,63.42,87.35,83.61,86.76,72.45,69.87,77.37,74.19,81.71,85.46,82.3,89.27
CUST_4145,35.17,53.27,41.13,40.9,35.03,38.96,55.83,39.29,41.89,31.23,36.23,31.37
CUST_4146,66.28,71.64,72.91,73.66,53.02,63.22,69.72,66.8,45.23,48.49,58.65,55.27
CUST_4147,123.86,124.19,110.53,115.01,113.99,112.27,107.94,124.38,109.84,119.52,130.0,121.13
CUST_4148,106.17,93.39,98.11,113.0,92.16,101.83,111.74,116.91,117.79,116.2,103.1,106.11
CUST_4149,46.89,49.45,61.67,54.38,69.22,47.08,63.81,68.52,44.94,44.57,41.05,43.42
CUST_4150,88.51,87.02,78.01,91.07,71.61,76.02,90.7,78.92,89.09,79.04,81.33,87.31
CUST_4151,41.83,55.02,46.64,60.26,56.39,58.93,41.0,51.2,67.62,66.93,43.19,51.55
CUST_4152,40.88,32.34,42.64,34.26,33.0,47.73,44.03,40.21,28.16,31.46,33.6,27.39
CUST_4153,120.51,132.27,124.69,128.49,119.51,128.67,112.38,103.33,129.74,113.13,105.28,128.81
CUST_4154,117.97,117.28,119.9,112.11,110.94,101.8,103.83,117.6,124.62,105.88,106.13,120.19
CUST_4155,85.55,80.3,97.46,74.25,94.71,99.85,85.71,80.57,87.43,100.31,79.99,97.11
CUST_4156,109.05,109.37,98.24,121.0,109.66,118.53,119.58,102.42,102.13,118.0,108.46,108.91
CUST_4157,109.43,105.06,92.62,104.21,110.75,88.48,90.63,90.5,98.2,109.04,99.66,99.14
CUST_4158,120.11,112.37,131.07,127.27,106.56,109.61,103.66,107.45,116.39,131.6,129.67,104.28
CUST_4159,97.64,113.93,108.09,91.82,99.94,92.1,95.97,105.6,110.03,117.39,102.47,103.03
CUST_4160,93.34,110.72,102.22,107.49,109.84,114.16,113.97,102.47,119.59,106.54,120.61,114.64
CUST_4161,54.72,38.36,46.96,50.66,47.41,65.62,39.77,37.84,56.46,63.37,43.99,57.41
CUST_4162,81.05,93.34,84.1,80.53,88.72,102.2,95.7,92.4,109.45,98.38,86.77,101.21
CUST_4163,44.42,40.56,48.05,37.1,41.74,43.15,45.24,47.19,53.88,43.2,43.95,52.5
CUST_4164,81.51,90.83,90.05,94.05,98.13,83.11,92.61,99.9,101.1,89.86,78.29,99.6
CUST_4165,113.05,120.4,111.22,104.84,91.52,110.13,92.52,119.76,96.37,106.35,94.24,103.37
CUST_4166,116.64,103.98,109.06,103.27,116.4,120.54,115.0,122.04,98.79,114.0,95.72,115.03
CUST_4167,87.94,86.41,90.69,103.51,91.86,106.99,85.5,90.23,82.79,86.86,105.04,86.1
CUST_4168,37.93,32.43,26.88,41.63,32.05,36.16,28.4,50.07,40.5,50.84,27.94,34.69
CUST_4169,79.54,97.2,94.38,90.64,80.06,94.55,85.41,99.75,97.01,74.1,74.82,89.24
CUST_4170,55.1,35.62,38.0,45.93,63.07,55.19,43.38,51.55,44.79,41.84,59.36,64.03
CUST_4171,94.61,114.82,106.87,104.78,97.83,115.1,115.64,87.78,94.35,114.05,115.07,100.85
CUST_4172,66.23,70.52,87.53,86.14,63.01,80.53,63.83,60.94,64.28,66.44,58.32,62.31
CUST_4173,93.61,74.82,89.95,71.58,92.65,86.57,90.75,85.01,69.72,91.43,82.3,75.12
CUST_4174,63.99,51.81,63.05,55.7,65.1,70.89,54.14,62.38,68.1,44.94,65.21,48.99
CUST_4175,89.43,97.4,101.84,103.73,91.03,85.32,81.1,92.33,86.76,92.67,77.83,88.65
CUST_4176,47.28,54.81,49.63,67.05,44.54,47.37,62.27,61.66,56.05,65.25,42.36,46.43
CUST_4177,93.86,88.48,112.3,110.67,98.79,99.95,88.09,99.35,84.13,92.58,104.71,86.25
CUST_4178,117.12,108.49,102.41,111.53,116.3,101.03,106.05,119.42,97.22,123.73,118.62,111.52
CUST_4179,82.94,81.55,81.49,87.9,86.32,89.02,79.47,62.21,76.48,68.02,86.89,61.03
CUST_4180,86.11,76.83,83.15,88.94,84.84,92.85,103.46,96.63,89.74,85.04,100.53,102.63
CUST_4181,56.99,44.98,55.43,43.23,68.39,55.15,42.2,45.24,42.36,60.35,63.84,68.31
CUST_4182,80.13,76.26,82.39,71.83,89.42,82.76,72.33,76.46,82.86,73.52,80.55,88.58
CUST_4183,87.65,87.77,96.12,101.3,98.97,100.47,81.12,81.47,98.14,85.15,74.98,84.78
CUST_4184,105.82,109.82,92.8,117.89,92.86,116.76,111.22,100.43,100.69,100.91,120.61,108.31
CUST_4185,109.15,110.41,89.18,100.14,106.29,84.09,110.67,83.75,103.72,86.89,103.57,88.97
CUST_4186,45.71,58.47,63.6,48.04,48.37,45.4,44.95,48.09,56.71,47.05,46.17,62.13
CUST_4187,89.68,90.36,73.69,97.26,87.04,94.01,73.71,72.53,75.38,96.71,94.1,88.41
CUST_4188,51.29,43.05,53.51,62.52,43.65,43.56,48.64,64.22,48.75,50.29,59.88,44.16
CUST_4189,112.74,99.01,114.04,121.87,125.38,120.5,98.88,117.04,121.31,119.45,103.0,111.16
CUST_4190,128.44,122.45,123.98,110.38,125.47,115.37,137.57,134.8,134.55,114.59,119.66,117.05
CUST_4191,49.36,42.54,42.23,39.56,45.38,48.11,44.86,39.68,51.99,48.46,33.38,40.92
CUST_4192,60.21,73.21,64.51,69.42,59.19,69.91,57.9,65.35,49.64,56.53,63.32,49.88
CUST_4193,111.6,87.97,94.31,97.53,102.5,111.66,95.45,96.73,96.6,88.53,89.53,98.74
CUST_4194,108.53,97.83,106.22,112.92,103.76,102.87,111.63,112.36,115.22,95.46,87.96,93.2
CUST_4195,111.27,101.62,116.86,95.13,99.24,106.7,101.24,101.35,121.21,106.86,98.13,99.81
CUST_4196,55.06,74.16,63.26,61.06,58.56,67.22,59.98,47.58,65.66,49.86,70.54,64.25
CUST_4197,85.45,72.27,83.2,89.74,74.36,94.75,98.05,90.54,81.73,87.9,76.66,71.1
CUST_4198,92.68,90.22,100.87,101.8,114.99,116.58,108.56,99.3,92.09,109.62,96.15,93.18
CUST_4199,111.66,112.07,108.44,104.74,105.16,113.19,102.21,120.19,99.07,99.37,118.79,107.41
CUST_4200,93.41,113.84,105.19,102.33,114.57,114.49,93.67,89.28,95.24,92.37,108.93,91.27
CUST_4201,93.15,108.13,116.45,95.79,93.32,104.72,103.67,112.77,99.16,115.84,102.01,104.09
CUST_4202,51.22,49.77,37.91,55.45,55.08,46.04,51.36,59.86,47.76,53.74,37.19,40.78
CUST_4203,108.59,106.36,112.86,120.16,112.71,112.09,113.13,121.74,120.69,123.58,103.21,114.08
CUST_4204,57.9,61.55,39.06,54.42,51.06,47.15,65.68,51.79,66.17,43.6,48.13,49.89
CUST_4205,123.43,114.04,105.51,130.32,119.88,126.43,118.22,131.55,130.46,110.81,107.48,124.51
CUST_4206,51.12,47.87,27.1,41.57,39.43,24.06,33.86,26.84,33.75,38.46,46.24,37.58
CUST_4207,66.5,65.18,85.5,74.03,79.84,86.56,83.69,72.55,88.75,67.99,84.59,81.11
CUST_4208,48.58,46.37,56.12,37.24,52.93,54.5,60.61,49.34,60.08,36.58,49.14,56.22
CUST_4209,85.57,95.11,98.07,79.73,102.67,76.65,83.51,100.03,77.12,79.75,90.88,81.26
CUST_4210,74.08,45.95,50.51,72.07,58.79,64.55,57.16,50.94,63.4,57.08,55.07,72.49
CUST_4211,53.04,68.07,51.53,50.61,47.45,43.99,69.12,50.76,63.82,44.59,72.55,65.95
CUST_4212,77.45,56.03,75.05,68.98,77.48,62.24,68.8,65.11,64.24,56.34,52.91,58.73
CUST_4213,69.21,49.43,75.36,50.14,62.09,63.18,57.14,55.95,69.61,75.55,48.3,74.99
CUST_4214,47.3,59.14,41.4,62.73,49.35,65.99,42.82,65.48,45.18,38.37,59.02,65.12
CUST_4215,120.33,111.35,112.51,128.11,123.96,109.66,118.1,120.58,117.26,107.4,116.44,113.13
CUST_4216,82.36,106.76,103.22,88.27,96.28,98.09,94.02,105.05,102.53,95.44,107.65,105.24
CUST_4217,68.22,67.23,69.37,48.7,71.01,66.29,61.61,55.42,52.55,45.15,64.37,59.6
CUST_4218,65.28,70.25,78.02,77.21,65.01,70.57,61.2,80.69,67.4,81.19,71.82,64.76
CUST_4219,89.99,80.6,90.74,92.61,94.02,71.39,76.22,71.08,87.53,95.63,88.62,80.67
CUST_4220,70.5,88.36,73.62,87.07,66.73,79.87,76.0,70.98,67.65,67.71,70.01,80.1
CUST_4221,54.59,73.55,55.75,50.0,51.14,76.21,61.21,58.09,58.74,69.04,69.78,70.01
CUST_4222,80.74,93.6,80.82,87.81,77.57,86.31,93.11,94.62,78.85,81.9,77.03,81.28
CUST_4223,109.1,110.09,106.12,121.12,117.57,109.11,134.6,130.3,119.94,110.57,114.84,115.13
CUST_4224,127.76,107.85,104.55,103.62,123.3,123.22,123.49,118.31,120.92,118.3,122.31,121.32
CUST_4225,89.21,71.13,80.74,66.08,85.54,61.44,80.01,84.49,76.68,70.26,88.88,70.67
CUST_4226,44.34,29.24,33.15,46.23,48.52,40.71,37.17,30.57,30.86,30.32,35.82,41.53
CUST_4227,89.69,91.09,70.5,89.34,97.02,83.45,86.85,70.37,70.8,82.68,89.57,91.16
CUST_4228,88.93,61.26,69.21,87.96,67.47,66.17,75.66,62.76,63.11,80.54,78.6,68.23
CUST_4229,57.38,67.69,66.18,54.34,48.74,65.16,40.29,47.23,61.86,58.26,41.27,57.74
CUST_4230,91.74,95.74,112.21,101.38,114.07,103.94,116.42,106.16,93.09,98.65,97.94,106.33
CUST_4231,35.03,49.64,31.3,49.03,29.14,39.71,46.3,30.86,56.22,32.99,41.52,38.68
CUST_4232,82.52,76.17,91.07,84.22,74.99,89.48,92.18,74.68,87.27,88.53,67.91,67.82
CUST_4233,120.25,122.13,111.44,124.1,105.3,114.86,109.54,124.83,97.69,99.59,107.11,110.88
CUST_4234,114.29,106.03,106.6,120.18,124.64,130.77,127.17,121.52,124.32,129.59,111.15,114.24
CUST_4235,72.07,82.43,67.8,71.27,77.8,65.01,71.03,77.73,69.93,72.59,77.41,55.46
CUST_4236,54.31,54.54,49.84,35.07,63.04,34.65,44.83,41.34,50.08,57.37,45.57,49.89
CUST_4237,107.02,104.88,98.62,115.3,108.37,106.13,101.56,105.78,106.52,91.53,92.06,95.74
CUST_4238,86.48,79.13,93.65,97.93,82.08,93.12,85.73,85.29,85.5,80.17,87.87,72.29
CUST_4239,129.27,124.94,123.88,122.65,126.61,126.83,130.96,127.34,127.99,106.21,122.76,122.47
CUST_4240,122.22,130.65,120.6,109.83,133.44,132.46,125.51,131.07,132.72,133.14,107.53,133.73
CUST_4241,40.26,24.69,31.21,28.48,45.05,43.43,23.76,45.96,37.03,23.7,33.87,37.91
CUST_4242,105.76,113.85,121.71,119.05,103.05,110.95,122.12,114.83,102.09,111.03,117.63,121.56
CUST_4243,84.68,89.61,67.63,93.08,78.64,79.04,74.46,83.78,95.57,67.87,78.87,75.54
CUST_4244,57.2,57.28,48.11,41.21,36.88,56.0,43.36,61.14,52.85,52.65,46.77,60.56
CUST_4245,38.72,36.51,30.48,30.67,34.83,48.35,37.15,51.8,26.61,41.67,26.97,47.05
CUST_4246,131.27,122.39,125.69,109.17,119.23,118.21,118.23,127.77,122.03,119.35,124.63,121.99
CUST_4247,67.51,67.76,49.52,45.38,41.28,66.04,58.73,58.47,40.88,44.19,52.46,45.58
CUST_4248,116.2,93.63,114.82,109.15,113.64,108.05,121.41,98.27,101.68,110.67,119.05,102.42
CUST_4249,98.76,126.18,111.19,101.09,124.64,111.11,124.13,126.49,121.8,114.89,107.45,108.99
CUST_4250,46.97,47.46,42.44,53.55,65.58,59.15,66.57,58.31,67.08,57.38,56.74,58.7
CUST_4251,41.71,31.18,34.06,55.08,57.84,53.95,45.72,35.0,36.84,54.42,44.59,57.42
CUST_4252,65.29,88.31,92.12,66.47,70.02,72.76,71.11,90.63,83.13,67.53,92.17,83.85
CUST_4253,90.33,95.84,93.46,96.65,97.05,86.74,86.33,88.57,81.45,87.51,87.43,69.44
CUST_4254,118.33,93.74,107.74,101.92,102.17,100.43,91.38,98.82,91.36,101.26,102.72,93.36
CUST_4255,80.76,91.48,97.93,70.77,90.57,77.92,75.97,87.69,92.83,94.53,92.99,90.08
CUST_4256,95.47,86.89,83.98,82.38,71.48,86.83,71.43,98.51,83.51,97.43,88.63,75.47
CUST_4257,79.27,91.17,92.69,80.44,96.1,71.17,84.43,72.97,84.32,84.8,88.95,90.18
CUST_4258,45.35,48.59,39.5,41.17,58.65,47.12,59.4,49.64,58.41,63.79,57.33,54.69
CUST_4259,105.88,128.19,126.76,108.86,102.48,106.11,117.94,114.29,124.2,116.3,128.86,101.19
CUST_4260,48.13,75.42,71.98,54.24,56.75,50.25,48.91,75.48,62.79,51.77,49.24,63.52
CUST_4261,38.5,39.32,55.65,58.26,55.43,59.7,56.49,51.42,64.63,62.0,44.76,57.53
CUST_4262,39.57,55.94,57.41,55.75,45.36,48.92,40.85,51.72,55.96,51.99,54.24,36.2
CUST_4263,111.12,98.27,84.36,109.85,88.19,98.59,105.21,109.23,96.68,91.84,87.47,97.41
CUST_4264,70.74,90.12,67.52,71.95,69.62,71.65,92.89,74.12,79.0,74.17,72.03,74.78
CUST_4265,115.85,118.68,94.91,96.44,120.43,122.06,111.69,118.15,111.94,119.59,105.21,104.46
CUST_4266,109.07,113.55,124.81,128.14,125.13,113.3,118.34,127.13,126.36,108.84,114.99,108.29
CUST_4267,85.64,84.53,102.2,100.52,84.81,84.87,91.03,102.69,84.75,103.5,99.11,96.19
CUST_4268,86.8,75.43,71.17,70.22,61.83,62.12,68.92,68.15,78.13,69.75,64.22,86.68
CUST_4269,64.7,56.63,52.48,45.76,40.36,53.65,53.97,48.41,69.51,63.34,42.82,44.39
CUST_4270,125.64,120.44,136.26,135.0,119.26,122.3,134.08,128.37,112.7,112.75,119.69,119.21
CUST_4271,118.19,131.24,105.12,123.44,130.82,118.02,104.25,121.68,108.08,106.83,131.62,108.63
CUST_4272,101.24,107.7,86.61,108.66,84.02,106.8,86.9,106.5,92.57,90.5,100.02,96.64
CUST_4273,52.36,61.6,41.03,37.71,38.36,45.27,54.25,58.04,59.74,42.67,39.92,51.36
CUST_4274,81.52,98.23,98.98,80.53,98.14,79.35,86.66,89.35,94.31,73.58,79.07,72.27
CUST_4275,74.95,91.52,77.86,79.16,75.07,91.1,80.56,79.89,100.96,84.97,81.69,77.64
CUST_4276,59.26,63.52,59.89,42.56,55.44,49.36,64.14,53.59,47.16,51.27,41.31,37.51
CUST_4277,40.02,45.94,48.28,52.7,57.38,38.21,50.61,45.5,57.34,53.78,42.39,55.34
CUST_4278,113.11,85.39,109.64,106.15,95.71,102.43,85.26,112.68,101.69,93.35,89.93,94.19
CUST_4279,122.93,102.02,112.52,114.64,112.44,112.43,103.68,116.68,123.17,115.29,117.44,110.19
CUST_4280,89.63,105.83,103.85,101.29,118.48,99.25,98.31,95.26,95.16,104.18,100.68,107.5
CUST_4281,113.88,117.66,105.69,118.23,107.85,106.7,112.12,112.28,124.53,126.01,106.65,119.41
CUST_4282,95.47,92.14,105.19,84.75,78.64,98.46,106.55,79.62,98.33,82.03,82.36,103.14
CUST_4283,72.04,46.83,46.09,47.54,57.57,45.24,55.93,55.45,60.43,73.52,55.11,57.21
CUST_4284,50.41,62.63,56.83,53.87,56.18,51.85,60.94,64.51,40.95,59.38,51.81,43.22
CUST_4285,51.46,62.22,61.32,66.95,48.6,59.07,46.97,53.61,72.22,71.0,72.95,63.64
CUST_4286,94.18,97.81,102.63,97.68,90.23,100.69,77.06,76.68,101.35,91.08,79.55,83.72
CUST_4287,118.0,122.6,127.09,121.94,130.61,130.99,121.59,132.69,109.73,121.77,111.28,117.35
CUST_4288,57.92,56.98,45.85,53.57,60.62,44.28,39.72,50.01,59.9,49.36,62.02,37.73
CUST_4289,62.28,86.47,74.73,72.48,66.12,80.85,85.56,63.82,76.82,62.49,70.6,63.84
CUST_4290,111.66,99.35,126.39,111.73,120.33,115.51,106.35,108.26,122.05,99.42,104.87,113.34
CUST_4291,81.62,82.17,79.04,85.01,93.26,84.49,72.38,92.19,89.1,85.61,94.38,70.0
CUST_4292,110.48,106.81,128.68,133.59,129.82,132.51,130.33,118.25,122.03,108.57,129.37,128.17
CUST_4293,53.67,65.06,61.27,55.54,48.57,68.99,54.14,59.46,42.83,58.79,43.88,45.57
CUST_4294,81.29,63.2,67.93,64.63,61.21,60.14,72.59,77.73,81.12,55.42,68.99,81.74
CUST_4295,74.49,67.19,77.61,85.82,86.11,69.33,92.37,71.74,73.57,64.93,87.2,78.37
CUST_4296,53.14,48.19,43.63,49.11,61.2,52.49,64.39,50.09,42.48,42.24,45.79,68.67
CUST_4297,98.28,116.13,106.18,108.43,107.01,104.41,115.31,89.14,98.09,98.14,90.39,108.43
CUST_4298,117.4,106.39,132.61,108.03,133.3,121.23,114.94,130.89,109.89,126.63,126.52,106.82
CUST_4299,129.34,119.38,103.97,115.19,117.15,106.1,102.99,115.1,102.64,126.99,115.02,108.46
CUST_4300,71.23,60.69,74.04,82.69,79.25,56.09,57.72,71.51,85.71,84.56,71.97,59.62
CUST_4301,48.58,47.6,48.9,28.44,28.91,28.11,32.62,38.97,44.42,44.74,47.64,35.69
CUST_4302,111.45,117.38,123.57,109.51,106.73,105.69,100.26,112.6,100.23,112.35,106.2,109.66
CUST_4303,83.46,60.21,86.79,78.52,60.67,83.95,86.35,75.4,62.88,80.86,71.05,73.21
CUST_4304,130.5,115.68,129.94,131.01,121.47,117.12,109.76,109.17,116.62,106.33,112.64,116.09
CUST_4305,97.74,73.94,76.37,84.74,90.32,86.47,97.18,69.98,95.92,86.21,69.76,86.38
CUST_4306,67.05,67.62,91.49,90.51,72.72,84.54,63.49,67.35,72.14,71.94,67.72,66.11
CUST_4307,119.6,122.63,94.66,100.67,97.76,94.27,98.66,117.17,103.18,115.24,120.32,98.1
CUST_4308,57.4,53.1,47.58,62.7,57.94,49.21,52.22,57.46,65.69,66.69,44.26,61.06
CUST_4309,94.67,99.5,95.0,93.91,106.72,95.29,108.09,107.32,102.07,112.86,97.18,94.0
CUST_4310,75.03,68.67,76.83,79.45,70.07,71.41,90.28,71.96,83.58,82.37,87.77,69.69
CUST_4311,46.76,51.27,28.56,29.19,31.31,43.33,47.35,27.31,37.06,31.38,26.73,25.36
CUST_4312,43.03,22.86,44.85,45.25,40.15,22.76,21.21,40.62,45.76,21.45,23.87,29.12
CUST_4313,103.91,111.25,94.76,111.71,115.9,93.67,111.68,98.58,90.88,101.38,108.23,96.94
CUST_4314,34.69,59.93,42.55,36.21,33.78,35.26,40.73,34.19,60.34,59.63,43.03,50.21
CUST_4315,39.93,59.33,57.47,47.64,48.13,44.38,36.43,62.57,46.73,47.51,46.44,41.34
CUST_4316,88.1,83.89,90.15,79.1,88.59,65.14,82.98,67.8,80.07,65.15,71.94,78.09
CUST_4317,99.08,71.11,71.83,72.63,81.38,85.95,75.62,89.46,96.82,89.15,89.39,90.66
CUST_4318,82.82,94.66,91.44,98.42,90.85,73.9,102.1,102.35,97.77,77.09,91.5,83.77
CUST_4319,31.38,39.55,48.03,34.97,44.21,42.96,39.9,32.81,34.36,56.09,40.88,34.03
CUST_4320,49.41,52.58,41.18,44.67,44.66,37.38,39.91,46.91,37.68,52.41,45.13,57.29
CUST_4321,91.42,79.07,74.25,73.67,82.64,82.53,68.74,72.87,77.32,79.17,81.67,93.32
CUST_4322,91.49,92.39,103.69,85.74,103.08,97.34,91.46,104.79,91.39,89.61,82.91,87.64
CUST_4323,65.46,57.01,49.41,54.92,60.22,44.08,52.98,51.73,56.28,41.38,63.13,42.34
CUST_4324,39.29,53.66,50.07,61.92,49.73,49.57,48.04,48.69,38.35,36.8,39.25,42.36
CUST_4325,120.51,108.65,106.12,113.34,103.91,125.38,102.91,120.09,103.42,127.86,123.22,123.31
CUST_4326,96.98,92.69,115.38,95.51,102.9,107.3,93.86,103.44,96.91,109.73,111.4,114.97
CUST_4327,109.08,115.05,127.17,105.94,127.95,124.77,121.76,106.75,103.3,116.14,117.63,114.67
CUST_4328,49.99,49.03,22.87,30.46,34.67,40.94,22.5,34.23,22.12,38.81,28.46,48.58
CUST_4329,114.87,111.76,109.36,98.96,121.38,117.6,122.86,119.53,102.41,110.85,95.45,101.46
CUST_4330,116.24,108.08,124.62,128.75,114.7,129.22,131.99,115.73,107.81,112.73,134.96,131.5
CUST_4331,69.2,71.23,63.28,63.64,52.39,50.13,52.22,48.73,50.27,51.95,45.86,58.21
CUST_4332,98.0,94.76,100.59,96.97,87.54,92.6,87.79,86.98,99.9,91.75,74.47,86.09
CUST_4333,90.62,94.7,113.3,113.33,113.76,88.91,105.04,113.36,92.32,108.89,101.03,102.97
CUST_4334,92.41,81.57,91.16,93.25,87.61,75.87,88.37,95.42,90.11,83.8,97.13,88.84
CUST_4335,93.61,93.47,96.99,101.45,95.32,115.29,102.79,108.56,110.31,100.8,95.27,112.87
CUST_4336,85.2,91.68,80.14,96.74,92.24,95.94,96.07,77.45,94.94,95.26,94.01,99.62
CUST_4337,54.46,50.34,62.85,52.26,42.07,66.3,58.76,66.4,60.43,62.85,39.19,59.77
CUST_4338,104.91,99.06,101.98,116.25,113.66,118.85,105.35,122.45,113.97,115.97,119.28,123.17
CUST_4339,55.71,49.58,40.86,39.82,31.87,38.25,54.64,39.36,46.33,42.42,58.59,57.53
CUST_4340,45.18,39.61,47.29,46.72,44.09,35.32,31.86,48.3,37.24,23.55,42.2,48.03
CUST_4341,43.65,47.1,39.8,36.28,46.64,57.65,42.54,49.19,61.93,42.64,56.81,56.41
CUST_4342,70.19,88.02,74.11,83.07,89.24,79.78,93.54,75.16,88.46,70.95,81.89,70.19
CUST_4343,40.09,48.07,54.47,49.15,41.65,52.71,45.49,59.0,49.54,41.01,35.22,40.11
CUST_4344,71.17,60.43,57.98,78.21,78.62,61.5,66.33,55.17,76.49,72.28,50.29,60.47
CUST_4345,114.81,113.26,134.28,118.0,127.27,112.72,132.69,114.72,122.34,134.75,120.3,136.8
CUST_4346,60.38,53.38,59.08,60.01,75.88,62.98,68.49,76.41,55.54,72.56,71.75,74.31
CUST_4347,35.17,40.12,50.79,40.32,31.42,45.4,45.68,50.65,43.81,30.21,38.32,46.44
CUST_4348,115.37,120.32,103.13,118.66,121.6,109.04,111.09,98.93,100.42,123.31,112.22,127.93
CUST_4349,79.56,63.64,69.47,59.19,72.87,73.53,55.23,78.51,72.62,69.2,67.46,76.71
CUST_4350,92.58,82.11,89.58,94.35,82.64,91.49,105.05,104.63,100.17,87.01,83.1,107.35
CUST_4351,47.15,32.53,32.1,39.12,31.36,31.87,29.78,48.35,40.3,53.31,48.78,33.8
CUST_4352,59.21,65.2,72.78,56.89,67.52,63.65,64.02,57.34,51.68,50.85,74.4,50.89
CUST_4353,58.56,75.94,80.19,63.71,83.89,64.13,59.03,60.39,86.7,68.08,70.82,84.57
CUST_4354,76.4,72.36,64.58,81.28,89.2,77.31,86.22,85.96,73.06,67.99,68.65,89.78
CUST_4355,123.27,127.64,129.03,106.93,118.17,132.83,128.95,128.12,108.72,130.18,125.02,113.23
CUST_4356,71.0,80.46,84.92,87.16,76.39,76.97,65.83,84.27,67.62,62.81,76.09,74.94
CUST_4357,103.93,115.37,107.25,111.41,101.21,126.28,123.4,121.58,100.72,101.94,97.8,108.94
CUST_4358,67.26,76.44,66.95,61.98,66.99,90.02,77.75,77.02,67.28,88.28,73.86,88.72
CUST_4359,99.63,101.48,79.07,77.19,84.91,80.57,102.71,78.21,83.59,103.78,81.14,86.14
CUST_4360,77.03,68.11,87.58,77.22,96.85,79.44,78.15,81.5,79.45,96.02,85.44,81.4
CUST_4361,111.6,116.24,117.59,104.42,117.42,115.49,109.77,89.65,110.51,101.14,111.78,110.61
CUST_4362,54.09,46.95,55.87,44.71,37.04,59.05,37.25,44.4,47.26,32.64,48.79,49.56
CUST_4363,61.05,68.28,60.65,58.09,80.91,56.48,79.65,70.87,62.99,77.71,53.96,67.97
CUST_4364,124.73,125.25,119.06,131.62,109.0,130.85,122.85,121.71,112.13,106.44,124.92,126.12
CUST_4365,63.21,69.14,46.46,54.4,50.37,58.36,59.75,44.57,67.46,68.21,49.33,58.72
CUST_4366,76.69,76.66,74.82,76.93,88.75,97.98,85.34,73.46,93.16,100.36,93.39,95.02
CUST_4367,105.62,116.99,105.36,99.78,95.04,120.28,100.55,112.69,109.94,109.47,95.91,105.99
CUST_4368,56.95,60.75,68.84,48.03,63.39,58.8,59.21,71.1,54.83,56.97,63.08,74.93
CUST_4369,93.45,73.29,80.51,79.65,94.86,91.82,85.98,87.62,88.66,89.75,82.54,94.63
CUST_4370,124.33,117.04,109.69,124.37,126.82,129.39,105.11,123.41,125.68,133.52,109.86,123.28
CUST_4371,114.38,103.49,92.95,102.91,97.15,95.11,93.66,110.79,90.53,112.34,113.56,92.69
CUST_4372,81.62,60.65,71.33,78.6,56.03,78.71,58.16,62.97,62.66,57.65,74.09,59.41
CUST_4373,96.24,77.15,77.83,73.53,75.55,100.44,85.35,90.68,92.66,100.98,95.92,96.43
CUST_4374,110.75,117.38,122.25,125.16,119.89,122.22,128.71,121.39,124.77,113.59,110.23,129.99
CUST_4375,46.61,59.43,45.13,45.49,46.1,56.58,58.99,48.62,49.74,34.0,47.29,36.92
CUST_4376,81.6,75.72,83.57,66.74,79.51,75.57,69.18,64.24,58.99,73.6,81.48,61.2
CUST_4377,73.28,57.93,84.96,87.54,70.78,85.47,64.35,62.27,63.21,86.23,82.57,67.6
CUST_4378,90.17,89.08,67.21,73.58,68.1,83.54,81.24,71.85,92.82,81.34,84.02,81.98
CUST_4379,107.79,107.07,127.37,107.46,116.53,108.03,113.02,120.93,100.4,116.09,101.8,112.53
CUST_4380,72.55,82.56,93.03,77.1,87.49,67.3,81.94,69.61,85.49,68.54,70.28,72.11
CUST_4381,84.56,88.64,105.57,102.52,90.73,102.89,82.63,108.81,82.18,108.39,79.7,102.54
CUST_4382,109.49,125.62,111.39,107.63,122.53,111.43,120.5,114.33,102.47,104.84,123.3,120.58
CUST_4383,117.6,125.42,120.38,120.88,134.13,136.01,123.96,129.02,135.86,117.04,110.17,107.29
CUST_4384,87.62,79.45,84.08,77.78,91.03,105.74,100.95,91.01,87.67,89.56,78.97,84.29
CUST_4385,41.89,52.66,57.86,58.46,59.86,50.41,49.62,43.65,39.92,58.9,49.6,50.51
CUST_4386,119.88,113.31,118.03,107.93,119.82,127.21,105.42,128.57,115.22,108.81,121.9,118.62
CUST_4387,107.11,107.04,89.36,90.41,84.66,97.02,83.58,108.83,84.52,99.14,107.09,81.92
CUST_4388,47.82,59.48,55.0,56.84,36.69,44.48,58.32,56.51,56.03,53.55,48.79,36.77
CUST_4389,67.07,78.22,84.77,61.38,89.99,64.62,65.61,78.08,60.61,68.33,82.09,60.93
CUST_4390,85.5,101.0,97.29,80.26,100.36,87.58,92.47,94.59,94.12,88.5,100.83,102.0
CUST_4391,46.82,54.53,33.84,50.37,56.27,43.9,34.27,47.27,52.95,27.75,35.67,30.28
CUST_4392,109.5,118.21,108.07,118.41,107.65,101.19,96.21,117.93,113.04,106.43,102.41,104.72
CUST_4393,84.36,73.61,69.66,76.4,80.75,70.39,67.13,85.04,62.67,62.32,63.78,81.41
CUST_4394,109.07,122.37,134.29,116.03,128.5,115.35,132.12,123.5,136.68,113.61,134.28,126.9
CUST_4395,110.67,117.71,117.72,124.61,127.35,133.1,132.65,120.76,126.08,113.2,119.74,108.69
CUST_4396,89.94,76.13,67.72,88.98,76.14,63.07,88.48,78.69,75.85,87.36,62.98,78.78
CUST_4397,83.41,80.72,64.98,69.3,70.4,72.54,60.71,72.68,80.9,66.19,88.51,71.65
CUST_4398,101.62,100.23,90.99,81.08,93.59,83.08,93.38,94.6,99.59,102.34,92.55,93.6
CUST_4399,103.71,90.29,98.59,92.17,94.92,105.13,102.8,85.37,104.67,91.08,96.48,90.3
CUST_4400,58.58,55.65,41.52,42.88,51.05,49.76,51.11,44.33,44.02,46.15,42.13,38.42
CUST_4401,93.73,111.17,95.59,110.4,93.09,92.26,98.62,112.77,114.63,100.85,98.55,112.39
CUST_4402,92.86,122.19,113.86,106.13,119.0,121.48,97.27,120.22,99.04,121.5,106.05,111.74
CUST_4403,55.1,39.6,31.52,46.31,40.94,55.93,34.31,40.98,57.89,52.92,39.06,48.63
CUST_4404,111.81,132.68,114.52,132.23,113.91,114.71,134.57,111.93,115.92,137.08,116.99,128.6
CUST_4405,31.76,20.4,23.91,45.62,22.59,28.73,21.46,40.01,27.08,29.26,32.72,26.93
CUST_4406,56.24,35.99,37.05,32.36,32.39,49.83,52.66,38.48,54.64,49.19,40.59,48.07
CUST_4407,64.05,62.7,74.27,59.7,57.46,71.52,52.61,70.12,76.3,78.82,61.14,65.0
CUST_4408,57.83,53.46,44.07,64.64,69.67,50.25,51.31,54.18,49.2,41.1,45.75,70.05
CUST_4409,117.72,109.14,106.18,96.92,114.76,100.61,100.03,110.14,97.44,102.86,98.14,119.68
CUST_4410,103.5,108.62,102.31,120.7,103.31,113.9,114.91,114.24,119.16,121.25,121.96,118.53
CUST_4411,118.18,93.3,118.21,90.96,116.85,105.73,98.38,119.48,98.75,105.26,118.14,114.65
CUST_4412,75.24,61.92,76.2,80.21,61.48,57.67,78.35,52.96,75.16,55.19,75.52,65.35
CUST_4413,94.14,98.69,88.99,91.08,78.17,90.38,94.68,85.11,95.63,78.06,101.61,100.48
CUST_4414,42.52,26.82,29.16,37.44,43.95,25.06,26.8,43.27,44.63,27.39,49.75,42.81
CUST_4415,77.28,81.14,83.38,81.03,99.82,91.68,72.7,74.38,99.43,92.51,88.08,73.27
CUST_4416,40.19,34.95,25.34,42.8,28.35,29.25,28.0,21.32,42.61,41.55,27.62,28.83
CUST_4417,126.79,125.3,115.78,123.28,106.46,106.01,107.3,134.76,123.72,121.68,131.0,135.08
CUST_4418,84.4,91.1,81.87,90.48,73.92,78.67,73.33,75.85,91.39,86.9,73.4,90.59
CUST_4419,49.0,63.71,62.38,55.34,64.27,36.26,56.68,55.63,51.85,55.69,47.81,53.98
CUST_4420,72.09,55.29,53.43,56.82,57.08,68.16,55.71,71.77,63.65,72.97,51.03,57.27
CUST_4421,58.2,59.56,48.61,37.55,38.39,37.21,43.24,46.92,62.61,33.54,45.28,48.91
CUST_4422,54.03,67.78,77.04,55.94,62.52,56.57,56.7,70.15,74.64,60.55,76.23,74.45
CUST_4423,126.0,126.98,126.25,109.79,119.63,114.39,121.73,125.33,102.18,121.35,97.88,109.17
CUST_4424,44.28,31.69,49.76,46.1,41.19,32.84,44.78,45.82,28.41,41.64,37.06,34.75
CUST_4425,105.4,100.71,88.19,107.41,88.34,94.8,103.43,93.34,96.88,103.25,97.76,110.9
CUST_4426,62.91,75.21,87.2,81.7,78.16,69.42,86.67,87.68,74.27,70.68,81.6,61.25
CUST_4427,83.87,59.14,80.74,71.07,82.13,70.27,65.82,70.7,58.62,74.33,60.34,61.6
CUST_4428,107.77,99.93,97.04,111.16,84.69,92.33,91.06,104.25,88.4,109.96,103.84,84.03
CUST_4429,108.0,105.81,119.9,104.06,119.8,124.02,102.29,127.08,115.22,109.57,101.65,111.14
CUST_4430,51.96,51.61,62.69,38.47,53.3,35.61,64.04,51.88,56.41,56.82,56.0,43.23
CUST_4431,25.73,49.98,49.0,31.07,22.98,34.48,32.4,43.19,26.74,33.59,45.77,46.35
CUST_4432,125.69,124.52,124.21,106.82,124.25,130.0,104.24,113.7,106.79,111.19,127.65,106.06
CUST_4433,96.68,100.58,99.04,96.41,85.06,77.74,98.9,83.88,102.43,105.27,103.92,82.35
CUST_4434,53.19,29.24,48.36,44.11,50.48,42.84,28.83,31.19,53.94,43.41,47.31,43.21
CUST_4435,51.49,41.89,50.56,46.65,46.17,28.61,32.53,30.29,39.1,26.07,45.07,40.4
CUST_4436,92.62,89.28,93.84,102.93,116.22,117.6,94.15,109.29,97.24,89.11,115.75,118.91
CUST_4437,63.79,74.67,57.49,52.02,55.28,76.92,75.55,63.54,59.73,66.87,56.43,77.26
CUST_4438,59.98,46.99,37.5,42.28,43.48,52.56,61.64,42.94,62.66,39.11,55.98,63.48
CUST_4439,111.26,103.23,125.44,107.98,126.69,113.48,101.37,111.09,126.12,100.99,119.16,128.17
CUST_4440,92.81,101.86,106.18,106.25,94.45,108.14,120.75,110.1,107.72,103.55,110.04,98.77
CUST_4441,78.09,61.84,72.02,75.23,57.21,75.16,85.17,79.14,73.25,75.08,70.77,63.3
CUST_4442,53.12,68.82,56.63,67.12,67.53,58.46,73.03,57.21,59.97,50.81,68.28,52.5
CUST_4443,96.88,97.63,106.56,99.09,102.92,109.17,103.17,93.49,95.9,93.35,113.93,105.53
CUST_4444,51.48,48.1,52.32,27.45,44.59,39.96,36.0,26.31,47.59,54.17,36.86,30.73
CUST_4445,78.13,81.89,82.12,85.24,74.2,90.58,79.93,68.03,88.88,77.92,83.24,69.61
CUST_4446,126.16,121.57,127.6,108.98,111.19,112.79,112.59,122.42,122.58,130.06,124.29,114.7
CUST_4447,71.8,69.94,88.76,88.44,89.32,81.7,82.38,70.32,73.02,71.79,89.45,72.42
CUST_4448,50.75,45.94,41.38,58.94,54.24,62.12,39.62,47.43,49.56,57.38,42.74,53.49
CUST_4449,27.56,47.66,21.88,29.0,51.07,48.15,26.32,49.59,34.36,39.13,32.17,35.32
CUST_4450,51.3,49.72,44.1,52.04,45.03,51.25,64.62,42.73,65.08,54.37,44.09,58.06
CUST_4451,47.52,33.56,56.7,52.74,35.88,37.6,34.82,62.34,61.57,58.13,34.3,59.19
CUST_4452,85.84,83.93,94.22,92.82,101.86,99.92,85.92,78.7,89.37,100.59,79.46,74.49
CUST_4453,78.85,91.12,94.28,104.43,94.17,79.5,80.13,106.77,79.39,97.17,91.42,78.13
CUST_4454,122.36,110.83,101.43,116.13,108.72,123.86,116.18,104.7,120.51,115.71,119.76,118.53
CUST_4455,67.28,65.64,54.17,71.69,52.44,75.14,76.85,68.8,65.01,55.89,60.36,59.29
CUST_4456,85.94,85.55,97.53,85.68,75.9,97.52,99.45,96.97,93.25,71.97,93.83,76.4
CUST_4457,115.31,110.34,125.71,123.93,105.98,102.45,127.27,118.4,110.84,108.99,114.72,111.83
CUST_4458,51.63,46.05,59.19,69.41,59.71,44.71,55.24,48.32,51.54,63.67,69.73,53.46
CUST_4459,63.91,62.59,79.19,63.91,88.39,80.94,66.66,85.81,65.93,84.8,85.7,87.28
CUST_4460,119.61,122.41,119.1,108.34,120.19,103.91,96.21,111.14,108.98,122.42,112.17,111.97
CUST_4461,46.9,57.03,52.71,48.83,45.62,51.91,54.79,60.33,66.2,64.93,67.83,49.65
CUST_4462,102.09,94.56,103.68,102.55,105.96,93.35,109.34,96.84,103.83,106.88,96.76,102.89
CUST_4463,109.07,115.87,124.66,130.08,103.6,121.75,123.27,103.59,129.92,111.8,132.1,105.27
CUST_4464,94.69,83.35,96.38,78.22,82.35,95.47,69.58,97.21,76.85,97.97,88.66,96.24
CUST_4465,61.01,50.96,35.36,52.37,38.83,62.71,48.9,45.18,36.01,38.56,42.26,49.86
CUST_4466,72.21,83.6,80.14,98.43,95.35,90.3,93.22,84.44,74.52,94.08,99.57,75.55
CUST_4467,37.18,44.38,41.15,53.57,64.87,49.93,41.25,52.66,56.54,51.52,46.26,37.03
CUST_4468,91.33,79.39,84.16,92.84,70.4,82.86,96.37,73.97,85.38,74.22,90.71,85.01
CUST_4469,112.65,123.11,114.67,100.19,101.0,126.57,118.78,104.41,111.35,125.71,116.87,98.92
CUST_4470,98.88,93.51,113.11,106.53,102.68,93.73,99.38,99.32,107.26,114.59,100.6,103.54
CUST_4471,77.48,86.8,86.05,103.27,97.56,78.83,94.79,91.95,83.54,95.12,92.11,86.69
CUST_4472,50.65,64.87,61.94,58.61,51.89,68.41,70.06,63.51,78.7,73.19,61.07,56.1
CUST_4473,43.87,27.67,21.02,42.97,22.69,21.99,45.25,40.3,31.66,22.54,47.0,30.62
CUST_4474,97.06,103.54,100.68,112.76,97.79,104.19,104.48,91.56,118.97,98.97,92.27,96.95
CUST_4475,126.58,114.53,124.25,114.91,132.24,120.83,126.0,117.19,109.99,123.1,113.98,126.11
CUST_4476,36.56,24.08,49.58,24.78,29.31,44.7,50.82,30.29,24.47,23.63,32.54,42.75
CUST_4477,34.02,61.21,55.55,37.58,49.73,38.34,60.42,56.33,61.94,44.72,47.52,37.55
CUST_4478,87.12,73.41,78.17,74.1,62.93,72.14,88.21,75.48,87.83,79.39,70.94,60.22
CUST_4479,40.67,47.44,30.07,25.88,32.49,34.18,43.79,51.24,39.85,46.34,38.89,53.52
CUST_4480,69.24,57.77,54.7,72.7,50.3,58.23,55.11,76.54,60.69,53.58,57.69,60.87
CUST_4481,83.01,74.94,94.86,98.56,100.39,81.71,95.71,92.84,84.05,75.0,72.23,72.64
CUST_4482,93.1,86.16,75.18,77.66,96.72,73.74,72.96,85.94,67.6,79.71,80.08,81.19
CUST_4483,117.35,108.41,112.18,102.99,104.91,98.97,107.3,122.34,109.67,107.52,98.15,114.56
CUST_4484,111.56,122.3,124.61,123.25,132.43,130.31,137.51,135.63,113.39,118.82,110.95,129.46
CUST_4485,91.19,67.46,93.34,95.57,89.45,91.0,76.52,94.59,67.42,69.4,73.79,68.5
CUST_4486,42.85,52.41,43.59,48.51,68.39,62.54,63.24,64.43,63.95,56.13,45.72,43.59
CUST_4487,119.42,117.12,120.35,125.86,131.95,106.64,131.74,121.51,133.3,127.34,115.69,117.59
CUST_4488,121.64,108.84,122.53,123.39,130.46,130.74,105.73,117.53,133.72,131.9,104.37,121.84
CUST_4489,57.13,57.92,74.38,64.71,75.15,79.59,64.98,67.41,70.36,67.63,57.77,78.25
CUST_4490,120.05,127.21,112.94,138.99,129.51,138.11,112.63,120.21,124.29,132.04,116.97,126.05
CUST_4491,122.86,107.63,107.97,97.42,99.61,123.33,112.66,121.91,114.1,115.47,115.39,114.67
CUST_4492,101.96,112.74,92.99,109.51,116.02,93.29,121.65,100.8,99.92,106.87,102.23,114.27
CUST_4493,39.56,24.92,35.59,27.29,25.06,39.18,26.66,33.33,31.16,47.27,22.15,33.24
CUST_4494,38.55,43.27,40.59,27.6,46.24,21.9,49.52,25.28,32.76,24.94,49.95,20.51
CUST_4495,59.01,59.01,76.87,80.5,69.61,75.52,79.37,62.15,79.76,71.05,56.8,74.75
CUST_4496,120.99,112.17,105.1,108.08,111.45,119.07,98.19,97.3,100.24,105.25,107.29,123.56
CUST_4497,105.62,85.38,88.0,104.4,106.53,89.45,92.49,88.35,85.16,78.23,99.6,98.99
CUST_4498,42.94,62.86,51.62,60.54,37.36,61.8,44.85,47.06,56.92,63.42,39.28,59.64
CUST_4499,34.19,38.16,41.38,55.26,56.84,42.19,39.5,29.97,55.65,35.26,44.81,36.25
CUST_4500,65.44,81.63,74.58,58.75,61.14,67.48,58.73,55.43,57.67,77.83,77.77,79.55
CUST_4501,59.36,71.72,51.39,71.66,65.62,54.48,67.74,54.27,49.73,44.97,69.19,72.04
CUST_4502,112.98,114.96,113.07,116.2,100.97,109.17,120.97,110.49,98.04,112.56,114.8,100.45
CUST_4503,122.48,119.62,104.97,122.01,113.45,105.51,108.96,117.51,114.38,114.45,106.36,132.7
CUST_4504,123.72,111.77,116.47,131.11,113.16,107.67,111.36,104.63,128.93,110.93,104.93,111.16
CUST_4505,35.24,42.64,45.39,43.19,55.68,37.06,32.88,40.36,33.28,54.97,49.16,31.56
CUST_4506,85.54,99.39,102.66,112.99,96.56,113.03,107.92,99.69,97.89,96.85,99.51,104.56
CUST_4507,81.09,103.71,88.29,91.02,100.88,80.67,90.92,88.77,103.2,84.53,79.65,100.32
CUST_4508,43.15,25.43,33.85,49.35,34.84,51.14,37.12,34.35,43.08,52.05,31.89,31.8
CUST_4509,79.97,70.09,93.32,92.39,71.82,94.69,89.1,85.39,73.7,80.6,96.76,96.81
CUST_4510,59.31,59.74,67.11,70.02,71.74,56.82,71.41,57.63,71.95,78.84,74.65,63.52
CUST_4511,127.54,104.34,133.11,126.96,119.81,112.77,120.07,110.37,121.41,119.81,115.89,123.53
CUST_4512,101.36,105.89,113.74,103.45,99.36,102.91,112.56,111.16,112.74,97.65,89.73,90.84
CUST_4513,112.06,122.42,115.34,110.28,113.67,96.29,94.35,116.73,115.13,111.62,123.06,113.79
CUST_4514,43.36,36.97,56.47,47.52,45.3,40.51,29.54,29.77,29.4,41.52,28.67,42.79
CUST_4515,94.07,91.12,87.0,79.77,86.54,75.9,74.37,90.27,93.3,95.57,69.56,82.17
CUST_4516,59.35,52.27,52.03,52.75,55.04,59.12,57.8,52.24,63.58,59.62,61.58,38.36
CUST_4517,57.25,63.21,68.35,53.23,45.38,47.86,58.01,63.75,52.62,48.69,50.39,60.65
CUST_4518,126.08,128.51,126.76,116.23,128.11,108.46,113.48,112.76,119.75,128.59,111.49,110.86
CUST_4519,86.51,103.42,104.37,103.08,94.49,80.43,107.47,98.02,107.14,81.08,102.14,88.46
CUST_4520,61.03,67.54,70.65,44.12,47.71,53.81,61.38,71.68,51.33,65.0,62.36,68.98
CUST_4521,28.78,30.52,26.09,32.12,47.34,46.66,29.43,45.57,27.91,40.25,42.83,35.85
CUST_4522,32.57,52.86,51.91,46.42,44.22,34.67,43.39,55.79,60.17,48.03,56.26,60.17
CUST_4523,109.83,117.64,102.15,92.03,103.69,107.26,116.85,111.37,100.03,113.89,109.22,117.28
CUST_4524,40.73,52.87,43.52,56.12,39.61,56.56,61.02,46.0,52.55,38.08,43.19,38.3
CUST_4525,58.61,64.29,51.51,71.62,58.08,63.1,49.91,67.57,49.0,54.2,72.72,45.71
CUST_4526,48.78,57.41,38.83,50.44,40.37,63.19,54.33,40.87,42.78,58.1,57.5,43.21
CUST_4527,105.25,120.93,110.88,121.63,102.97,112.03,102.45,110.76,103.54,105.06,109.83,121.8
CUST_4528,37.76,30.73,25.06,47.07,34.16,41.6,44.04,39.07,51.09,51.86,39.43,30.96
CUST_4529,108.72,93.72,97.38,100.27,116.84,94.83,91.52,99.81,105.31,109.33,95.13,113.87
CUST_4530,77.31,91.02,99.93,73.14,86.42,90.22,86.68,90.78,92.12,89.45,90.31,93.06
CUST_4531,86.83,90.59,65.58,84.91,69.88,82.03,82.08,93.91,65.98,79.12,87.73,81.69
CUST_4532,66.66,69.39,74.42,67.72,62.64,55.43,71.88,47.04,54.58,68.6,62.83,74.58
CUST_4533,105.46,117.03,107.38,99.52,121.83,93.57,102.42,99.44,93.85,93.05,119.52,103.57
CUST_4534,97.13,86.97,99.94,91.85,87.84,99.03,92.99,84.36,93.24,88.78,92.92,103.3
CUST_4535,72.86,78.25,67.82,77.82,64.26,78.57,73.45,87.95,77.6,75.05,83.47,72.77
CUST_4536,110.23,105.05,95.85,106.97,108.02,105.0,109.65,109.04,91.81,98.97,99.66,109.65
CUST_4537,48.95,51.53,44.21,58.39,56.6,47.79,62.65,40.4,60.53,65.54,49.88,57.28
CUST_4538,65.78,51.41,58.72,62.71,62.79,62.31,51.45,62.9,76.94,57.03,58.14,75.02
CUST_4539,119.22,98.08,108.86,106.26,122.23,100.48,126.12,121.24,101.63,116.2,112.59,109.51
CUST_4540,86.3,83.9,73.98,88.48,84.75,78.29,91.64,64.02,84.52,80.03,83.4,86.76
CUST_4541,43.05,46.46,33.74,24.71,41.1,43.17,48.59,26.5,25.78,24.98,38.42,45.53
CUST_4542,109.66,121.67,102.9,121.36,102.96,125.48,112.42,117.3,122.8,112.64,102.64,121.25
CUST_4543,63.02,70.23,52.9,56.5,64.0,69.99,77.74,73.23,70.71,81.04,66.08,69.12
CUST_4544,110.92,87.49,88.68,106.97,88.56,95.29,110.15,105.78,96.5,102.85,90.68,90.45
CUST_4545,109.13,128.35,127.64,120.71,110.02,111.46,126.56,115.41,126.13,106.83,126.07,105.32
CUST_4546,69.75,71.14,93.6,88.98,76.34,84.7,84.16,75.11,75.89,87.97,89.63,74.07
CUST_4547,75.68,81.41,77.22,80.01,80.94,94.6,99.56,85.24,79.53,84.82,81.25,90.81
CUST_4548,122.04,105.48,104.94,120.95,119.8,109.63,106.54,114.12,110.31,101.99,123.1,97.33
CUST_4549,120.16,110.15,131.07,119.17,127.1,135.89,121.99,137.72,116.84,127.49,133.2,123.93
CUST_4550,70.49,61.17,63.62,64.62,49.44,61.8,43.93,67.49,53.84,57.22,50.66,57.36
CUST_4551,39.36,30.58,50.85,46.86,29.48,36.47,30.17,37.59,50.76,35.49,25.45,46.15
CUST_4552,111.2,85.67,87.56,100.8,87.19,109.49,93.67,86.59,106.5,96.08,87.5,112.27
CUST_4553,76.85,56.3,70.27,48.75,49.84,63.82,59.67,65.04,63.0,76.03,62.64,65.65
CUST_4554,58.86,35.2,58.41,62.63,37.39,39.39,54.37,40.42,33.26,59.91,51.41,35.12
CUST_4555,35.58,53.99,48.23,31.21,45.8,49.71,41.81,54.58,45.75,36.77,35.27,52.05
CUST_4556,33.5,35.11,39.72,47.78,37.89,33.11,24.08,38.85,41.6,41.46,37.05,23.07
CUST_4557,70.81,57.17,66.68,58.14,49.3,67.66,76.59,53.39,66.45,57.99,54.26,74.32
CUST_4558,83.38,104.54,98.18,102.04,100.89,111.18,102.03,102.64,90.71,103.96,103.75,96.02
CUST_4559,97.19,101.03,94.01,101.49,92.65,94.2,92.02,116.25,91.04,100.85,111.31,120.29
CUST_4560,47.61,42.99,56.88,29.23,32.96,50.54,36.97,52.08,44.91,42.72,47.22,57.41
CUST_4561,130.73,106.86,108.36,119.76,127.17,122.67,116.93,123.07,114.46,103.24,108.35,124.61
CUST_4562,112.62,124.91,98.17,103.17,120.49,115.89,126.46,114.13,124.74,99.31,99.95,100.01
CUST_4563,109.66,95.33,101.46,95.5,108.37,106.64,114.68,117.03,103.17,88.92,114.02,103.93
CUST_4564,102.4,91.04,80.48,97.86,94.14,104.94,94.46,101.49,101.75,102.0,94.54,86.41
CUST_4565,79.6,67.35,70.87,56.21,66.42,77.89,72.64,53.92,68.7,65.11,63.11,50.74
CUST_4566,73.09,80.86,76.62,83.13,85.68,73.63,64.79,92.07,84.32,82.94,87.55,77.01
CUST_4567,126.0,133.21,131.33,115.57,124.54,120.36,127.18,117.78,120.04,112.0,136.15,135.84
CUST_4568,70.67,93.1,94.5,68.19,79.45,86.45,80.42,89.65,81.96,79.18,68.97,66.7
CUST_4569,96.4,82.48,84.63,98.97,78.87,95.23,88.31,103.08,89.35,95.94,94.23,83.95
CUST_4570,50.51,26.29,52.91,30.08,27.69,40.53,51.49,30.27,44.07,43.62,45.25,53.96
CUST_4571,46.63,52.19,43.05,55.58,39.79,55.1,46.52,55.87,55.7,46.8,36.13,36.76
CUST_4572,55.58,52.43,51.89,48.88,55.36,39.43,44.53,35.65,30.62,56.34,31.2,54.4
CUST_4573,84.85,91.01,98.67,79.43,81.1,84.82,76.33,87.22,69.79,75.13,76.71,74.2
CUST_4574,57.27,59.46,57.49,59.97,64.24,61.56,80.36,69.62,79.67,54.24,69.79,69.38
CUST_4575,75.28,87.3,96.4,75.33,91.8,86.47,72.62,76.67,77.42,92.35,69.01,88.32
CUST_4576,50.51,72.67,60.35,65.06,68.24,47.58,55.17,48.44,64.23,48.61,52.48,61.78
CUST_4577,69.16,60.92,65.05,65.97,62.65,62.05,65.2,60.85,68.42,61.09,72.21,62.8
CUST_4578,101.99,95.39,97.44,106.95,105.06,87.74,84.03,97.07,96.5,99.63,93.16,98.33
CUST_4579,47.79,57.06,34.14,52.32,44.77,33.75,45.8,55.99,36.91,33.14,56.73,59.27
CUST_4580,52.35,65.38,52.18,55.54,64.77,50.19,60.42,65.52,68.94,61.89,56.65,53.97
CUST_4581,91.14,76.54,66.02,64.35,93.35,79.51,81.68,66.55,67.92,63.61,82.1,93.55
CUST_4582,57.26,62.24,39.8,62.45,53.39,68.5,67.56,67.83,64.27,46.65,42.36,53.43
CUST_4583,65.58,50.6,48.35,66.77,61.3,67.82,50.72,69.56,70.73,71.38,54.54,65.19
CUST_4584,53.08,36.74,34.48,55.63,55.15,44.05,51.4,58.38,50.91,39.09,50.1,56.9
CUST_4585,53.51,46.32,44.17,54.64,66.79,67.82,57.25,72.25,51.47,63.55,57.91,53.41
CUST_4586,120.1,114.44,96.8,106.1,114.86,105.71,106.83,116.34,110.72,105.82,104.39,114.03
CUST_4587,66.57,45.9,67.03,54.17,48.42,67.56,53.09,43.97,54.02,46.84,61.8,49.07
CUST_4588,106.98,116.69,111.98,115.29,111.81,109.3,126.1,105.94,109.74,105.04,104.83,131.06
CUST_4589,73.28,71.3,72.85,61.75,52.46,68.2,73.27,69.45,54.94,54.34,63.78,65.56
CUST_4590,48.87,23.32,52.19,43.1,47.83,31.88,37.75,34.37,35.18,23.54,35.42,26.5
CUST_4591,57.2,71.93,55.29,56.83,63.94,54.63,80.71,71.64,78.64,66.91,62.63,81.63
CUST_4592,107.7,111.21,103.19,87.26,92.91,91.93,88.13,103.93,90.25,87.2,97.71,103.2
CUST_4593,104.79,102.26,108.04,111.57,116.64,126.9,117.46,116.78,110.09,106.1,125.9,102.16
CUST_4594,26.21,32.23,28.19,35.68,49.82,46.71,26.63,47.83,48.39,23.3,31.42,49.23
CUST_4595,80.05,89.99,81.11,88.0,84.52,88.11,89.69,83.97,93.42,89.66,67.83,93.11
CUST_4596,93.68,92.2,88.95,97.0,74.41,86.92,92.5,79.88,83.98,91.71,75.25,91.0
CUST_4597,49.36,55.81,57.33,54.43,66.19,58.68,51.79,51.86,48.97,59.31,67.27,51.3
CUST_4598,45.77,65.52,71.28,55.13,62.51,67.19,52.01,59.31,46.52,67.58,44.92,48.43
CUST_4599,66.87,89.02,87.29,93.0,72.12,73.62,78.24,80.11,93.93,65.77,86.29,87.64
CUST_4600,64.73,35.87,38.12,45.68,40.22,64.29,61.38,61.92,53.41,45.77,35.82,59.33
CUST_4601,34.63,51.47,32.95,38.11,30.61,44.64,57.85,31.14,30.17,49.38,43.43,37.74
CUST_4602,92.78,87.42,93.86,85.97,86.39,102.27,91.43,82.82,82.47,104.55,81.07,87.93
CUST_4603,125.18,106.36,124.27,121.73,113.19,131.44,106.31,123.9,128.58,122.73,131.52,126.46
CUST_4604,63.49,65.15,58.67,46.03,54.96,64.39,50.22,66.25,58.27,66.65,60.91,47.82
CUST_4605,125.19,118.05,134.24,128.8,129.91,118.2,119.01,123.67,116.69,138.77,118.91,113.26
CUST_4606,74.34,88.49,81.2,98.0,80.25,86.1,96.81,91.6,93.77,92.76,82.05,94.53
CUST_4607,86.75,79.71,62.31,73.68,68.46,66.01,75.81,71.24,67.43,65.89,91.63,79.44
CUST_4608,84.1,90.81,88.72,83.21,104.43,77.07,102.73,83.84,82.45,97.37,85.99,86.02
CUST_4609,35.24,47.4,56.52,33.77,48.19,49.3,49.61,44.56,43.04,27.75,29.84,27.37
CUST_4610,106.4,109.13,121.88,113.93,119.02,111.11,111.67,101.87,113.77,116.91,108.42,127.9
CUST_4611,89.71,115.4,105.28,88.75,104.85,109.28,92.45,105.18,95.01,101.24,109.95,93.79
CUST_4612,66.31,57.11,53.76,40.55,49.98,47.56,68.03,60.35,66.6,67.8,64.52,65.94
CUST_4613,63.9,87.31,92.65,67.04,70.88,86.45,87.95,67.9,80.47,86.59,63.91,84.15
CUST_4614,101.2,102.54,87.34,91.47,88.44,102.33,80.81,103.49,99.53,84.93,95.61,99.09
CUST_4615,96.95,102.36,86.4,82.47,91.78,79.59,77.81,96.0,82.12,100.49,90.92,79.44
CUST_4616,94.8,88.48,89.01,85.4,74.1,80.75,70.2,78.49,73.69,71.87,88.35,84.96
CUST_4617,45.15,58.95,38.67,46.29,34.67,46.87,47.07,46.52,61.96,37.26,61.34,45.49
CUST_4618,59.77,39.84,45.14,46.03,32.34,51.26,33.87,32.38,39.74,42.65,36.86,41.06
CUST_4619,122.88,117.27,101.88,100.77,103.06,97.27,106.42,121.73,100.27,104.14,124.72,117.59
CUST_4620,33.76,25.87,30.07,41.38,47.69,33.15,42.12,46.41,46.73,31.31,29.77,36.35
CUST_4621,93.9,86.61,88.68,91.06,74.53,88.2,73.0,76.82,95.34,91.13,89.73,79.39
CUST_4622,104.1,96.35,104.5,106.0,100.11,84.36,112.23,103.01,109.88,102.22,86.25,108.6
CUST_4623,77.75,77.3,93.73,83.16,78.46,84.41,95.49,84.96,94.94,70.07,68.0,89.47
CUST_4624,41.88,34.31,43.5,33.45,36.16,42.01,33.85,38.08,48.01,36.09,32.56,49.84
CUST_4625,61.08,62.17,58.94,45.48,56.01,40.71,44.01,45.39,63.79,48.95,66.44,66.57
CUST_4626,52.75,60.17,58.09,50.98,65.98,44.32,55.76,45.1,60.2,58.09,40.06,60.93
CUST_4627,44.91,43.56,36.49,44.97,46.37,43.55,62.46,59.03,34.59,44.54,49.39,56.04
CUST_4628,74.77,55.96,81.53,72.69,80.7,57.62,64.21,61.9,78.96,71.52,75.19,63.53
CUST_4629,39.27,55.32,58.39,48.14,44.07,45.18,53.91,33.88,36.98,52.63,48.72,30.26
CUST_4630,92.41,95.4,102.33,92.82,83.67,101.53,98.24,104.93,108.36,106.66,104.5,89.17
CUST_4631,76.64,61.11,68.49,89.33,61.12,72.55,72.2,72.69,60.66,77.63,77.86,67.86
CUST_4632,98.84,92.06,99.5,79.08,96.95,86.19,88.53,94.96,75.63,77.77,86.83,82.06
CUST_4633,84.08,97.13,87.43,87.43,105.07,88.18,78.94,98.23,82.06,98.18,84.06,98.31
CUST_4634,54.35,47.86,55.93,45.91,38.93,36.01,58.26,61.01,51.37,35.04,52.33,41.83
CUST_4635,64.81,58.9,67.18,68.71,60.77,75.3,58.98,53.41,57.45,81.45,80.97,76.13
CUST_4636,85.73,60.43,79.5,81.41,66.7,83.99,78.55,72.54,72.9,74.43,68.25,77.56
CUST_4637,115.76,117.23,110.41,119.03,122.64,104.75,122.26,112.51,122.48,112.39,108.31,108.77
CUST_4638,107.68,98.01,81.85,99.26,98.41,98.82,109.35,90.39,94.91,105.39,99.49,104.4
CUST_4639,50.69,53.34,55.06,65.97,48.38,43.31,64.77,60.2,59.45,58.85,56.19,59.29
CUST_4640,36.12,35.44,29.4,52.14,40.75,36.69,41.21,50.04,26.52,43.61,46.09,37.9
CUST_4641,41.29,29.67,42.87,26.14,49.1,47.35,52.89,29.99,31.57,25.69,33.98,44.53
CUST_4642,84.07,58.51,72.16,77.42,83.38,78.47,71.33,82.39,73.11,79.12,76.39,86.56
CUST_4643,126.79,120.32,111.36,121.5,118.46,112.6,123.33,109.36,123.32,125.26,122.55,131.21
CUST_4644,123.21,116.12,117.65,103.64,123.75,108.8,106.39,119.16,121.2,111.08,102.95,111.89
CUST_4645,70.67,80.52,81.4,81.7,69.61,93.26,87.0,97.32,77.2,75.58,86.25,68.28
CUST_4646,88.16,69.97,86.35,78.25,72.22,67.4,62.33,60.26,64.96,77.53,85.66,70.52
CUST_4647,39.42,43.95,32.77,56.1,56.91,36.84,58.8,56.24,45.42,52.24,42.18,34.62
CUST_4648,46.32,34.46,60.58,49.36,58.74,47.89,53.99,61.69,33.74,34.71,56.85,59.39
CUST_4649,56.52,71.5,61.32,75.95,61.65,72.53,59.14,68.02,72.95,64.93,62.72,64.12
CUST_4650,102.92,106.23,111.02,89.79,90.06,102.53,103.76,96.21,100.54,95.06,91.71,105.22
CUST_4651,30.46,52.9,48.63,35.64,56.73,52.04,56.05,32.73,57.35,34.26,37.71,50.08
CUST_4652,112.72,111.2,123.31,131.23,138.16,133.9,118.31,125.95,112.98,135.24,116.42,133.59
CUST_4653,125.59,115.39,117.16,125.65,129.68,125.48,114.16,120.27,105.08,124.81,131.0,123.88
CUST_4654,48.56,57.85,45.13,59.36,54.27,35.74,33.11,37.37,41.99,55.47,49.5,40.51
CUST_4655,115.65,107.29,104.53,103.19,105.06,112.18,103.89,122.98,123.1,105.76,123.6,108.17
CUST_4656,86.41,97.95,83.85,94.88,98.43,86.55,90.02,95.79,96.58,102.01,102.56,85.73
CUST_4657,74.75,77.69,65.63,84.38,71.0,74.57,62.82,83.62,61.69,77.11,85.42,72.15
CUST_4658,81.65,82.13,69.28,92.09,76.92,76.02,92.78,93.02,78.83,81.0,72.53,90.24
CUST_4659,101.53,102.81,98.03,106.56,108.13,116.42,107.08,118.72,99.37,118.96,116.09,125.01
CUST_4660,111.23,105.75,128.7,106.71,129.51,108.18,124.41,111.04,118.01,118.67,121.37,131.91
CUST_4661,115.78,111.75,113.33,118.81,130.38,118.21,111.9,106.32,106.98,125.15,116.21,109.28
CUST_4662,44.01,54.37,59.4,34.68,33.24,52.52,39.3,37.3,36.0,36.72,55.42,33.52
CUST_4663,79.03,51.42,77.45,72.85,59.61,61.03,69.93,66.22,63.9,70.34,63.61,59.5
CUST_4664,75.36,69.33,63.52,60.8,57.72,60.89,59.12,69.81,61.15,59.19,66.47,59.03
CUST_4665,130.23,120.87,119.94,108.45,113.09,133.42,114.06,110.67,126.73,105.92,106.81,119.83
CUST_4666,71.48,91.95,89.25,68.92,65.91,89.55,74.9,70.85,70.49,66.56,82.39,73.16
CUST_4667,87.8,78.71,70.13,91.04,87.17,92.87,71.01,82.48,71.62,98.19,84.98,96.67
CUST_4668,85.31,66.44,58.13,84.45,75.48,67.28,66.2,74.61,59.77,72.05,83.21,66.41
CUST_4669,40.26,45.28,54.29,64.59,49.83,41.22,39.19,42.84,58.11,56.88,50.41,54.09
CUST_4670,118.57,107.22,95.6,103.09,111.92,112.62,102.87,106.07,117.84,97.54,108.27,115.84
CUST_4671,126.89,117.65,126.51,131.94,127.07,131.94,111.73,108.01,111.68,122.11,124.24,128.0
CUST_4672,62.52,72.46,57.64,55.05,54.37,63.84,56.11,51.29,49.67,51.31,74.55,50.99
CUST_4673,121.38,107.9,125.15,100.0,117.91,104.35,116.87,102.48,102.8,112.16,102.12,107.39
CUST_4674,59.8,61.18,83.28,68.29,67.29,84.53,80.02,62.1,73.54,81.75,65.51,82.17
CUST_4675,52.4,60.05,39.99,54.27,65.73,38.11,40.86,48.16,66.09,54.11,46.98,47.45
CUST_4676,46.43,26.87,32.73,33.53,53.3,33.84,37.98,31.52,35.9,38.08,27.33,28.77
CUST_4677,94.79,114.56,102.83,100.26,101.97,96.48,89.77,92.29,110.62,113.51,107.86,105.31
CUST_4678,58.79,34.38,39.57,58.51,58.03,45.53,38.45,59.19,50.77,45.16,43.77,39.87
CUST_4679,107.51,79.78,83.37,81.88,104.86,93.57,104.38,95.16,86.34,83.52,87.43,80.78
CUST_4680,95.03,90.44,95.65,101.29,96.01,105.62,86.72,101.93,85.14,87.26,82.78,97.62
CUST_4681,44.39,40.3,57.43,51.87,45.06,64.16,55.3,41.63,60.58,45.13,57.11,40.46
CUST_4682,49.82,50.26,42.46,32.71,47.44,54.28,45.85,51.17,54.41,29.34,32.82,39.72
CUST_4683,76.67,69.63,87.88,89.04,87.83,73.66,87.21,74.43,75.29,86.05,85.26,91.25
CUST_4684,128.27,118.01,110.48,132.45,110.11,125.18,120.45,107.61,110.53,135.53,134.6,124.63
CUST_4685,102.01,104.91,103.29,125.75,121.43,111.77,119.64,103.68,125.04,112.84,114.88,102.76
CUST_4686,118.19,114.73,105.12,113.2,121.64,95.95,96.28,97.29,102.43,113.6,102.14,114.7
CUST_4687,31.5,54.98,32.55,29.69,43.54,34.42,31.31,28.88,46.33,35.32,30.04,38.16
CUST_4688,76.51,96.22,93.74,76.97,77.69,98.7,73.64,96.76,99.73,88.92,96.18,82.79
CUST_4689,112.06,135.78,121.42,128.16,112.84,124.73,129.42,114.24,121.1,118.32,130.26,112.73
CUST_4690,67.6,54.99,51.44,52.44,52.66,65.93,64.05,69.28,51.58,58.68,72.92,57.86
CUST_4691,99.35,119.03,99.12,122.71,99.37,112.12,95.27,93.45,93.99,111.21,111.43,103.24
CUST_4692,79.19,80.14,75.65,78.15,65.54,67.31,76.34,52.84,66.48,69.74,63.44,75.37
CUST_4693,115.27,110.02,93.93,97.06,91.21,106.76,99.99,101.16,93.04,93.34,114.5,93.79
CUST_4694,74.56,66.77,92.17,87.86,73.4,72.82,88.98,69.6,67.41,78.57,81.52,84.2
CUST_4695,84.42,88.84,89.47,63.63,65.77,81.0,86.76,61.91,78.64,86.45,67.67,65.46
CUST_4696,66.27,67.19,50.92,69.06,61.96,56.12,45.09,62.83,52.92,53.03,57.8,60.45
CUST_4697,112.79,93.74,118.47,93.34,108.3,110.85,97.56,102.59,100.3,104.52,91.55,106.02
CUST_4698,119.75,117.12,109.61,117.62,129.71,101.18,102.86,105.04,104.73,114.64,126.0,115.82
CUST_4699,105.24,116.2,98.95,120.96,110.21,118.21,124.44,125.35,124.94,110.62,120.44,120.89
CUST_4700,112.86,98.31,102.92,111.76,88.42,87.46,100.17,108.68,83.68,93.15,93.36,105.4
CUST_4701,87.36,82.06,78.32,87.55,78.27,87.06,94.53,78.76,75.59,97.26,97.21,75.31
CUST_4702,97.29,74.07,89.03,99.15,77.55,79.35,95.81,94.29,74.65,75.6,93.9,85.1
CUST_4703,101.76,90.74,112.6,106.95,100.41,105.73,89.34,96.74,90.6,111.09,110.06,97.31
CUST_4704,61.09,58.17,57.39,57.03,46.99,57.96,31.85,57.96,55.04,42.81,59.19,35.91
CUST_4705,129.6,112.29,126.27,125.16,126.63,106.69,126.43,118.58,124.02,123.72,131.34,121.82
CUST_4706,46.68,24.71,26.97,29.54,47.56,37.13,35.4,32.02,25.74,48.34,40.32,52.36
CUST_4707,54.31,45.89,49.85,63.36,53.05,48.86,43.5,53.82,44.75,52.0,56.7,57.07
CUST_4708,126.62,110.07,123.13,115.01,99.91,127.03,123.73,99.06,99.68,102.22,104.72,110.38
CUST_4709,106.96,127.08,117.94,128.55,119.6,122.88,115.9,104.37,131.85,110.12,125.76,109.06
CUST_4710,130.01,122.53,131.66,129.46,125.11,112.28,110.75,125.51,114.07,126.0,127.26,108.61
CUST_4711,37.25,44.9,40.13,28.26,45.65,20.96,22.35,24.72,36.88,39.06,32.99,27.34
CUST_4712,93.12,80.41,68.87,68.12,91.25,71.31,84.01,83.62,82.11,69.25,95.93,81.72
CUST_4713,91.55,87.54,93.79,88.75,68.93,65.56,79.01,81.34,67.11,71.14,93.68,85.3
CUST_4714,117.07,125.12,103.64,102.29,98.63,104.99,112.16,118.33,108.92,115.57,105.8,121.44
CUST_4715,94.3,106.96,97.93,101.41,95.8,106.42,100.59,95.91,113.3,106.08,92.42,88.77
CUST_4716,54.5,37.37,53.03,27.37,47.57,42.13,30.19,44.06,53.37,45.95,41.1,30.15
CUST_4717,87.06,105.93,101.25,86.93,90.95,104.31,95.95,89.32,87.09,91.37,95.91,101.9
CUST_4718,65.68,80.11,79.13,85.29,77.04,79.1,74.48,77.86,88.21,69.36,76.76,81.04
CUST_4719,99.43,96.69,101.79,94.17,110.64,100.82,111.03,111.11,118.96,111.64,93.56,93.93
CUST_4720,46.18,41.18,42.2,56.13,50.36,62.95,61.01,52.92,54.17,40.13,42.39,45.33
CUST_4721,82.98,77.07,80.15,84.1,63.36,74.61,74.64,61.68,72.13,81.1,82.78,84.07
CUST_4722,114.37,124.85,122.39,116.54,122.05,130.41,128.22,118.61,116.33,109.13,125.99,109.28
CUST_4723,130.59,131.88,115.43,116.04,130.99,122.08,118.22,118.03,113.0,108.41,107.84,128.72
CUST_4724,45.96,64.77,66.75,64.38,50.4,46.78,62.49,41.7,69.79,55.79,69.63,65.13
CUST_4725,35.95,25.19,40.67,43.48,33.5,29.1,26.83,43.64,41.49,40.74,49.73,38.67
CUST_4726,59.67,49.85,65.75,54.15,73.87,55.63,68.92,68.42,65.46,72.04,57.86,52.3
CUST_4727,57.27,84.47,71.29,66.99,84.6,83.59,56.4,61.6,57.73,73.21,74.29,66.13
CUST_4728,59.26,72.07,73.11,48.46,57.44,66.72,58.92,60.35,54.17,70.86,49.28,60.25
CUST_4729,117.0,115.71,115.78,113.46,135.81,131.86,136.34,126.0,110.34,137.73,126.41,124.83
CUST_4730,94.93,100.36,86.89,95.17,93.85,99.02,93.34,87.47,100.22,86.01,82.06,91.84
CUST_4731,48.6,38.32,29.18,31.56,45.5,40.49,51.12,22.6,46.04,50.2,21.64,36.64
CUST_4732,98.77,92.27,109.36,106.87,107.87,113.49,105.72,111.9,90.01,115.38,107.4,111.07
CUST_4733,116.85,100.84,120.0,100.28,109.91,97.99,93.41,105.05,100.42,103.9,105.87,119.37
CUST_4734,41.46,41.19,33.47,39.03,45.68,31.13,31.29,46.71,50.22,48.11,51.32,28.13
CUST_4735,116.94,107.59,105.6,113.43,132.53,128.65,125.99,125.16,122.88,124.96,116.39,109.21
CUST_4736,121.11,100.81,100.57,121.53,101.98,112.66,118.76,125.79,127.69,105.85,126.07,111.61
CUST_4737,46.79,49.98,41.28,54.2,46.35,43.49,36.41,44.6,31.86,39.91,29.3,32.36
CUST_4738,107.32,108.95,106.63,93.77,99.35,97.78,109.5,108.19,101.87,110.53,87.61,103.51
CUST_4739,34.96,37.82,38.78,39.91,56.65,53.09,56.37,46.3,47.48,40.82,58.21,41.16
CUST_4740,51.89,42.33,38.52,51.42,32.04,33.7,60.68,55.84,50.67,43.87,32.08,38.41
CUST_4741,97.75,107.12,114.38,108.33,112.02,115.78,107.15,115.72,107.58,119.03,91.82,103.63
CUST_4742,54.06,71.02,54.93,69.71,70.8,69.84,67.21,60.97,70.61,67.5,75.81,65.91
CUST_4743,47.12,46.16,53.79,54.83,55.9,57.34,49.45,56.22,49.58,60.3,58.75,39.79
CUST_4744,94.13,85.35,97.83,101.49,109.41,102.32,97.0,107.16,83.47,109.93,87.22,105.94
CUST_4745,87.9,80.6,97.21,83.2,87.33,80.49,108.93,103.08,82.27,90.55,82.16,102.24
CUST_4746,86.14,76.68,67.23,82.84,71.76,93.3,74.35,93.22,70.94,66.61,81.74,75.78
CUST_4747,77.03,101.6,91.23,81.82,73.07,90.75,97.89,99.87,86.4,76.79,92.5,92.28
CUST_4748,57.84,35.79,50.18,61.09,61.2,34.34,50.97,47.16,33.98,37.62,47.99,43.68
CUST_4749,78.61,95.01,102.12,92.01,103.62,89.13,88.16,87.94,101.5,83.2,105.4,92.16
CUST_4750,89.14,114.65,107.62,109.49,114.88,107.9,96.44,102.58,112.29,89.67,97.84,114.73
CUST_4751,78.7,89.76,70.07,65.59,72.3,68.86,70.93,77.43,79.05,71.48,91.22,82.41
CUST_4752,103.62,123.06,111.95,105.19,115.14,96.28,103.02,110.24,105.62,99.62,123.19,100.73
CUST_4753,41.48,50.14,42.42,57.12,36.37,56.31,41.02,46.78,53.95,38.92,36.21,40.75
CUST_4754,100.81,98.3,98.97,86.37,89.4,81.06,87.58,100.19,95.61,97.81,72.41,98.36
CUST_4755,118.84,110.69,105.57,100.35,109.37,123.75,102.31,97.85,110.68,110.84,124.58,126.75
CUST_4756,27.46,40.44,34.05,30.28,46.84,48.9,43.85,52.16,32.69,36.78,45.18,34.61
CUST_4757,66.41,40.84,42.73,60.84,61.61,61.28,53.94,63.26,40.24,42.73,53.44,48.05
CUST_4758,30.1,33.42,36.15,52.07,49.04,31.71,44.17,40.49,52.5,39.33,49.37,43.49
CUST_4759,108.58,101.45,89.81,103.35,92.08,106.52,96.23,109.69,94.51,84.65,86.63,82.13
CUST_4760,115.13,107.29,101.7,97.77,116.28,95.85,114.19,101.3,103.31,110.46,107.75,95.02
CUST_4761,67.28,65.44,77.62,75.67,55.26,51.2,65.84,71.48,75.4,78.32,61.67,56.88
CUST_4762,119.34,102.44,117.57,113.66,103.81,104.83,125.0,112.24,118.8,127.05,126.71,128.57
CUST_4763,73.09,65.96,81.64,70.86,78.56,77.39,67.38,79.06,75.56,55.9,64.45,57.62
CUST_4764,108.58,95.0,109.13,107.59,104.05,93.61,116.41,114.08,116.28,117.47,113.88,103.47
CUST_4765,88.38,83.74,82.52,79.84,80.57,75.64,70.77,88.95,80.3,94.43,86.39,80.62
CUST_4766,131.42,119.95,119.71,122.04,128.75,117.5,123.79,119.02,130.31,131.32,115.68,123.93
CUST_4767,79.36,99.12,90.95,95.18,76.96,73.72,97.07,91.14,74.76,92.02,82.53,86.94
CUST_4768,47.74,60.78,41.96,45.6,40.68,36.6,57.58,51.82,52.58,51.06,48.67,46.41
CUST_4769,42.76,46.66,32.74,51.5,56.88,47.8,52.24,32.38,33.08,50.18,41.26,50.26
CUST_4770,62.03,56.76,56.12,76.04,74.98,75.25,64.49,69.6,50.38,77.07,48.72,60.48
CUST_4771,45.59,55.19,42.86,30.13,39.46,51.17,35.07,33.14,33.3,39.91,34.37,39.58
CUST_4772,94.66,112.29,106.9,96.91,116.86,100.81,96.96,92.0,107.54,111.96,99.45,98.59
CUST_4773,109.53,114.78,128.51,129.35,123.66,119.41,112.86,128.5,131.27,121.71,105.9,126.09
CUST_4774,99.13,99.53,80.9,81.33,88.52,83.3,105.19,95.12,92.98,106.58,91.55,78.76
CUST_4775,83.15,103.74,83.43,99.65,96.06,81.54,95.95,90.57,89.21,108.62,87.59,99.7
CUST_4776,104.07,74.54,100.28,80.88,85.65,102.29,78.94,82.98,90.78,80.81,77.85,89.45
CUST_4777,72.19,92.33,94.35,89.54,74.63,77.29,87.8,81.2,82.18,80.47,91.63,93.41
CUST_4778,41.35,42.32,49.0,40.97,25.13,33.72,43.73,51.24,36.49,47.54,28.68,37.14
CUST_4779,100.06,97.62,116.33,90.39,91.71,105.39,99.02,114.11,110.8,113.72,99.36,110.5
CUST_4780,62.6,72.67,85.64,68.26,76.14,70.05,91.48,68.31,71.34,75.45,71.44,78.35
CUST_4781,77.78,68.73,72.03,69.34,87.15,70.31,76.64,77.74,73.21,78.65,61.89,89.21
CUST_4782,104.94,102.11,90.49,81.66,92.58,107.2,82.16,94.46,101.29,83.05,109.5,90.35
CUST_4783,61.25,76.35,61.37,73.15,59.45,50.83,50.26,53.45,70.09,67.82,76.34,69.87
CUST_4784,39.57,46.38,38.97,54.66,49.47,29.47,50.45,53.84,36.45,52.52,56.34,49.82
CUST_4785,105.6,100.59,94.34,99.87,96.64,109.71,102.43,107.41,103.54,107.84,119.27,97.16
CUST_4786,113.66,93.06,110.37,104.27,98.49,100.68,96.66,102.82,108.0,101.2,114.44,106.05
CUST_4787,111.69,96.54,116.1,89.8,117.64,111.52,111.37,98.43,91.34,105.22,91.04,100.48
CUST_4788,89.51,92.44,82.92,98.74,86.35,89.71,95.39,95.69,86.54,75.57,86.31,93.1
CUST_4789,87.24,110.88,113.37,98.0,99.71,114.02,84.77,89.66,91.97,110.26,103.06,101.94
CUST_4790,49.41,66.27,38.79,65.0,66.42,54.42,43.09,61.43,57.84,40.96,48.35,58.26
CUST_4791,40.24,64.73,48.12,62.27,47.7,54.18,39.1,54.33,48.4,63.03,53.0,66.95
CUST_4792,74.37,71.24,77.06,72.85,72.74,87.88,76.84,67.83,64.06,65.6,62.64,72.32
CUST_4793,79.69,80.36,81.91,80.66,87.2,89.2,86.53,93.82,89.06,86.65,84.93,81.12
CUST_4794,92.02,104.72,105.06,99.22,108.23,98.33,103.55,106.09,89.46,107.93,83.87,103.55
CUST_4795,35.53,47.68,59.46,51.3,45.19,50.31,42.5,41.94,39.21,51.46,48.29,49.43
CUST_4796,51.65,56.85,50.93,72.26,64.52,70.73,61.44,63.55,58.11,61.89,52.06,44.95
CUST_4797,85.53,89.84,85.19,78.74,83.12,77.35,88.24,77.58,82.31,86.38,78.75,77.02
CUST_4798,91.3,86.35,77.33,84.41,78.14,93.11,81.56,88.21,79.82,104.6,95.58,97.54
CUST_4799,54.34,46.49,47.41,65.38,64.96,54.39,53.12,37.5,58.76,53.05,66.0,46.02
CUST_4800,53.82,27.4,45.05,39.03,53.81,47.6,33.78,48.34,28.89,30.32,54.59,49.82
CUST_4801,75.21,87.14,82.72,102.68,78.76,89.23,78.62,91.6,102.19,92.98,80.96,92.74
CUST_4802,65.43,59.99,74.47,51.9,69.17,51.22,53.74,58.8,55.74,53.43,71.91,55.13
CUST_4803,48.26,56.05,63.57,53.11,51.03,64.13,55.84,49.56,48.51,76.53,52.87,55.85
CUST_4804,99.95,102.16,108.69,109.79,97.95,102.74,110.27,111.24,102.85,103.19,83.64,96.33
CUST_4805,35.0,52.41,31.2,48.88,34.6,52.66,35.14,46.33,47.87,28.62,49.42,33.26
CUST_4806,123.53,133.22,126.24,131.5,132.87,127.84,121.81,118.07,113.93,112.65,129.07,119.36
CUST_4807,90.96,71.35,83.16,71.08,67.06,70.59,65.17,84.7,73.75,91.28,64.26,79.4
CUST_4808,93.91,79.08,89.01,89.7,75.34,85.37,98.3,97.45,76.13,86.37,90.48,80.86
CUST_4809,48.39,56.45,44.04,69.75,65.73,63.74,51.57,60.81,65.67,67.84,44.79,53.7
CUST_4810,45.99,44.77,50.57,40.15,39.88,47.15,59.75,53.13,40.64,38.93,44.35,51.74
CUST_4811,104.95,111.26,114.86,116.38,120.9,128.11,103.02,110.76,113.03,105.87,106.42,122.68
CUST_4812,102.02,89.13,80.55,76.16,94.81,98.37,103.63,101.57,90.66,101.1,93.09,97.73
CUST_4813,115.37,100.68,119.43,127.1,128.25,101.03,106.25,121.88,115.22,108.32,107.52,121.18
CUST_4814,109.82,125.19,124.5,123.63,119.89,131.43,108.68,129.79,131.94,129.68,129.62,123.76
CUST_4815,120.98,113.01,102.87,117.08,121.79,116.69,130.78,131.99,118.82,121.73,118.72,117.07
CUST_4816,78.11,95.72,80.6,90.24,90.8,94.67,94.76,81.6,80.02,82.32,95.62,82.72
CUST_4817,100.13,107.41,99.74,87.64,80.11,86.42,90.8,83.19,105.21,92.11,85.14,102.21
CUST_4818,98.63,85.67,81.38,71.4,70.19,98.71,91.83,84.78,88.54,94.82,78.48,94.55
CUST_4819,85.82,91.0,67.27,95.06,74.45,82.97,90.18,95.11,76.58,77.01,89.67,90.8
CUST_4820,49.02,54.08,54.63,72.65,61.38,53.16,48.83,50.85,61.99,64.38,49.83,56.31
CUST_4821,69.49,68.76,54.41,51.66,75.98,69.71,52.46,56.06,61.14,54.75,52.64,54.77
CUST_4822,111.42,104.16,104.78,104.75,104.97,125.43,105.69,111.12,124.38,121.42,117.4,109.47
CUST_4823,75.05,67.01,62.54,80.63,90.24,84.0,73.63,62.65,71.29,81.85,86.99,79.36
CUST_4824,43.52,53.81,53.9,60.14,38.22,63.36,53.61,48.8,51.54,38.9,54.14,59.06
CUST_4825,57.05,63.34,67.61,54.31,43.21,52.92,60.7,44.64,59.02,55.79,58.25,49.33
CUST_4826,28.6,29.52,43.29,34.56,46.63,42.02,30.45,38.12,40.96,24.52,22.86,51.79
CUST_4827,52.98,54.81,55.29,52.44,43.85,67.27,44.22,42.07,46.15,48.25,54.66,52.97
CUST_4828,64.95,68.22,75.45,68.06,80.17,56.23,80.27,85.7,77.09,64.17,67.24,82.03
CUST_4829,79.48,94.09,95.78,87.35,77.45,80.76,76.44,84.05,75.49,90.41,74.37,77.3
CUST_4830,106.06,97.86,100.03,101.59,109.11,90.04,100.64,101.68,94.85,110.32,96.12,106.04
CUST_4831,113.98,121.11,124.5,123.83,108.57,100.54,98.02,119.42,111.38,113.64,123.88,123.43
CUST_4832,91.31,91.93,80.78,71.98,90.56,73.27,99.4,97.42,89.33,92.77,97.83,97.33
CUST_4833,103.33,102.98,116.76,113.71,104.09,108.44,129.92,108.94,109.34,112.11,119.32,114.67
CUST_4834,73.16,81.29,85.99,64.76,85.48,68.05,70.56,67.38,85.67,91.94,89.35,87.17
CUST_4835,126.76,119.05,112.15,108.27,114.23,109.53,117.08,104.67,125.73,120.36,100.9,101.72
CUST_4836,56.63,51.67,40.74,30.63,39.14,56.55,36.17,48.83,55.41,53.29,44.34,50.38
CUST_4837,50.12,67.11,60.12,68.76,60.09,43.16,52.73,44.43,56.82,55.71,69.78,55.39
CUST_4838,106.09,99.69,104.31,119.99,111.91,97.74,110.97,95.87,109.02,94.11,110.97,115.01
CUST_4839,78.27,93.85,88.82,88.38,84.82,94.86,74.93,69.75,84.4,67.12,75.93,95.84
CUST_4840,73.47,60.39,79.6,74.47,68.04,74.44,74.94,62.62,61.27,58.87,65.89,72.39
CUST_4841,60.88,62.87,64.07,53.03,70.24,69.28,53.91,69.3,58.26,54.23,66.76,56.88
CUST_4842,77.04,77.34,63.07,87.98,72.79,83.95,91.42,79.87,80.41,63.95,84.36,70.95
CUST_4843,68.01,67.5,59.48,46.26,65.36,63.6,45.92,63.36,60.63,45.54,60.88,42.92
CUST_4844,96.34,92.9,95.5,94.19,110.45,98.97,94.77,100.73,104.24,118.25,103.95,117.17
CUST_4845,56.03,49.09,58.33,35.98,64.01,61.49,64.22,53.91,55.41,54.75,53.82,37.35
CUST_4846,82.48,84.74,75.95,67.85,83.17,63.22,63.02,89.44,62.54,71.68,72.86,80.23
CUST_4847,104.96,94.72,110.31,105.87,109.54,87.5,109.39,104.35,102.76,89.76,87.27,92.44
CUST_4848,107.91,122.24,106.4,97.24,94.42,101.28,119.07,110.17,99.36,108.1,117.77,105.38
CUST_4849,115.87,104.54,114.21,106.96,111.77,105.83,119.36,113.93,131.18,103.37,126.07,103.58
CUST_4850,110.95,121.95,131.39,120.79,125.77,122.2,122.78,122.26,120.38,132.22,129.23,125.1
CUST_4851,75.87,88.63,100.13,94.6,101.09,98.5,100.76,87.35,98.37,84.48,94.69,82.47
CUST_4852,86.73,87.69,93.47,84.63,68.4,66.98,74.15,76.7,84.62,81.67,75.89,85.79
CUST_4853,82.95,105.11,107.12,99.63,82.32,90.96,83.47,106.13,96.39,94.6,94.03,81.56
CUST_4854,111.58,106.6,111.59,106.52,107.24,117.16,115.28,136.28,128.93,125.29,119.96,116.66
CUST_4855,114.01,103.04,122.0,98.37,110.09,107.11,102.34,103.76,104.78,111.94,125.02,121.43
CUST_4856,63.46,62.34,79.55,87.03,70.88,87.84,63.05,63.91,67.87,73.45,62.18,88.15
CUST_4857,30.48,35.88,35.95,47.4,45.11,45.02,34.55,47.11,35.55,39.84,28.69,44.73
CUST_4858,37.57,30.56,49.0,32.95,36.22,35.38,44.76,31.9,36.11,51.87,33.05,51.6
CUST_4859,41.96,48.06,52.01,40.46,54.18,40.85,49.97,42.5,46.22,50.5,57.76,59.75
CUST_4860,107.05,100.96,100.86,103.0,104.74,103.95,124.16,112.11,122.3,110.93,99.0,97.56
CUST_4861,115.64,120.02,119.34,112.29,116.24,112.65,126.03,131.24,137.48,138.1,120.22,125.14
CUST_4862,60.97,82.25,78.82,67.45,70.91,82.55,73.69,80.09,72.04,87.99,75.66,85.18
CUST_4863,92.37,101.39,109.78,93.36,120.45,121.36,112.39,95.21,94.84,103.57,99.32,114.76
CUST_4864,89.29,87.75,90.3,95.58,94.29,99.65,91.81,99.98,112.39,110.08,99.21,95.46
CUST_4865,60.34,56.66,53.31,38.0,65.76,52.53,50.18,45.42,52.04,46.96,66.58,67.18
CUST_4866,107.87,116.76,120.53,122.01,105.97,128.6,106.37,121.4,107.8,102.58,120.4,117.74
CUST_4867,130.86,129.16,114.21,121.37,111.15,131.36,132.51,112.59,114.83,115.73,106.99,134.74
CUST_4868,101.34,94.38,86.77,73.15,90.99,74.52,89.22,80.24,73.74,74.7,82.62,99.24
CUST_4869,54.8,73.64,66.87,49.36,54.98,45.7,49.94,71.65,50.0,65.99,47.83,68.07
CUST_4870,83.34,83.53,81.99,83.42,90.55,88.63,96.78,77.29,82.96,90.32,87.36,89.56
CUST_4871,120.94,113.68,136.36,109.65,127.69,118.52,128.88,118.25,125.87,124.02,123.67,116.64
CUST_4872,46.72,38.52,28.49,35.28,21.83,41.65,30.59,41.15,33.07,34.93,40.82,37.3
CUST_4873,92.49,89.1,114.48,105.34,95.23,95.05,114.52,109.35,95.77,90.29,108.93,91.95
CUST_4874,56.49,48.7,42.52,47.84,55.04,35.61,46.25,51.35,32.09,59.09,60.25,31.41
CUST_4875,96.42,76.53,100.14,90.22,80.35,91.49,92.5,80.15,96.66,84.15,82.45,99.79
CUST_4876,76.11,97.04,70.69,87.0,89.66,84.81,80.75,90.82,92.94,96.95,79.76,69.77
CUST_4877,120.74,107.12,128.96,116.42,125.11,111.79,117.41,130.32,109.55,118.11,117.07,132.02
CUST_4878,59.22,34.64,41.18,55.45,48.84,39.91,53.06,55.08,37.89,50.55,41.86,54.45
CUST_4879,45.74,72.58,44.65,69.54,46.07,66.49,65.49,67.03,71.64,49.73,51.72,59.86
CUST_4880,79.7,79.65,70.58,89.92,77.14,67.27,72.24,71.67,92.49,75.63,66.52,84.39
CUST_4881,101.33,115.67,107.7,104.41,106.19,119.19,95.57,96.65,97.91,108.9,95.99,109.44
CUST_4882,120.02,106.4,97.84,111.11,120.75,118.84,119.67,112.16,92.33,112.17,92.34,94.47
CUST_4883,65.87,74.21,76.26,62.37,59.03,58.6,52.1,75.23,64.48,69.05,67.14,72.4
CUST_4884,105.44,109.89,114.48,125.2,110.2,100.35,111.84,126.62,111.56,99.63,120.48,112.8
CUST_4885,101.23,86.98,82.6,99.48,88.21,98.81,103.97,88.23,95.77,86.08,75.86,78.36
CUST_4886,123.79,113.42,114.97,107.23,118.58,130.63,108.26,128.57,124.45,132.25,109.47,126.08
CUST_4887,127.26,111.91,126.69,136.79,132.77,122.89,132.44,122.28,122.67,123.84,120.58,126.32
CUST_4888,94.44,102.28,93.54,101.34,102.43,96.06,94.1,119.95,112.05,105.33,98.03,112.66
CUST_4889,59.55,47.25,62.94,58.99,68.83,47.85,61.5,67.17,52.78,67.66,64.51,59.15
CUST_4890,46.93,63.05,43.02,56.39,59.42,42.47,36.44,34.02,54.21,46.5,35.08,60.22
CUST_4891,73.36,96.72,75.12,76.72,75.91,87.4,83.43,85.78,78.14,93.56,75.98,79.9
CUST_4892,68.17,74.17,68.21,90.78,87.91,75.96,82.95,74.26,65.59,81.25,93.18,93.18
CUST_4893,50.31,66.12,59.72,63.59,71.55,45.24,45.85,71.09,69.22,65.22,53.52,48.25
CUST_4894,123.26,101.49,112.89,124.93,117.8,117.4,104.77,116.26,118.32,124.84,109.2,112.91
CUST_4895,44.44,73.03,62.38,45.38,61.64,72.61,61.09,45.53,52.8,72.43,64.62,56.82
CUST_4896,75.81,84.79,72.65,86.31,97.6,81.49,92.68,78.68,85.14,90.02,85.27,73.54
CUST_4897,106.43,116.68,113.91,87.93,95.22,104.59,114.86,97.8,100.98,96.42,94.27,87.29
CUST_4898,118.34,117.23,124.33,106.25,115.3,118.08,115.64,117.7,130.91,117.61,115.89,106.52
CUST_4899,67.52,75.67,51.23,74.27,65.71,78.52,69.29,57.67,78.02,54.11,75.4,64.38
CUST_4900,86.27,104.94,99.14,103.83,82.95,79.45,89.68,106.93,100.03,106.38,85.45,82.52
CUST_4901,100.07,126.96,124.77,108.55,111.63,103.1,115.39,104.61,101.15,128.41,123.39,100.96
CUST_4902,131.34,122.42,124.61,117.6,118.19,127.3,109.52,114.75,116.86,131.54,129.02,128.2
CUST_4903,35.73,58.76,50.1,33.11,48.63,40.01,48.84,42.79,36.36,42.43,31.34,45.58
CUST_4904,72.39,69.06,82.97,77.14,73.08,76.42,65.7,65.7,65.65,80.23,88.75,60.64
CUST_4905,71.15,48.62,56.14,61.52,59.93,56.49,63.79,69.01,47.77,46.39,45.32,53.17
CUST_4906,90.7,88.29,71.09,90.4,93.08,78.29,84.43,81.81,88.21,72.16,81.62,75.88
CUST_4907,85.3,97.75,107.23,88.78,96.69,98.98,106.06,102.4,92.94,89.59,93.61,108.07
CUST_4908,80.7,57.97,61.67,62.27,60.34,84.28,70.74,69.41,70.78,77.61,77.42,68.43
CUST_4909,99.2,105.08,105.26,107.01,111.8,114.87,115.68,114.71,102.03,103.17,101.61,121.93
CUST_4910,96.16,95.76,115.89,110.88,116.16,101.28,104.05,93.02,107.43,106.1,116.03,100.78
CUST_4911,90.36,84.65,75.9,73.79,88.81,66.74,89.07,66.77,84.41,92.01,76.1,73.69
CUST_4912,114.86,105.01,107.01,104.25,109.27,117.07,112.02,93.42,93.8,91.01,100.51,106.9
CUST_4913,53.74,49.33,52.9,60.06,65.56,59.82,62.06,69.39,67.16,69.89,46.79,61.05
CUST_4914,118.83,114.61,120.32,117.83,125.28,111.71,120.49,112.29,109.7,127.68,121.65,124.36
CUST_4915,71.58,82.77,85.36,85.96,81.11,88.8,78.86,78.6,87.67,89.83,74.73,81.03
CUST_4916,57.91,58.73,45.47,62.74,39.63,42.33,44.06,37.5,60.56,54.77,54.65,44.92
CUST_4917,90.26,82.06,82.97,88.96,83.73,68.52,77.73,87.62,71.01,81.87,85.9,77.46
CUST_4918,105.13,106.78,96.07,85.5,101.32,90.22,102.16,84.43,87.02,97.5,106.37,88.11
CUST_4919,113.3,90.33,106.98,111.22,94.16,93.18,116.27,92.6,97.2,100.41,94.67,110.8
CUST_4920,96.42,90.84,91.88,101.87,94.28,105.06,90.58,114.94,98.81,97.46,100.15,95.4
CUST_4921,102.96,94.79,83.43,89.98,89.14,103.61,83.79,91.81,80.83,91.74,104.13,96.84
CUST_4922,128.18,104.72,109.42,119.62,124.43,115.36,130.9,106.46,120.68,105.97,122.26,118.01
CUST_4923,48.28,42.37,47.17,51.02,51.07,42.8,55.55,44.92,40.0,63.35,50.34,54.94
CUST_4924,88.77,104.51,96.76,82.85,85.45,86.7,98.39,102.47,93.13,95.31,84.38,86.42
CUST_4925,115.33,108.99,115.94,109.05,119.88,116.58,105.62,119.32,106.11,111.75,102.5,125.1
CUST_4926,32.17,47.78,49.32,23.77,46.0,22.54,41.19,36.75,40.14,25.83,21.71,32.9
CUST_4927,114.75,105.51,105.27,99.34,103.81,112.97,117.06,111.17,101.04,89.13,113.5,106.9
CUST_4928,86.64,77.17,102.52,74.42,85.97,78.77,97.25,75.83,100.24,74.95,84.6,98.64
CUST_4929,114.03,103.04,95.55,106.05,104.25,108.77,111.5,102.12,96.99,107.41,110.57,93.66
CUST_4930,48.52,40.58,43.43,54.54,39.93,48.63,58.12,44.42,52.28,37.79,59.26,40.17
CUST_4931,77.95,79.27,78.01,86.41,76.37,67.45,76.66,80.22,85.46,87.72,75.35,80.19
CUST_4932,94.87,108.98,111.44,103.66,108.53,110.2,109.69,118.8,94.35,95.37,105.08,118.75
CUST_4933,119.5,99.84,101.98,103.8,111.37,106.5,110.48,110.36,116.24,120.24,106.71,104.57
CUST_4934,115.83,122.73,123.16,106.48,131.34,125.68,103.24,102.75,122.29,117.08,116.3,128.68
CUST_4935,61.11,84.65,70.82,80.46,61.76,87.49,77.16,64.52,78.49,72.96,60.13,78.29
CUST_4936,44.33,27.41,52.89,38.14,52.1,52.2,27.89,34.91,28.9,26.62,44.89,30.0
CUST_4937,70.97,46.85,49.64,52.03,45.48,47.56,64.89,73.13,60.37,53.27,47.18,60.47
CUST_4938,104.04,76.8,101.03,79.38,104.13,94.91,101.72,101.04,86.33,88.94,95.77,86.61
CUST_4939,37.12,47.65,47.91,61.44,61.71,50.43,58.57,41.82,57.81,52.28,36.15,61.8
CUST_4940,62.62,54.7,72.29,70.91,71.97,75.28,77.65,61.82,71.02,71.42,58.68,76.33
CUST_4941,55.7,58.61,41.68,51.25,50.24,49.04,46.48,40.61,53.76,44.01,32.63,49.07
CUST_4942,60.3,77.28,72.36,64.11,82.32,80.67,58.16,71.99,80.05,60.01,74.77,81.08
CUST_4943,61.78,61.08,65.81,47.22,70.46,53.87,47.11,46.34,50.27,53.35,58.04,51.44
CUST_4944,109.64,99.73,102.22,106.03,125.9,116.24,120.56,116.22,115.32,107.62,115.09,126.46
CUST_4945,91.93,113.06,94.7,93.27,89.53,87.93,99.23,99.83,88.82,89.9,103.63,96.31
CUST_4946,83.62,78.63,76.55,85.72,73.14,95.9,79.7,94.98,78.84,100.66,81.27,95.99
CUST_4947,102.56,120.34,124.53,110.41,114.51,110.4,96.9,113.71,115.36,100.85,111.13,119.24
CUST_4948,49.87,43.08,56.34,50.02,56.51,54.54,64.58,66.29,63.49,44.35,63.7,42.6
CUST_4949,121.1,105.35,115.55,95.4,115.02,112.57,113.4,106.55,118.6,117.76,124.24,109.56
CUST_4950,105.12,105.03,90.57,108.81,104.71,91.26,109.03,108.76,108.72,110.86,108.07,84.9
CUST_4951,61.28,56.39,53.12,56.04,45.87,53.0,36.64,63.83,40.14,40.95,44.83,44.53
CUST_4952,79.98,73.11,81.31,65.29,89.98,65.9,69.05,71.65,68.92,81.46,67.69,82.23
CUST_4953,104.47,108.53,98.95,120.22,109.75,99.57,106.56,110.73,100.93,101.53,102.75,108.24
CUST_4954,110.01,127.94,128.8,110.98,111.75,103.17,101.79,113.07,128.61,113.41,104.12,112.81
CUST_4955,85.99,82.83,100.72,84.24,86.21,81.68,83.76,101.8,83.44,88.64,87.36,72.68
CUST_4956,45.55,59.08,55.12,62.59,50.74,56.86,55.92,43.53,42.92,45.64,59.48,58.99
CUST_4957,58.34,63.12,48.91,49.55,46.54,57.69,73.46,46.37,50.14,48.93,66.33,50.89
CUST_4958,44.33,59.42,48.23,55.94,67.02,59.02,45.26,45.06,53.12,44.32,67.52,61.02
CUST_4959,50.99,65.36,73.71,79.33,52.31,69.47,80.05,68.51,77.22,58.93,78.56,52.3
CUST_4960,83.87,80.99,100.82,99.04,108.03,107.16,100.28,91.09,96.0,97.46,84.87,106.51
CUST_4961,22.75,26.54,33.59,36.87,49.8,35.5,35.97,36.44,37.11,46.84,40.73,35.45
CUST_4962,116.82,118.98,117.25,135.3,109.14,109.18,125.83,137.98,130.67,116.86,134.75,136.44
CUST_4963,74.22,76.84,63.81,70.19,56.99,51.53,56.79,62.97,61.48,63.61,59.7,63.38
CUST_4964,61.98,45.98,58.16,47.19,53.15,47.1,46.46,60.77,51.85,47.43,56.73,46.83
CUST_4965,90.52,98.9,93.37,80.52,95.21,95.84,73.57,81.73,97.83,100.02,97.88,80.23
CUST_4966,63.96,50.08,47.35,52.61,64.93,49.28,62.92,60.32,55.08,41.34,45.37,59.55
CUST_4967,100.97,91.97,106.82,90.54,106.56,107.75,92.46,117.11,113.44,112.08,117.27,106.11
CUST_4968,70.24,87.03,92.48,90.04,73.87,83.05,79.46,75.06,69.61,70.81,87.15,93.28
CUST_4969,116.57,114.86,107.18,130.54,128.61,121.62,112.47,130.65,129.59,127.13,116.5,121.6
CUST_4970,108.98,118.54,130.6,131.79,115.69,108.81,116.37,123.1,134.41,116.98,110.57,113.53
CUST_4971,72.33,79.54,69.95,74.86,61.66,70.88,77.71,59.84,63.88,81.35,78.17,72.97
CUST_4972,97.69,106.07,109.15,97.08,99.17,123.28,120.06,100.63,108.19,112.97,118.39,98.52
CUST_4973,62.2,53.24,48.12,58.68,54.77,52.04,51.88,60.29,51.81,49.2,67.32,61.64
CUST_4974,78.06,87.28,83.89,65.1,70.72,79.12,87.98,79.94,66.17,70.59,70.58,61.44
CUST_4975,127.93,104.43,115.13,109.72,125.44,125.9,120.17,109.99,131.1,119.28,132.33,114.07
CUST_4976,46.79,57.23,44.21,39.45,61.44,41.41,38.56,44.6,44.35,56.59,60.03,35.89
CUST_4977,62.63,62.17,62.05,65.02,50.85,44.1,67.65,51.91,58.2,52.3,61.68,59.13
CUST_4978,122.72,108.51,108.23,104.63,99.14,119.0,116.3,99.01,113.63,99.09,111.13,111.06
CUST_4979,23.64,23.13,34.59,45.55,33.59,30.08,20.81,28.97,44.37,46.71,49.06,21.84
CUST_4980,88.75,85.86,96.05,94.99,81.34,87.34,96.43,94.94,94.86,85.76,85.77,75.05
CUST_4981,53.74,63.58,60.8,52.92,58.6,69.6,75.15,72.83,56.45,57.58,59.21,52.49
CUST_4982,56.15,56.87,70.65,55.37,53.87,72.39,79.38,77.17,61.9,57.48,64.36,65.2
CUST_4983,98.16,93.99,106.21,91.19,92.96,94.97,105.58,113.67,109.14,109.44,94.14,110.5
CUST_4984,94.4,92.54,68.67,79.37,85.38,71.52,83.49,89.06,76.94,86.03,92.16,65.75
CUST_4985,76.85,59.09,68.66,80.46,69.28,74.55,84.15,83.62,73.17,71.03,80.91,56.71
CUST_4986,90.3,76.78,97.6,101.05,93.05,78.42,100.08,98.47,85.37,104.79,102.18,95.15
CUST_4987,28.15,26.0,44.04,48.58,36.51,48.88,34.57,43.77,30.19,35.44,41.74,29.95
CUST_4988,123.49,108.31,96.28,98.01,116.23,116.02,112.4,101.23,113.65,123.28,104.81,106.21
CUST_4989,67.47,93.16,88.48,63.39,85.0,71.48,68.57,63.94,88.03,68.17,77.55,89.3
CUST_4990,88.61,83.15,108.87,109.45,97.24,87.04,97.18,98.67,90.77,106.46,97.67,86.63
CUST_4991,108.58,80.36,106.3,79.81,87.93,97.74,96.75,80.29,100.97,81.67,101.06,87.09
CUST_4992,64.9,58.0,65.86,60.49,54.92,74.45,60.67,73.65,51.63,66.15,62.36,65.52
CUST_4993,68.24,84.87,68.68,64.53,66.99,90.68,68.58,78.89,80.03,82.83,77.7,79.51
CUST_4994,72.42,79.27,95.2,80.22,90.69,86.01,80.68,83.7,71.78,71.32,88.55,70.07
CUST_4995,119.34,119.6,113.88,119.36,107.93,99.2,106.06,116.22,104.46,105.39,126.83,106.75
CUST_4996,135.35,127.35,113.15,113.69,117.36,120.55,127.56,111.42,108.24,117.07,111.94,129.7
CUST_4997,82.81,102.73,92.02,105.03,101.27,109.95,90.01,87.4,90.58,107.98,94.65,104.59
CUST_4998,120.27,96.91,122.56,118.74,107.59,122.43,110.11,99.13,111.99,122.04,112.64,99.29
CUST_4999,43.9,52.42,67.83,51.4,42.48,66.25,45.57,58.27,69.33,58.77,66.12,68.55
CUST_5000,74.92,74.0,64.19,54.35,61.7,64.56,74.87,53.98,78.25,81.51,74.73,53.31
CUST_5001,64.5,66.16,91.15,73.01,64.97,79.06,92.69,62.92,65.46,89.97,80.55,84.71
CUST_5002,95.44,77.09,92.97,87.46,93.2,91.06,89.26,85.08,89.41,89.08,93.29,85.74
CUST_5003,32.33,41.65,48.94,39.5,50.38,47.84,49.98,48.23,44.89,53.1,44.13,40.7
CUST_5004,76.57,96.01,77.89,101.47,87.1,94.9,93.92,79.92,76.36,97.95,89.3,82.92
CUST_5005,112.41,84.13,97.16,102.67,85.45,96.75,100.66,108.06,85.11,83.81,87.15,93.12
CUST_5006,72.21,57.25,86.45,73.98,75.49,66.89,79.87,65.05,76.52,80.39,70.47,58.01
CUST_5007,90.86,70.68,99.98,96.38,75.68,88.2,91.3,80.28,89.73,75.49,97.76,95.7
CUST_5008,77.81,87.96,76.21,92.56,102.23,81.38,79.08,105.73,78.1,84.16,77.14,85.95
CUST_5009,95.05,102.47,97.11,102.14,77.59,93.96,82.7,88.21,89.57,73.79,85.98,85.56
CUST_5010,96.06,93.83,94.96,96.48,102.43,94.81,96.07,109.86,116.32,110.45,107.75,106.55
CUST_5011,105.45,81.77,89.71,83.07,92.16,90.85,86.3,97.51,104.28,87.87,99.17,89.04
CUST_5012,35.86,36.81,51.74,55.48,53.44,36.95,52.17,50.54,55.79,41.88,45.3,53.75
CUST_5013,69.64,93.42,92.61,87.43,71.78,94.94,80.04,91.77,80.49,97.83,89.81,97.86
CUST_5014,93.45,75.81,84.27,97.05,86.73,74.44,81.66,99.59,102.99,100.54,74.93,85.04
CUST_5015,43.77,29.96,46.48,37.03,49.49,41.47,54.31,38.11,57.08,55.32,48.0,48.29
CUST_5016,45.42,50.43,53.14,52.61,57.79,42.31,65.62,50.2,40.61,57.69,53.33,44.6
CUST_5017,45.6,42.83,37.65,46.58,56.32,64.77,37.39,56.45,40.56,48.28,40.81,61.65
CUST_5018,91.36,96.77,98.74,78.36,98.15,74.84,72.94,76.15,91.55,72.84,96.47,101.64
CUST_5019,65.16,47.64,55.43,56.34,49.23,56.32,71.67,50.06,63.29,48.15,64.62,52.37
CUST_5020,62.73,43.84,64.18,56.14,50.76,64.0,53.54,53.84,57.78,64.2,47.29,69.87
CUST_5021,109.16,113.23,100.85,110.34,93.19,94.13,100.62,114.45,103.4,91.56,110.38,110.43
CUST_5022,92.95,103.98,89.78,78.9,103.4,86.85,96.75,79.49,93.47,94.87,76.37,79.72
CUST_5023,112.85,115.45,100.31,104.8,119.42,115.36,111.65,112.94,108.91,102.52,114.45,109.82
CUST_5024,96.53,87.28,79.97,88.01,95.68,78.73,93.71,99.85,80.07,101.36,99.84,90.27
CUST_5025,35.59,57.86,29.05,44.22,31.2,44.37,38.44,40.3,35.74,41.38,47.98,50.51
CUST_5026,60.02,81.94,61.84,66.97,76.92,59.59,78.86,78.04,71.91,63.77,81.08,70.12
CUST_5027,50.04,38.69,50.23,44.92,38.47,24.99,33.52,27.92,31.83,31.12,35.23,28.33
CUST_5028,123.94,119.53,108.64,134.93,127.26,136.07,114.53,137.6,112.15,125.91,120.81,111.42
CUST_5029,87.16,115.16,103.05,89.15,110.85,111.32,93.17,94.78,105.78,86.08,112.81,114.46
CUST_5030,95.75,115.63,100.41,100.16,102.17,117.8,113.39,110.01,97.74,122.01,107.15,99.94
CUST_5031,88.07,81.48,88.05,82.64,89.57,76.75,79.12,91.49,72.84,76.42,77.44,82.6
CUST_5032,63.67,50.06,46.71,64.08,36.02,38.45,57.0,55.28,56.91,44.67,43.29,45.33
CUST_5033,80.48,64.81,67.49,63.24,77.33,81.08,63.63,70.12,63.8,83.14,77.95,61.71
CUST_5034,64.71,57.92,53.77,65.63,80.79,80.17,64.49,63.3,78.67,69.09,59.1,82.66
CUST_5035,69.15,69.83,62.01,65.87,68.49,65.6,65.93,68.82,86.91,74.6,76.22,61.82
CUST_5036,34.66,58.26,51.78,53.95,32.79,34.84,50.1,41.75,53.23,59.11,45.17,35.97
CUST_5037,80.75,107.54,102.14,81.8,94.54,107.93,89.82,103.17,106.82,78.79,96.79,82.2
CUST_5038,84.8,81.76,91.58,75.42,90.96,66.87,71.75,67.46,71.37,87.43,66.82,84.62
CUST_5039,48.56,50.48,64.25,52.41,72.93,67.98,58.72,74.79,61.5,55.1,47.94,61.4
CUST_5040,124.25,114.01,125.04,125.48,130.49,115.8,129.83,116.15,122.47,112.86,133.47,110.97
CUST_5041,87.8,83.28,91.74,93.38,77.51,92.18,87.26,67.21,79.07,81.31,88.79,67.88
CUST_5042,103.75,98.49,81.84,83.85,88.37,102.48,98.43,82.33,79.3,91.73,107.1,91.73
CUST_5043,88.6,101.07,98.78,90.02,74.09,75.94,89.7,100.1,83.4,96.7,94.0,88.69
CUST_5044,47.55,50.63,42.47,64.02,57.69,58.2,43.15,56.65,43.92,50.1,42.43,49.84
CUST_5045,87.37,92.29,94.69,93.38,86.43,96.4,81.26,77.82,101.17,85.05,105.43,86.14
CUST_5046,120.53,117.61,119.17,112.24,109.6,106.97,102.54,106.14,105.05,113.88,109.18,118.54
CUST_5047,123.87,127.87,106.52,108.09,105.43,117.08,114.55,125.97,120.31,123.62,114.44,129.82
CUST_5048,107.76,96.79,120.19,113.61,93.13,98.19,105.03,105.58,120.47,118.77,94.13,109.64
CUST_5049,93.64,104.14,102.17,100.72,109.98,98.1,101.55,104.43,90.62,94.21,106.98,108.97
CUST_5050,57.16,54.98,62.01,52.38,66.81,48.54,63.2,55.88,69.2,58.56,46.29,56.48
CUST_5051,83.65,75.7,89.27,79.73,76.23,88.05,89.3,92.19,88.92,83.82,85.44,78.1
CUST_5052,97.79,96.98,104.49,96.14,114.37,102.29,116.3,95.81,94.88,100.51,116.38,90.49
CUST_5053,69.73,59.83,58.65,50.48,56.27,46.4,69.16,52.82,50.54,45.4,52.73,49.91
CUST_5054,92.88,109.13,110.82,92.6,120.53,116.1,117.68,105.72,104.55,91.66,114.63,103.37
CUST_5055,103.64,98.08,88.21,94.03,92.9,100.76,85.69,100.05,111.48,104.85,96.54,89.32
CUST_5056,79.0,60.83,89.42,80.58,62.7,82.89,67.04,80.42,76.36,78.18,70.8,82.43
CUST_5057,62.26,67.17,53.02,53.14,64.89,64.84,54.48,61.86,64.35,57.02,59.12,41.94
CUST_5058,132.67,129.87,135.7,130.76,124.39,135.65,131.35,127.15,111.57,119.94,120.5,112.93
CUST_5059,121.06,106.99,131.79,108.56,119.97,115.03,130.39,128.01,130.19,123.22,103.88,118.31
CUST_5060,53.86,66.19,79.2,64.58,50.35,56.45,77.14,53.51,75.1,55.67,55.51,59.55
CUST_5061,74.82,79.59,84.93,101.72,94.85,95.67,84.14,94.74,74.79,78.56,102.75,82.18
CUST_5062,57.16,62.29,52.64,40.73,47.98,51.73,61.34,47.05,51.81,54.96,50.78,33.6
CUST_5063,73.84,65.77,73.1,61.27,47.72,51.72,68.13,59.31,70.06,55.52,51.43,48.86
CUST_5064,43.19,66.75,65.61,57.4,57.94,42.16,50.47,64.17,67.16,60.64,40.13,67.8
CUST_5065,71.28,79.49,89.48,96.39,97.37,69.73,89.75,93.08,71.38,81.29,69.88,97.75
CUST_5066,30.14,29.57,42.86,31.99,38.34,37.39,40.09,55.06,35.71,29.02,53.52,35.48
CUST_5067,111.64,117.68,116.82,133.72,121.53,124.57,126.23,128.36,108.81,123.75,110.7,131.58
CUST_5068,61.73,47.77,50.38,52.52,47.12,47.84,68.14,54.73,47.97,63.71,63.83,72.41
CUST_5069,85.09,83.79,70.34,70.76,97.2,96.99,93.93,93.79,70.27,75.81,74.61,94.72
CUST_5070,47.28,35.98,60.28,41.24,48.98,53.44,53.17,36.47,49.91,45.85,60.29,49.99
CUST_5071,47.44,52.47,36.06,29.59,26.82,54.92,30.3,45.42,28.67,25.38,30.92,44.77
CUST_5072,68.37,73.97,49.0,50.23,63.87,74.69,59.1,46.81,69.81,67.26,48.95,69.16
CUST_5073,55.01,73.53,55.9,61.8,55.17,52.8,67.48,62.05,74.8,49.29,72.33,64.49
CUST_5074,55.65,61.26,56.64,60.92,67.12,71.25,61.4,69.84,57.92,61.8,52.11,62.1
CUST_5075,75.72,58.25,63.16,83.35,64.73,78.01,64.38,71.91,68.47,73.76,74.02,77.38
CUST_5076,120.71,114.96,103.17,108.94,119.53,112.12,115.98,107.75,107.27,117.03,122.26,95.58
CUST_5077,48.08,44.69,43.32,57.5,49.38,29.36,30.36,34.51,42.76,51.01,42.29,49.94
CUST_5078,55.65,51.18,58.8,46.31,38.75,37.65,55.14,45.77,31.47,48.92,45.42,45.36
CUST_5079,97.53,93.74,80.69,81.72,95.23,88.58,78.54,77.67,88.33,79.71,83.61,79.07
CUST_5080,115.25,104.87,134.03,115.85,109.31,123.87,133.29,111.31,133.48,121.27,125.19,112.08
CUST_5081,114.01,130.03,112.42,121.58,110.39,112.38,127.08,130.17,124.44,131.98,117.19,117.27
CUST_5082,34.25,46.06,35.97,35.78,50.17,30.99,40.79,38.68,50.2,49.48,29.85,25.54
CUST_5083,56.86,80.61,70.58,72.9,57.52,56.64,66.2,60.91,69.35,56.59,79.49,77.19
CUST_5084,111.6,97.37,118.43,96.56,112.52,102.86,114.76,107.97,91.36,103.55,100.52,112.29
CUST_5085,116.15,132.82,134.79,113.94,118.95,127.26,116.33,108.42,112.52,134.16,121.32,129.24
CUST_5086,82.94,88.11,80.77,101.57,79.82,85.54,80.39,82.49,94.41,82.23,91.49,103.51
CUST_5087,67.53,63.62,66.03,72.31,60.18,70.93,69.36,48.7,72.37,46.42,73.81,59.25
CUST_5088,95.68,86.0,87.0,74.98,88.63,95.46,88.18,96.32,97.73,79.09,76.24,92.98
CUST_5089,59.91,86.7,68.06,58.43,61.96,81.94,71.9,60.63,61.68,77.37,77.84,64.95
CUST_5090,50.2,36.91,56.76,30.57,47.06,43.67,36.99,60.35,38.29,37.45,38.82,53.45
CUST_5091,99.14,82.42,89.41,76.58,89.32,93.6,90.14,96.36,73.37,90.25,78.55,69.33
CUST_5092,103.74,124.45,124.89,102.33,106.68,112.26,115.14,123.26,110.03,121.33,123.37,122.03
CUST_5093,75.62,79.34,78.61,87.04,93.71,84.97,85.72,84.07,76.86,73.37,88.43,95.21
CUST_5094,108.17,99.41,99.44,117.36,93.97,90.61,119.92,105.62,109.76,118.9,108.29,120.15
CUST_5095,55.94,50.86,33.76,33.68,40.75,29.01,37.9,45.36,48.38,42.94,46.52,44.13
CUST_5096,67.71,72.99,86.31,68.05,82.71,84.27,61.61,69.6,69.94,59.88,68.76,78.46
CUST_5097,100.65,101.4,101.4,100.3,119.24,113.03,122.55,101.72,93.35,106.1,117.75,114.79
CUST_5098,106.02,88.41,89.76,82.79,82.96,85.86,81.03,89.74,100.59,82.04,103.64,84.61
CUST_5099,76.53,89.94,94.3,87.36,101.86,92.04,104.16,99.23,103.58,91.38,84.29,88.07
CUST_5100,39.63,56.45,58.1,58.25,28.62,30.19,32.63,53.7,53.96,34.83,51.01,35.7
CUST_5101,41.86,63.56,64.82,67.93,43.42,42.09,50.26,54.16,66.57,57.33,44.48,55.04
CUST_5102,58.4,80.87,73.22,65.73,54.61,79.39,74.31,67.8,56.7,53.05,61.75,73.41
CUST_5103,85.56,90.93,72.29,70.05,65.27,83.19,74.72,84.6,87.08,67.68,77.55,91.02
CUST_5104,131.43,113.78,118.68,119.43,121.88,134.24,131.77,116.82,108.54,116.11,114.2,113.06
CUST_5105,97.76,112.36,107.08,101.79,102.95,120.53,122.94,110.54,115.37,105.98,107.88,112.62
CUST_5106,47.8,44.45,50.35,52.86,53.79,45.67,56.49,34.76,44.79,34.92,50.69,51.54
CUST_5107,87.58,85.27,77.4,69.75,61.92,80.86,65.08,72.18,76.44,85.06,81.55,88.52
CUST_5108,59.99,52.3,60.82,53.87,36.16,37.16,50.68,52.38,40.41,55.44,42.94,45.95
CUST_5109,117.94,111.1,93.85,92.28,98.73,110.46,110.56,103.31,91.4,112.12,107.58,113.49
CUST_5110,116.25,113.63,112.07,122.75,133.51,115.25,109.65,121.96,132.22,106.03,116.96,125.75
CUST_5111,123.57,133.89,105.26,108.9,105.69,122.25,127.07,133.02,106.02,107.73,127.44,108.15
CUST_5112,135.24,121.82,124.24,131.78,133.08,118.23,134.92,133.76,109.33,122.26,121.56,131.81
CUST_5113,84.97,84.57,84.63,67.34,90.94,69.27,77.49,66.31,80.17,76.51,68.93,86.08
CUST_5114,75.01,95.06,101.16,77.26,99.8,93.17,92.2,80.36,85.19,91.49,89.88,96.81
CUST_5115,111.19,99.89,88.37,102.99,100.32,105.88,87.49,99.01,87.49,91.27,111.69,90.39
CUST_5116,80.03,72.13,61.81,80.27,60.0,62.83,77.98,67.31,59.25,80.47,72.42,55.3
CUST_5117,121.84,130.5,111.35,134.67,126.08,126.34,137.83,137.88,119.59,116.54,113.86,127.81
CUST_5118,126.15,113.54,133.44,116.77,135.75,137.17,110.95,115.75,122.56,130.87,136.0,116.98
CUST_5119,126.72,126.91,116.23,112.1,118.14,127.32,130.13,125.41,111.05,107.32,110.31,120.6
CUST_5120,97.66,100.26,108.33,84.77,110.32,87.71,100.79,94.16,102.97,95.81,86.44,97.3
CUST_5121,39.47,39.74,65.98,61.36,50.96,66.58,66.35,63.45,39.65,66.0,56.74,40.51
CUST_5122,48.51,33.17,37.49,45.22,44.99,44.02,36.5,43.18,30.58,26.91,49.61,55.92
CUST_5123,113.34,101.78,116.22,105.1,121.64,113.32,102.62,118.76,119.93,115.35,119.14,112.48
CUST_5124,70.79,49.56,56.46,70.75,64.4,51.34,63.72,78.07,65.59,76.39,50.85,65.61
CUST_5125,78.88,67.41,76.67,72.18,69.58,66.28,65.34,71.95,82.52,72.47,80.83,84.18
CUST_5126,45.29,39.01,50.13,50.88,40.48,40.69,55.85,36.91,31.09,45.59,36.89,34.63
CUST_5127,111.1,110.56,112.85,129.66,116.94,120.69,112.7,112.65,108.18,130.45,117.37,126.14
CUST_5128,44.84,37.81,41.23,42.62,55.62,51.39,65.95,61.63,44.76,61.86,60.42,56.41
CUST_5129,83.4,62.2,53.91,56.43,80.29,63.63,66.91,73.56,60.45,72.4,53.88,57.21
CUST_5130,81.37,83.5,83.07,83.34,63.01,89.23,77.12,75.61,79.31,67.38,66.0,65.61
CUST_5131,50.32,68.95,50.06,55.96,56.65,53.39,60.69,49.6,67.38,66.63,49.46,63.11
CUST_5132,68.53,77.01,72.3,87.59,84.16,73.53,63.24,82.78,84.7,73.33,69.49,71.45
CUST_5133,65.53,69.98,50.1,70.57,55.95,49.22,62.37,57.24,70.46,65.69,50.01,49.32
CUST_5134,72.85,57.83,70.0,61.82,78.42,80.63,72.06,85.52,68.09,66.43,56.5,83.97
CUST_5135,74.69,79.35,89.44,70.24,66.7,88.25,75.87,80.63,87.86,71.9,83.2,64.41
CUST_5136,45.66,67.3,48.42,55.36,53.23,62.33,52.82,47.47,61.75,60.33,64.15,55.85
CUST_5137,77.89,66.23,83.71,77.08,77.23,72.82,76.22,79.23,86.67,81.7,61.57,88.61
CUST_5138,57.33,51.51,59.98,73.57,58.92,68.68,54.98,66.5,62.62,56.03,68.59,66.0
CUST_5139,133.55,130.62,127.79,118.03,135.5,110.64,129.29,120.37,134.16,132.72,128.64,118.71
CUST_5140,45.82,49.46,53.81,38.47,59.62,36.44,40.6,51.33,62.07,41.66,41.82,54.44
CUST_5141,83.51,93.46,89.11,99.28,69.63,92.21,97.91,86.17,77.76,86.49,98.67,76.65
CUST_5142,128.43,122.52,107.24,105.98,122.52,113.99,125.09,102.79,126.82,126.79,118.82,103.83
CUST_5143,90.2,105.88,79.54,92.52,94.14,78.67,96.74,93.85,101.87,101.96,101.28,90.95
CUST_5144,104.97,80.22,98.28,90.37,103.64,104.5,90.57,87.37,82.4,85.94,85.43,99.02
CUST_5145,106.89,92.83,115.38,97.17,102.04,109.26,99.97,108.27,87.96,99.96,95.95,105.5
CUST_5146,89.48,95.87,89.41,117.26,99.87,103.82,95.46,90.08,95.5,90.18,117.79,115.33
CUST_5147,72.97,94.95,85.34,81.38,86.65,71.31,71.75,77.58,81.72,72.07,98.62,74.81
CUST_5148,56.0,71.04,46.2,62.78,46.44,44.21,63.37,70.81,60.09,65.04,57.76,63.44
CUST_5149,69.36,79.51,77.15,76.66,90.71,89.05,84.88,72.13,81.51,84.16,81.89,73.99
CUST_5150,91.67,107.57,107.85,117.85,105.65,111.94,99.22,116.55,95.47,119.87,118.28,91.06
CUST_5151,74.53,95.79,89.52,78.72,82.69,83.44,90.33,69.68,95.21,78.69,79.5,78.58
CUST_5152,79.61,77.91,72.34,88.07,85.27,72.27,64.17,88.55,75.22,77.65,79.96,75.92
CUST_5153,49.28,40.78,41.68,46.43,28.41,46.67,48.75,30.84,28.41,32.76,29.34,37.79
CUST_5154,114.46,105.47,100.34,110.13,103.81,90.7,90.01,89.33,103.46,113.29,101.15,112.5
CUST_5155,91.53,87.02,82.53,82.93,78.46,78.52,88.83,90.46,92.46,89.59,73.57,68.61
CUST_5156,109.78,117.55,127.03,130.17,115.44,118.44,122.39,131.33,106.02,133.87,112.16,126.36
CUST_5157,49.39,57.78,60.03,38.6,46.11,60.92,54.75,43.38,42.04,60.99,54.03,51.57
CUST_5158,59.0,72.39,85.7,67.56,56.85,74.55,66.65,58.1,65.54,71.27,63.43,76.73
CUST_5159,107.31,111.43,106.83,97.35,113.92,96.51,107.92,97.47,92.34,99.22,107.22,121.04
CUST_5160,63.49,82.06,75.36,69.77,79.93,70.65,85.32,64.08,79.47,63.21,88.43,81.02
CUST_5161,47.47,44.36,46.07,39.8,40.78,43.01,43.51,43.12,58.35,53.64,37.47,36.05
CUST_5162,100.16,88.68,92.34,102.22,85.92,96.9,77.72,96.75,81.56,78.53,75.2,79.16
CUST_5163,102.44,116.65,111.97,98.38,112.63,113.57,119.96,122.84,123.36,110.43,96.76,106.02
CUST_5164,102.66,88.97,95.31,83.02,104.39,78.72,77.32,103.39,79.61,87.05,100.62,76.96
CUST_5165,111.46,133.42,116.04,130.41,113.9,118.62,114.66,132.35,125.42,128.19,120.44,112.98
CUST_5166,136.82,116.59,136.53,128.81,128.17,111.73,110.37,137.24,126.84,128.25,118.66,126.7
CUST_5167,56.24,58.54,40.2,42.51,60.46,53.63,38.27,39.69,61.34,45.6,60.52,42.83
CUST_5168,40.74,60.79,46.0,49.65,37.7,36.42,32.45,48.33,53.19,42.05,41.7,49.83
CUST_5169,115.46,131.5,124.86,132.35,128.19,116.96,129.49,110.54,128.18,133.65,116.57,111.3
CUST_5170,100.97,107.51,112.13,96.15,116.17,116.73,107.3,102.05,112.61,104.62,98.67,115.66
CUST_5171,93.48,76.63,95.15,77.41,66.67,72.42,66.51,67.42,83.72,78.3,86.57,91.05
CUST_5172,103.53,111.29,108.49,119.18,130.62,102.09,124.85,102.9,130.92,123.2,128.18,124.17
CUST_5173,83.4,88.68,82.69,87.35,82.02,74.47,66.21,94.01,71.0,86.34,65.92,81.54
CUST_5174,43.17,37.32,35.35,59.5,60.1,59.95,48.81,58.38,50.35,45.13,46.73,34.24
CUST_5175,105.73,118.05,108.47,110.85,104.98,99.62,108.21,118.64,110.66,93.51,96.22,115.36
CUST_5176,40.28,41.81,29.42,31.97,48.48,40.96,39.99,48.07,33.43,53.1,43.33,43.6
CUST_5177,119.13,116.99,131.49,117.18,132.41,114.83,117.84,117.05,121.05,111.87,113.77,109.24
CUST_5178,42.33,56.38,45.97,60.82,61.03,69.02,44.27,44.75,60.39,50.42,50.59,49.37
CUST_5179,86.14,68.37,61.48,77.06,78.44,79.58,62.82,76.53,70.69,82.52,64.11,66.31
CUST_5180,111.61,121.25,109.64,121.71,104.14,119.08,101.58,112.38,118.65,112.58,115.81,101.15
CUST_5181,55.1,51.27,41.97,36.33,38.07,29.11,53.73,42.5,56.43,41.5,53.17,33.63
CUST_5182,35.68,37.79,55.8,56.4,47.61,43.87,61.76,62.77,35.55,49.05,57.47,60.48
CUST_5183,110.88,117.42,111.77,106.26,105.16,125.86,122.58,100.81,108.77,102.51,97.33,123.41
CUST_5184,56.81,52.21,50.71,56.39,57.15,59.73,42.58,61.87,52.33,42.61,54.3,47.98
CUST_5185,78.64,74.27,64.18,67.8,66.91,50.6,74.81,50.67,63.95,54.69,51.51,64.99
CUST_5186,67.36,73.18,60.07,76.11,62.33,59.38,67.56,68.62,62.1,86.24,62.08,64.17
CUST_5187,108.34,112.6,130.9,128.63,116.94,130.28,125.23,116.74,113.76,117.28,102.09,128.3
CUST_5188,88.88,77.7,86.92,73.07,73.92,78.15,93.92,79.2,100.54,91.27,73.66,92.39
CUST_5189,81.92,65.03,62.33,81.98,79.81,87.2,69.22,87.77,65.3,65.23,71.1,65.48
CUST_5190,72.81,77.81,88.33,94.48,82.19,81.67,92.3,90.08,91.84,82.28,75.77,91.79
CUST_5191,72.38,73.66,64.96,64.4,89.9,63.47,81.95,74.1,74.75,73.66,67.77,74.17
CUST_5192,89.15,89.4,96.71,100.25,83.74,83.53,78.0,99.24,94.12,99.82,93.16,92.98
CUST_5193,48.21,54.53,46.67,56.61,56.35,56.0,31.59,44.81,37.65,37.69,37.47,32.89
CUST_5194,41.95,33.74,44.32,33.14,32.4,22.08,37.22,25.08,49.34,44.46,48.33,24.64
CUST_5195,50.19,61.2,59.94,63.81,58.11,69.99,76.77,65.5,63.76,47.94,70.15,69.02
CUST_5196,99.81,120.05,98.51,106.5,122.71,107.96,113.14,99.7,122.32,107.58,100.4,115.34
CUST_5197,99.19,85.48,74.87,85.4,95.03,92.4,93.43,87.18,99.68,96.55,77.16,96.16
CUST_5198,61.29,58.78,38.93,52.87,32.31,49.87,46.21,51.12,51.46,34.92,46.02,41.78
CUST_5199,116.36,124.2,103.07,115.84,126.42,108.6,103.57,110.26,122.88,114.11,108.28,121.15
CUST_5200,89.03,62.21,75.9,80.83,72.72,82.62,86.96,69.67,73.33,62.48,63.39,85.79
CUST_5201,99.28,109.26,98.25,106.61,105.74,109.92,113.74,99.1,109.98,90.01,104.39,90.1
CUST_5202,36.1,57.84,52.04,43.15,49.7,41.64,39.01,50.07,32.78,56.03,54.27,58.69
CUST_5203,98.61,88.17,84.15,110.63,100.61,90.26,102.26,82.08,91.51,106.59,101.82,101.13
CUST_5204,98.07,74.78,89.02,96.56,99.71,86.67,100.46,83.91,78.4,102.69,87.2,98.56
CUST_5205,70.2,69.84,59.33,45.76,52.66,54.02,54.57,59.77,54.46,68.53,45.65,55.88
CUST_5206,76.0,99.61,94.34,98.25,80.13,85.03,88.37,103.16,79.72,91.97,79.42,100.12
CUST_5207,86.5,81.85,99.6,82.14,92.8,87.83,88.02,87.2,86.73,82.09,98.53,98.71
CUST_5208,92.76,78.81,105.04,85.61,87.29,81.35,89.33,94.87,106.59,102.38,87.63,96.03
CUST_5209,41.63,25.63,49.76,48.8,51.44,44.0,36.91,41.86,41.65,39.8,33.22,25.46
CUST_5210,59.33,75.34,67.69,60.66,71.75,69.46,66.95,58.92,49.87,48.41,63.75,50.92
CUST_5211,89.43,77.03,92.58,94.05,76.22,84.85,94.58,67.29,94.57,86.45,90.41,83.3
CUST_5212,98.77,88.5,102.13,113.67,107.22,117.36,109.36,89.46,116.6,98.23,110.69,91.22
CUST_5213,84.04,68.91,81.61,67.33,91.22,81.19,92.9,68.39,78.68,84.93,95.92,92.03
CUST_5214,45.29,44.2,29.44,32.82,38.45,50.32,44.97,52.43,44.57,48.21,52.5,45.02
CUST_5215,113.42,107.03,119.05,113.58,128.26,108.62,127.77,109.24,134.35,131.53,123.56,116.65
CUST_5216,89.85,112.06,101.43,88.54,97.75,104.98,85.31,105.81,111.23,108.96,91.84,83.75
CUST_5217,87.98,83.72,88.61,64.82,77.23,65.93,64.91,64.77,85.74,62.36,75.84,59.94
CUST_5218,95.22,92.56,96.3,101.7,90.98,84.64,99.15,101.58,89.25,79.94,80.75,80.27
CUST_5219,72.38,74.0,87.29,86.07,64.6,91.53,85.71,85.16,77.31,82.84,77.76,79.81
CUST_5220,119.09,111.85,118.82,108.2,123.2,100.86,119.94,109.06,114.0,117.27,120.64,116.87
CUST_5221,116.05,110.0,122.26,116.85,127.81,131.81,128.77,133.42,115.6,117.83,119.84,116.48
CUST_5222,91.4,112.57,112.48,110.09,91.5,120.59,119.45,109.11,101.47,120.2,99.54,95.39
CUST_5223,34.7,61.14,56.9,44.01,47.96,59.8,59.86,46.56,60.6,34.47,57.46,40.75
CUST_5224,34.8,28.11,50.69,28.83,45.55,41.2,29.88,38.17,33.64,44.13,52.27,36.73
CUST_5225,95.91,118.08,106.16,114.21,97.46,93.78,114.42,95.02,100.8,121.83,94.03,102.49
CUST_5226,93.86,80.95,83.75,88.24,74.67,83.77,94.4,68.08,97.61,84.62,91.88,69.08
CUST_5227,100.06,107.86,108.0,91.14,103.0,95.94,108.15,89.92,85.61,88.28,114.46,85.86
CUST_5228,70.47,86.36,73.02,75.27,93.88,72.85,88.55,78.15,87.02,70.58,69.28,94.18
CUST_5229,45.56,63.1,48.69,67.58,50.7,45.69,62.35,63.75,49.29,64.9,73.12,51.28
CUST_5230,64.47,43.54,70.63,62.91,58.24,59.46,51.69,51.45,61.25,57.82,44.75,50.81
CUST_5231,61.3,62.17,49.6,54.24,68.73,44.06,51.59,51.89,61.02,39.88,46.05,51.87
CUST_5232,114.46,102.64,117.06,105.01,103.74,97.34,98.62,99.93,94.44,94.69,98.39,100.36
CUST_5233,101.57,86.52,85.76,98.83,79.4,99.18,76.96,81.83,97.18,101.34,105.18,101.63
CUST_5234,44.64,32.35,35.5,42.66,42.14,34.88,53.42,49.21,37.62,42.42,42.69,36.87
CUST_5235,100.2,91.78,104.84,100.85,100.17,79.19,82.69,104.04,100.0,104.88,100.2,84.44
CUST_5236,106.01,116.24,104.88,98.74,99.48,98.98,116.52,104.5,105.81,113.82,107.92,103.88
CUST_5237,79.79,67.02,53.64,75.75,78.53,60.32,67.15,59.68,67.57,72.32,60.46,69.6
CUST_5238,41.42,30.92,39.93,49.8,37.82,42.32,29.93,31.67,39.05,28.31,31.36,40.38
CUST_5239,85.91,91.74,86.05,110.69,105.73,94.42,97.58,89.09,87.94,113.93,110.99,93.37
CUST_5240,68.84,90.44,89.36,72.23,83.61,70.32,69.61,78.47,66.43,76.43,83.18,75.49
CUST_5241,84.97,70.55,96.69,75.3,75.06,90.59,76.93,81.13,96.38,87.21,69.64,80.85
CUST_5242,114.0,113.23,121.85,128.51,119.14,102.58,107.5,111.2,122.39,103.63,123.7,123.79
CUST_5243,42.31,41.8,44.81,48.93,52.73,40.01,49.4,40.52,44.39,60.79,62.15,65.41
CUST_5244,126.74,123.53,113.1,126.6,134.94,129.81,127.48,108.62,109.84,122.86,129.69,136.75
CUST_5245,94.5,91.08,102.4,102.57,98.26,88.35,103.28,101.92,106.31,92.83,90.48,107.85
CUST_5246,88.95,78.14,68.88,94.55,83.4,73.49,78.6,75.17,77.69,90.03,69.66,67.57
CUST_5247,85.74,82.46,102.36,104.15,103.98,86.53,95.42,99.66,90.61,84.88,105.78,91.15
CUST_5248,63.73,64.25,49.67,59.44,58.12,66.11,50.09,55.83,75.0,56.23,61.89,53.79
CUST_5249,129.44,134.74,110.76,105.92,130.14,129.48,105.53,105.72,110.85,115.8,122.71,104.75
CUST_5250,63.24,62.18,79.63,55.25,76.82,84.12,71.67,83.98,66.95,70.57,62.34,63.94
CUST_5251,44.86,32.01,25.95,52.15,29.42,31.32,44.59,33.14,34.78,24.61,40.08,43.12
CUST_5252,72.7,74.31,87.38,98.47,93.17,92.21,78.94,81.2,83.27,85.55,84.2,95.2
CUST_5253,83.72,80.68,101.96,88.08,103.74,78.73,96.49,80.32,94.62,97.75,86.75,81.98
CUST_5254,91.58,79.84,78.13,98.41,89.58,85.53,100.38,77.05,91.71,74.5,79.14,82.64
CUST_5255,82.85,62.8,66.2,81.0,70.05,57.33,61.48,74.89,73.5,61.18,69.26,75.22
CUST_5256,52.61,49.66,64.96,64.66,43.68,47.57,62.8,47.4,62.39,58.91,47.92,70.27
CUST_5257,64.57,41.9,57.65,38.39,62.08,52.27,64.06,62.5,64.4,42.25,60.23,64.15
CUST_5258,76.71,92.9,81.85,90.92,85.84,98.18,101.17,90.22,100.68,100.8,92.23,100.41
CUST_5259,105.78,103.43,117.21,119.25,114.93,118.89,125.31,116.37,103.44,113.14,101.04,126.49
CUST_5260,115.51,115.56,102.61,108.65,108.33,114.36,104.65,102.66,107.58,114.29,126.32,112.12
CUST_5261,127.27,139.12,118.4,123.41,119.62,130.98,118.57,110.04,110.9,137.06,118.18,133.03
CUST_5262,65.13,88.22,66.04,72.02,74.28,84.2,70.92,69.65,66.27,85.38,78.62,71.42
CUST_5263,104.06,80.13,101.8,86.78,94.35,84.62,100.33,97.98,76.86,97.99,99.17,87.3
CUST_5264,43.01,54.0,30.12,30.27,50.13,38.25,53.36,49.35,58.34,56.79,32.59,44.65
CUST_5265,58.53,39.09,47.06,51.22,38.97,58.66,67.21,49.37,45.58,49.37,48.69,43.55
CUST_5266,121.35,119.41,112.12,117.12,133.55,112.47,118.29,107.26,122.84,130.41,120.21,113.12
CUST_5267,38.93,31.13,42.13,37.23,27.65,31.05,53.91,53.95,45.53,35.46,46.26,41.72
CUST_5268,33.66,36.4,42.43,34.13,31.31,52.93,42.07,39.41,33.13,34.41,52.61,43.63
CUST_5269,75.88,75.63,73.84,72.41,52.4,54.25,49.93,50.86,54.26,63.48,61.14,62.45
CUST_5270,87.83,98.3,86.01,99.48,108.1,97.63,100.21,101.56,105.19,108.51,87.26,96.91
CUST_5271,49.33,57.57,67.6,53.08,50.35,49.71,48.72,55.1,66.49,44.44,68.38,48.04
CUST_5272,77.17,86.44,95.78,87.22,74.67,82.65,78.65,73.57,72.95,93.99,76.98,92.66
CUST_5273,81.1,55.08,57.71,63.57,60.71,66.77,68.37,77.19,76.24,81.53,76.26,72.46
CUST_5274,30.83,25.52,28.06,52.28,33.31,52.18,34.71,29.92,27.45,51.53,29.31,49.08
CUST_5275,57.74,63.6,79.44,78.35,79.97,63.12,74.81,84.16,68.7,67.32,60.85,64.53
CUST_5276,120.24,103.52,113.79,123.92,124.39,99.66,104.19,114.38,126.0,102.42,119.69,119.04
CUST_5277,59.43,37.42,55.45,44.14,49.94,63.08,54.01,40.2,40.31,52.49,61.22,46.34
CUST_5278,49.9,43.02,39.28,59.76,33.12,47.51,34.48,41.04,41.22,60.84,34.43,32.09
CUST_5279,76.28,94.63,77.53,85.01,95.34,83.49,81.3,89.66,101.73,94.93,88.43,83.2
CUST_5280,70.21,45.51,70.24,46.9,62.53,52.36,68.15,51.07,55.21,43.31,69.9,69.32
CUST_5281,57.2,63.36,59.8,46.21,51.57,42.49,39.25,49.84,65.04,49.75,54.55,59.65
CUST_5282,61.97,81.43,60.32,75.4,70.21,73.02,83.34,70.87,54.41,71.69,67.99,76.6
CUST_5283,78.71,99.01,81.84,99.4,100.44,78.77,91.92,92.53,84.19,93.38,90.55,96.67
CUST_5284,50.55,33.23,51.71,32.26,24.26,46.4,40.97,46.6,37.89,28.96,28.61,36.55
CUST_5285,94.53,86.55,94.73,79.95,72.27,86.8,77.96,92.14,73.64,80.15,95.15,94.67
CUST_5286,128.92,123.69,112.17,118.98,126.89,108.47,119.12,103.99,113.66,101.95,111.87,116.54
CUST_5287,50.79,36.72,46.09,62.46,48.35,43.79,42.21,37.14,35.56,58.78,42.13,51.51
CUST_5288,97.3,102.79,98.05,91.03,95.91,96.02,99.89,88.75,85.39,103.22,86.64,94.56
CUST_5289,66.08,70.97,62.28,62.18,59.78,70.75,57.09,52.06,50.42,53.45,62.5,72.14
CUST_5290,87.72,114.32,110.23,92.63,90.7,91.88,100.6,104.57,98.75,102.34,86.74,106.75
CUST_5291,44.75,35.35,35.69,50.02,52.62,43.18,43.89,41.55,52.88,54.73,46.53,56.27
CUST_5292,82.7,64.51,75.17,86.97,78.26,84.08,66.09,79.12,79.68,78.61,71.34,80.51
CUST_5293,95.17,95.31,100.04,103.88,90.96,102.15,92.49,90.6,95.87,105.02,90.65,90.06
CUST_5294,105.01,124.79,108.86,109.24,125.43,128.0,102.35,125.6,118.07,112.27,128.11,107.41
CUST_5295,71.73,67.81,80.34,71.34,71.35,91.44,92.02,81.88,71.72,70.0,68.21,87.92
CUST_5296,57.15,59.2,34.79,33.36,36.2,41.95,40.83,40.16,59.93,56.19,45.46,52.72
CUST_5297,109.78,99.59,89.55,87.84,105.16,100.89,117.56,105.66,100.88,90.02,91.27,106.12
CUST_5298,117.41,113.54,112.78,119.8,106.79,134.48,109.07,110.15,109.86,134.19,115.47,133.57
CUST_5299,98.19,88.32,80.25,97.23,95.49,100.24,90.84,88.43,87.68,93.48,80.96,107.06
CUST_5300,43.35,61.56,52.27,66.58,56.71,50.56,47.45,48.57,60.55,59.6,62.75,58.04
CUST_5301,113.06,131.46,123.27,114.29,126.18,102.01,130.03,131.26,103.1,112.86,111.48,103.55
CUST_5302,107.93,88.21,98.54,104.32,95.67,111.34,102.48,105.27,109.24,92.48,96.85,101.95
CUST_5303,90.01,102.03,100.65,84.7,93.98,77.7,88.86,75.43,73.32,100.31,86.59,84.46
CUST_5304,69.02,65.69,79.4,76.04,57.84,68.33,75.78,75.52,55.64,53.65,56.3,81.58
CUST_5305,88.02,93.95,91.83,114.35,93.14,88.81,112.5,112.57,112.37,90.87,110.02,98.07
CUST_5306,114.47,101.54,111.17,111.13,89.4,91.67,91.28,114.09,110.66,108.25,94.6,117.45
CUST_5307,64.75,72.14,68.63,59.11,70.5,53.15,45.88,63.11,52.39,46.36,59.36,61.41
CUST_5308,125.26,109.23,122.94,105.14,126.96,124.79,114.86,116.14,110.05,109.17,105.07,117.26
CUST_5309,100.67,98.2,107.07,113.12,112.89,111.24,94.91,99.72,110.39,114.73,100.63,113.93
CUST_5310,121.36,109.46,129.51,125.69,123.98,127.93,107.98,109.66,117.64,108.88,116.91,132.79
CUST_5311,84.94,79.35,70.77,63.12,86.61,67.0,68.5,64.61,60.43,86.28,75.81,68.49
CUST_5312,96.35,97.78,119.23,115.43,115.1,98.05,90.28,116.93,101.0,102.0,115.55,104.59
CUST_5313,50.77,52.97,64.55,40.89,43.86,56.3,42.39,52.83,51.27,60.45,54.02,48.1
CUST_5314,118.11,94.22,123.71,101.77,103.76,99.36,96.76,95.75,121.51,98.08,113.79,102.07
CUST_5315,82.31,87.37,71.88,62.08,70.98,81.74,81.65,67.43,84.23,87.68,66.73,68.83
CUST_5316,82.6,77.07,68.08,66.38,74.16,74.05,65.33,68.65,65.43,69.3,80.68,63.06
CUST_5317,105.74,121.72,127.04,116.01,126.12,112.34,104.99,129.38,102.12,111.8,113.45,124.93
CUST_5318,69.09,60.2,55.84,58.86,60.07,71.82,59.35,48.17,62.78,58.94,68.62,54.16
CUST_5319,45.49,48.86,46.05,34.7,61.92,45.57,48.34,58.01,48.36,39.82,59.33,62.09
CUST_5320,69.32,78.48,79.9,72.07,81.37,92.25,70.62,67.84,84.54,86.76,83.85,71.39
CUST_5321,114.82,92.71,86.47,89.45,109.42,104.53,94.02,99.46,107.62,107.06,85.65,103.85
CUST_5322,49.18,67.22,62.45,73.16,47.17,62.94,58.33,64.7,64.21,64.94,55.82,48.5
CUST_5323,61.38,35.32,60.5,42.81,35.48,54.82,57.04,55.61,35.59,59.78,37.19,60.64
CUST_5324,101.88,107.2,114.38,114.97,115.61,107.76,100.82,115.59,108.94,117.11,111.29,124.68
CUST_5325,105.13,114.42,103.29,114.93,114.1,129.19,127.86,107.25,113.22,122.23,126.3,103.67
CUST_5326,78.74,62.52,59.04,74.3,72.08,72.08,68.67,56.73,65.28,78.82,70.9,71.31
CUST_5327,57.83,63.72,73.35,77.66,56.0,68.93,60.45,49.85,71.0,62.07,66.66,51.31
CUST_5328,97.39,96.99,82.74,99.83,77.37,99.15,81.87,86.28,96.86,98.29,87.2,95.64
CUST_5329,53.0,46.97,62.09,38.59,55.8,51.87,49.61,60.05,53.27,58.02,61.23,46.32
CUST_5330,46.51,49.55,43.33,50.74,62.11,60.47,37.31,40.09,41.64,61.64,54.36,49.58
CUST_5331,79.62,69.4,63.16,56.64,63.74,52.16,62.13,78.23,68.09,52.43,60.97,72.21
CUST_5332,82.63,72.49,67.03,59.81,56.15,60.91,76.03,71.43,61.22,69.77,56.93,62.08
CUST_5333,61.84,58.91,65.5,61.08,72.35,75.77,85.03,83.97,76.72,71.85,87.69,83.64
CUST_5334,86.31,80.58,90.86,85.22,99.18,95.16,104.32,90.15,99.33,78.99,91.36,86.52
CUST_5335,89.82,74.09,65.6,68.56,72.74,66.19,88.3,86.13,85.9,83.4,83.9,70.51
CUST_5336,111.5,117.28,115.18,119.81,109.67,124.12,116.48,105.73,104.84,122.15,109.48,111.02
CUST_5337,51.68,49.18,42.01,55.64,44.5,56.8,63.06,70.23,66.37,53.96,53.24,55.46
CUST_5338,118.6,127.93,111.3,114.49,101.97,127.08,100.02,101.86,120.31,119.5,104.07,111.86
CUST_5339,134.19,115.88,106.34,131.02,116.77,116.58,129.07,104.86,123.92,110.13,122.75,114.1
CUST_5340,73.84,82.89,91.08,92.82,68.64,74.62,72.87,68.25,89.26,77.52,89.98,72.26
CUST_5341,46.37,62.23,69.52,61.06,64.7,44.09,48.54,60.3,63.8,61.61,43.9,54.17
CUST_5342,116.98,113.32,104.06,121.23,110.73,112.97,108.37,112.38,98.38,125.56,100.23,103.17
CUST_5343,128.57,134.83,111.16,137.21,134.51,111.81,133.71,127.2,135.31,136.59,118.63,120.89
CUST_5344,88.23,65.0,75.68,65.02,67.87,79.87,86.74,65.02,75.68,84.63,64.86,82.88
CUST_5345,87.69,67.83,66.66,66.78,77.98,86.35,68.5,66.53,70.75,85.42,85.25,69.62
CUST_5346,49.12,45.73,64.7,38.52,59.33,61.8,37.67,59.92,37.58,37.9,47.28,63.85
CUST_5347,91.35,74.34,74.1,100.1,93.39,91.21,75.12,91.6,87.01,93.37,84.01,94.98
CUST_5348,28.42,27.21,27.93,43.27,26.81,40.89,34.18,50.11,46.53,42.77,46.11,43.13
CUST_5349,45.84,60.06,39.68,53.03,51.27,35.78,34.13,61.24,34.05,50.9,60.78,50.19
CUST_5350,75.56,76.31,48.54,67.58,62.56,70.58,68.12,69.71,67.98,73.12,63.95,52.32
CUST_5351,121.43,119.71,123.64,124.73,127.88,123.43,127.78,129.47,128.99,135.17,138.19,136.63
CUST_5352,72.5,81.77,65.03,70.66,80.54,63.2,84.11,74.31,85.94,86.74,73.44,71.87
CUST_5353,92.64,97.77,94.73,74.04,69.73,74.1,89.08,80.49,73.02,78.56,90.31,84.78
CUST_5354,83.38,70.28,75.27,63.95,57.08,80.67,60.47,65.42,60.25,64.21,57.11,78.21
CUST_5355,103.82,129.52,124.02,119.98,103.99,108.69,123.05,115.03,105.11,113.77,129.96,120.37
CUST_5356,53.75,69.67,55.62,82.85,78.54,70.29,68.59,68.95,58.69,82.44,71.46,78.38
CUST_5357,84.52,63.68,60.53,73.33,75.02,64.22,75.6,85.58,82.19,64.49,57.04,80.29
CUST_5358,98.49,78.94,76.08,81.11,77.71,89.21,86.02,74.82,97.67,74.04,92.93,83.02
CUST_5359,86.51,85.91,67.14,84.76,67.21,67.56,77.76,85.52,80.32,65.86,63.7,80.88
CUST_5360,75.76,77.17,85.78,89.84,98.75,87.71,90.18,94.59,86.43,89.29,100.03,81.2
CUST_5361,83.92,74.33,83.4,83.36,82.02,75.5,78.31,93.12,82.39,93.5,68.51,90.64
CUST_5362,61.55,52.89,57.39,50.1,63.7,47.24,53.74,67.98,48.78,55.58,65.79,50.79
CUST_5363,34.86,50.18,50.92,40.37,27.94,50.06,30.92,38.26,47.79,37.55,28.79,32.67
CUST_5364,62.69,52.37,59.89,52.76,44.75,54.79,66.23,67.12,48.13,56.83,62.19,70.01
CUST_5365,110.71,107.94,119.19,124.44,134.54,106.45,126.01,124.98,122.87,121.41,130.42,133.2
CUST_5366,111.39,121.23,109.03,114.15,120.75,126.8,124.42,115.82,125.81,110.41,108.46,136.68
CUST_5367,84.94,92.8,86.36,107.77,82.72,89.79,88.95,86.08,102.33,79.54,97.2,103.98
CUST_5368,84.75,80.89,92.74,97.22,85.51,87.6,81.54,80.45,81.44,109.85,87.51,89.91
CUST_5369,45.62,52.07,37.51,59.4,57.66,48.31,51.9,57.55,45.09,38.02,59.13,42.97
CUST_5370,100.24,123.94,114.74,119.4,104.16,119.87,107.29,105.23,98.5,118.16,102.62,100.72
CUST_5371,99.93,101.5,83.58,85.86,105.64,86.23,90.64,81.38,86.6,100.22,106.29,95.07
CUST_5372,122.09,108.56,113.42,111.76,105.0,131.78,121.28,109.44,121.52,129.91,115.57,119.42
CUST_5373,116.68,125.42,100.14,125.45,102.68,102.76,97.75,122.57,114.69,114.19,121.83,125.85
CUST_5374,32.49,36.13,40.59,51.79,38.98,31.82,44.7,52.16,35.49,56.99,61.6,58.04
CUST_5375,76.77,91.5,86.58,91.26,89.73,97.97,98.32,94.63,101.05,94.74,100.69,79.53
CUST_5376,55.29,67.25,68.47,73.12,60.92,68.96,64.02,63.8,67.99,50.35,52.77,74.11
CUST_5377,45.29,28.7,25.64,42.41,38.8,32.78,52.8,24.06,26.04,49.96,31.41,31.17
CUST_5378,50.73,40.32,37.05,45.63,50.77,25.23,38.99,24.54,33.68,49.83,45.08,46.0
CUST_5379,71.47,53.48,70.41,64.13,52.21,56.65,62.0,51.93,68.88,78.59,53.51,75.01
CUST_5380,64.35,68.64,57.82,70.38,53.51,60.09,68.75,66.49,53.65,67.75,53.36,53.19
CUST_5381,80.7,76.97,80.73,69.88,75.64,84.65,92.82,70.75,86.35,72.05,90.28,84.06
CUST_5382,108.2,112.08,109.72,108.87,114.1,109.56,96.7,93.6,106.29,97.95,94.96,85.54
CUST_5383,125.67,119.91,116.81,104.3,106.83,103.49,116.33,126.48,101.44,124.48,98.39,99.6
CUST_5384,70.75,66.45,65.66,73.36,78.88,73.19,78.51,87.25,68.24,87.39,69.51,68.37
CUST_5385,83.22,67.6,88.83,83.82,68.12,87.37,89.12,64.33,70.03,73.28,64.75,72.35
CUST_5386,109.9,104.55,104.96,109.84,97.15,105.59,91.76,86.6,83.93,111.58,94.16,95.89
CUST_5387,60.42,69.63,71.27,53.96,74.38,52.15,52.67,80.98,79.37,75.3,75.93,62.36
CUST_5388,72.32,72.47,62.46,63.31,56.35,71.68,81.54,62.69,58.78,69.1,69.25,78.32
CUST_5389,27.19,35.66,32.88,38.29,34.97,35.24,50.41,50.06,30.48,29.67,52.08,41.26
CUST_5390,54.47,70.33,57.61,60.17,63.39,73.88,52.86,77.64,77.17,68.81,73.86,55.56
CUST_5391,55.26,48.9,58.35,57.36,38.1,55.33,46.51,53.99,60.06,52.19,33.15,43.34
CUST_5392,87.15,87.25,104.11,97.56,107.05,109.83,87.5,105.61,95.79,88.74,94.76,106.53
CUST_5393,112.42,108.13,95.05,86.9,100.39,91.45,113.13,92.13,102.06,113.77,95.92,113.62
CUST_5394,49.43,47.44,57.38,52.58,73.22,64.74,52.23,67.9,59.47,48.55,63.85,69.49
CUST_5395,61.92,71.85,62.72,67.72,66.15,55.32,46.92,69.65,68.84,65.45,63.21,66.0
CUST_5396,109.49,120.24,134.56,128.13,115.19,107.04,118.1,110.92,117.54,110.09,126.03,121.82
CUST_5397,59.75,60.63,78.6,73.05,59.47,61.89,84.94,67.5,69.74,76.53,60.51,75.54
CUST_5398,72.08,75.45,69.31,59.54,66.58,62.5,55.89,72.17,77.42,53.36,59.81,62.13
CUST_5399,101.55,80.48,82.11,98.32,91.53,92.49,96.64,94.58,103.16,86.25,105.17,91.62
CUST_5400,82.12,70.25,70.13,72.82,67.88,80.38,64.68,65.63,87.62,81.02,80.82,89.52
CUST_5401,131.34,132.82,126.01,111.98,111.63,106.04,126.0,119.17,120.81,129.28,106.58,106.61
CUST_5402,61.14,52.94,76.66,78.24,64.57,70.82,77.15,71.23,55.73,62.92,56.35,79.32
CUST_5403,59.07,62.05,71.64,70.79,57.93,51.82,50.43,62.8,76.71,73.33,61.88,50.03
CUST_5404,122.96,108.33,105.91,95.59,95.82,100.86,109.44,111.15,105.09,111.99,121.53,123.25
CUST_5405,100.69,96.9,100.6,115.4,111.68,93.29,87.62,91.73,89.4,108.41,109.86,95.11
CUST_5406,92.05,79.86,75.72,88.39,99.01,82.55,71.07,90.61,70.44,85.95,72.28,81.93
CUST_5407,116.9,93.21,105.62,104.43,107.06,110.2,106.25,117.89,113.12,91.86,101.36,117.07
CUST_5408,113.25,112.89,125.84,120.09,105.38,117.93,117.53,125.95,132.98,114.62,105.02,114.88
CUST_5409,30.53,33.95,40.96,41.62,37.22,23.41,36.41,39.56,23.09,26.16,22.2,20.75
CUST_5410,86.74,83.51,97.65,97.22,100.36,97.59,93.14,105.51,87.29,102.21,91.84,96.51
CUST_5411,98.54,78.9,99.41,85.59,76.37,77.14,73.47,89.32,82.4,98.26,99.69,86.43
CUST_5412,23.74,33.34,33.86,53.1,29.6,49.95,44.25,24.91,39.19,42.11,52.65,40.62
CUST_5413,104.95,91.81,93.38,108.43,100.41,93.44,97.51,108.06,90.87,92.05,96.94,97.59
CUST_5414,68.35,73.89,61.34,69.49,59.12,81.09,83.0,61.06,80.79,84.61,81.16,58.75
CUST_5415,90.81,88.49,106.98,97.49,102.01,106.03,98.99,96.5,97.23,114.3,89.7,113.82
CUST_5416,44.21,45.67,68.56,66.85,44.93,54.86,68.83,47.03,62.9,59.3,71.32,66.67
CUST_5417,34.89,47.79,45.17,43.24,38.16,46.16,59.27,59.07,61.34,62.39,33.31,44.44
CUST_5418,35.05,30.49,32.35,39.85,39.4,36.55,47.84,46.61,38.45,32.4,53.15,44.99
CUST_5419,68.1,73.81,72.89,83.25,88.61,82.88,78.93,84.08,89.62,64.04,78.97,87.03
CUST_5420,91.25,76.71,70.31,93.77,90.28,87.98,71.46,88.08,75.85,74.72,93.54,87.8
CUST_5421,63.68,68.95,77.81,67.88,90.65,76.47,87.41,75.38,66.47,64.13,83.11,83.39
CUST_5422,81.38,61.75,71.26,62.16,70.03,82.44,65.6,68.57,76.18,82.76,80.6,70.79
CUST_5423,43.67,50.45,47.35,45.0,50.33,54.63,38.23,49.77,35.78,60.93,51.79,59.43
CUST_5424,80.24,78.07,106.21,91.56,104.62,101.26,90.56,77.18,86.72,98.92,88.23,88.01
CUST_5425,80.59,88.67,97.23,99.28,82.53,91.01,87.63,83.32,95.9,95.78,102.18,84.17
CUST_5426,79.09,85.27,107.65,78.8,91.13,81.2,106.74,97.13,87.96,103.98,86.47,96.49
CUST_5427,35.13,57.07,45.33,44.65,41.17,63.76,55.7,49.78,44.42,41.87,36.46,49.9
CUST_5428,126.31,124.95,115.26,105.42,127.43,111.62,109.33,110.04,122.31,126.31,111.42,129.99
CUST_5429,112.23,109.14,113.75,119.14,113.24,103.85,119.99,115.12,122.12,120.33,102.11,99.55
CUST_5430,68.02,68.22,58.45,68.04,72.93,59.3,50.68,57.67,76.8,79.22,75.96,57.74
CUST_5431,137.19,131.23,120.18,136.8,121.01,116.86,122.68,132.39,134.94,119.18,134.21,109.21
CUST_5432,46.13,51.76,46.9,38.58,40.43,49.23,53.98,52.68,53.49,37.65,41.26,56.68
CUST_5433,128.79,132.46,131.38,109.99,124.84,127.14,111.83,124.15,137.27,129.47,116.64,128.89
CUST_5434,36.78,34.41,36.68,40.8,47.15,56.66,43.89,34.25,38.28,56.96,37.77,47.11
CUST_5435,107.36,113.95,101.24,113.71,94.27,102.01,106.27,107.41,115.48,114.62,112.36,112.74
CUST_5436,53.94,56.22,31.91,35.92,50.48,44.85,53.43,46.25,29.39,56.12,55.09,46.56
CUST_5437,100.23,99.66,106.49,103.51,93.34,117.25,96.66,117.02,101.04,104.6,112.28,94.1
CUST_5438,97.77,87.67,91.5,112.87,85.71,106.58,85.63,87.75,92.59,100.58,98.29,88.59
CUST_5439,43.13,59.49,34.53,34.75,47.44,60.45,59.48,49.34,57.49,57.44,42.22,54.12
CUST_5440,70.09,42.01,61.48,56.77,55.77,63.62,46.87,66.58,54.44,65.44,61.5,66.06
CUST_5441,112.81,110.18,95.95,91.67,102.47,100.46,100.95,112.47,95.54,107.62,110.82,110.29
CUST_5442,75.99,62.46,77.45,65.57,69.94,64.39,72.6,55.29,74.12,71.44,79.62,58.23
CUST_5443,74.14,76.51,95.24,94.97,97.15,88.8,82.23,79.02,77.38,85.58,76.99,74.73
CUST_5444,115.98,107.3,112.53,129.01,130.85,126.89,120.61,125.11,114.45,109.02,116.47,132.4
CUST_5445,78.73,77.09,68.79,96.02,75.6,67.97,80.06,90.27,70.48,68.71,66.88,87.16
CUST_5446,83.88,109.31,82.89,94.82,100.57,90.37,91.96,98.81,108.77,107.75,106.33,100.66
CUST_5447,71.41,49.76,44.5,48.17,47.41,60.63,60.29,44.84,52.58,62.3,69.76,55.98
CUST_5448,86.58,104.86,98.61,112.92,103.87,90.88,90.37,114.19,93.66,101.12,88.92,85.36
CUST_5449,42.87,32.24,47.37,35.0,44.13,34.59,37.38,34.92,21.86,41.13,46.35,31.47
CUST_5450,94.86,108.98,107.58,111.48,105.24,102.42,115.82,99.24,94.01,108.08,91.17,112.36
CUST_5451,84.62,108.85,97.07,86.39,103.36,109.17,91.99,91.89,90.06,108.28,92.33,111.1
CUST_5452,42.93,49.94,34.77,58.39,46.38,45.36,36.67,40.49,51.14,53.26,47.1,43.14
CUST_5453,58.21,58.64,79.76,62.71,72.54,67.86,80.83,56.29,72.03,73.33,68.64,68.03
CUST_5454,73.68,94.51,76.51,95.32,91.0,73.72,86.0,82.47,78.97,82.99,72.85,74.81
CUST_5455,44.61,42.53,45.18,38.39,49.16,51.05,40.2,30.46,41.64,36.59,55.14,41.8
CUST_5456,69.64,94.17,70.33,75.73,90.31,82.99,86.12,93.06,77.9,80.41,73.59,87.43
CUST_5457,110.31,115.56,113.88,105.73,110.39,118.79,111.12,103.95,124.31,123.55,113.57,121.87
CUST_5458,118.09,120.73,96.83,99.11,110.96,97.77,95.1,122.94,119.38,98.45,105.83,106.38
CUST_5459,42.77,63.55,59.47,43.74,53.58,60.0,45.55,58.94,59.54,57.41,56.58,68.56
CUST_5460,48.51,42.01,48.39,58.78,37.99,34.5,51.66,35.27,54.8,43.07,62.42,45.46
CUST_5461,101.54,102.07,126.9,114.26,107.97,128.93,123.76,118.47,110.48,102.53,109.02,104.83
CUST_5462,36.13,34.85,49.82,30.15,53.13,49.38,26.02,28.85,33.89,30.24,43.65,48.18
CUST_5463,113.95,106.18,135.33,106.12,126.61,135.6,119.96,130.44,124.17,110.06,118.44,120.55
CUST_5464,112.76,117.72,122.8,129.54,110.19,117.15,129.71,115.61,118.39,126.14,133.02,130.86
CUST_5465,138.69,112.85,123.56,122.46,137.03,128.92,130.09,137.38,123.56,121.67,130.87,135.44
CUST_5466,52.02,57.33,47.64,51.25,64.36,57.01,48.98,65.99,49.85,40.95,45.92,41.82
CUST_5467,28.19,48.54,48.07,32.4,39.02,22.11,43.56,39.88,27.7,40.97,43.78,35.52
CUST_5468,89.99,107.78,110.28,109.6,108.46,100.1,103.25,99.28,103.19,111.19,94.48,112.77
CUST_5469,96.36,74.64,76.2,92.24,86.95,97.41,83.99,74.85,97.08,82.97,77.66,88.07
CUST_5470,76.0,82.38,65.13,91.99,68.71,83.0,81.36,91.16,64.69,91.79,76.32,65.52
CUST_5471,71.66,70.44,42.85,63.36,71.8,69.68,63.35,48.78,65.78,67.77,54.18,53.92
CUST_5472,72.79,80.27,79.5,76.11,73.01,91.02,94.27,98.18,92.51,79.61,89.41,99.2
CUST_5473,98.39,96.36,92.85,88.98,92.88,100.57,97.64,74.35,91.64,76.77,96.3,99.28
CUST_5474,94.87,95.67,106.38,104.32,99.51,113.07,108.02,95.97,100.38,103.1,96.93,121.23
CUST_5475,44.57,36.93,28.21,39.54,37.34,34.53,53.6,40.87,33.45,39.34,39.69,44.8
CUST_5476,87.17,87.16,88.78,80.82,85.96,88.23,80.48,92.22,84.69,83.98,71.69,90.31
CUST_5477,107.57,98.1,92.84,92.24,107.99,108.95,102.11,107.91,97.67,91.6,95.61,86.72
CUST_5478,38.5,52.9,37.48,53.01,59.8,45.4,44.57,49.37,37.68,59.96,61.81,43.92
CUST_5479,58.73,72.5,64.21,73.43,85.43,71.72,73.25,60.26,82.35,75.25,65.34,77.37
CUST_5480,51.69,64.25,69.47,71.02,72.34,60.09,69.12,72.2,60.23,71.4,56.25,48.3
CUST_5481,52.03,43.56,37.13,58.17,59.69,54.14,42.54,53.53,46.33,50.69,40.89,54.33
CUST_5482,125.52,122.52,110.69,114.94,123.38,129.66,115.15,113.39,120.46,115.7,104.88,110.33
CUST_5483,76.18,79.55,87.59,92.27,86.18,73.03,69.17,70.62,78.12,69.09,89.88,87.04
CUST_5484,114.56,107.05,101.28,94.39,89.47,87.01,110.59,99.35,96.95,95.32,90.59,95.58
CUST_5485,63.12,74.77,76.96,80.49,79.01,54.98,67.18,78.0,81.31,72.51,57.5,77.05
CUST_5486,35.03,46.97,38.24,24.83,24.92,44.0,48.52,49.37,36.14,46.82,33.76,45.19
CUST_5487,105.76,121.04,121.1,100.8,108.0,98.61,124.89,99.75,121.72,102.02,116.6,96.8
CUST_5488,104.72,91.47,104.29,103.99,95.51,110.74,107.88,115.51,110.65,115.14,99.85,102.85
CUST_5489,103.83,102.7,100.66,87.12,98.91,86.71,93.25,84.7,90.99,84.27,101.01,106.68
CUST_5490,53.05,40.25,51.33,33.23,45.78,49.66,50.23,42.06,40.73,60.86,45.38,54.51
CUST_5491,80.92,79.91,94.76,85.13,72.75,75.94,77.67,73.6,73.06,71.79,89.6,96.37
CUST_5492,127.55,125.97,110.29,109.21,114.73,113.89,127.36,121.33,122.16,128.89,112.14,122.8
CUST_5493,49.13,50.1,46.71,43.88,64.1,62.19,37.28,49.35,51.92,46.5,43.19,52.57
CUST_5494,86.28,71.74,95.59,92.07,89.66,81.97,92.67,89.57,70.08,87.22,67.53,72.47
CUST_5495,122.98,118.38,124.37,125.42,126.73,127.47,100.77,120.55,107.8,115.73,126.15,120.58
CUST_5496,94.38,106.86,103.88,99.31,95.63,111.21,111.47,98.33,87.62,101.35,107.57,87.22
CUST_5497,84.61,107.25,104.37,102.27,106.51,94.35,93.04,91.6,107.72,101.59,107.42,103.4
CUST_5498,55.52,34.99,40.35,36.37,54.81,29.77,35.07,52.82,35.53,49.08,32.28,50.41
CUST_5499,88.28,76.62,99.56,87.92,86.96,82.15,98.22,90.6,81.06,88.68,85.22,93.96
CUST_5500,29.93,41.72,39.23,33.78,42.35,29.98,36.52,53.83,43.74,36.4,48.86,39.42
CUST_5501,94.29,74.02,89.64,84.77,93.97,92.96,76.85,89.34,84.77,69.9,93.05,78.16
CUST_5502,33.91,47.32,39.62,31.51,35.77,53.77,38.03,48.68,53.02,52.82,54.33,49.57
CUST_5503,113.02,94.78,96.59,109.74,90.05,85.83,89.15,97.5,101.46,104.38,105.23,101.69
CUST_5504,94.02,110.94,95.55,110.8,104.03,96.72,83.86,110.17,112.5,112.86,89.1,91.44
CUST_5505,63.8,63.39,74.73,79.35,63.25,56.89,64.99,82.53,70.65,61.11,60.72,57.99
CUST_5506,57.36,55.65,62.1,51.32,61.98,75.7,78.68,56.06,61.47,68.82,72.0,70.13
CUST_5507,116.22,101.39,113.29,97.72,117.74,106.26,92.29,105.83,96.55,97.36,115.1,91.9
CUST_5508,95.92,113.17,96.43,105.22,101.09,105.92,110.91,115.19,101.28,92.97,114.09,116.88
CUST_5509,81.48,67.54,90.07,80.28,70.77,79.28,90.71,77.48,67.47,90.15,78.06,70.49
CUST_5510,108.45,106.13,104.54,94.75,101.52,110.87,98.39,95.8,110.87,85.32,110.5,104.54
CUST_5511,76.44,81.46,75.25,60.37,88.07,74.29,81.03,85.35,67.52,78.57,81.45,67.28
CUST_5512,122.41,122.7,120.2,129.66,125.41,122.54,103.82,103.88,128.99,119.34,122.34,115.86
CUST_5513,53.27,43.88,52.46,54.18,55.07,56.46,48.26,44.32,62.41,44.95,47.56,66.66
CUST_5514,30.87,53.15,33.73,46.97,51.57,35.56,32.92,48.58,45.9,47.58,26.62,39.59
CUST_5515,48.17,32.71,28.48,33.96,50.1,42.95,30.65,45.18,27.57,27.22,44.83,38.6
CUST_5516,73.48,48.02,73.11,47.76,66.77,55.1,64.72,72.86,65.63,66.51,74.08,67.18
CUST_5517,106.29,129.85,116.96,105.86,123.92,121.76,117.43,120.62,122.6,125.55,121.08,111.17
CUST_5518,80.13,85.03,75.93,79.59,86.25,64.26,67.49,81.38,60.64,85.6,86.22,73.89
CUST_5519,96.4,90.2,99.53,88.65,90.05,101.8,76.76,103.65,79.87,104.46,99.34,84.01
CUST_5520,96.94,104.44,95.18,83.65,92.65,96.58,79.15,105.48,83.22,90.51,85.34,94.29
CUST_5521,41.79,58.5,35.19,41.32,54.74,41.62,62.41,46.08,42.42,48.97,37.71,53.55
CUST_5522,98.07,100.31,86.02,97.42,95.23,82.86,91.96,98.77,98.49,100.83,95.93,96.02
CUST_5523,110.29,105.44,86.88,89.45,84.77,91.31,98.55,84.32,105.53,101.82,108.71,96.16
CUST_5524,117.57,99.35,115.84,105.86,103.16,110.81,97.87,112.12,93.98,96.7,98.24,106.23
CUST_5525,60.86,63.01,72.69,72.0,74.12,65.33,66.02,86.55,78.37,83.21,79.32,87.16
CUST_5526,110.5,90.03,107.36,110.68,91.87,82.97,110.65,84.72,81.5,82.05,88.23,94.64
CUST_5527,104.62,92.32,91.22,116.22,113.61,115.7,107.97,115.52,93.33,93.98,94.71,93.19
CUST_5528,79.73,98.9,80.38,74.98,96.35,91.15,86.88,78.08,77.85,81.47,103.49,78.16
CUST_5529,53.97,60.21,62.97,43.15,45.7,49.88,57.1,65.75,56.21,70.27,55.78,43.55
CUST_5530,120.97,106.64,121.13,117.74,109.56,128.24,113.53,128.35,112.87,111.53,113.75,135.62
CUST_5531,36.53,41.17,35.88,45.59,43.45,55.57,35.36,44.46,28.59,40.13,40.86,50.02
CUST_5532,116.6,117.43,117.42,114.05,105.51,112.9,127.46,130.25,130.19,112.51,130.79,111.3
CUST_5533,116.64,113.5,98.41,94.75,105.19,103.9,90.68,110.0,110.12,117.88,105.88,99.52
CUST_5534,89.33,104.86,113.61,108.75,104.54,100.21,117.7,105.79,98.82,93.37,100.34,100.47
CUST_5535,117.74,93.58,106.71,110.81,115.98,89.54,106.36,118.05,97.53,114.01,117.91,105.08
CUST_5536,109.27,106.2,84.88,90.13,105.53,87.2,110.07,83.78,84.03,83.8,84.49,98.85
CUST_5537,129.28,118.43,104.39,125.4,109.36,132.01,114.95,120.38,127.82,109.86,122.56,119.9
CUST_5538,96.41,88.86,76.99,72.6,76.9,74.53,79.34,94.92,97.05,82.58,75.74,74.88
CUST_5539,56.02,73.2,70.61,70.89,49.16,52.19,50.58,73.33,67.55,76.79,60.61,50.97
CUST_5540,106.23,94.59,98.16,95.56,77.67,91.4,93.14,77.91,92.92,78.45,87.99,82.92
CUST_5541,72.11,54.1,51.5,62.25,60.6,53.79,77.54,67.86,64.31,68.88,55.4,57.93
CUST_5542,98.67,87.2,72.76,93.91,96.76,97.23,91.3,84.41,79.88,99.51,73.61,72.8
CUST_5543,43.4,46.61,37.48,38.28,40.47,30.99,26.56,30.54,39.29,45.98,30.7,51.82
CUST_5544,38.28,60.76,48.5,43.11,49.99,61.58,31.71,58.54,40.36,35.74,34.93,45.93
CUST_5545,98.9,111.48,105.53,106.45,104.64,103.42,119.36,119.6,98.59,93.63,108.36,101.69
CUST_5546,103.67,86.39,98.46,88.06,108.02,92.01,104.91,104.1,97.81,90.65,86.87,90.65
CUST_5547,87.6,86.62,81.43,66.04,71.53,88.6,62.55,76.53,71.92,69.35,63.87,70.55
CUST_5548,36.97,59.15,54.15,31.6,35.63,55.88,30.6,35.38,59.6,50.88,42.43,50.17
CUST_5549,61.95,67.9,75.12,73.99,55.5,71.46,75.18,64.82,65.92,70.73,53.73,79.9
CUST_5550,130.93,132.36,133.8,108.53,112.34,116.63,121.13,106.46,131.91,133.32,108.61,109.29
CUST_5551,129.77,134.49,122.47,125.92,111.06,138.36,129.39,110.11,125.26,121.87,137.75,138.54
CUST_5552,78.31,96.44,103.05,98.8,104.87,78.49,100.85,92.83,78.1,88.32,81.07,107.45
CUST_5553,104.06,108.22,111.42,108.72,110.36,119.54,114.7,121.08,104.84,114.16,97.25,123.46
CUST_5554,82.8,85.61,82.81,77.21,82.04,80.25,93.04,101.13,88.04,91.82,100.0,85.59
CUST_5555,47.28,50.05,61.01,65.74,56.58,53.87,61.17,65.76,50.95,66.62,58.66,65.77
CUST_5556,133.65,108.0,112.83,111.04,125.38,124.5,117.24,117.64,119.69,133.41,110.73,133.29
CUST_5557,52.39,75.03,70.7,69.06,61.92,74.32,70.91,54.72,66.31,54.52,68.49,66.0
CUST_5558,117.16,98.12,88.83,107.51,112.73,113.01,99.23,89.41,116.42,109.21,101.08,111.58
CUST_5559,102.58,116.54,128.11,118.75,102.47,108.19,123.17,119.34,125.18,113.6,120.03,125.26
CUST_5560,72.73,76.58,75.54,65.42,62.98,55.21,74.25,54.3,60.84,62.31,62.26,81.35
CUST_5561,84.16,65.71,62.89,87.89,71.84,64.56,81.88,80.68,87.35,79.27,73.06,67.03
CUST_5562,45.26,52.64,49.54,28.38,35.69,24.45,50.44,37.92,32.23,44.61,40.58,26.78
CUST_5563,117.21,124.2,113.15,106.43,128.41,103.19,113.2,121.22,120.85,101.47,113.2,118.42
CUST_5564,40.66,49.68,40.16,37.88,61.85,47.72,37.66,61.48,40.36,60.01,65.97,44.46
CUST_5565,52.34,26.11,38.84,37.12,54.61,33.83,40.52,25.56,52.03,39.26,41.89,54.45
CUST_5566,66.2,90.44,80.2,80.73,73.95,66.97,70.67,71.43,70.22,77.09,69.95,67.23
CUST_5567,34.82,47.01,48.9,47.39,34.42,38.04,51.97,52.49,36.41,54.55,35.19,51.64
CUST_5568,49.27,38.3,53.11,33.34,52.94,54.62,35.37,33.29,28.55,52.23,34.1,33.12
CUST_5569,42.95,48.71,45.11,41.81,51.1,35.66,49.76,39.72,37.53,58.03,51.67,59.02
CUST_5570,48.79,61.76,64.26,62.23,47.68,44.33,48.84,55.89,58.77,47.45,58.33,66.34
CUST_5571,70.11,67.91,69.51,64.96,85.74,82.26,68.92,76.88,82.53,93.14,70.6,93.32
CUST_5572,97.98,102.38,115.14,99.08,90.49,91.14,109.94,92.04,110.5,97.28,93.69,109.98
CUST_5573,111.22,123.79,123.11,126.81,110.96,121.65,116.2,127.83,102.87,122.07,118.34,117.87
CUST_5574,113.53,117.03,103.16,102.03,124.71,116.36,113.87,104.11,126.33,131.67,119.51,114.65
CUST_5575,78.76,84.8,70.38,92.67,86.0,83.54,90.78,90.92,70.22,95.16,97.0,88.6
CUST_5576,49.78,52.52,42.96,47.62,47.73,35.66,49.62,47.47,49.06,56.13,38.7,48.5
CUST_5577,85.94,85.11,77.39,85.06,78.99,68.49,75.98,75.98,85.26,91.02,79.93,70.94
CUST_5578,95.91,75.66,88.44,88.75,70.07,90.92,80.01,89.26,81.05,75.92,85.34,90.33
CUST_5579,103.36,87.27,89.9,83.06,89.19,80.15,77.89,94.58,96.99,79.65,103.79,103.01
CUST_5580,53.68,54.91,59.01,51.19,54.92,54.49,34.07,59.45,47.26,44.13,43.31,55.49
CUST_5581,73.12,91.27,93.58,73.68,86.88,68.56,77.51,88.78,68.51,73.38,77.85,92.31
CUST_5582,82.61,90.96,93.17,96.87,86.05,87.91,90.49,90.43,82.88,99.75,84.11,79.71
CUST_5583,88.81,97.19,100.92,95.22,96.38,80.1,95.05,86.32,92.45,97.15,99.76,100.58
CUST_5584,53.58,32.65,30.65,54.48,45.97,40.28,28.1,33.19,50.22,50.92,48.21,46.9
CUST_5585,30.39,42.23,47.12,42.0,43.38,23.49,37.42,49.75,49.1,50.85,49.21,33.42
CUST_5586,115.5,118.99,106.24,110.57,106.68,105.32,109.48,120.77,132.81,118.44,133.4,124.41
CUST_5587,41.28,47.8,28.77,30.5,38.64,51.36,47.26,50.45,31.08,45.35,27.94,38.86
CUST_5588,90.24,103.2,99.03,101.65,80.84,92.92,105.49,94.29,96.39,84.48,105.95,89.17
CUST_5589,48.01,35.94,27.6,46.29,24.77,38.89,29.6,44.47,45.52,35.76,25.47,34.13
CUST_5590,80.08,82.04,82.37,83.65,76.04,82.98,64.12,77.73,66.1,56.22,58.83,61.21
CUST_5591,57.0,58.32,77.1,67.6,60.99,65.41,75.99,78.33,60.05,59.59,75.74,59.25
CUST_5592,47.78,52.41,57.42,59.22,55.22,71.48,56.45,51.6,67.7,73.15,58.81,76.65
CUST_5593,62.49,67.79,60.45,71.2,76.81,59.94,77.48,54.66,53.02,64.68,63.11,68.62
CUST_5594,118.81,117.62,102.33,118.11,125.72,127.07,129.32,127.64,124.24,131.03,118.15,113.17
CUST_5595,92.49,91.44,100.98,102.21,108.46,91.33,96.39,98.49,85.31,94.65,96.6,89.47
CUST_5596,58.45,45.68,71.89,50.14,63.57,53.78,58.57,66.06,54.85,49.2,53.79,49.53
CUST_5597,88.58,111.65,104.53,92.69,102.25,104.7,88.89,109.25,86.95,105.11,104.71,87.31
CUST_5598,78.79,92.63,104.57,82.95,88.1,100.61,89.25,80.24,78.69,102.17,92.31,88.64
CUST_5599,80.25,83.52,81.9,82.21,88.27,83.0,67.33,70.53,64.1,73.57,72.33,65.55
CUST_5600,128.3,120.51,117.22,133.11,107.15,116.62,115.31,117.15,124.85,131.99,110.32,111.29
CUST_5601,63.22,67.71,60.92,38.14,46.54,57.42,48.92,46.69,46.41,66.98,50.45,55.83
CUST_5602,98.48,83.88,82.56,82.09,77.09,70.08,91.25,73.12,91.78,87.22,70.44,78.94
CUST_5603,88.59,69.1,92.18,76.26,81.35,78.99,79.69,72.62,92.21,65.96,91.55,89.27
CUST_5604,79.27,68.69,50.86,76.36,67.45,75.23,62.05,77.59,69.05,53.52,63.99,80.55
CUST_5605,38.62,44.62,47.71,26.92,28.21,52.31,35.62,47.25,41.63,41.07,40.65,46.26
CUST_5606,29.34,33.46,27.23,29.19,43.19,45.6,28.48,43.65,40.08,46.2,39.45,51.32
CUST_5607,85.39,77.19,78.08,79.32,100.38,93.56,86.56,72.81,73.73,91.29,95.32,81.38
CUST_5608,83.79,92.48,98.43,100.35,95.62,80.02,95.85,84.79,98.1,91.93,80.55,89.19
CUST_5609,71.33,73.58,73.71,72.55,53.66,77.62,64.29,67.83,62.15,58.69,78.11,76.34
CUST_5610,58.96,65.21,64.96,67.85,39.81,41.57,55.09,44.13,52.53,50.06,54.85,48.63
CUST_5611,88.38,87.0,87.37,89.66,92.15,81.16,87.55,91.32,85.07,87.89,95.74,86.33
CUST_5612,64.31,82.78,71.46,71.01,68.21,60.96,64.02,66.77,63.6,76.3,78.21,87.01
CUST_5613,98.89,99.45,99.14,93.25,92.76,81.4,101.07,80.06,101.53,98.35,97.51,91.48
CUST_5614,77.84,63.1,66.93,51.94,55.07,55.59,67.16,64.97,73.18,49.71,73.57,51.28
CUST_5615,122.26,129.68,124.35,110.47,105.45,115.94,119.43,116.41,119.24,105.15,117.4,111.71
CUST_5616,26.8,39.63,26.4,26.33,24.88,35.54,39.58,40.86,34.38,35.01,25.63,21.93
CUST_5617,47.61,35.57,36.02,45.25,51.32,60.1,61.89,47.15,48.76,50.04,43.27,60.24
CUST_5618,70.04,65.15,61.76,46.82,61.16,56.02,62.7,48.56,52.53,45.97,48.59,52.3
CUST_5619,74.55,92.44,89.15,86.86,82.37,87.36,97.4,99.1,86.35,88.33,88.14,98.32
CUST_5620,108.26,84.95,100.39,105.69,100.58,80.52,89.32,102.05,86.26,83.17,105.64,80.93
CUST_5621,71.51,58.76,58.28,69.61,52.89,72.55,50.49,71.61,61.13,58.45,75.17,69.09
CUST_5622,98.84,119.01,113.36,120.23,119.4,119.85,118.79,124.02,99.9,128.08,113.34,99.82
CUST_5623,107.28,110.28,91.47,116.46,115.67,94.49,101.83,101.31,109.47,91.34,112.32,113.34
CUST_5624,46.47,49.64,39.52,27.39,41.64,50.02,40.74,32.15,47.63,46.27,52.58,41.68
CUST_5625,39.54,52.58,56.26,48.82,65.92,68.41,41.67,46.29,43.58,40.87,64.15,40.17
CUST_5626,69.4,79.59,86.15,76.12,75.61,91.08,77.09,73.64,86.71,65.27,84.24,80.99
CUST_5627,124.53,106.44,102.72,110.55,121.73,117.7,114.52,98.27,113.78,113.65,103.91,105.66
CUST_5628,76.66,87.72,76.37,92.99,91.3,75.13,95.55,95.19,80.13,84.61,80.08,83.02
CUST_5629,107.92,115.96,102.45,94.98,101.89,105.7,113.36,100.04,109.72,112.5,104.69,94.32
CUST_5630,114.96,104.27,95.13,111.77,108.22,94.91,93.32,90.03,102.86,97.24,105.04,96.43
CUST_5631,129.57,118.26,129.84,111.8,115.06,123.38,129.87,119.01,130.87,131.21,128.96,104.88
CUST_5632,46.32,38.95,34.44,30.23,36.37,50.45,28.33,37.51,51.83,33.88,29.7,29.81
CUST_5633,59.84,56.99,52.84,49.37,36.58,43.65,56.92,57.29,55.16,60.49,53.55,50.16
CUST_5634,80.62,70.41,88.9,75.84,72.65,79.8,74.59,69.38,96.51,96.17,75.39,71.32
CUST_5635,89.74,78.8,88.95,78.05,87.39,93.45,96.2,81.89,75.96,90.08,69.91,95.86
CUST_5636,46.64,38.54,65.43,60.89,66.25,64.19,60.26,60.88,44.19,46.23,39.78,42.29
CUST_5637,95.39,96.83,111.64,111.87,114.91,113.64,120.43,115.75,117.4,114.98,110.49,108.73
CUST_5638,124.69,99.36,100.81,107.69,121.4,101.93,105.22,117.2,106.01,119.36,102.79,105.2
CUST_5639,81.48,79.07,67.34,64.02,79.48,64.47,64.23,61.15,74.5,90.25,61.82,86.13
CUST_5640,70.83,70.88,56.41,45.84,67.24,59.43,42.6,58.31,43.91,64.02,45.22,55.17
CUST_5641,74.74,74.78,76.5,60.87,82.67,62.58,84.83,60.41,63.12,82.58,64.74,77.04
CUST_5642,98.73,96.23,97.38,106.49,106.57,91.37,111.03,107.07,108.84,95.47,119.72,102.16
CUST_5643,124.17,96.64,116.72,115.53,110.05,113.29,110.32,124.32,101.04,117.17,115.02,115.6
CUST_5644,47.05,48.47,34.42,58.87,53.95,31.23,36.53,59.1,51.97,53.01,53.73,47.88
CUST_5645,59.73,68.38,56.91,60.85,69.4,63.15,71.46,58.3,78.91,65.77,62.34,62.53
CUST_5646,90.08,104.43,95.71,97.55,97.86,95.45,107.26,105.83,97.76,82.38,93.07,99.13
CUST_5647,75.08,69.54,61.75,50.79,47.09,51.06,63.58,72.58,60.94,49.84,66.42,60.61
CUST_5648,35.59,40.51,22.94,37.82,41.56,44.35,25.33,21.41,26.34,41.75,37.13,34.21
CUST_5649,63.07,46.96,50.54,62.13,49.91,56.08,51.81,36.36,56.31,59.93,53.17,61.87
CUST_5650,68.83,56.79,69.53,60.42,60.85,44.4,53.16,63.72,70.01,68.89,55.71,51.97
CUST_5651,110.29,107.92,124.87,102.15,104.69,110.05,101.37,124.74,105.92,126.2,122.2,112.1
CUST_5652,92.44,105.67,107.07,97.46,98.19,112.33,90.11,90.0,94.99,93.36,118.32,95.43
CUST_5653,107.6,91.95,112.87,106.47,88.04,94.44,98.7,109.89,108.82,93.92,86.18,100.6
CUST_5654,28.92,47.22,27.39,28.82,47.21,34.75,42.81,33.01,49.96,46.23,54.67,31.28
CUST_5655,96.94,81.85,84.19,90.85,105.43,104.53,109.18,81.73,93.01,83.99,90.17,84.72
CUST_5656,42.6,54.2,51.8,43.15,52.11,48.6,35.52,38.42,39.43,43.55,54.24,42.12
CUST_5657,68.86,90.81,75.59,67.37,63.86,83.8,66.83,69.48,90.03,80.33,90.32,83.07
CUST_5658,51.74,58.42,41.62,54.23,45.88,48.15,52.73,29.81,53.26,32.62,34.06,44.46
CUST_5659,50.96,47.11,32.52,40.1,38.29,34.33,22.52,47.54,40.73,39.17,32.73,50.07
CUST_5660,98.08,97.89,93.68,103.08,91.61,86.33,74.72,75.2,93.6,102.02,99.79,101.08
CUST_5661,45.47,28.05,54.61,45.72,55.84,51.7,51.2,48.66,35.81,28.54,36.41,42.53
CUST_5662,45.48,57.64,48.25,58.7,58.71,61.66,52.5,55.38,59.51,31.75,56.71,40.77
CUST_5663,65.08,39.7,57.99,51.52,50.58,43.56,52.77,50.57,56.65,50.33,51.67,64.08
CUST_5664,31.19,47.43,28.44,25.94,27.47,46.93,51.82,51.31,48.42,50.41,42.46,49.32
CUST_5665,54.7,63.94,53.89,73.36,73.68,45.84,53.78,65.63,69.09,51.04,66.6,48.44
CUST_5666,103.14,122.85,107.84,108.14,121.17,110.02,111.8,110.8,108.51,103.89,96.8,122.37
CUST_5667,51.46,39.97,50.84,28.57,48.28,45.38,51.22,55.61,41.68,38.32,37.19,47.86
CUST_5668,121.58,94.53,122.57,110.4,118.94,123.0,117.08,106.91,114.37,95.16,108.02,97.8
CUST_5669,104.17,124.15,129.84,115.35,127.98,114.2,109.51,104.42,123.45,110.55,125.42,128.88
CUST_5670,93.64,95.5,92.84,108.97,117.29,104.81,110.45,102.83,110.22,119.5,96.56,118.15
CUST_5671,112.76,117.33,129.71,113.78,111.78,115.55,119.69,122.16,116.47,115.69,113.39,131.57
CUST_5672,122.82,134.01,133.45,125.57,110.48,130.69,118.93,129.99,128.21,131.56,119.38,133.18
CUST_5673,38.69,51.2,37.24,44.56,54.71,46.24,45.01,52.12,64.73,39.69,54.88,38.38
CUST_5674,51.15,33.23,47.73,33.47,54.2,42.25,49.56,38.46,43.25,34.57,42.94,41.1
CUST_5675,121.64,136.52,131.25,131.09,128.87,107.64,127.87,117.3,118.0,120.98,110.72,134.54
CUST_5676,48.27,40.05,35.56,45.38,54.6,49.87,57.24,36.11,31.07,49.47,54.4,28.33
CUST_5677,48.35,45.28,33.49,47.64,55.79,53.53,39.76,45.84,44.91,35.82,34.18,46.05
CUST_5678,59.6,50.31,45.57,53.82,42.13,69.41,56.23,68.38,61.78,54.21,52.43,42.93
CUST_5679,87.85,98.42,82.97,88.53,84.25,95.01,102.57,89.18,94.79,105.01,82.92,104.76
CUST_5680,98.78,119.29,114.71,115.06,111.89,103.35,116.1,120.05,123.2,102.01,103.12,107.52
CUST_5681,117.25,97.45,104.37,106.27,117.35,93.74,113.88,98.85,90.28,108.6,103.67,110.81
CUST_5682,68.01,81.49,63.56,74.32,91.86,89.26,77.01,81.72,68.14,77.29,90.16,68.99
CUST_5683,69.28,70.3,52.53,60.57,70.42,54.14,64.05,72.12,66.83,72.05,64.29,55.65
CUST_5684,99.49,104.43,97.04,103.7,84.1,81.3,107.11,103.87,98.13,109.74,101.59,81.34
CUST_5685,92.94,92.41,66.54,83.44,69.87,79.57,71.37,76.49,77.13,69.68,88.46,77.56
CUST_5686,110.62,129.89,126.47,136.01,137.33,136.5,113.82,113.46,120.04,108.61,111.86,126.03
CUST_5687,68.41,79.43,53.73,78.76,76.87,51.64,52.34,62.02,55.2,73.78,54.04,70.67
CUST_5688,62.01,84.19,85.1,62.91,81.92,65.13,73.31,64.0,61.83,77.76,67.72,86.12
CUST_5689,90.95,101.75,99.12,98.01,89.65,86.25,116.17,97.06,88.61,111.92,108.42,107.42
CUST_5690,113.79,87.83,95.33,104.56,108.69,101.76,97.16,114.18,89.5,110.4,98.57,102.03
CUST_5691,105.13,113.51,94.82,108.68,109.93,108.31,104.56,96.12,96.01,100.75,93.51,90.27
CUST_5692,84.7,66.82,89.18,78.98,82.66,92.16,85.68,86.0,78.05,93.12,88.19,79.84
CUST_5693,97.11,90.26,89.7,93.9,113.1,87.17,87.98,114.06,103.09,106.7,114.14,111.29
CUST_5694,83.22,67.08,89.86,84.17,64.63,73.79,66.9,90.12,74.94,75.38,81.13,65.2
CUST_5695,46.26,67.77,68.06,65.2,44.73,58.31,73.7,55.41,73.69,66.66,60.62,49.07
CUST_5696,62.04,72.55,61.66,58.75,54.86,62.53,59.0,51.71,50.32,53.48,71.35,54.58
CUST_5697,137.6,125.15,126.0,114.53,125.7,137.22,123.49,138.14,138.55,109.61,119.24,111.22
CUST_5698,97.58,102.07,110.9,93.87,98.44,118.01,96.35,103.88,97.1,119.31,97.78,104.62
CUST_5699,95.82,85.28,110.42,110.89,101.84,105.77,104.03,100.32,85.5,98.89,91.45,109.82
CUST_5700,63.11,59.21,50.65,46.54,40.59,59.61,54.62,63.61,48.53,43.72,62.44,47.2
CUST_5701,57.51,40.64,60.36,51.06,54.07,51.09,53.73,45.7,48.16,36.47,46.21,45.92
CUST_5702,47.58,48.4,32.88,52.38,38.65,32.91,47.16,45.83,27.74,38.41,51.51,36.3
CUST_5703,87.19,87.8,102.91,86.82,100.01,88.82,89.96,75.48,92.6,99.68,90.36,100.76
CUST_5704,62.28,59.3,81.83,68.34,73.64,69.38,85.33,81.56,56.95,82.5,77.88,56.82
CUST_5705,115.52,120.15,121.22,114.29,125.84,113.34,97.9,124.23,99.27,102.82,103.89,103.03
CUST_5706,42.22,55.45,53.24,44.31,50.93,53.9,52.6,57.25,60.99,64.7,62.34,58.99
CUST_5707,76.22,99.4,91.98,97.67,87.8,87.98,91.54,94.33,91.05,99.77,95.45,72.32
CUST_5708,93.6,100.52,113.19,107.1,88.32,92.61,88.29,109.45,107.98,114.44,88.82,93.63
CUST_5709,70.83,63.94,46.3,59.56,50.43,51.03,46.22,63.96,52.74,72.92,56.36,58.45
CUST_5710,86.41,99.37,104.46,106.02,109.62,93.82,107.35,99.71,106.67,110.32,94.78,98.92
CUST_5711,41.8,66.23,61.95,43.54,55.38,46.93,45.4,64.9,49.66,43.92,52.49,39.56
CUST_5712,114.97,122.93,127.21,99.71,110.79,105.1,102.69,113.8,99.68,123.84,106.38,107.07
CUST_5713,104.44,100.73,109.38,116.66,91.32,89.25,118.24,92.7,89.96,93.1,117.93,107.18
CUST_5714,80.69,65.35,77.78,59.75,80.08,68.14,57.2,73.63,67.05,70.62,62.25,72.88
CUST_5715,95.86,104.68,91.08,94.6,88.47,87.82,98.71,116.55,104.6,112.75,96.72,109.75
CUST_5716,60.59,43.26,62.87,39.85,35.47,54.18,50.0,44.76,42.66,64.73,43.73,53.93
CUST_5717,114.58,118.01,111.42,91.56,104.5,109.98,102.62,114.34,102.63,115.36,94.45,97.0
CUST_5718,86.88,92.16,66.2,75.71,72.34,71.5,75.42,64.23,81.97,93.48,73.92,84.82
CUST_5719,111.8,96.68,93.86,104.93,104.2,103.8,112.21,122.53,113.77,120.7,103.66,108.02
CUST_5720,59.27,77.33,69.15,54.94,75.49,78.44,72.73,64.88,84.28,79.58,59.29,67.0
CUST_5721,23.72,47.27,47.87,34.64,45.24,48.64,50.68,27.9,24.93,44.41,23.53,30.76
CUST_5722,31.89,49.78,50.54,53.82,27.11,29.38,28.44,47.2,27.22,46.56,36.71,30.5
CUST_5723,47.52,43.14,46.81,55.06,46.85,52.08,41.93,60.77,56.54,38.61,48.3,41.83
CUST_5724,60.9,67.62,62.88,59.25,67.94,60.14,67.29,59.64,61.69,61.34,66.81,65.12
CUST_5725,84.83,110.32,85.45,108.4,89.53,104.94,107.78,98.45,98.26,102.72,109.71,106.79
CUST_5726,84.4,61.07,81.8,60.09,74.99,75.76,87.89,68.92,64.09,75.04,60.44,62.9
CUST_5727,85.98,89.46,69.81,65.73,82.36,85.46,84.71,88.95,85.63,85.46,83.16,66.5
CUST_5728,102.98,94.67,103.43,92.76,100.84,108.42,95.33,96.24,114.75,109.79,99.86,101.18
CUST_5729,116.36,98.28,98.95,112.74,98.6,107.98,106.85,104.51,96.25,102.54,99.93,98.43
CUST_5730,54.29,68.46,63.34,46.79,65.54,56.79,41.5,66.69,40.97,68.49,53.27,60.27
CUST_5731,62.13,61.07,65.68,84.48,69.99,67.63,78.72,56.75,65.28,67.67,60.15,67.24
CUST_5732,95.39,78.93,71.28,93.95,80.54,72.83,73.81,96.98,96.74,72.71,84.79,70.56
CUST_5733,47.33,57.41,44.52,67.08,62.55,68.48,62.18,47.67,55.29,43.27,43.19,53.41
CUST_5734,23.73,25.39,23.5,34.25,42.2,43.28,42.18,37.12,49.95,26.71,28.95,39.93
CUST_5735,35.46,29.59,30.98,31.28,53.23,37.51,31.9,36.91,43.09,33.19,30.39,32.02
CUST_5736,76.24,88.34,85.01,84.78,90.43,89.06,74.84,92.42,83.53,97.58,87.24,77.88
CUST_5737,58.76,55.75,50.53,57.32,46.63,50.87,58.98,48.03,49.94,60.36,56.13,36.69
CUST_5738,68.92,47.28,62.81,71.43,56.12,66.63,52.0,61.99,70.39,52.13,46.27,65.96
CUST_5739,108.27,113.7,92.18,112.13,113.35,88.01,95.47,90.62,96.08,97.41,105.36,98.4
CUST_5740,78.36,76.01,62.32,54.65,64.72,78.77,80.93,68.61,82.44,82.08,54.07,59.75
CUST_5741,52.26,44.3,61.03,41.47,40.94,47.16,62.41,42.9,58.57,42.23,43.77,37.32
CUST_5742,120.37,124.1,104.01,101.1,103.75,108.48,108.01,109.93,113.61,105.83,106.52,117.92
CUST_5743,53.43,59.14,75.53,54.61,54.88,73.4,58.3,69.05,62.05,75.94,69.99,72.46
CUST_5744,46.84,46.36,46.81,30.53,35.24,42.34,48.45,40.18,50.28,24.87,39.19,24.36
CUST_5745,54.06,62.21,64.63,53.51,65.37,72.89,62.32,58.48,60.35,78.1,56.88,56.74
CUST_5746,117.32,118.77,127.89,137.42,123.43,112.29,119.08,136.9,110.81,133.5,134.52,131.49
CUST_5747,69.7,81.45,68.82,79.84,74.28,77.04,62.45,65.96,75.09,83.18,90.88,80.8
CUST_5748,56.62,52.02,55.84,75.18,59.33,71.92,70.08,69.16,74.03,64.66,56.19,54.78
CUST_5749,97.86,99.18,111.28,104.88,111.92,108.7,104.54,103.85,106.08,106.08,111.62,109.09
CUST_5750,33.11,30.82,39.85,38.6,29.47,53.09,43.63,43.88,39.46,54.64,51.63,43.1
CUST_5751,104.71,108.24,112.16,119.29,92.14,95.71,117.34,117.63,98.63,102.74,102.67,98.35
CUST_5752,69.05,69.83,91.23,61.96,87.97,91.45,88.26,90.13,71.18,72.05,74.86,86.69
CUST_5753,99.82,77.52,100.06,96.21,102.27,86.09,92.47,87.93,81.43,76.46,77.8,99.66
CUST_5754,126.91,114.7,113.8,112.72,113.12,139.62,134.66,111.98,118.55,133.46,124.58,133.12
CUST_5755,81.74,82.49,71.59,86.34,98.13,88.56,99.26,79.55,87.21,97.21,98.64,76.57
CUST_5756,45.32,44.78,53.44,37.21,54.53,53.25,45.1,59.34,57.13,48.97,44.81,48.09
CUST_5757,65.24,79.48,89.02,75.3,62.33,78.42,67.76,84.16,75.05,74.79,71.09,72.76
CUST_5758,96.15,100.95,87.9,85.62,106.71,84.06,105.37,106.13,89.66,84.74,86.64,100.28
CUST_5759,112.15,123.15,107.06,131.7,126.73,127.95,111.79,128.62,108.74,127.3,108.2,127.37
CUST_5760,107.7,102.1,109.09,116.93,111.8,107.51,113.23,107.7,122.57,108.33,97.12,118.98
CUST_5761,70.5,70.25,46.71,45.55,53.57,70.64,61.73,68.19,70.58,70.31,44.96,56.33
CUST_5762,74.84,94.93,82.33,95.54,88.4,67.52,69.34,94.42,87.29,83.53,77.98,82.7
CUST_5763,35.14,33.85,40.44,51.62,59.87,33.4,46.76,52.08,46.83,38.49,43.08,45.19
CUST_5764,73.59,65.71,89.79,89.97,86.64,75.63,74.73,86.1,71.98,91.54,83.93,69.39
CUST_5765,109.47,118.63,102.94,100.56,117.55,102.59,121.99,103.9,121.7,111.46,114.08,114.38
CUST_5766,95.61,104.01,110.63,121.35,97.84,107.73,109.3,111.68,95.01,114.94,103.32,122.37
CUST_5767,42.81,48.34,48.44,25.67,54.06,53.51,38.18,39.71,27.11,54.14,45.67,41.72
CUST_5768,52.76,73.53,60.03,53.29,74.94,66.01,68.19,63.69,62.12,53.28,54.3,74.79
CUST_5769,119.32,133.47,113.6,111.71,130.83,121.95,124.29,128.9,128.54,113.75,119.54,127.87
CUST_5770,66.1,81.8,87.36,81.78,93.05,84.78,68.0,65.05,67.59,67.46,73.34,65.65
CUST_5771,73.54,75.5,77.37,70.28,60.77,63.68,77.57,68.06,68.4,66.46,73.76,59.02
CUST_5772,57.64,58.32,47.19,44.74,65.81,56.34,67.13,48.22,49.99,59.7,41.71,59.92
CUST_5773,64.47,60.84,83.21,70.4,70.32,82.08,83.33,71.79,81.02,64.26,67.76,85.52
CUST_5774,118.34,110.76,118.88,99.41,110.0,116.64,118.41,113.36,115.03,112.34,100.85,106.18
CUST_5775,48.38,74.22,72.41,58.24,57.06,48.79,66.29,48.7,52.45,56.22,48.67,54.66
CUST_5776,96.5,84.65,89.4,98.99,103.14,92.12,84.78,83.88,84.84,77.49,89.59,92.34
CUST_5777,62.2,60.86,70.21,67.25,74.21,65.55,72.77,84.62,57.94,64.25,68.88,81.73
CUST_5778,122.94,102.89,100.68,126.47,121.2,124.47,110.21,103.21,98.81,98.62,99.76,105.97
CUST_5779,103.78,96.04,90.9,95.6,95.25,89.56,103.51,100.34,90.14,84.24,90.68,82.12
CUST_5780,67.35,54.11,52.14,68.55,68.35,49.67,61.74,61.89,66.57,54.6,57.17,64.3
CUST_5781,80.11,101.41,105.74,82.46,106.87,107.09,98.77,90.42,94.52,99.86,87.23,88.58
CUST_5782,63.29,82.62,68.9,57.22,59.86,64.67,56.97,82.89,79.0,75.67,65.45,63.63
CUST_5783,49.8,55.86,42.57,51.36,43.67,50.25,45.37,58.19,56.01,31.74,56.19,43.9
CUST_5784,116.3,130.83,103.6,129.44,116.42,117.36,128.34,121.52,107.4,128.81,112.28,103.21
CUST_5785,98.42,86.21,94.49,89.63,98.07,88.91,91.08,91.21,88.36,87.52,105.85,91.59
CUST_5786,107.39,115.56,100.61,105.55,102.12,96.06,100.85,111.24,104.74,119.17,110.79,123.38
CUST_5787,62.1,61.19,54.35,59.04,44.71,43.34,47.66,41.73,45.54,70.25,56.12,59.2
CUST_5788,110.09,84.18,94.02,88.17,110.33,106.28,98.3,90.37,102.27,82.86,101.54,86.18
CUST_5789,77.62,57.65,79.09,54.3,65.95,61.68,78.89,64.31,55.94,59.01,56.67,65.75
CUST_5790,99.86,111.34,90.76,110.81,98.74,116.05,103.79,111.27,114.71,113.72,96.39,110.87
CUST_5791,60.17,37.44,50.66,33.47,50.09,50.8,44.11,46.77,42.5,53.99,49.68,44.99
CUST_5792,91.09,91.26,81.97,90.53,95.84,80.81,92.43,78.57,91.99,91.36,91.96,81.57
CUST_5793,115.78,119.52,111.08,112.96,125.82,124.22,118.38,123.06,112.15,113.5,127.2,112.66
CUST_5794,42.34,32.15,48.04,47.29,49.84,55.03,32.29,38.29,39.48,41.15,34.84,38.85
CUST_5795,84.7,74.24,77.27,83.58,80.31,58.98,72.72,57.29,77.47,79.12,57.33,61.2
CUST_5796,41.11,56.09,54.9,43.9,52.61,58.4,49.56,53.01,54.51,52.48,60.01,60.76
CUST_5797,116.23,101.04,99.2,107.84,102.83,104.01,98.16,113.86,100.58,103.08,98.7,103.25
CUST_5798,111.37,85.12,97.87,98.15,96.83,103.29,110.57,96.94,83.56,91.16,102.11,85.15
CUST_5799,132.73,113.28,106.27,130.38,135.38,120.53,121.46,122.7,120.44,111.43,135.58,123.46
CUST_5800,58.46,57.25,72.12,74.54,63.72,69.66,61.73,76.91,79.92,65.8,77.04,57.62
CUST_5801,110.2,113.67,99.78,110.07,108.41,106.79,92.54,88.92,102.51,91.79,88.9,85.66
CUST_5802,68.62,57.51,84.74,73.81,72.08,66.77,72.58,57.0,72.96,65.02,71.43,84.11
CUST_5803,114.71,111.55,131.42,135.79,130.92,107.2,135.64,134.08,130.53,111.23,127.25,115.12
CUST_5804,54.99,53.75,61.83,51.24,61.32,55.63,66.72,49.59,63.79,50.68,64.84,66.3
CUST_5805,109.61,112.77,124.56,130.62,125.72,122.26,135.34,132.06,108.33,134.05,131.7,132.89
CUST_5806,64.96,53.62,49.33,63.52,54.65,72.96,56.67,65.98,64.04,67.24,45.91,72.33
CUST_5807,67.75,75.26,65.46,58.75,70.23,64.84,70.85,65.61,83.53,68.06,85.82,79.63
CUST_5808,41.36,23.88,43.59,38.09,50.67,30.53,51.47,30.06,31.21,23.6,32.18,34.91
CUST_5809,99.13,94.64,86.19,82.16,85.65,84.63,97.32,77.77,74.75,86.19,79.93,88.79
CUST_5810,72.22,77.79,94.45,71.62,78.82,70.53,70.35,72.19,87.64,70.65,84.47,71.48
CUST_5811,107.64,128.96,117.96,116.54,115.45,105.8,115.93,117.07,118.84,129.04,109.07,126.09
CUST_5812,103.08,117.07,105.47,115.14,131.54,104.33,112.66,131.38,113.43,112.09,114.04,116.9
CUST_5813,43.86,49.82,38.64,45.82,34.69,45.83,40.36,51.92,32.7,31.18,37.98,32.08
CUST_5814,105.3,88.81,84.72,106.72,103.63,93.97,89.81,92.91,86.85,95.19,105.61,89.2
CUST_5815,86.83,97.39,105.47,95.09,85.38,104.0,78.37,90.09,98.98,92.04,99.36,97.71
CUST_5816,46.84,57.09,44.5,42.93,51.04,35.13,38.06,37.47,51.62,52.88,36.72,54.46
CUST_5817,111.18,93.95,95.92,104.14,84.74,98.13,84.61,109.45,101.75,109.43,100.16,98.79
CUST_5818,105.16,113.17,117.16,98.14,97.47,98.49,101.08,97.2,90.22,89.89,109.05,113.23
CUST_5819,113.62,109.96,103.25,113.41,93.51,110.58,91.31,110.14,90.88,104.34,96.74,85.96
CUST_5820,101.41,98.07,100.26,89.21,111.99,98.93,86.24,95.03,108.18,84.3,88.22,108.31
CUST_5821,46.85,63.66,34.73,41.76,37.9,36.38,45.99,37.81,38.74,54.22,45.84,55.49
CUST_5822,55.5,60.85,61.77,70.03,65.88,57.69,55.06,49.01,67.55,73.32,59.1,62.47
CUST_5823,113.44,125.87,110.44,118.33,127.13,106.99,105.46,131.9,128.78,105.05,120.18,115.37
CUST_5824,51.31,50.13,65.06,57.59,57.32,54.58,48.12,67.52,52.6,71.84,68.77,46.51
CUST_5825,39.19,29.39,41.43,22.34,30.24,49.33,30.97,50.58,33.61,49.37,43.2,27.16
CUST_5826,69.25,85.48,85.53,79.3,82.69,72.5,87.13,71.69,64.79,82.66,66.59,66.53
CUST_5827,120.27,122.67,102.64,118.16,111.56,110.65,118.68,126.16,108.44,125.03,112.1,118.66
CUST_5828,25.01,36.78,25.84,48.57,22.74,38.72,25.14,34.05,33.87,44.88,48.13,46.82
CUST_5829,69.56,94.15,84.27,84.81,72.85,89.08,90.97,74.8,81.48,97.46,68.29,83.8
CUST_5830,57.25,66.35,40.76,59.05,39.16,61.38,61.7,43.97,57.73,39.65,68.45,62.75
CUST_5831,93.03,97.25,90.61,79.88,89.05,85.6,84.44,77.68,75.18,87.87,92.09,99.4
CUST_5832,59.24,39.15,41.68,39.0,53.27,37.94,60.65,55.15,41.23,49.24,37.46,61.12
CUST_5833,55.28,54.07,58.61,52.77,68.08,49.43,70.76,61.09,64.71,62.58,66.97,47.2
CUST_5834,45.4,41.08,68.04,49.63,68.2,54.8,68.85,68.31,41.73,41.57,56.01,64.94
CUST_5835,77.99,79.66,70.5,57.13,71.76,70.58,62.87,54.79,54.77,57.38,69.26,60.77
CUST_5836,97.35,74.02,92.94,77.04,100.97,72.84,97.62,80.74,73.59,89.92,72.0,91.42
CUST_5837,120.48,126.08,105.24,110.67,110.5,129.32,109.04,121.94,126.91,110.08,113.84,119.26
CUST_5838,43.91,45.97,48.1,46.32,56.18,54.16,43.13,55.07,54.12,43.04,57.13,58.94
CUST_5839,127.74,108.31,115.27,113.7,118.75,124.31,130.34,127.88,119.32,117.9,110.88,126.47
CUST_5840,67.6,88.23,73.02,87.28,88.32,67.48,85.01,74.97,81.75,86.51,70.79,77.42
CUST_5841,109.76,117.11,107.29,121.94,109.68,133.7,114.7,112.99,134.62,120.81,113.16,113.15
CUST_5842,66.44,65.66,69.59,57.77,53.45,61.22,64.24,69.62,50.57,54.03,47.94,55.07
CUST_5843,61.51,46.31,49.83,47.58,52.01,41.13,38.56,52.41,60.14,44.73,43.27,49.83
CUST_5844,112.82,102.7,108.32,119.94,110.04,122.84,118.26,106.86,113.43,109.3,118.84,128.09
CUST_5845,27.83,35.81,37.79,50.68,32.48,38.83,50.51,23.67,47.83,46.43,49.73,24.59
CUST_5846,75.94,73.52,57.86,61.33,71.63,53.72,77.75,53.01,76.79,64.41,59.51,71.65
CUST_5847,49.36,63.76,43.97,42.21,41.12,62.33,35.94,42.9,35.16,49.27,38.88,51.22
CUST_5848,74.04,68.7,78.41,66.11,74.31,71.61,78.55,70.28,67.96,62.64,65.06,74.3
CUST_5849,89.25,96.51,112.72,113.99,99.65,113.71,116.93,116.55,92.19,100.2,112.4,99.1
CUST_5850,31.14,53.71,39.64,25.06,32.9,25.42,46.99,33.12,36.05,29.73,41.53,50.11
CUST_5851,79.8,99.74,89.81,106.57,106.5,77.82,104.31,79.76,99.93,107.55,93.31,85.96
CUST_5852,89.74,88.67,93.82,99.21,88.72,82.68,102.19,93.99,100.52,85.43,100.81,104.17
CUST_5853,71.85,50.9,71.97,51.95,61.91,57.04,43.52,71.2,54.27,71.43,61.09,48.52
CUST_5854,99.54,91.21,96.03,98.57,105.98,105.88,97.3,103.99,100.63,105.0,99.53,91.26
CUST_5855,72.85,65.68,64.52,64.08,56.02,70.38,68.84,58.27,67.41,75.13,68.58,53.75
CUST_5856,114.16,95.32,107.2,99.16,110.87,99.7,89.0,108.75,106.6,112.04,91.54,97.32
CUST_5857,90.09,85.46,79.17,84.26,85.78,84.02,66.43,76.95,83.77,82.76,74.34,76.75
CUST_5858,128.22,121.19,125.57,131.35,122.75,125.7,127.59,111.37,123.7,127.01,110.97,130.79
CUST_5859,120.44,108.51,114.77,105.79,112.12,119.65,101.04,111.04,110.9,120.2,106.77,102.42
CUST_5860,83.52,78.96,76.58,62.01,68.69,67.75,58.43,75.88,65.08,70.08,64.93,71.07
CUST_5861,119.42,107.34,122.57,105.38,115.52,116.5,99.72,120.83,117.53,108.45,122.34,116.85
CUST_5862,31.87,40.6,44.89,48.67,54.16,36.39,35.51,59.74,35.87,55.76,51.34,58.03
CUST_5863,51.92,47.76,51.8,34.38,51.81,42.98,60.65,43.26,35.23,54.51,46.54,45.91
CUST_5864,42.88,34.08,51.63,45.27,47.01,48.26,26.73,35.83,52.34,33.08,28.17,39.91
CUST_5865,102.93,92.4,84.03,88.88,85.24,88.71,78.95,86.02,99.94,81.26,93.53,83.02
CUST_5866,75.1,78.77,61.53,61.35,67.42,68.48,75.4,65.48,63.27,61.4,66.03,78.47
CUST_5867,28.57,45.84,35.52,34.19,50.69,40.24,42.03,51.49,33.79,37.08,40.81,32.59
CUST_5868,58.8,43.36,58.96,42.66,50.56,37.89,35.99,35.65,59.37,46.05,40.31,38.23
CUST_5869,113.07,119.74,117.32,121.81,107.55,128.75,129.28,109.43,115.66,131.67,110.57,107.96
CUST_5870,124.0,125.63,133.02,114.16,112.85,127.11,119.2,116.28,113.56,112.92,133.44,110.64
CUST_5871,126.27,126.3,133.13,128.22,126.96,115.51,132.29,128.7,116.57,132.27,109.86,128.45
CUST_5872,97.82,100.03,109.12,84.13,97.2,81.96,98.75,91.73,92.62,97.82,84.17,94.97
CUST_5873,99.79,106.81,116.43,112.76,114.07,106.34,109.79,105.36,100.66,113.02,104.52,98.93
CUST_5874,67.36,44.81,48.46,53.45,59.48,64.15,62.01,39.6,54.55,50.53,48.06,51.27
CUST_5875,81.98,62.67,69.23,87.75,71.52,83.12,60.75,77.43,77.21,86.57,67.07,79.73
CUST_5876,45.05,54.77,36.65,55.27,61.26,40.08,49.57,55.75,57.45,53.46,39.68,49.05
CUST_5877,115.17,109.38,110.57,105.52,113.23,93.19,117.08,95.62,91.73,112.81,104.02,98.5
CUST_5878,37.62,46.89,29.63,27.85,51.37,46.67,33.26,45.5,33.81,29.14,28.21,31.99
CUST_5879,39.97,46.93,29.77,29.28,55.05,43.22,35.74,27.85,54.94,37.11,27.12,52.46
CUST_5880,109.93,98.48,94.06,104.89,86.48,91.22,110.68,107.63,96.73,102.46,87.73,100.43
CUST_5881,121.28,115.1,105.7,96.25,101.87,118.22,99.3,112.54,113.18,101.13,125.77,100.98
CUST_5882,86.11,78.19,82.93,76.3,68.96,81.23,60.29,79.45,68.77,80.24,77.56,65.61
CUST_5883,32.59,37.57,50.18,30.74,31.77,32.22,29.49,27.86,47.14,33.19,44.8,37.07
CUST_5884,80.19,101.65,103.02,98.13,95.24,79.8,90.59,79.76,98.67,97.55,100.53,104.2
CUST_5885,94.62,100.63,111.01,111.02,98.77,97.99,86.15,100.63,111.01,98.04,82.19,97.83
CUST_5886,46.07,64.32,62.45,70.42,54.85,50.86,42.33,45.32,65.88,52.39,57.88,48.78
CUST_5887,118.12,91.29,96.82,93.73,112.52,93.03,99.5,116.26,101.9,116.29,95.17,101.94
CUST_5888,51.61,60.3,63.3,55.26,39.41,54.16,46.31,54.4,61.88,47.63,37.74,55.03
CUST_5889,91.06,70.2,70.09,84.91,74.04,70.0,89.22,80.27,91.69,89.6,80.77,92.96
CUST_5890,71.76,63.36,62.7,67.18,67.45,66.27,79.14,71.66,69.08,74.24,83.3,85.13
CUST_5891,92.4,93.52,101.22,80.76,103.14,103.12,95.11,95.72,93.19,102.89,94.36,76.05
CUST_5892,59.2,72.85,79.23,65.67,56.02,66.75,62.72,70.42,75.63,69.64,58.64,77.42
CUST_5893,76.53,78.67,72.64,81.87,82.16,85.81,63.8,85.4,62.18,73.64,78.26,64.84
CUST_5894,35.34,48.18,49.4,55.78,44.67,41.76,51.91,38.25,44.72,42.38,60.22,51.46
CUST_5895,95.25,71.78,98.22,82.57,89.53,70.84,83.07,93.84,96.79,95.35,95.97,92.09
CUST_5896,39.8,28.95,31.09,36.64,35.85,48.73,49.13,47.5,40.33,29.95,44.52,35.04
CUST_5897,53.69,58.01,52.9,59.86,63.24,61.15,40.55,45.86,60.35,43.17,59.46,52.61
CUST_5898,98.81,97.65,114.86,116.44,117.95,97.91,94.66,92.83,94.37,91.71,111.28,92.91
CUST_5899,105.74,96.35,93.94,109.62,102.14,103.5,86.56,102.26,93.01,96.96,111.93,110.58
CUST_5900,91.74,95.5,70.76,80.57,89.71,92.85,68.48,87.11,90.02,79.31,68.55,80.71
CUST_5901,62.19,58.87,68.84,86.36,85.65,78.62,73.36,65.25,85.8,72.64,63.65,79.04
CUST_5902,91.86,101.04,91.37,80.33,95.55,75.24,101.38,74.63,81.39,82.6,90.6,81.52
CUST_5903,72.92,85.18,69.62,63.65,85.74,75.95,76.19,78.14,81.48,72.14,75.86,61.15
CUST_5904,82.81,93.03,74.49,102.61,83.21,80.87,101.34,77.5,101.92,76.81,78.65,74.19
CUST_5905,45.38,50.46,47.15,36.58,52.35,53.08,33.72,43.17,57.89,34.55,58.64,38.21
CUST_5906,101.88,87.23,91.65,110.52,90.19,93.68,110.13,97.37,94.16,87.84,103.57,109.66
CUST_5907,65.73,87.77,94.2,70.79,91.6,76.87,73.97,83.63,92.68,66.47,81.82,68.12
CUST_5908,89.82,85.41,95.96,74.96,77.41,97.92,72.54,77.07,88.79,71.72,97.33,95.83
CUST_5909,126.25,106.24,106.71,104.75,125.66,127.37,105.2,99.89,105.85,125.28,109.8,115.5
CUST_5910,84.14,85.57,102.75,102.17,93.3,108.17,91.65,108.79,107.44,84.23,99.45,110.55
CUST_5911,90.41,106.77,107.2,112.78,101.27,115.66,105.02,117.92,101.73,98.55,115.28,94.03
CUST_5912,91.14,108.5,91.72,91.78,110.29,97.33,94.92,105.03,101.31,105.65,111.56,115.09
CUST_5913,72.98,71.56,69.34,60.37,67.24,66.9,51.05,62.16,62.25,50.63,67.4,59.41
CUST_5914,55.87,48.07,51.51,39.22,45.18,43.25,38.27,49.56,59.6,45.57,47.21,38.77
CUST_5915,95.13,107.93,94.21,119.97,119.19,115.74,120.23,102.85,110.12,117.18,102.84,107.32
CUST_5916,87.89,89.86,102.1,101.24,101.54,97.84,97.11,110.73,99.48,107.8,100.01,96.22
CUST_5917,57.54,70.33,70.6,66.39,52.92,65.07,56.36,49.84,50.64,49.37,51.22,70.71
CUST_5918,67.6,85.07,83.59,62.07,61.11,57.74,73.36,85.4,67.28,67.11,69.23,76.15
CUST_5919,106.69,109.0,108.86,96.19,104.27,104.36,99.87,103.32,101.33,88.9,103.44,92.19
CUST_5920,60.89,54.65,63.58,59.63,76.8,79.16,70.81,76.44,65.37,73.68,81.71,64.91
CUST_5921,73.35,86.35,91.15,70.21,93.24,65.58,83.24,75.87,68.13,79.36,91.66,82.87
CUST_5922,77.09,60.75,74.41,78.5,62.78,81.79,56.27,81.96,60.29,70.78,76.13,60.46
CUST_5923,123.07,119.51,99.57,109.24,103.08,111.39,123.82,101.14,116.32,104.43,102.77,98.28
CUST_5924,46.05,38.55,48.8,46.74,45.03,37.27,28.82,27.13,22.06,48.12,43.34,44.6
CUST_5925,74.41,84.73,77.13,80.42,83.7,63.19,66.12,86.12,68.78,77.99,86.08,83.99
CUST_5926,46.46,44.43,64.97,55.5,62.84,38.95,65.99,46.1,56.97,59.37,54.08,64.04
CUST_5927,99.05,88.66,94.02,87.85,92.04,90.43,79.67,72.56,78.73,89.13,88.49,77.22
CUST_5928,111.17,91.48,98.25,95.39,98.16,92.13,105.9,98.29,103.78,111.11,117.33,114.31
CUST_5929,113.16,90.6,100.61,105.03,94.74,97.14,105.38,100.56,103.91,88.32,114.37,104.16
CUST_5930,80.02,58.82,61.38,70.58,79.54,65.61,83.88,56.34,71.01,78.93,67.89,75.67
CUST_5931,82.81,85.76,87.84,92.19,95.32,88.0,88.01,89.77,96.09,99.3,100.56,102.06
CUST_5932,63.59,60.85,54.47,68.47,55.38,50.7,65.97,70.17,48.4,48.25,70.04,53.04
CUST_5933,105.49,124.75,103.88,112.48,127.86,118.3,120.21,115.05,124.08,125.31,120.8,117.27
CUST_5934,94.22,79.58,99.16,84.44,75.58,80.35,82.32,74.95,78.88,96.66,74.95,71.56
CUST_5935,76.34,79.95,68.06,80.25,65.15,62.7,75.45,71.65,65.15,68.66,75.23,79.65
CUST_5936,69.07,58.05,59.39,41.46,47.04,48.98,47.43,57.25,69.5,65.22,67.85,66.35
CUST_5937,72.06,73.01,48.31,67.35,65.04,73.05,71.61,57.38,54.24,43.79,54.39,60.76
CUST_5938,23.65,39.4,29.24,50.96,52.68,33.86,40.13,47.79,38.17,26.43,51.93,40.68
CUST_5939,94.08,107.3,115.29,101.0,96.21,104.34,107.59,112.02,115.2,100.48,98.75,102.79
CUST_5940,88.01,65.42,72.07,80.9,76.42,63.89,90.98,82.93,82.97,88.99,68.96,77.66
CUST_5941,108.69,97.92,103.05,101.55,109.25,111.08,95.21,120.18,103.53,115.07,119.38,112.88
CUST_5942,120.22,111.28,101.44,97.93,101.24,124.77,107.81,100.79,97.97,113.1,103.05,119.49
CUST_5943,60.55,42.08,62.65,47.95,33.67,46.82,49.52,59.17,58.8,47.78,54.22,50.25
CUST_5944,49.08,30.61,46.21,29.58,52.26,37.63,33.83,56.65,51.75,52.11,55.28,55.7
CUST_5945,47.68,58.7,32.49,58.6,59.49,35.56,33.34,40.6,40.85,34.95,34.91,36.61
CUST_5946,130.26,113.18,116.21,109.43,125.48,136.53,128.23,132.39,138.15,132.57,131.65,121.21
CUST_5947,50.43,55.76,44.86,44.69,53.8,43.58,37.69,55.98,64.11,49.19,40.03,65.43
CUST_5948,104.37,89.98,79.73,83.81,100.25,101.11,81.85,85.68,96.71,83.1,84.31,101.97
CUST_5949,114.11,114.02,115.29,87.98,100.86,100.16,107.22,112.38,112.36,114.2,89.69,96.53
CUST_5950,46.46,39.19,62.34,52.67,49.61,48.58,47.21,59.5,48.63,64.84,53.37,68.6
CUST_5951,58.98,53.81,33.29,43.05,54.79,58.5,53.9,60.19,41.55,53.47,38.06,47.04
CUST_5952,86.56,67.18,94.15,81.34,67.2,80.5,85.02,87.87,80.87,75.24,86.43,92.38
CUST_5953,58.58,43.08,44.37,43.55,58.97,44.93,63.29,44.77,62.71,51.12,58.88,52.89
CUST_5954,87.25,90.91,107.85,110.97,85.61,103.72,92.82,91.5,97.83,94.81,114.81,94.6
CUST_5955,84.55,105.03,85.52,89.76,103.08,105.34,91.0,94.35,98.22,84.68,95.18,92.58
CUST_5956,128.59,120.01,126.19,126.24,106.24,105.42,120.88,129.34,134.59,119.67,118.78,133.19
CUST_5957,61.0,54.91,63.52,62.04,45.88,58.4,57.67,59.27,70.23,48.63,70.19,68.57
CUST_5958,102.17,93.12,86.78,97.44,91.42,100.85,95.36,95.76,102.7,99.89,96.08,94.78
CUST_5959,58.28,62.2,67.65,62.61,61.0,71.06,77.43,68.1,68.42,56.65,55.66,58.34
CUST_5960,121.47,98.87,109.53,108.33,94.42,100.22,109.56,118.8,112.48,121.69,117.74,111.46
CUST_5961,85.84,79.39,97.09,94.88,74.04,93.86,75.31,76.06,82.82,89.55,81.36,90.77
CUST_5962,60.1,53.39,66.2,57.21,64.55,59.69,67.46,62.2,65.08,69.23,55.98,61.44
CUST_5963,113.19,102.79,120.06,118.78,103.5,98.28,111.67,119.16,115.76,119.21,109.87,96.98
CUST_5964,87.43,95.29,88.6,99.2,100.58,105.76,85.77,109.05,111.2,110.52,107.94,90.37
CUST_5965,134.08,108.91,105.88,126.96,113.96,107.73,125.49,128.98,125.16,133.5,130.36,124.32
CUST_5966,51.77,78.66,63.33,66.55,61.73,69.42,76.94,58.28,58.44,50.63,56.19,66.59
CUST_5967,106.78,135.47,134.63,123.69,130.28,121.34,134.39,114.78,117.47,117.51,134.86,133.37
CUST_5968,49.96,50.0,25.68,49.27,49.75,47.49,27.33,27.91,42.33,28.54,45.84,46.32
CUST_5969,98.36,97.14,99.36,91.81,90.14,90.51,96.97,93.52,93.02,93.83,79.71,75.97
CUST_5970,73.07,75.92,78.2,61.94,81.21,62.84,77.08,71.68,60.97,61.86,59.01,79.46
CUST_5971,64.74,80.28,68.92,69.34,75.9,80.16,81.22,67.98,85.84,66.99,71.36,73.97
CUST_5972,65.46,85.09,72.83,81.67,63.45,81.7,63.82,76.35,60.07,60.81,66.32,74.77
CUST_5973,116.85,110.27,120.84,131.76,124.95,126.38,112.43,111.48,128.94,113.99,123.05,128.92
CUST_5974,103.01,97.5,115.68,102.15,115.15,111.6,92.37,109.64,96.4,105.81,114.91,96.58
CUST_5975,77.75,88.52,84.54,66.13,80.57,59.72,75.66,88.35,76.68,76.38,70.7,72.7
CUST_5976,124.79,106.03,118.01,111.43,111.46,113.16,105.77,131.64,109.61,123.06,120.53,118.08
CUST_5977,47.97,55.37,45.88,37.54,59.59,37.85,60.45,37.09,57.35,50.89,40.43,60.66
CUST_5978,90.88,91.6,89.19,85.52,85.27,78.33,81.03,87.04,83.2,85.0,87.38,92.75
CUST_5979,80.43,83.14,82.41,101.07,102.83,94.66,85.53,101.76,101.3,81.58,106.67,83.53
CUST_5980,58.98,66.3,63.82,75.09,75.03,50.57,52.63,64.61,60.6,67.11,71.62,50.83
CUST_5981,100.35,119.06,125.37,116.31,121.42,118.45,114.85,112.32,106.0,106.68,99.57,102.79
CUST_5982,110.43,131.29,131.32,116.98,112.62,110.81,116.92,121.83,130.4,126.15,126.3,116.26
CUST_5983,94.39,108.78,84.8,99.59,98.89,96.07,83.16,96.62,81.22,85.59,95.11,83.51
CUST_5984,134.39,131.56,117.49,135.0,122.44,109.87,131.3,128.56,121.17,134.09,138.78,121.27
CUST_5985,68.4,82.36,90.87,65.4,92.73,84.27,70.09,79.75,89.37,75.45,87.87,88.49
CUST_5986,43.09,27.21,52.98,51.92,28.51,46.62,32.78,54.33,45.98,46.11,54.41,32.14
CUST_5987,65.12,59.81,68.69,86.54,68.2,84.5,77.6,77.46,72.37,74.71,80.73,84.63
CUST_5988,54.09,44.52,50.13,53.06,59.76,61.09,47.01,49.36,65.55,64.68,48.0,47.52
CUST_5989,109.13,104.84,97.03,103.45,95.67,102.78,88.83,90.37,82.13,104.85,89.5,99.17
CUST_5990,110.54,113.46,121.42,124.62,108.19,101.82,104.84,118.68,117.7,102.95,115.1,111.8
CUST_5991,75.85,73.6,84.82,74.84,63.93,78.43,82.97,70.88,88.97,62.6,65.65,84.6
CUST_5992,47.12,45.19,56.47,53.61,46.86,42.89,56.55,38.64,36.42,57.22,37.59,59.96
CUST_5993,100.19,99.37,92.8,97.07,101.57,101.49,90.99,86.28,85.83,86.87,93.49,102.89
CUST_5994,95.52,118.82,113.97,91.75,108.81,109.13,104.18,119.88,118.3,108.77,104.81,117.03
CUST_5995,108.89,103.97,87.28,97.97,94.0,106.82,104.53,86.85,86.5,96.46,96.82,105.5
CUST_5996,72.25,92.53,70.13,93.92,75.52,96.31,79.61,83.75,78.56,70.27,83.92,78.21
CUST_5997,74.01,72.11,62.78,56.71,56.96,54.6,64.17,69.4,55.72,51.69,63.31,65.56
CUST_5998,102.54,110.7,96.3,93.39,104.41,87.44,106.89,101.99,91.98,94.52,104.96,98.42
CUST_5999,69.39,58.8,66.04,78.91,54.0,83.13,77.05,78.73,72.25,81.25,54.11,78.66
