customer_id,gender,senior_citizen,partner,dependents,tenure_months,contract_type,internet_service,monthly_charges,total_charges,region
CUST_1000,Female,0,1,1,17,Month-to-month, None,102.96,1731.03,Delaware
CUST_1001,Female,0,0,1,41,One year,fibre optic,110.34,4561.52,Maryland
CUST_1002,Male,0,0,1,29,Two years,fibre optic,40.78,1176.21,Tennessee
CUST_1003,Male,1,1,0,4,Two years,DSL,92.07,404.65,Colorado
CUST_1004,Male,0,0,1,62,Two years,fibre optic,56.82,3540.42,Alabama
CUST_1005,Female,1,0,0,32,Month-to-month,DSL,46.39,1496.15,Minnesota
CUST_1006,Male,0,1,0,15,Two years,fibre optic,48.29,729.27,Washington
CUST_1007,Female,0,1,1,47,One year,DSL,52.84,2479.18,Pennsylvania
CUST_1008,Female,0,1,1,57,Month-to-month,fibre optic,54.93,3116.56,North Dakota
CUST_1009,Female,0,1,0,23,Month-to-month, None,51.84,1207.39,Colorado
CUST_1010,Female,0,0,0,41,Month-to-month,fibre optic,50.23,2079.08,Maryland
CUST_1011,Male,1,0,1,65,One year,fibre optic,75.03,4923.72,Minnesota
CUST_1012,Female,0,0,0,70,Two years,DSL,83.96,5915.6,Texas
CUST_1013,Male,0,0,0,59,Month-to-month,DSL,112.71,6680.36,Texas
CUST_1014,Male,0,1,0,11,One year,DSL,56.19,621.73,New Hampshire
CUST_1015,Male,0,0,0,9,One year,fibre optic,118.23,1057.91,Tennessee
CUST_1016,Male,0,1,0,61,One year,fibre optic,91.36,5577.62,Utah
CUST_1017,Female,1,0,1,7,Month-to-month,fibre optic,82.84,627.41,Washington
CUST_1018,Male,0,1,0,19,Month-to-month,fibre optic,110.78,2103.89,West Virginia
CUST_1019,Male,1,1,0,67,Two years,fibre optic,84.45,5687.33,Maryland
CUST_1020,Male,0,0,1,4,Month-to-month,DSL,83.8,353.1,Nebraska
CUST_1021,Female,0,1,0,60,Month-to-month,fibre optic,106.48,6377.21,Kansas
CUST_1022,Female,0,0,0,48,One year,fibre optic,79.48,3854.2,Kentucky
CUST_1023,Male,0,1,1,41,Month-to-month,fibre optic,31.47,1304.34,Idaho
CUST_1024,Male,1,0,1,28,Two years, None,54.94,1579.87,California
CUST_1025,Female,1,1,0,33,Month-to-month,DSL,66.95,2222.95,Connecticut
CUST_1026,Male,1,0,0,21,Month-to-month,fibre optic,116.38,2456.88,Oklahoma
CUST_1027,Female,0,0,1,55,Two years, None,71.08,3918.45,North Dakota
CUST_1028,Female,1,1,0,33,One year,DSL,84.58,2772.34,Illinois
CUST_1029,Male,0,0,0,71,Two years, None,73.16,5239.14,Kansas
CUST_1030,Female,1,1,0,53,One year,DSL,33.61,1786.25,Rhode Island
CUST_1031,Male,0,0,1,49,Month-to-month,fibre optic,33.72,1647.56,Minnesota
CUST_1032,Male,0,0,0,36,Month-to-month,DSL,119.53,4304.71,Montana
CUST_1033,Female,0,1,0,27,Month-to-month,fibre optic,60.08,1618.44,New Mexico
CUST_1034,Male,0,1,1,32,One year,fibre optic,86.14,2783.88,Washington
CUST_1035,Female,0,0,0,66,Month-to-month,fibre optic,107.04,7090.65,New Hampshire
CUST_1036,Female,1,1,0,5,One year,fibre optic,88.53,444.43,Ohio
CUST_1037,Male,0,0,0,31,Month-to-month,fibre optic,101.89,3144.26,Missouri
CUST_1038,Female,0,0,1,42,Month-to-month,DSL,67.0,2850.4,Montana
CUST_1039,Male,1,1,1,55,Two years,DSL,104.74,5799.26,Hawaii
CUST_1040,Male,0,1,1,20,One year, None,84.79,1724.48,New Mexico
CUST_1041,Female,0,0,1,11,Month-to-month,fibre optic,103.29,1134.64,Indiana
CUST_1042,Male,0,1,0,61,Month-to-month,fibre optic,102.98,6308.67,West Virginia
CUST_1043,Male,0,1,0,9,Two years,DSL,30.23,256.64,Colorado
CUST_1044,Female,0,0,0,20,Month-to-month,fibre optic,81.59,1676.82,Virginia
CUST_1045,Female,0,0,1,1,One year,fibre optic,81.77,62.16,Missouri
CUST_1046,Female,0,1,1,7,Month-to-month,fibre optic,110.94,789.02,Alaska
CUST_1047,Male,0,0,1,38,One year,DSL,98.72,3796.93,Iowa
CUST_1048,Male,0,1,1,23,Month-to-month,fibre optic,111.96,2558.49,South Carolina
CUST_1049,Female,0,0,0,47,One year,DSL,91.39,4312.12,Nebraska
CUST_1050,Female,0,0,1,55,One year,fibre optic,107.1,5940.05,North Carolina
CUST_1051,Female,0,1,0,39,Month-to-month, None,62.78,2495.37,Nebraska
CUST_1052,Female,0,1,1,11,Two years,fibre optic,93.55,1024.42,Massachusetts
CUST_1053,Male,0,1,0,69,Two years,fibre optic,77.46,5362.84,Michigan
CUST_1054,Male,0,0,0,7,One year,fibre optic,115.69,797.98,Virginia
CUST_1055,Male,1,1,0,7,Month-to-month,fibre optic,32.37,261.44,Delaware
CUST_1056,Male,1,0,1,66,Month-to-month,DSL,36.53,2425.62,South Dakota
CUST_1057,Male,0,0,0,8,One year,fibre optic,70.69,592.21,Delaware
CUST_1058,Female,0,0,1,26,Month-to-month,fibre optic,115.84,3057.82,New Hampshire
CUST_1059,Male,0,1,0,1,One year,DSL,92.57,117.82,Nebraska
CUST_1060,Female,0,0,0,21,Month-to-month,fibre optic,63.61,1367.94,Maine
CUST_1061,Male,0,0,1,11,Two years,fibre optic,77.41,875.79,Florida
CUST_1062,Female,0,1,1,8,One year,fibre optic,87.43,714.25,Georgia
CUST_1063,Female,0,1,0,64,Month-to-month,fibre optic,31.73,2079.67,Nebraska
CUST_1064,Male,0,0,0,11,One year,fibre optic,115.88,1293.88,Arkansas
CUST_1065,Male,0,1,1,21,Two years,fibre optic,40.84,870.83,New York
CUST_1066,Male,0,0,1,28,One year,DSL,44.24,1269.84,Nebraska
CUST_1067,Female,0,0,1,57,Two years,fibre optic,63.52,3608.57,New York
CUST_1068,Female,0,1,0,18,One year, None,60.76,1123.8,Wyoming
CUST_1069,Female,0,1,1,6,One year,DSL,86.09,556.33,Delaware
CUST_1070,Male,0,1,1,54,Month-to-month,fibre optic,55.87,3009.48,Oklahoma
CUST_1071,Male,1,0,0,71,Two years, None,113.45,8038.51,Oklahoma
CUST_1072,Female,0,1,0,1,Two years,DSL,50.57,61.12,Wisconsin
CUST_1073,Male,1,0,0,6,One year,fibre optic,35.12,202.48,Tennessee
CUST_1074,Male,0,0,0,58,Two years,fibre optic,65.61,3807.35,Montana
CUST_1075,Female,0,1,0,35,Month-to-month,fibre optic,101.15,3577.85,Maryland
CUST_1076,Female,0,1,1,40,Month-to-month,fibre optic,85.45,3435.26,Kansas
CUST_1077,Male,0,1,0,8,One year,fibre optic,111.7,921.16,Vermont
CUST_1078,Female,0,1,0,6,One year,fibre optic,31.23,226.97,Alabama
CUST_1079,Female,0,1,0,33,Month-to-month, None,94.29,3101.92,Delaware
CUST_1080,Male,0,1,0,59,Month-to-month, None,42.42,2545.08,Georgia
CUST_1081,Male,0,1,0,22,Month-to-month,DSL,43.17,961.9,Rhode Island
CUST_1082,Male,0,1,1,54,Month-to-month,DSL,90.45,4886.67,Colorado
CUST_1083,Female,0,0,1,35,Month-to-month,DSL,42.03,1513.55,Oregon
CUST_1084,Female,0,1,0,43,Two years,fibre optic,111.79,4802.3,South Carolina
CUST_1085,Female,0,0,0,36,Two years,fibre optic,46.3,1695.54,North Carolina
CUST_1086,Female,0,0,0,24,Month-to-month,fibre optic,63.37,1541.07,Minnesota
CUST_1087,Male,0,0,1,61,One year,DSL,53.14,3260.52,Florida
CUST_1088,Male,1,0,0,41,One year,DSL,61.94,2543.48,Indiana
CUST_1089,Female,0,0,0,45,Two years, None,107.87,4884.81,Hawaii
CUST_1090,Female,0,0,0,44,Month-to-month,fibre optic,43.25,1932.37,Arkansas
CUST_1091,Female,0,1,0,20,Two years,fibre optic,43.87,871.41,Florida
CUST_1092,Male,0,1,1,8,Month-to-month,fibre optic,47.85,366.69,Mississippi
CUST_1093,Female,1,1,0,1,One year,fibre optic,66.38,100.95,Oklahoma
CUST_1094,Female,0,0,0,24,Two years,DSL,113.46,2752.18,Georgia
CUST_1095,Female,0,0,0,12,One year,fibre optic,94.35,1150.76,Montana
CUST_1096,Female,0,1,0,53,One year,fibre optic,94.74,5011.84,Montana
CUST_1097,Male,1,0,0,10,One year,DSL,56.57,550.26,Texas
CUST_1098,Female,0,1,1,39,Month-to-month,DSL,56.16,2232.88,Wisconsin
CUST_1099,Male,0,0,1,32,One year,fibre optic,86.15,2765.98,Nevada
CUST_1100,Female,0,0,1,44,Month-to-month,DSL,84.11,3695.15,Montana
CUST_1101,Male,1,1,0,42,Two years, None,84.06,3511.02,New Hampshire
CUST_1102,Female,1,0,0,56,Month-to-month,fibre optic,88.77,5015.08,Delaware
CUST_1103,Male,0,0,1,42,Month-to-month,fibre optic,34.32,1462.22,Virginia
CUST_1104,Female,0,1,1,70,Two years, None,64.41,4529.73,Arkansas
CUST_1105,Male,0,1,1,16,One year,DSL,88.53,1398.84,Nebraska
CUST_1106,Male,0,0,0,6,Month-to-month,fibre optic,62.25,392.53,Connecticut
CUST_1107,Female,0,1,1,35,Month-to-month,fibre optic,35.0,1274.54,Ohio
CUST_1108,Male,0,1,1,70,Month-to-month,fibre optic,117.55,8246.57,Pennsylvania
CUST_1109,Female,0,0,1,69,Two years,DSL,91.04,6291.14,South Carolina
CUST_1110,Female,1,0,1,66,Two years,fibre optic,58.21,3853.06,Mississippi
CUST_1111,Female,1,1,0,35,Month-to-month,fibre optic,105.69,3682.98,Iowa
CUST_1112,Male,1,0,0,9,One year,fibre optic,96.24,889.86,Vermont
CUST_1113,Female,0,0,0,4,One year,DSL,114.27,447.19,New Jersey
CUST_1114,Female,0,1,0,63,Month-to-month, None,111.03,7017.51,Louisiana
CUST_1115,Male,0,0,0,14,Month-to-month,DSL,104.69,1466.65,New Mexico
CUST_1116,Male,0,0,0,12,Month-to-month,fibre optic,59.37,705.38,Oregon
CUST_1117,Female,0,1,0,13,Month-to-month,fibre optic,61.85,852.08,Washington
CUST_1118,Female,1,0,0,70,Month-to-month,fibre optic,111.27,7803.91,Texas
CUST_1119,Female,0,0,1,6,Month-to-month,fibre optic,59.25,404.12,Louisiana
CUST_1120,Male,0,0,0,2,One year,DSL,37.49,72.26,Indiana
CUST_1121,Male,0,1,0,2,One year,fibre optic,118.99,234.37,Virginia
CUST_1122,Female,0,1,0,59,Month-to-month, None,103.75,6113.86,California
CUST_1123,Female,0,0,1,23,Month-to-month,DSL,97.62,2232.89,Minnesota
CUST_1124,Male,0,1,0,11,Two years,fibre optic,80.07,926.83,West Virginia
CUST_1125,Female,0,0,0,22,Two years,fibre optic,69.28,1508.82,Indiana
CUST_1126,Female,0,0,0,36,One year, None,73.57,2649.62,New York
CUST_1127,Female,0,1,0,61,One year,DSL,49.33,2990.04,Oklahoma
CUST_1128,Female,0,1,1,44,Month-to-month,fibre optic,65.04,2867.52,California
CUST_1129,Female,0,0,0,48,Month-to-month,fibre optic,95.74,4592.33,Maryland
CUST_1130,Male,1,0,0,14,Month-to-month,DSL,101.71,1469.85,Florida
CUST_1131,Female,1,1,0,10,One year, None,84.83,850.6,Colorado
CUST_1132,Female,0,0,0,53,Month-to-month,DSL,37.47,1989.65,Hawaii
CUST_1133,Female,0,1,1,12,One year,fibre optic,87.2,1030.22,New Jersey
CUST_1134,Female,1,0,0,53,Two years,fibre optic,51.92,2782.95,New Hampshire
CUST_1135,Female,0,0,0,14,Two years,fibre optic,93.12,1323.66,Minnesota
CUST_1136,Male,1,1,1,45,Month-to-month,fibre optic,74.88,3393.57,North Carolina
CUST_1137,Female,0,0,0,58,Two years,fibre optic,66.54,3882.13,California
CUST_1138,Male,0,1,1,69,One year,DSL,103.15,7167.34,Michigan
CUST_1139,Female,0,0,0,24,One year,DSL,42.9,1016.16,Florida
CUST_1140,Female,0,0,0,21,Month-to-month,DSL,51.88,1074.45,Maine
CUST_1141,Female,1,0,0,52,Month-to-month,fibre optic,75.24,3927.72,Wisconsin
CUST_1142,Female,0,1,1,7,Two years,fibre optic,79.77,579.89,Massachusetts
CUST_1143,Female,0,0,0,56,Month-to-month,fibre optic,109.08,6135.8,Texas
CUST_1144,Male,1,1,1,6,Month-to-month,fibre optic,83.34,525.41,Nevada
CUST_1145,Female,0,0,0,71,Two years,fibre optic,111.98,7931.92,Illinois
CUST_1146,Male,0,0,0,37,Month-to-month,fibre optic,49.54,1876.08,Colorado
CUST_1147,Female,0,1,1,42,One year,fibre optic,106.26,4511.01,Missouri
CUST_1148,Male,0,0,1,62,Month-to-month,DSL,74.91,4687.7,Ohio
CUST_1149,Female,0,0,0,70,One year,fibre optic,112.46,7860.47,New York
CUST_1150,Female,0,1,1,45,Month-to-month,fibre optic,84.01,3824.46,Wyoming
CUST_1151,Male,0,1,1,70,Month-to-month,DSL,71.07,4963.18,Montana
CUST_1152,Male,0,0,0,67,One year,fibre optic,107.51,7237.96,North Carolina
CUST_1153,Female,0,0,0,39,Month-to-month,DSL,30.73,1217.73,Michigan
CUST_1154,Male,0,1,0,1,Month-to-month, None,68.29,67.67,Mississippi
CUST_1155,Female,0,1,0,9,Month-to-month,fibre optic,101.31,952.39,Oregon
CUST_1156,Male,0,0,1,60,Month-to-month,fibre optic,93.37,5592.97,Alabama
CUST_1157,Male,0,0,0,71,Month-to-month, None,41.76,3002.25,Delaware
CUST_1158,Female,0,0,1,5,Month-to-month,DSL,103.17,516.02,Wisconsin
CUST_1159,Female,0,0,1,40,Month-to-month,DSL,93.67,3771.79,Tennessee
CUST_1160,Female,1,0,1,31,Month-to-month,fibre optic,94.05,2958.75,Florida
CUST_1161,Male,0,0,0,43,Month-to-month,fibre optic,41.85,1824.95,Pennsylvania
CUST_1162,Female,0,1,0,27,Month-to-month,DSL,35.29,957.49,Missouri
CUST_1163,Male,0,0,0,38,Month-to-month,DSL,95.7,3632.69,Florida
CUST_1164,Female,0,1,1,28,Two years,fibre optic,42.08,1202.76,Hawaii
CUST_1165,Female,0,0,0,56,Month-to-month,fibre optic,75.22,4223.87,Wyoming
CUST_1166,Male,0,1,0,13,Month-to-month,DSL,97.97,1284.91,Indiana
CUST_1167,Female,1,0,0,51,One year,DSL,101.87,5215.81,California
CUST_1168,Male,0,1,0,35,Month-to-month,fibre optic,55.33,1943.5,Illinois
CUST_1169,Male,0,0,1,32,Month-to-month,DSL,65.28,2101.84,New Hampshire
CUST_1170,Male,0,1,0,18,One year,fibre optic,81.77,1509.01,Connecticut
CUST_1171,Female,0,0,1,17,One year,DSL,94.06,1598.6,Rhode Island
CUST_1172,Female,0,0,0,4,Month-to-month,fibre optic,71.14,289.86,Missouri
CUST_1173,Male,0,1,1,27,Month-to-month,fibre optic,41.76,1119.23,Indiana
CUST_1174,Male,0,0,1,58,One year,fibre optic,73.21,4238.31,North Dakota
CUST_1175,Female,0,1,1,61,One year,fibre optic,115.51,7048.93,Montana
CUST_1176,Male,0,0,0,18,Month-to-month,fibre optic,69.21,1269.39,Pennsylvania
CUST_1177,Male,0,1,0,44,Two years,DSL,93.94,4153.09,South Dakota
CUST_1178,Male,0,1,0,16,Month-to-month,fibre optic,81.31,1296.53,South Carolina
CUST_1179,Male,0,1,0,15,Month-to-month,fibre optic,117.38,1787.11,South Carolina
CUST_1180,Male,0,1,1,4,One year,DSL,103.67,453.7,Missouri
CUST_1181,Female,0,0,1,34,One year,fibre optic,69.73,2392.37,Maryland
CUST_1182,Male,0,0,1,25,Month-to-month,DSL,37.9,973.6,South Dakota
CUST_1183,Female,0,1,0,63,Month-to-month,fibre optic,113.06,7125.75,Colorado
CUST_1184,Male,0,0,1,7,Month-to-month,fibre optic,92.83,643.91,Idaho
CUST_1185,Female,0,1,1,17,One year,DSL,100.79,1742.43,New York
CUST_1186,Male,0,1,0,39,Month-to-month,fibre optic,116.28,4579.26,Vermont
CUST_1187,Male,0,0,0,50,Month-to-month,fibre optic,49.7,2525.48,Arkansas
CUST_1188,Female,1,1,0,39,Two years,fibre optic,94.46,3729.56,Utah
CUST_1189,Female,0,1,0,48,Two years,fibre optic,66.81,3216.18,Connecticut
CUST_1190,Male,0,1,0,6,One year, None,117.67,721.16,Wyoming
CUST_1191,Female,0,0,0,14,One year,DSL,66.38,947.79,Virginia
CUST_1192,Male,1,0,1,29,One year,DSL,72.43,2128.03,South Carolina
CUST_1193,Male,0,0,0,59,Month-to-month,fibre optic,53.91,3217.7,Oklahoma
CUST_1194,Male,1,0,0,58,Month-to-month,DSL,43.49,2511.5,Missouri
CUST_1195,Female,0,1,0,60,Month-to-month,fibre optic,75.55,4526.49,West Virginia
CUST_1196,Male,0,0,1,27,One year,fibre optic,62.13,1720.7,Maine
CUST_1197,Male,1,0,1,31,Month-to-month,fibre optic,40.56,1251.53,Rhode Island
CUST_1198,Female,0,0,0,19,One year,fibre optic,46.56,891.58,South Carolina
CUST_1199,Male,1,0,0,19,Month-to-month,fibre optic,112.57,2153.31,Iowa
CUST_1200,Female,0,0,0,7,One year,fibre optic,87.55,620.77,Iowa
CUST_1201,Female,0,1,1,69,Month-to-month,fibre optic,36.03,2490.95,Utah
CUST_1202,Male,0,1,0,37,One year,fibre optic,55.45,2034.77,Georgia
CUST_1203,Female,0,1,0,63,Two years,DSL,116.75,7401.49,Nevada
CUST_1204,Female,0,0,1,7,Month-to-month,fibre optic,37.05,250.89,Virginia
CUST_1205,Female,0,0,0,44,Month-to-month, None,47.59,2082.02,Kansas
CUST_1206,Female,1,0,0,23,Two years,fibre optic,83.48,1935.63,Indiana
CUST_1207,Female,0,1,1,41,Month-to-month,fibre optic,92.07,3792.13,Mississippi
CUST_1208,Male,0,0,0,29,Month-to-month,fibre optic,94.81,2770.68,Virginia
CUST_1209,Male,0,0,1,11,One year,fibre optic,98.73,1093.98,Wyoming
CUST_1210,Male,0,0,0,54,One year,DSL,35.29,1906.98,Connecticut
CUST_1211,Female,0,1,1,22,Two years,DSL,47.21,1034.87,Mississippi
CUST_1212,Male,0,1,1,25,Month-to-month,fibre optic,95.59,2434.42,New Hampshire
CUST_1213,Male,0,0,0,26,One year,fibre optic,91.14,2406.16,Maine
CUST_1214,Male,0,0,0,48,Month-to-month,DSL,81.11,3924.21,Maryland
CUST_1215,Female,0,0,0,50,Month-to-month,DSL,87.41,4369.19,Illinois
CUST_1216,Male,0,1,0,69,Month-to-month,fibre optic,109.87,7584.85,Pennsylvania
CUST_1217,Male,1,1,0,6,Two years,fibre optic,119.09,729.64,Georgia
CUST_1218,Female,0,1,0,57,One year,fibre optic,97.19,5567.57,South Carolina
CUST_1219,Female,0,1,1,45,Month-to-month, None,75.44,3432.15,Missouri
CUST_1220,Female,1,0,1,52,Month-to-month, None,118.8,6193.9,Maryland
CUST_1221,Female,0,1,1,28,Month-to-month, None,51.03,1427.48,Nebraska
CUST_1222,Female,1,0,0,53,Two years,fibre optic,49.88,2669.71,Florida
CUST_1223,Male,1,1,1,28,One year,DSL,44.94,1281.34,Pennsylvania
CUST_1224,Male,0,1,1,29,One year,DSL,98.32,2886.5,Utah
CUST_1225,Male,0,1,1,27,Month-to-month, None,86.08,2346.88,North Dakota
CUST_1226,Male,0,1,1,49,Month-to-month,fibre optic,36.8,1841.42,North Dakota
CUST_1227,Male,0,0,0,55,Two years,fibre optic,110.1,6082.25,Vermont
CUST_1228,Female,0,1,1,11,Two years,fibre optic,115.61,1272.4,Connecticut
CUST_1229,Male,0,1,0,41,Month-to-month, None,66.64,2768.68,Florida
CUST_1230,Female,0,0,1,8,Month-to-month,DSL,106.26,883.39,Hawaii
CUST_1231,Female,0,1,0,6,Month-to-month,DSL,105.49,618.15,California
CUST_1232,Male,0,0,1,40,One year,fibre optic,68.55,2759.84,Connecticut
CUST_1233,Female,0,1,0,20,One year,fibre optic,77.17,1535.17,Ohio
CUST_1234,Female,0,1,0,60,Two years,fibre optic,30.17,1813.98,Alaska
CUST_1235,Female,0,0,0,67,Month-to-month,DSL,116.24,7770.14,Nebraska
CUST_1236,Female,0,0,1,54,Month-to-month,fibre optic,80.93,4373.28,Connecticut
CUST_1237,Female,0,0,1,17,Month-to-month,DSL,106.95,1822.83,Michigan
CUST_1238,Male,0,0,0,17,Month-to-month,fibre optic,60.26,1031.97,Ohio
CUST_1239,Male,1,0,0,31,Month-to-month,DSL,60.15,1861.75,Alabama
CUST_1240,Male,0,1,0,63,Two years,DSL,84.73,5363.38,Arkansas
CUST_1241,Female,0,0,0,40,Month-to-month,DSL,30.44,1215.27,Texas
CUST_1242,Female,0,1,1,17,Month-to-month,fibre optic,70.9,1194.81,Kansas
CUST_1243,Female,0,1,1,48,Two years,fibre optic,97.47,4709.54,Oregon
CUST_1244,Male,0,1,0,11,Month-to-month,fibre optic,80.34,926.63,Delaware
CUST_1245,Female,0,1,1,51,One year,fibre optic,37.32,1920.71,Utah
CUST_1246,Female,0,0,0,10,One year,DSL,44.87,487.64,Wyoming
CUST_1247,Female,0,0,1,41,Two years,fibre optic,82.52,3395.89,New Hampshire
CUST_1248,Male,0,0,1,61,One year,fibre optic,104.68,6423.02,Louisiana
CUST_1249,Female,0,0,0,10,Month-to-month,fibre optic,96.09,949.3,Wisconsin
CUST_1250,Male,0,1,1,67,One year,fibre optic,114.48,7667.78,Kansas
CUST_1251,Female,1,0,0,8,One year,fibre optic,100.85,848.84,Indiana
CUST_1252,Male,0,0,0,40,Month-to-month,fibre optic,105.75,4221.66,Illinois
CUST_1253,Female,0,1,0,65,Month-to-month,DSL,91.77,5969.65,Nevada
CUST_1254,Male,0,1,0,34,Month-to-month,fibre optic,79.82,2695.58,Maryland
CUST_1255,Female,0,1,0,70,Month-to-month,fibre optic,99.81,6992.76,Pennsylvania
CUST_1256,Male,0,0,0,13,Two years,fibre optic,62.27,809.88,Ohio
CUST_1257,Male,0,1,0,30,One year,DSL,96.67,2944.67,Indiana
CUST_1258,Female,1,1,1,52,Two years,DSL,50.07,2613.54,West Virginia
CUST_1259,Female,0,1,0,12,Month-to-month,fibre optic,65.08,807.5,Mississippi
CUST_1260,Female,1,1,0,26,Month-to-month,DSL,65.35,1694.88,New York
CUST_1261,Male,0,0,0,71,Month-to-month,DSL,58.56,4173.38,Wyoming
CUST_1262,Male,0,0,0,20,Month-to-month,fibre optic,102.49,2031.37,Nevada
CUST_1263,Male,0,1,0,53,One year,fibre optic,41.4,2199.12,Texas
CUST_1264,Male,1,1,0,38,Month-to-month,fibre optic,48.89,1885.7,Idaho
CUST_1265,Male,0,0,0,48,One year,fibre optic,119.71,5746.1,Michigan
CUST_1266,Male,0,1,0,65,Month-to-month,fibre optic,117.6,7635.13,Utah
CUST_1267,Female,0,1,0,25,Month-to-month,fibre optic,33.0,815.32,Utah
CUST_1268,Male,1,1,0,28,Month-to-month,DSL,43.11,1199.67,Alabama
CUST_1269,Male,0,1,1,66,Two years,fibre optic,110.45,7335.18,Iowa
CUST_1270,Male,0,1,1,13,Month-to-month,fibre optic,93.83,1257.76,Oklahoma
CUST_1271,Male,0,1,1,71,Month-to-month,fibre optic,83.14,5894.59,Missouri
CUST_1272,Female,0,1,1,6,Month-to-month,DSL,85.92,521.82,Delaware
CUST_1273,Male,0,0,0,30,Month-to-month,fibre optic,33.67,1016.11,Minnesota
CUST_1274,Male,0,1,0,10,Two years,fibre optic,94.01,976.07,Rhode Island
CUST_1275,Female,1,1,1,69,One year,fibre optic,35.68,2467.53,Mississippi
CUST_1276,Female,0,0,1,33,Month-to-month,fibre optic,118.49,3946.12,Arkansas
CUST_1277,Female,0,0,0,41,Month-to-month,fibre optic,36.35,1527.96,Washington
CUST_1278,Female,0,0,0,47,Month-to-month,DSL,76.22,3566.48,West Virginia
CUST_1279,Female,0,1,0,34,Two years,fibre optic,92.52,3157.95,Wisconsin
CUST_1280,Female,0,0,0,44,Two years,fibre optic,73.04,3262.78,West Virginia
CUST_1281,Male,0,1,1,21,One year,fibre optic,35.49,742.39,Georgia
CUST_1282,Male,1,0,1,71,Two years,fibre optic,39.45,2788.89,South Carolina
CUST_1283,Female,0,1,1,24,Month-to-month,fibre optic,110.64,2689.84,Washington
CUST_1284,Male,0,1,0,33,Month-to-month,fibre optic,66.49,2235.65,New Hampshire
CUST_1285,Female,0,1,0,25,Month-to-month,fibre optic,54.99,1363.0,New Mexico
CUST_1286,Male,0,1,0,11,One year,fibre optic,59.33,669.2,Michigan
CUST_1287,Female,0,1,1,14,Month-to-month,DSL,64.53,923.49,Massachusetts
CUST_1288,Female,1,1,1,55,One year,DSL,93.35,5181.52,Rhode Island
CUST_1289,Female,0,1,1,28,Month-to-month,DSL,88.24,2475.99,Minnesota
CUST_1290,Female,1,0,0,45,Month-to-month,fibre optic,60.01,2725.78,Nebraska
CUST_1291,Female,1,1,1,57,Month-to-month,fibre optic,105.29,6008.52,Maryland
CUST_1292,Female,0,0,0,38,Month-to-month,fibre optic,77.43,2924.97,Wyoming
CUST_1293,Female,0,1,1,44,Month-to-month, None,60.5,2648.66,Tennessee
CUST_1294,Female,0,0,0,69,Month-to-month,fibre optic,84.68,5864.87,New Jersey
CUST_1295,Male,0,1,0,35,One year,DSL,74.57,2593.53,Mississippi
CUST_1296,Female,1,1,0,37,Month-to-month,fibre optic,35.63,1349.96,Washington
CUST_1297,Male,0,0,0,61,Month-to-month,DSL,91.87,5643.61,Nevada
CUST_1298,Male,0,1,0,44,Two years, None,68.6,3051.83,New Hampshire
CUST_1299,Male,0,0,1,17,Two years,DSL,65.97,1132.94,Oklahoma
CUST_1300,Male,0,1,0,37,Month-to-month,fibre optic,112.84,4171.46,Arizona
CUST_1301,Male,0,1,0,6,One year,fibre optic,63.41,414.7,South Carolina
CUST_1302,Female,0,0,0,63,One year, None,84.55,5344.15,Tennessee
CUST_1303,Male,1,0,0,36,One year,DSL,31.08,1165.66,Maine
CUST_1304,Female,0,1,1,17,Two years,DSL,116.57,1988.05,Maine
CUST_1305,Male,0,0,1,4,Month-to-month,fibre optic,104.54,453.1,North Carolina
CUST_1306,Female,1,1,0,31,Month-to-month,DSL,93.88,2953.59,Nevada
CUST_1307,Male,0,1,0,23,Month-to-month,fibre optic,38.82,888.94,Ohio
CUST_1308,Male,0,0,1,52,Two years,fibre optic,50.22,2632.69,New Hampshire
CUST_1309,Male,0,0,0,55,Two years,fibre optic,69.46,3869.36,Iowa
CUST_1310,Male,1,0,0,57,One year,fibre optic,102.82,5880.31,Indiana
CUST_1311,Female,0,0,0,7,One year,fibre optic,73.68,533.42,Alaska
CUST_1312,Female,0,1,0,49,One year, None,102.6,5007.56,Wisconsin
CUST_1313,Male,0,1,1,27,Month-to-month,fibre optic,108.96,2967.18,Missouri
CUST_1314,Male,0,0,1,58,Month-to-month,fibre optic,37.26,2155.18,Nebraska
CUST_1315,Female,0,0,0,54,Month-to-month,fibre optic,68.29,3672.78,North Dakota
CUST_1316,Male,1,1,1,64,Month-to-month,fibre optic,63.61,4063.9,Massachusetts
CUST_1317,Male,1,0,1,64,Two years,fibre optic,58.79,3766.63,Arkansas
CUST_1318,Male,0,1,0,14,One year, None,70.36,1029.51,Missouri
CUST_1319,Male,0,0,0,12,Two years,fibre optic,83.68,1017.92,New Jersey
CUST_1320,Female,0,1,0,38,Month-to-month,fibre optic,53.77,2055.67,Georgia
CUST_1321,Female,0,1,0,21,One year,fibre optic,38.08,818.7,Maryland
CUST_1322,Male,0,1,1,64,Two years,fibre optic,41.31,2657.19,South Dakota
CUST_1323,Female,0,1,0,58,One year,DSL,75.96,4396.2,Kansas
CUST_1324,Male,0,0,0,50,One year,DSL,70.48,3530.59,North Dakota
CUST_1325,Male,0,0,1,63,Month-to-month,fibre optic,70.74,4464.8,Texas
CUST_1326,Female,0,0,0,59,One year,fibre optic,70.32,4161.81,New York
CUST_1327,Male,0,1,0,63,Month-to-month,fibre optic,89.44,5652.71,Maryland
CUST_1328,Male,1,1,0,15,Month-to-month,fibre optic,88.2,1303.09,Idaho
CUST_1329,Female,0,0,1,9,Month-to-month,fibre optic,79.31,715.28,New York
CUST_1330,Female,0,1,0,62,Month-to-month,fibre optic,45.66,2850.49,Louisiana
CUST_1331,Female,0,0,0,41,Two years, None,80.05,3279.42,Vermont
CUST_1332,Female,0,1,0,13,Two years,DSL,117.19,1564.46,North Dakota
CUST_1333,Female,0,1,1,65,Month-to-month,DSL,67.9,4445.59,Iowa
CUST_1334,Female,1,1,1,49,Month-to-month,DSL,71.86,3549.76,Maryland
CUST_1335,Female,0,1,0,20,Month-to-month,fibre optic,117.3,2369.23,New Jersey
CUST_1336,Male,0,1,1,9,One year,DSL,103.05,915.08,Arizona
CUST_1337,Female,0,1,0,27,Month-to-month,fibre optic,78.27,2117.89,New York
CUST_1338,Female,0,0,1,54,One year,fibre optic,83.47,4556.07,Hawaii
CUST_1339,Female,0,1,0,52,One year,fibre optic,72.04,3781.03,California
CUST_1340,Female,0,0,1,14,One year,fibre optic,72.02,1012.99,Texas
CUST_1341,Female,0,0,0,29,Two years,DSL,70.37,2031.57,West Virginia
CUST_1342,Female,0,1,0,62,Month-to-month, None,67.84,4246.54,North Dakota
CUST_1343,Female,0,1,0,2,Two years,fibre optic,33.12,61.14,North Carolina
CUST_1344,Male,0,0,1,66,Month-to-month,DSL,50.84,3348.05,Arkansas
CUST_1345,Female,0,1,1,68,Two years,DSL,47.22,3233.09,California
CUST_1346,Male,0,1,0,52,Month-to-month,DSL,98.33,5107.82,Virginia
CUST_1347,Female,0,0,0,48,Two years,DSL,55.1,2661.51,California
CUST_1348,Female,0,1,0,67,One year,DSL,102.88,6934.08,Utah
CUST_1349,Female,0,0,0,45,One year,DSL,71.59,3205.66,North Carolina
CUST_1350,Male,0,1,0,50,Two years,DSL,80.23,4028.48,Ohio
CUST_1351,Female,1,1,1,42,Month-to-month,DSL,103.65,4374.43,Kentucky
CUST_1352,Female,1,1,1,57,Two years,DSL,87.86,5013.02,Tennessee
CUST_1353,Female,0,1,0,17,Month-to-month,fibre optic,35.86,592.45,Indiana
CUST_1354,Female,0,0,0,54,Month-to-month,fibre optic,85.31,4625.72,Wisconsin
CUST_1355,Female,1,1,0,41,Month-to-month,DSL,120.0,4946.86,Utah
CUST_1356,Female,1,0,1,26,Month-to-month,fibre optic,111.4,2887.27,Oregon
CUST_1357,Male,0,1,0,57,Two years,DSL,88.58,5080.27,Delaware
CUST_1358,Male,0,0,0,41,One year,DSL,65.73,2681.14,New Jersey
CUST_1359,Male,0,0,0,69,Month-to-month,fibre optic,89.29,6174.08,Alabama
CUST_1360,Female,0,0,0,55,Month-to-month, None,76.71,4247.68,Minnesota
CUST_1361,Male,1,0,0,39,Two years,fibre optic,42.51,1650.59,Tennessee
CUST_1362,Female,0,0,0,65,Month-to-month, None,59.17,3859.27,Alabama
CUST_1363,Female,0,0,0,12,Month-to-month,DSL,67.6,791.98,Virginia
CUST_1364,Male,0,1,1,21,Month-to-month,fibre optic,48.98,1043.16,Nevada
CUST_1365,Male,0,1,0,71,Month-to-month, None,34.84,2488.0,California
CUST_1366,Female,0,0,0,5,Two years,fibre optic,77.95,425.47,Connecticut
CUST_1367,Male,0,0,0,32,Month-to-month,DSL,94.47,3019.76,Iowa
CUST_1368,Male,1,1,0,16,Two years,fibre optic,82.95,1342.39,West Virginia
CUST_1369,Female,0,0,1,46,One year, None,36.56,1705.23,Rhode Island
CUST_1370,Female,0,1,1,62,Month-to-month,fibre optic,42.56,2667.4,Nevada
CUST_1371,Female,0,1,0,60,Month-to-month,DSL,68.06,4092.44,West Virginia
CUST_1372,Female,0,0,0,15,Two years,DSL,106.75,1603.15,Oklahoma
CUST_1373,Female,0,0,0,40,Two years,DSL,78.26,3158.98,Montana
CUST_1374,Female,1,1,0,36,One year,fibre optic,100.11,3594.99,Virginia
CUST_1375,Female,1,0,0,31,Two years,DSL,94.93,2931.71,Georgia
CUST_1376,Male,0,0,0,17,Month-to-month,DSL,81.0,1421.74,North Carolina
CUST_1377,Male,0,0,1,43,Month-to-month,fibre optic,75.25,3265.54,South Carolina
CUST_1378,Male,0,1,0,32,Two years,fibre optic,65.49,2111.53,Alaska
CUST_1379,Female,0,0,1,45,Month-to-month,fibre optic,39.74,1828.3,Louisiana
CUST_1380,Male,1,1,0,55,Month-to-month,DSL,53.01,2934.43,California
CUST_1381,Female,0,1,0,36,Two years,DSL,83.73,3032.9,Hawaii
CUST_1382,Female,0,0,0,12,Month-to-month,fibre optic,82.97,979.33,Texas
CUST_1383,Male,0,1,0,18,Month-to-month,fibre optic,74.54,1386.73,Illinois
CUST_1384,Male,0,0,0,5,One year,fibre optic,49.9,230.17,Wisconsin
CUST_1385,Male,0,1,1,43,One year,fibre optic,61.39,2678.52,Alaska
CUST_1386,Male,0,1,1,55,Month-to-month,DSL,46.53,2581.74,New Jersey
CUST_1387,Male,0,0,0,66,Month-to-month,fibre optic,44.76,2962.59,Ohio
CUST_1388,Female,1,0,0,28,Two years,DSL,107.15,3011.95,South Carolina
CUST_1389,Male,0,1,1,25,Two years,DSL,115.79,2900.41,Nebraska
CUST_1390,Male,0,0,0,11,Two years,fibre optic,94.2,1048.47,Tennessee
CUST_1391,Female,0,0,1,34,Month-to-month,fibre optic,118.32,4053.56,Montana
CUST_1392,Female,0,1,0,13,Two years,DSL,101.86,1350.1,Vermont
CUST_1393,Female,0,0,0,54,Month-to-month,fibre optic,44.94,2441.1,Washington
CUST_1394,Female,0,0,0,18,Month-to-month,DSL,61.48,1114.23,Montana
CUST_1395,Female,0,1,0,30,Month-to-month,fibre optic,76.74,2322.11,Hawaii
CUST_1396,Female,0,0,0,21,Two years,fibre optic,59.88,1263.54,Utah
CUST_1397,Male,0,1,0,69,Month-to-month, None,109.0,7560.72,Tennessee
CUST_1398,Male,0,0,0,19,One year,fibre optic,118.03,2224.15,North Dakota
CUST_1399,Female,0,1,0,19,Month-to-month, None,34.29,698.7,South Carolina
CUST_1400,Female,0,0,1,18,Month-to-month,fibre optic,60.62,1139.81,Nevada
CUST_1401,Female,1,0,1,36,One year,fibre optic,98.01,3568.6,Nevada
CUST_1402,Female,1,1,1,50,One year,fibre optic,95.23,4789.5,Wisconsin
CUST_1403,Female,0,0,1,59,Month-to-month, None,118.24,6989.23,Kansas
CUST_1404,Male,0,0,0,31,One year,DSL,111.96,3462.67,Indiana
CUST_1405,Female,0,1,0,2,Month-to-month, None,90.14,222.32,Washington
CUST_1406,Male,0,0,1,41,Two years,fibre optic,106.46,4346.01,Oklahoma
CUST_1407,Female,0,1,0,34,Month-to-month,DSL,71.78,2478.42,Utah
CUST_1408,Male,0,1,1,15,Two years,DSL,90.86,1345.03,Texas
CUST_1409,Female,0,0,0,22,Month-to-month,fibre optic,46.06,1035.05,Maine
CUST_1410,Male,0,0,0,10,Two years,fibre optic,74.78,797.37,Alaska
CUST_1411,Male,0,1,1,54,One year,DSL,79.65,4316.91,Mississippi
CUST_1412,Female,0,1,0,43,Two years,fibre optic,54.8,2402.32,Kansas
CUST_1413,Female,0,1,0,42,Month-to-month,DSL,114.45,4814.86,Connecticut
CUST_1414,Male,0,0,0,44,Two years,DSL,79.29,3496.07,Kansas
CUST_1415,Female,1,0,1,65,Two years,fibre optic,31.12,2044.65,Nevada
CUST_1416,Male,0,1,0,37,Month-to-month,fibre optic,35.31,1338.86,Massachusetts
CUST_1417,Female,0,1,0,52,Month-to-month,DSL,115.77,6057.13,Nebraska
CUST_1418,Female,0,0,0,53,Month-to-month,DSL,35.53,1881.57,Wyoming
CUST_1419,Male,0,0,0,4,Month-to-month,DSL,95.28,368.52,Wyoming
CUST_1420,Male,0,0,0,15,Month-to-month,DSL,57.65,875.83,Georgia
CUST_1421,Male,0,0,0,31,One year,fibre optic,31.7,994.65,Minnesota
CUST_1422,Female,0,1,0,41,Month-to-month,fibre optic,110.07,4537.67,Illinois
CUST_1423,Female,0,1,1,44,One year,DSL,39.24,1723.1,Nevada
CUST_1424,Male,0,1,1,67,Two years,fibre optic,72.51,4840.53,Vermont
CUST_1425,Male,0,0,1,10,Month-to-month,DSL,80.88,811.58,Wisconsin
CUST_1426,Female,1,0,0,49,Month-to-month,fibre optic,34.29,1720.91,Texas
CUST_1427,Male,0,1,0,12,Month-to-month,DSL,45.07,526.81,Vermont
CUST_1428,Male,0,0,1,38,Month-to-month,fibre optic,99.53,3823.7,Connecticut
CUST_1429,Female,0,1,1,21,Month-to-month,fibre optic,93.09,1947.94,Ohio
CUST_1430,Female,0,0,1,70,One year,fibre optic,41.62,2898.37,Pennsylvania
CUST_1431,Male,1,1,1,20,Month-to-month,fibre optic,45.26,931.79,Georgia
CUST_1432,Male,0,1,1,10,One year,fibre optic,114.89,1136.26,Oklahoma
CUST_1433,Female,0,1,0,56,Month-to-month,DSL,97.01,5480.98,Colorado
CUST_1434,Female,1,0,1,27,Month-to-month,fibre optic,74.36,2019.96,Wyoming
CUST_1435,Female,0,0,0,8,Month-to-month,fibre optic,114.71,926.7,North Dakota
CUST_1436,Female,1,1,1,32,Two years,fibre optic,36.22,1165.53,Ohio
CUST_1437,Female,0,1,0,40,One year, None,95.99,3877.91,Washington
CUST_1438,Male,0,0,1,66,One year,fibre optic,53.94,3562.59,Nebraska
CUST_1439,Male,1,0,1,12,Two years, None,70.46,854.5,Maine
CUST_1440,Female,0,0,0,14,Month-to-month,fibre optic,105.39,1510.64,Alabama
CUST_1441,Female,0,0,0,26,Month-to-month,fibre optic,99.51,2595.9,Delaware
CUST_1442,Female,0,0,1,16,Month-to-month,fibre optic,102.93,1639.79,North Carolina
CUST_1443,Female,1,1,0,11,One year,DSL,95.04,1037.16,Arizona
CUST_1444,Female,0,0,0,9,Month-to-month,fibre optic,100.21,896.93,Colorado
CUST_1445,Male,0,1,0,45,Month-to-month,fibre optic,62.7,2827.65,Georgia
CUST_1446,Female,0,1,0,67,Two years,fibre optic,39.23,2645.34,Alabama
CUST_1447,Male,0,1,0,1,One year,fibre optic,112.42,139.61,Maine
CUST_1448,Male,0,1,1,53,One year,DSL,33.03,1792.06,New Jersey
CUST_1449,Female,0,1,0,30,One year, None,102.62,3104.55,Indiana
CUST_1450,Female,0,1,0,51,One year,fibre optic,112.48,5764.88,Rhode Island
CUST_1451,Male,0,1,0,9,Month-to-month,fibre optic,41.38,366.11,South Carolina
CUST_1452,Female,0,1,1,42,Month-to-month,fibre optic,83.1,3517.15,New Jersey
CUST_1453,Female,0,0,0,47,One year,fibre optic,108.33,5077.43,New Mexico
CUST_1454,Female,0,1,0,57,One year,fibre optic,71.78,4079.33,Minnesota
CUST_1455,Female,0,0,0,4,One year,fibre optic,114.49,489.27,New Mexico
CUST_1456,Male,0,0,1,27,Two years,fibre optic,44.26,1192.58,Oregon
CUST_1457,Male,0,0,1,49,One year,DSL,53.45,2655.99,West Virginia
CUST_1458,Male,0,1,0,68,Month-to-month,DSL,61.68,4197.18,New Mexico
CUST_1459,Male,0,1,0,42,Two years,fibre optic,99.83,4235.99,North Carolina
CUST_1460,Male,0,1,0,50,One year,fibre optic,43.04,2158.59,Virginia
CUST_1461,Female,0,0,0,40,Month-to-month,fibre optic,69.08,2776.6,New Hampshire
CUST_1462,Female,1,1,1,44,Month-to-month,DSL,75.59,3323.89,Arkansas
CUST_1463,Female,0,1,0,12,Month-to-month,DSL,74.68,882.72,Michigan
CUST_1464,Female,0,0,0,34,Month-to-month,fibre optic,71.61,2449.76,Montana
CUST_1465,Female,0,1,0,16,Month-to-month,DSL,69.93,1154.59,Arkansas
CUST_1466,Male,0,0,0,68,One year,fibre optic,86.98,5904.41,Minnesota
CUST_1467,Female,1,0,1,21,One year,fibre optic,107.45,2293.33,North Carolina
CUST_1468,Male,0,1,0,12,Two years,fibre optic,50.15,639.73,Massachusetts
CUST_1469,Female,1,0,0,33,One year,DSL,51.0,1681.14,Oregon
CUST_1470,Female,0,0,0,55,Two years,fibre optic,35.95,1973.19,South Carolina
CUST_1471,Male,0,0,0,49,One year,DSL,42.04,2092.02,Oregon
CUST_1472,Male,0,0,1,30,Month-to-month,DSL,90.71,2711.22,Massachusetts
CUST_1473,Male,0,1,1,6,Month-to-month,fibre optic,48.51,317.64,Hawaii
CUST_1474,Female,0,1,0,66,One year,fibre optic,54.8,3644.26,Oklahoma
CUST_1475,Male,0,0,1,50,Month-to-month,fibre optic,37.43,1912.78,New Mexico
CUST_1476,Male,0,0,0,2,Month-to-month,fibre optic,90.08,185.16,Colorado
CUST_1477,Male,0,1,0,46,Two years,fibre optic,99.58,4567.43,Rhode Island
CUST_1478,Female,0,0,0,19,One year,fibre optic,98.84,1866.64,Nevada
CUST_1479,Female,0,0,1,46,One year,fibre optic,35.92,1647.45,Georgia
CUST_1480,Male,0,1,1,38,Two years, None,31.83,1221.7,Louisiana
CUST_1481,Male,0,0,1,51,One year,fibre optic,40.7,2087.24,Washington
CUST_1482,Female,0,1,1,67,Month-to-month,DSL,70.95,4761.5,Tennessee
CUST_1483,Female,0,1,0,52,Month-to-month,fibre optic,116.47,6046.49,Missouri
CUST_1484,Male,0,1,1,65,Month-to-month,fibre optic,65.64,4260.37,Delaware
CUST_1485,Male,0,1,0,38,Month-to-month,fibre optic,32.04,1214.44,Maine
CUST_1486,Male,0,1,0,13,Month-to-month,fibre optic,51.95,710.31,North Dakota
CUST_1487,Female,1,0,0,16,One year,fibre optic,73.77,1216.51,Arizona
CUST_1488,Male,0,1,0,7,Month-to-month,fibre optic,91.76,669.3,Georgia
CUST_1489,Female,0,0,1,64,Month-to-month,fibre optic,100.2,6457.52,Pennsylvania
CUST_1490,Female,0,1,0,61,One year,fibre optic,72.69,4433.9,South Dakota
CUST_1491,Male,1,0,0,65,Month-to-month,DSL,30.52,1993.53,Oklahoma
CUST_1492,Female,1,1,0,56,One year,fibre optic,60.12,3383.66,New York
CUST_1493,Male,0,1,0,63,Two years,DSL,88.21,5602.04,Alaska
CUST_1494,Male,0,1,0,64,Month-to-month,fibre optic,116.9,7464.41,Rhode Island
CUST_1495,Female,0,0,1,32,One year,DSL,36.76,1176.46,Oklahoma
CUST_1496,Male,0,0,1,29,Month-to-month,fibre optic,75.31,2200.96,Iowa
CUST_1497,Male,0,0,0,67,Month-to-month,DSL,107.35,7198.91,Colorado
CUST_1498,Male,0,1,0,24,One year,fibre optic,46.26,1157.38,Kentucky
CUST_1499,Male,0,1,0,52,Month-to-month,fibre optic,84.72,4425.18,New Jersey
CUST_1500,Female,0,1,1,15,Month-to-month,fibre optic,74.42,1130.71,Washington
CUST_1501,Male,0,0,1,59,Month-to-month,DSL,68.01,4011.94,Iowa
CUST_1502,Female,0,0,0,1,One year,DSL,96.5,129.86,North Carolina
CUST_1503,Female,0,1,0,70,Month-to-month,fibre optic,80.26,5607.39,Arkansas
CUST_1504,Male,0,0,0,57,One year,fibre optic,64.23,3649.67,Kentucky
CUST_1505,Male,0,0,0,16,Month-to-month,fibre optic,117.81,1921.22,North Carolina
CUST_1506,Female,0,0,0,31,One year,fibre optic,72.96,2298.93,Texas
CUST_1507,Male,0,1,1,26,Month-to-month,fibre optic,40.38,1051.23,New Hampshire
CUST_1508,Male,0,0,0,28,One year, None,88.04,2506.74,Minnesota
CUST_1509,Male,0,0,0,29,Month-to-month,DSL,108.86,3203.67,Alabama
CUST_1510,Female,0,0,0,48,Two years,fibre optic,59.39,2884.54,Kentucky
CUST_1511,Female,1,1,0,51,Month-to-month,fibre optic,81.8,4153.16,North Carolina
CUST_1512,Female,0,0,0,52,Month-to-month,DSL,35.86,1861.36,Michigan
CUST_1513,Female,0,1,0,16,Month-to-month,DSL,106.84,1758.17,Kansas
CUST_1514,Female,0,1,1,58,Month-to-month,DSL,73.39,4286.22,Hawaii
CUST_1515,Female,0,0,0,40,Month-to-month,fibre optic,113.3,4577.39,Delaware
CUST_1516,Female,0,0,0,56,Month-to-month, None,91.21,5087.87,New York
CUST_1517,Female,0,1,0,58,Month-to-month,fibre optic,48.04,2794.11,Kentucky
CUST_1518,Male,0,0,0,24,Two years,DSL,83.91,2031.44,Nevada
CUST_1519,Female,0,0,1,70,Two years,DSL,106.75,7518.98,Hawaii
CUST_1520,Female,0,0,1,16,Month-to-month,fibre optic,95.11,1518.31,Maryland
CUST_1521,Female,0,1,0,4,Two years,fibre optic,76.95,317.82,Pennsylvania
CUST_1522,Female,0,1,0,44,Month-to-month,fibre optic,42.1,1892.58,South Carolina
CUST_1523,Male,0,1,0,12,One year,fibre optic,47.32,571.45,Oklahoma
CUST_1524,Male,1,1,0,39,Month-to-month,fibre optic,76.0,2990.02,Iowa
CUST_1525,Male,0,1,0,46,Month-to-month,fibre optic,82.84,3795.96,Kentucky
CUST_1526,Male,0,0,1,42,Month-to-month,fibre optic,108.37,4535.24,Connecticut
CUST_1527,Male,0,1,1,54,Month-to-month,DSL,84.91,4607.61,Arizona
CUST_1528,Male,0,0,0,61,One year,DSL,59.26,3605.65,Kentucky
CUST_1529,Male,0,1,0,30,Month-to-month,fibre optic,36.23,1078.21,Colorado
CUST_1530,Male,0,0,0,61,Month-to-month,fibre optic,80.32,4940.63,Maine
CUST_1531,Female,0,1,0,8,One year,DSL,47.21,401.47,Mississippi
CUST_1532,Female,0,1,0,16,Two years,DSL,76.2,1206.26,Iowa
CUST_1533,Female,1,1,0,5,Month-to-month,fibre optic,90.96,491.45,Utah
CUST_1534,Female,0,0,0,30,Month-to-month,DSL,39.82,1197.07,Vermont
CUST_1535,Female,0,1,1,45,Month-to-month,fibre optic,91.92,4131.71,New York
CUST_1536,Female,0,1,0,67,One year, None,95.3,6422.98,California
CUST_1537,Male,0,1,0,27,Month-to-month,fibre optic,49.93,1387.48,Maine
CUST_1538,Male,0,0,1,18,One year,fibre optic,117.39,2103.2,Texas
CUST_1539,Female,0,0,0,58,One year,fibre optic,46.89,2700.89,South Dakota
CUST_1540,Male,0,1,1,2,Month-to-month,fibre optic,35.55,52.76,Colorado
CUST_1541,Female,0,1,0,57,Two years,fibre optic,64.18,3707.35,Michigan
CUST_1542,Male,0,1,0,21,Month-to-month,fibre optic,68.45,1451.38,Connecticut
CUST_1543,Female,0,0,1,7,Month-to-month,DSL,50.74,366.87,Pennsylvania
CUST_1544,Female,0,1,0,44,Month-to-month,DSL,89.99,3945.57,Massachusetts
CUST_1545,Female,0,0,0,65,One year,DSL,69.25,4517.99,West Virginia
CUST_1546,Female,0,1,0,23,Month-to-month,DSL,40.82,962.7,West Virginia
CUST_1547,Female,0,0,0,6,Month-to-month,fibre optic,37.44,241.33,Iowa
CUST_1548,Female,0,0,0,41,Month-to-month,fibre optic,48.52,1975.78,Nevada
CUST_1549,Female,0,1,0,38,Month-to-month, None,67.47,2607.05,Minnesota
CUST_1550,Male,0,0,1,23,Month-to-month,fibre optic,75.98,1771.28,New Mexico
CUST_1551,Male,0,0,0,29,Two years,fibre optic,65.65,1886.04,California
CUST_1552,Male,0,0,0,20,Month-to-month,fibre optic,40.07,825.8,West Virginia
CUST_1553,Male,0,1,1,12,Month-to-month,fibre optic,83.53,1033.66,Arkansas
CUST_1554,Female,0,0,1,62,One year,fibre optic,70.07,4354.03,Minnesota
CUST_1555,Male,0,1,0,62,One year,fibre optic,117.0,7240.31,Maine
CUST_1556,Male,0,0,1,13,Month-to-month,DSL,81.65,1085.27,Connecticut
CUST_1557,Male,0,0,0,23,One year,fibre optic,66.13,1549.92,Connecticut
CUST_1558,Male,0,0,0,58,One year,DSL,38.64,2266.02,Virginia
CUST_1559,Female,0,0,1,59,Month-to-month,DSL,101.61,5994.65,South Dakota
CUST_1560,Female,0,1,1,49,One year,fibre optic,109.22,5341.48,Montana
CUST_1561,Female,0,1,1,68,One year,fibre optic,87.5,5977.95,Oregon
CUST_1562,Female,0,1,0,51,Month-to-month,fibre optic,87.8,4496.01,Arizona
CUST_1563,Male,0,1,0,62,Month-to-month,fibre optic,32.7,2017.84,North Carolina
CUST_1564,Male,0,0,1,20,Month-to-month,DSL,105.51,2100.13,Indiana
CUST_1565,Male,0,0,0,65,Month-to-month,fibre optic,30.18,1948.79,Washington
CUST_1566,Female,1,0,0,46,Month-to-month,fibre optic,86.95,4028.55,Arkansas
CUST_1567,Male,1,0,0,43,Month-to-month,DSL,87.18,3738.1,Nebraska
CUST_1568,Male,0,0,0,19,Two years,fibre optic,66.77,1271.54,South Dakota
CUST_1569,Female,0,1,0,44,Two years,DSL,57.65,2528.26,Virginia
CUST_1570,Female,0,1,1,8,Month-to-month, None,69.44,537.42,Massachusetts
CUST_1571,Female,0,0,0,30,One year,DSL,35.35,1066.17,Kentucky
CUST_1572,Female,0,1,1,40,One year,fibre optic,49.25,2001.1,Colorado
CUST_1573,Male,0,0,1,22,Month-to-month,fibre optic,63.85,1415.91,Minnesota
CUST_1574,Female,0,1,1,52,Two years,DSL,109.75,5739.34,Montana
CUST_1575,Female,0,1,0,4,Month-to-month,DSL,53.77,253.01,Iowa
CUST_1576,Male,0,1,0,46,Month-to-month,DSL,107.88,4978.71,West Virginia
CUST_1577,Male,1,0,0,44,One year,fibre optic,77.9,3424.77,South Carolina
CUST_1578,Female,0,0,1,2,Two years,fibre optic,88.5,210.61,Wyoming
CUST_1579,Male,0,0,1,14,Two years,DSL,81.91,1176.86,Alaska
CUST_1580,Female,0,0,0,19,Month-to-month,fibre optic,53.74,1054.84,Florida
CUST_1581,Male,0,0,1,62,One year,fibre optic,77.09,4797.04,Maryland
CUST_1582,Female,0,0,0,5,One year,DSL,47.82,250.02,Wisconsin
CUST_1583,Male,0,0,0,2,Month-to-month,fibre optic,59.4,143.58,Virginia
CUST_1584,Female,0,1,0,5,Month-to-month,fibre optic,98.59,488.21,Tennessee
CUST_1585,Female,0,0,0,49,Month-to-month,fibre optic,111.61,5468.72,Kansas
CUST_1586,Male,0,0,1,12,One year,DSL,40.24,498.61,Minnesota
CUST_1587,Female,0,0,0,70,Month-to-month,fibre optic,96.56,6740.53,California
CUST_1588,Female,0,0,1,33,Month-to-month,fibre optic,105.33,3514.74,Minnesota
CUST_1589,Female,0,1,1,15,One year,fibre optic,51.13,753.08,Maryland
CUST_1590,Male,0,1,1,23,Month-to-month,DSL,31.4,727.34,Michigan
CUST_1591,Male,1,0,0,10,Month-to-month,fibre optic,32.78,321.67,Minnesota
CUST_1592,Female,0,1,1,57,Two years,DSL,69.36,3948.72,Michigan
CUST_1593,Male,0,0,0,59,Month-to-month,fibre optic,102.27,6074.5,New Hampshire
CUST_1594,Female,0,0,0,39,Month-to-month,fibre optic,57.01,2206.55,Georgia
CUST_1595,Female,1,0,1,25,One year,DSL,61.87,1535.56,Utah
CUST_1596,Female,0,0,0,45,Month-to-month,fibre optic,42.95,1920.45,Indiana
CUST_1597,Female,1,0,0,27,Month-to-month,fibre optic,64.43,1780.18,Ohio
CUST_1598,Female,0,0,1,60,Month-to-month,fibre optic,65.12,3931.83,Kentucky
CUST_1599,Male,0,1,1,44,Month-to-month,fibre optic,64.35,2842.25,Ohio
CUST_1600,Female,0,0,0,54,Two years,fibre optic,91.54,4991.14,North Carolina
CUST_1601,Female,0,1,0,67,Two years,DSL,70.07,4716.32,Alabama
CUST_1602,Male,0,1,1,51,Month-to-month,fibre optic,41.93,2138.36,Louisiana
CUST_1603,Female,0,1,1,55,One year,DSL,104.53,5778.23,Oregon
CUST_1604,Male,0,1,0,33,Two years,fibre optic,60.66,2041.1,Ohio
CUST_1605,Male,0,0,0,7,One year,fibre optic,105.92,775.17,Vermont
CUST_1606,Male,0,0,0,63,Month-to-month,DSL,85.91,5449.87,Mississippi
CUST_1607,Female,0,0,0,48,Month-to-month,fibre optic,96.55,4615.22,Illinois
CUST_1608,Female,0,1,0,8,One year,fibre optic,92.0,752.51,Indiana
CUST_1609,Female,0,0,0,41,Two years,DSL,86.03,3554.19,Rhode Island
CUST_1610,Female,0,0,0,69,Month-to-month,fibre optic,95.57,6620.33,Washington
CUST_1611,Female,0,0,1,31,Month-to-month,fibre optic,64.85,2053.31,Washington
CUST_1612,Female,1,0,1,49,Month-to-month,fibre optic,99.17,4903.79,Virginia
CUST_1613,Female,0,0,0,64,Month-to-month,DSL,101.95,6529.72,Pennsylvania
CUST_1614,Female,0,0,0,60,Two years,DSL,82.11,4922.1,Indiana
CUST_1615,Male,0,1,0,49,Two years,fibre optic,98.82,4867.35,Nebraska
CUST_1616,Male,0,1,0,28,Two years,DSL,80.77,2285.99,Montana
CUST_1617,Male,0,0,0,17,One year,fibre optic,99.04,1693.01,Idaho
CUST_1618,Female,0,1,0,18,Month-to-month,fibre optic,48.99,864.82,Rhode Island
CUST_1619,Male,0,0,0,69,Month-to-month,fibre optic,63.66,4386.45,Nebraska
CUST_1620,Male,0,1,0,45,Month-to-month,fibre optic,39.07,1749.1,Idaho
CUST_1621,Female,1,1,0,56,Month-to-month,fibre optic,55.48,3143.32,California
CUST_1622,Female,0,1,1,42,Month-to-month,fibre optic,43.54,1827.24,South Dakota
CUST_1623,Female,0,0,1,25,One year,fibre optic,73.8,1867.63,Utah
CUST_1624,Male,1,0,0,44,Month-to-month,fibre optic,67.32,2995.55,Nevada
CUST_1625,Male,1,1,1,40,Two years,DSL,70.72,2834.88,Washington
CUST_1626,Female,0,1,0,56,Month-to-month,DSL,46.63,2600.0,Wyoming
CUST_1627,Male,0,0,1,31,One year,fibre optic,72.59,2245.92,Missouri
CUST_1628,Male,0,0,1,23,Two years,fibre optic,73.34,1709.84,Florida
CUST_1629,Male,0,0,1,30,One year,DSL,34.48,1047.47,Missouri
CUST_1630,Female,0,1,0,59,Month-to-month, None,79.26,4666.39,Louisiana
CUST_1631,Male,0,0,1,24,Month-to-month,DSL,79.35,1900.68,New Jersey
CUST_1632,Male,1,1,1,25,Month-to-month,fibre optic,74.76,1873.09,Arkansas
CUST_1633,Male,0,0,1,22,Month-to-month,fibre optic,107.43,2412.26,Texas
CUST_1634,Female,0,0,1,26,Month-to-month,fibre optic,67.21,1795.23,Hawaii
CUST_1635,Male,0,1,0,8,Month-to-month,fibre optic,58.06,502.92,Arizona
CUST_1636,Male,0,0,0,40,One year,fibre optic,110.53,4420.1,Idaho
CUST_1637,Male,0,0,1,58,Month-to-month,fibre optic,108.31,6290.39,California
CUST_1638,Male,0,0,0,70,Month-to-month,fibre optic,39.17,2732.05,Iowa
CUST_1639,Female,0,0,0,68,Month-to-month,fibre optic,83.73,5737.75,Kentucky
CUST_1640,Male,0,0,0,29,One year,fibre optic,90.57,2672.06,Massachusetts
CUST_1641,Male,0,0,0,33,Month-to-month,fibre optic,94.6,3150.02,New Jersey
CUST_1642,Male,0,0,0,46,Two years, None,105.34,4839.26,California
CUST_1643,Female,0,1,1,69,Two years,fibre optic,57.01,3925.0,Virginia
CUST_1644,Male,0,0,0,36,Two years,fibre optic,106.84,3864.54,Alabama
CUST_1645,Female,0,1,0,32,One year,DSL,70.42,2302.69,Ohio
CUST_1646,Male,0,1,0,49,Month-to-month,fibre optic,38.16,1852.19,South Dakota
CUST_1647,Female,1,0,1,38,One year, None,99.8,3832.55,Nevada
CUST_1648,Male,1,1,0,6,Two years,fibre optic,34.74,190.84,Pennsylvania
CUST_1649,Female,1,0,0,7,One year, None,35.28,276.17,New Jersey
CUST_1650,Male,0,0,0,9,Month-to-month,fibre optic,97.54,910.04,North Dakota
CUST_1651,Female,0,1,1,68,Month-to-month, None,112.13,7625.34,Mississippi
CUST_1652,Female,0,1,0,53,Month-to-month,fibre optic,35.23,1865.3,Tennessee
CUST_1653,Female,0,0,0,46,Month-to-month,DSL,48.14,2247.89,Nebraska
CUST_1654,Female,0,0,0,58,Month-to-month,DSL,97.38,5671.33,Maine
CUST_1655,Female,1,1,0,62,Month-to-month,fibre optic,46.46,2875.96,Rhode Island
CUST_1656,Female,0,0,0,22,Month-to-month,fibre optic,96.6,2173.37,West Virginia
CUST_1657,Male,0,0,0,21,Two years,fibre optic,58.43,1266.24,Tennessee
CUST_1658,Female,0,0,0,60,Month-to-month, None,106.98,6445.93,Nebraska
CUST_1659,Female,0,1,0,33,Two years,DSL,43.71,1450.26,Georgia
CUST_1660,Female,0,0,0,47,One year,fibre optic,91.13,4302.64,Texas
CUST_1661,Male,0,1,0,54,One year,fibre optic,55.73,3025.59,Utah
CUST_1662,Male,1,0,1,33,One year,fibre optic,98.36,3237.38,New York
CUST_1663,Female,1,0,0,8,Two years,DSL,62.88,536.25,Hawaii
CUST_1664,Male,0,1,0,70,Two years,fibre optic,81.78,5724.97,Wyoming
CUST_1665,Male,0,0,0,28,One year,fibre optic,81.77,2293.51,New Hampshire
CUST_1666,Female,0,1,0,24,Month-to-month, None,54.31,1286.8,Nevada
CUST_1667,Female,0,0,0,20,Two years,fibre optic,40.12,828.7,Oklahoma
CUST_1668,Female,0,0,0,19,Two years,fibre optic,79.88,1540.86,Rhode Island
CUST_1669,Male,0,0,0,67,Month-to-month, None,84.28,5631.01,Nevada
CUST_1670,Male,0,0,0,48,Two years,fibre optic,119.21,5745.63,Minnesota
CUST_1671,Female,1,0,0,47,Month-to-month, None,84.98,4031.12,Oregon
CUST_1672,Male,0,0,0,8,One year,fibre optic,98.19,804.71,Louisiana
CUST_1673,Male,1,1,0,59,Two years,fibre optic,41.78,2490.64,South Carolina
CUST_1674,Female,0,0,0,15,Month-to-month,fibre optic,35.12,514.38,New Jersey
CUST_1675,Female,0,0,0,22,Two years,fibre optic,61.33,1372.64,Arizona
CUST_1676,Female,0,0,0,33,One year,DSL,96.48,3194.72,Texas
CUST_1677,Female,0,1,0,53,Month-to-month,fibre optic,47.19,2541.45,Texas
CUST_1678,Male,0,0,1,53,One year,DSL,35.42,1873.81,New Jersey
CUST_1679,Male,0,0,1,54,Month-to-month,fibre optic,30.03,1627.45,Colorado
CUST_1680,Female,1,0,0,24,Month-to-month,fibre optic,48.45,1174.14,Tennessee
CUST_1681,Female,1,1,1,27,Month-to-month,fibre optic,92.21,2494.25,South Carolina
CUST_1682,Male,1,1,0,57,Two years,DSL,84.28,4793.2,Wyoming
CUST_1683,Male,0,1,0,51,One year,fibre optic,36.21,1884.79,Michigan
CUST_1684,Male,0,1,0,53,Two years, None,40.41,2139.38,Missouri
CUST_1685,Male,0,0,0,61,One year, None,116.9,7134.45,South Carolina
CUST_1686,Male,0,0,1,32,Month-to-month,DSL,76.39,2490.25,Michigan
CUST_1687,Male,1,1,0,64,Two years,fibre optic,55.02,3551.72,Michigan
CUST_1688,Male,0,1,0,34,Two years,DSL,34.58,1200.78,New Mexico
CUST_1689,Female,0,0,0,49,Month-to-month, None,37.09,1813.95,Washington
CUST_1690,Male,0,0,0,63,Month-to-month,fibre optic,72.65,4621.98,Arkansas
CUST_1691,Male,0,0,0,1,Month-to-month,DSL,100.34,133.51,Alaska
CUST_1692,Female,0,1,0,22,Two years,fibre optic,64.33,1422.77,Oklahoma
CUST_1693,Male,0,0,0,41,Two years,fibre optic,116.33,4764.24,Georgia
CUST_1694,Male,0,0,0,62,One year,fibre optic,119.36,7428.54,Washington
CUST_1695,Female,1,0,0,23,Two years,fibre optic,51.91,1230.93,Vermont
CUST_1696,Male,0,0,1,39,One year,fibre optic,64.4,2559.61,Nebraska
CUST_1697,Male,0,0,1,34,Month-to-month,fibre optic,91.15,3087.66,North Carolina
CUST_1698,Female,0,0,1,36,One year,DSL,65.12,2364.33,Montana
CUST_1699,Male,0,1,0,36,One year,DSL,46.88,1706.32,Washington
CUST_1700,Female,0,1,0,25,One year,DSL,83.75,2081.3,Alabama
CUST_1701,Male,0,0,0,1,Two years,fibre optic,74.94,104.33,Georgia
CUST_1702,Female,0,1,1,7,One year,fibre optic,76.25,533.1,Washington
CUST_1703,Female,0,0,1,46,Month-to-month,DSL,57.43,2678.87,California
CUST_1704,Female,0,0,1,17,One year,fibre optic,57.16,994.38,Hawaii
CUST_1705,Female,0,0,0,45,Two years,fibre optic,60.17,2725.07,Wisconsin
CUST_1706,Female,1,0,1,50,Two years,fibre optic,47.85,2431.57,Massachusetts
CUST_1707,Female,0,1,0,22,Month-to-month,DSL,94.64,2102.6,Texas
CUST_1708,Female,0,1,1,8,Two years,fibre optic,95.86,809.21,Montana
CUST_1709,Female,0,0,1,34,Month-to-month,fibre optic,106.9,3675.81,Iowa
CUST_1710,Male,0,1,1,67,Month-to-month,fibre optic,78.15,5232.58,Georgia
CUST_1711,Female,0,0,0,34,Two years,fibre optic,108.83,3685.24,South Carolina
CUST_1712,Female,0,0,0,12,Month-to-month,fibre optic,47.67,616.81,Kentucky
CUST_1713,Female,0,0,1,27,Month-to-month,fibre optic,36.82,1000.05,Wisconsin
CUST_1714,Male,0,0,0,46,Month-to-month,fibre optic,61.54,2857.21,Maryland
CUST_1715,Male,0,0,1,36,Month-to-month,fibre optic,62.37,2283.32,South Carolina
CUST_1716,Male,1,1,1,5,Month-to-month,fibre optic,107.76,534.48,Montana
CUST_1717,Female,0,1,0,47,One year,fibre optic,80.58,3808.93,California
CUST_1718,Male,0,0,0,12,Month-to-month,fibre optic,74.36,885.62,Connecticut
CUST_1719,Male,0,1,1,10,Two years,fibre optic,101.8,1033.1,Pennsylvania
CUST_1720,Male,0,0,1,17,Month-to-month,fibre optic,55.18,920.07,Rhode Island
CUST_1721,Male,0,0,1,53,One year,DSL,59.07,3129.58,Hawaii
CUST_1722,Female,0,0,0,56,Month-to-month,fibre optic,31.08,1778.34,Kentucky
CUST_1723,Male,0,1,0,44,Month-to-month,fibre optic,85.38,3785.72,New Mexico
CUST_1724,Male,0,0,1,17,Month-to-month, None,85.02,1465.26,West Virginia
CUST_1725,Female,0,1,1,37,Month-to-month,DSL,67.28,2517.86,Wisconsin
CUST_1726,Male,1,1,1,54,Two years,fibre optic,110.44,5950.31,Montana
CUST_1727,Female,0,0,0,10,Month-to-month, None,62.79,628.03,Pennsylvania
CUST_1728,Female,0,1,1,7,Month-to-month,fibre optic,109.39,753.09,Tennessee
CUST_1729,Male,1,1,0,27,One year,DSL,38.97,1045.97,Massachusetts
CUST_1730,Male,0,0,0,59,One year,DSL,115.46,6845.09,Colorado
CUST_1731,Male,0,1,1,53,Two years, None,43.85,2338.21,New Hampshire
CUST_1732,Female,0,0,0,65,One year,fibre optic,74.54,4855.84,Louisiana
CUST_1733,Female,1,1,1,54,One year,DSL,105.33,5695.61,Wyoming
CUST_1734,Female,0,1,1,69,Month-to-month,DSL,60.67,4206.22,Michigan
CUST_1735,Male,0,0,0,57,Month-to-month,fibre optic,67.75,3880.25,Montana
CUST_1736,Male,0,1,0,40,One year, None,78.64,3135.02,New York
CUST_1737,Female,0,1,1,30,Month-to-month,fibre optic,82.57,2467.05,Alaska
CUST_1738,Female,0,1,0,45,One year,fibre optic,113.96,5143.48,Arkansas
CUST_1739,Male,0,1,0,48,Month-to-month,fibre optic,71.0,3407.92,North Carolina
CUST_1740,Male,0,1,1,18,One year,fibre optic,117.69,2104.78,North Dakota
CUST_1741,Female,0,0,0,5,Two years,fibre optic,76.42,421.8,New Mexico
CUST_1742,Male,0,1,1,51,Month-to-month, None,64.92,3328.87,Texas
CUST_1743,Male,1,0,0,43,One year,DSL,31.52,1388.52,Alaska
CUST_1744,Female,0,0,1,59,Month-to-month,fibre optic,47.24,2836.89,Kansas
CUST_1745,Male,0,0,1,12,Two years,DSL,47.7,561.21,Illinois
CUST_1746,Male,0,1,0,58,Month-to-month,fibre optic,71.23,4133.14,Tennessee
CUST_1747,Male,1,0,0,28,Month-to-month,fibre optic,30.36,840.0,Maine
CUST_1748,Male,1,0,1,44,Month-to-month,fibre optic,77.03,3410.01,Idaho
CUST_1749,Female,0,1,0,13,Month-to-month,fibre optic,116.47,1498.73,Montana
CUST_1750,Female,0,1,1,60,Two years,fibre optic,75.19,4527.67,New Jersey
CUST_1751,Male,0,1,0,71,Month-to-month,DSL,101.43,7232.88,Alaska
CUST_1752,Female,1,0,0,61,Month-to-month,fibre optic,74.21,4547.9,Nebraska
CUST_1753,Male,0,1,1,8,One year,DSL,68.49,528.96,West Virginia
CUST_1754,Female,1,1,0,41,Month-to-month,fibre optic,59.42,2424.03,Nebraska
CUST_1755,Male,0,1,0,17,Month-to-month,DSL,90.97,1561.31,Tennessee
CUST_1756,Female,0,1,0,21,Month-to-month,fibre optic,84.05,1764.07,Maryland
CUST_1757,Male,0,0,0,61,Month-to-month,fibre optic,56.07,3420.84,Louisiana
CUST_1758,Female,0,0,1,19,Month-to-month,fibre optic,62.38,1177.86,Tennessee
CUST_1759,Male,1,1,1,5,Month-to-month,fibre optic,45.46,260.01,Wyoming
CUST_1760,Female,0,1,0,16,Two years,fibre optic,77.2,1233.32,Missouri
CUST_1761,Male,0,0,1,5,One year,fibre optic,89.22,475.38,New Mexico
CUST_1762,Male,0,1,0,16,One year,fibre optic,30.16,473.33,Arizona
CUST_1763,Male,0,1,1,65,Month-to-month,fibre optic,46.29,3019.38,Maine
CUST_1764,Male,0,0,1,53,Month-to-month,fibre optic,70.77,3773.33,Washington
CUST_1765,Male,0,1,1,50,One year,DSL,31.34,1602.67,South Dakota
CUST_1766,Female,0,0,1,45,Two years,fibre optic,118.19,5316.3,Hawaii
CUST_1767,Male,0,1,0,34,Month-to-month,fibre optic,53.1,1827.32,Mississippi
CUST_1768,Male,0,1,1,65,Month-to-month,fibre optic,50.27,3257.54,Florida
CUST_1769,Male,0,1,0,49,One year,fibre optic,74.91,3670.96,South Dakota
CUST_1770,Male,1,0,0,68,One year,DSL,89.29,6057.32,North Carolina
CUST_1771,Male,0,0,0,59,Month-to-month, None,79.16,4701.08,West Virginia
CUST_1772,Male,0,1,0,5,Month-to-month,fibre optic,66.08,374.79,Montana
CUST_1773,Male,0,1,0,13,Month-to-month,fibre optic,76.74,1003.04,Maryland
CUST_1774,Female,0,0,1,34,One year, None,101.07,3441.52,Wyoming
CUST_1775,Female,0,1,0,46,One year,fibre optic,61.88,2896.05,Kansas
CUST_1776,Female,0,0,0,47,Two years, None,87.39,4118.46,Texas
CUST_1777,Female,1,0,1,59,Month-to-month,DSL,82.83,4927.88,Oklahoma
CUST_1778,Female,0,0,0,56,Month-to-month,DSL,118.3,6608.45,Indiana
CUST_1779,Female,0,1,1,28,One year,DSL,118.85,3325.38,Washington
CUST_1780,Male,0,0,1,35,Month-to-month,fibre optic,31.26,1130.31,Tennessee
CUST_1781,Male,1,1,0,46,Month-to-month,fibre optic,119.44,5497.05,Washington
CUST_1782,Female,0,0,1,48,Month-to-month,fibre optic,83.54,4056.88,Hawaii
CUST_1783,Male,0,0,0,7,Month-to-month,DSL,60.68,405.39,Arkansas
CUST_1784,Female,0,1,0,57,One year,fibre optic,94.6,5402.36,North Carolina
CUST_1785,Female,0,1,0,67,Month-to-month,fibre optic,90.17,6030.75,Maryland
CUST_1786,Female,1,0,0,67,Month-to-month,DSL,37.88,2526.94,Texas
CUST_1787,Female,0,1,1,67,Two years,fibre optic,94.41,6311.33,Ohio
CUST_1788,Female,0,0,0,43,Month-to-month,fibre optic,113.38,4915.46,New Hampshire
CUST_1789,Female,0,0,0,69,Month-to-month,fibre optic,90.88,6291.31,Hawaii
CUST_1790,Male,0,0,0,44,Month-to-month,fibre optic,54.3,2395.35,Wisconsin
CUST_1791,Male,0,0,1,59,One year, None,102.36,6077.25,Idaho
CUST_1792,Female,0,0,0,10,One year,fibre optic,62.56,622.94,Georgia
CUST_1793,Male,0,1,0,47,Month-to-month,fibre optic,80.19,3775.66,Michigan
CUST_1794,Female,0,0,0,61,Month-to-month,fibre optic,38.08,2315.04,Iowa
CUST_1795,Female,0,0,0,2,Month-to-month,DSL,58.72,132.4,Iowa
CUST_1796,Female,0,1,0,55,Month-to-month,fibre optic,48.92,2736.45,California
CUST_1797,Female,0,0,1,28,Month-to-month,fibre optic,83.53,2345.14,Vermont
CUST_1798,Female,0,0,0,30,Month-to-month, None,104.19,3173.99,Missouri
CUST_1799,Female,0,0,0,61,Month-to-month, None,92.02,5595.34,Minnesota
CUST_1800,Female,0,1,0,15,One year,DSL,36.29,557.7,Kansas
CUST_1801,Female,0,0,0,44,Month-to-month,fibre optic,47.12,2121.89,Tennessee
CUST_1802,Male,1,1,1,54,One year,fibre optic,86.32,4679.19,Hawaii
CUST_1803,Female,0,1,1,4,Month-to-month,DSL,46.02,220.04,Hawaii
CUST_1804,Female,0,0,1,32,One year,fibre optic,112.23,3635.63,Maryland
CUST_1805,Male,0,1,0,29,Two years,fibre optic,110.76,3252.39,North Dakota
CUST_1806,Female,1,0,0,71,Month-to-month,fibre optic,46.85,3357.62,Oklahoma
CUST_1807,Female,0,1,1,27,Month-to-month,fibre optic,65.08,1740.3,Montana
CUST_1808,Female,0,1,0,60,Two years,fibre optic,106.75,6394.87,New Mexico
CUST_1809,Female,0,0,0,51,Month-to-month,fibre optic,41.01,2080.45,Florida
CUST_1810,Male,0,1,0,33,Month-to-month,DSL,93.76,3079.86,Maryland
CUST_1811,Male,0,0,1,51,Month-to-month,fibre optic,71.74,3662.93,Delaware
CUST_1812,Female,0,0,1,22,Month-to-month,fibre optic,113.26,2477.55,Wyoming
CUST_1813,Female,0,1,1,45,Month-to-month,DSL,109.71,4973.8,South Dakota
CUST_1814,Female,1,0,1,24,Two years,fibre optic,32.62,776.57,Texas
CUST_1815,Female,0,1,1,16,Month-to-month,fibre optic,50.38,828.02,South Dakota
CUST_1816,Female,0,0,0,26,One year, None,59.54,1595.36,Alabama
CUST_1817,Female,1,1,0,38,Month-to-month, None,84.5,3199.49,Oregon
CUST_1818,Male,0,0,1,2,One year,fibre optic,43.4,92.6,Louisiana
CUST_1819,Female,0,1,1,11,Month-to-month,fibre optic,52.52,568.51,Pennsylvania
CUST_1820,Female,0,0,0,16,Month-to-month,fibre optic,102.65,1644.06,Colorado
CUST_1821,Male,0,0,0,1,Month-to-month,fibre optic,31.48,28.99,North Carolina
CUST_1822,Male,0,1,0,52,Two years,fibre optic,71.92,3722.31,Virginia
CUST_1823,Female,0,1,0,49,Month-to-month, None,88.11,4307.83,New Jersey
CUST_1824,Female,0,1,0,63,One year,DSL,53.99,3389.11,West Virginia
CUST_1825,Male,0,0,0,63,Month-to-month,fibre optic,37.63,2368.93,Michigan
CUST_1826,Male,0,0,1,28,Two years,fibre optic,81.62,2276.29,Minnesota
CUST_1827,Male,0,0,0,43,Month-to-month,DSL,72.82,3117.64,New Mexico
CUST_1828,Male,0,0,0,59,Month-to-month,DSL,101.7,5998.74,Pennsylvania
CUST_1829,Male,1,0,1,71,Month-to-month,DSL,38.08,2687.12,Hawaii
CUST_1830,Male,0,0,1,50,One year,DSL,88.31,4430.75,Wyoming
CUST_1831,Female,0,1,1,66,Two years,DSL,73.51,4892.49,Utah
CUST_1832,Male,0,0,1,6,Month-to-month, None,99.69,589.62,Montana
CUST_1833,Female,1,1,0,58,Month-to-month, None,50.41,2918.27,Wyoming
CUST_1834,Female,1,0,0,65,One year, None,76.28,4997.05,California
CUST_1835,Female,0,1,1,10,Month-to-month,fibre optic,97.79,1021.51,Louisiana
CUST_1836,Male,0,1,1,20,Month-to-month,fibre optic,34.23,713.2,Mississippi
CUST_1837,Male,0,0,0,13,Month-to-month,fibre optic,30.63,391.91,Arizona
CUST_1838,Male,1,1,0,55,Month-to-month,DSL,105.81,5826.01,Iowa
CUST_1839,Female,0,1,0,27,Month-to-month,fibre optic,38.61,1048.29,Louisiana
CUST_1840,Female,0,0,0,23,Month-to-month, None,59.52,1413.03,Idaho
CUST_1841,Female,0,0,1,23,Month-to-month,DSL,55.01,1262.65,Georgia
CUST_1842,Male,0,1,0,43,Month-to-month,DSL,79.92,3444.7,Hawaii
CUST_1843,Male,0,1,0,27,Month-to-month,fibre optic,105.57,2839.7,Connecticut
CUST_1844,Male,0,1,0,18,Month-to-month,fibre optic,74.04,1327.7,New Mexico
CUST_1845,Female,0,1,0,50,One year,fibre optic,98.37,4938.75,Maine
CUST_1846,Female,0,0,0,24,Month-to-month,fibre optic,95.76,2347.92,Iowa
CUST_1847,Female,0,1,0,51,Month-to-month,fibre optic,75.0,3849.56,Alabama
CUST_1848,Female,0,0,0,54,Month-to-month,DSL,79.5,4309.4,Georgia
CUST_1849,Female,0,0,1,57,One year,fibre optic,47.0,2716.42,Missouri
CUST_1850,Male,1,0,1,26,Month-to-month,fibre optic,98.5,2544.94,Pennsylvania
CUST_1851,Male,0,0,0,54,Month-to-month,fibre optic,79.57,4332.69,Colorado
CUST_1852,Male,0,0,1,35,Month-to-month,DSL,77.39,2704.65,Nevada
CUST_1853,Male,0,0,0,61,Month-to-month,fibre optic,31.97,1939.69,Delaware
CUST_1854,Male,0,0,0,18,Month-to-month,fibre optic,98.18,1773.92,Massachusetts
CUST_1855,Female,0,1,0,35,Month-to-month,DSL,79.06,2762.96,Connecticut
CUST_1856,Male,0,0,0,61,Month-to-month,DSL,38.36,2354.2,Florida
CUST_1857,Male,1,0,0,7,Two years,fibre optic,111.83,788.65,Nebraska
CUST_1858,Female,1,0,0,67,One year,fibre optic,109.54,7343.46,Montana
CUST_1859,Female,0,0,0,38,Two years,fibre optic,53.36,2059.5,Wyoming
CUST_1860,Male,1,0,1,46,Month-to-month,fibre optic,90.94,4209.32,Oklahoma
CUST_1861,Male,0,0,1,29,Month-to-month,fibre optic,84.05,2434.04,Delaware
CUST_1862,Male,0,1,0,56,Month-to-month,fibre optic,73.4,4135.7,Idaho
CUST_1863,Male,0,0,0,59,One year,DSL,91.93,5439.2,Indiana
CUST_1864,Male,0,0,0,38,Month-to-month,fibre optic,39.82,1546.84,Washington
CUST_1865,Male,0,0,0,17,Two years,DSL,90.37,1549.97,Iowa
CUST_1866,Female,0,1,0,45,One year,fibre optic,83.11,3759.14,Oklahoma
CUST_1867,Female,0,0,0,65,Month-to-month,fibre optic,61.59,4005.46,Pennsylvania
CUST_1868,Male,0,0,0,22,One year,fibre optic,84.63,1878.72,Mississippi
CUST_1869,Male,0,0,0,23,One year,DSL,88.21,2072.11,Rhode Island
CUST_1870,Female,0,1,0,50,Two years, None,102.27,5162.2,Virginia
CUST_1871,Male,0,0,0,41,Month-to-month,DSL,34.31,1412.0,Georgia
CUST_1872,Female,0,1,0,25,Month-to-month,fibre optic,76.63,1936.08,Nebraska
CUST_1873,Female,1,1,0,57,Month-to-month,fibre optic,113.75,6476.98,Arizona
CUST_1874,Female,0,0,1,40,Month-to-month,DSL,63.49,2548.71,Nevada
CUST_1875,Female,0,0,1,28,One year,fibre optic,76.9,2180.48,Maine
CUST_1876,Male,1,1,0,26,Month-to-month,DSL,110.81,2891.37,Missouri
CUST_1877,Male,0,1,1,2,Month-to-month,DSL,119.27,253.66,West Virginia
CUST_1878,Female,1,0,1,31,Month-to-month,DSL,46.57,1475.52,Maine
CUST_1879,Female,0,1,0,7,Month-to-month,fibre optic,97.83,709.78,Kentucky
CUST_1880,Male,1,0,0,27,One year,fibre optic,63.29,1731.35,Delaware
CUST_1881,Male,0,1,1,63,Two years,fibre optic,73.84,4687.6,Kentucky
CUST_1882,Male,0,1,0,29,Month-to-month,DSL,108.02,3114.44,Minnesota
CUST_1883,Female,1,0,0,39,Month-to-month,fibre optic,89.01,3508.04,North Carolina
CUST_1884,Male,0,0,0,40,Month-to-month, None,117.19,4681.28,Alabama
CUST_1885,Female,0,0,0,55,One year,fibre optic,56.69,3157.54,Oregon
CUST_1886,Female,1,0,0,44,Month-to-month,fibre optic,47.42,2105.07,Georgia
CUST_1887,Male,0,1,0,64,Two years,DSL,65.55,4203.68,California
CUST_1888,Male,0,1,0,48,Month-to-month,fibre optic,48.76,2382.31,Utah
CUST_1889,Male,0,1,1,44,One year,DSL,92.07,4066.36,South Dakota
CUST_1890,Female,0,0,1,42,Month-to-month,fibre optic,35.86,1515.38,Mississippi
CUST_1891,Female,0,1,1,49,Month-to-month,fibre optic,73.56,3652.93,Hawaii
CUST_1892,Female,0,1,0,42,Month-to-month,fibre optic,118.71,4991.05,Florida
CUST_1893,Male,0,1,0,12,Two years,fibre optic,42.02,516.32,Delaware
CUST_1894,Female,0,1,0,63,Two years,DSL,114.43,7202.82,Indiana
CUST_1895,Male,0,1,0,1,One year,fibre optic,56.06,100.47,Illinois
CUST_1896,Male,0,1,0,28,One year,fibre optic,53.3,1532.89,Virginia
CUST_1897,Male,0,1,0,65,One year,fibre optic,57.76,3769.01,Virginia
CUST_1898,Female,0,0,1,21,Month-to-month,fibre optic,43.96,904.1,Rhode Island
CUST_1899,Male,0,1,1,54,Month-to-month,DSL,66.02,3583.03,West Virginia
CUST_1900,Male,0,1,1,60,One year,DSL,108.11,6529.75,Minnesota
CUST_1901,Male,0,0,1,7,Month-to-month,fibre optic,87.12,648.74,Hawaii
CUST_1902,Female,0,0,1,70,One year,DSL,47.59,3319.02,Missouri
CUST_1903,Female,0,1,0,23,Month-to-month,DSL,46.57,1072.6,Kansas
CUST_1904,Female,0,1,0,34,Two years,fibre optic,60.77,2089.68,North Dakota
CUST_1905,Male,0,0,0,48,Month-to-month,fibre optic,37.18,1812.37,Pennsylvania
CUST_1906,Male,1,0,0,24,Month-to-month,DSL,119.05,2842.2,West Virginia
CUST_1907,Female,0,0,1,23,Month-to-month,fibre optic,99.38,2321.75,Minnesota
CUST_1908,Female,0,1,0,3,Month-to-month,fibre optic,94.34,274.47,Wyoming
CUST_1909,Male,1,1,1,43,One year,fibre optic,113.47,4925.45,Arizona
CUST_1910,Male,0,0,1,55,Two years,DSL,59.56,3309.66,Missouri
CUST_1911,Female,0,1,0,24,Month-to-month,fibre optic,38.72,909.64,Michigan
CUST_1912,Male,1,0,0,45,Two years,DSL,110.83,5001.37,Missouri
CUST_1913,Female,0,0,0,9,Month-to-month,fibre optic,72.37,697.23,Texas
CUST_1914,Female,0,0,1,48,One year,fibre optic,69.64,3348.4,Delaware
CUST_1915,Female,0,1,0,66,Month-to-month,fibre optic,96.6,6387.19,Oregon
CUST_1916,Male,0,0,1,33,Month-to-month,fibre optic,56.57,1912.76,North Dakota
CUST_1917,Male,0,1,0,1,Month-to-month,fibre optic,51.7,32.3,Kansas
CUST_1918,Female,1,0,0,64,Month-to-month,fibre optic,63.34,4046.47,Florida
CUST_1919,Male,0,1,0,49,One year,fibre optic,82.9,4052.5,Arizona
CUST_1920,Female,0,0,1,3,Month-to-month, None,65.48,192.55,New Mexico
CUST_1921,Male,0,0,1,48,Two years,fibre optic,118.68,5691.58,Massachusetts
CUST_1922,Male,0,1,0,26,Month-to-month, None,66.0,1736.62,Oregon
CUST_1923,Male,0,0,0,42,One year,fibre optic,101.55,4295.2,Utah
CUST_1924,Female,0,1,1,25,Month-to-month, None,77.14,1912.22,Florida
CUST_1925,Male,0,0,1,2,Month-to-month,fibre optic,83.47,184.18,Illinois
CUST_1926,Female,1,0,0,21,Two years,DSL,52.78,1122.48,Massachusetts
CUST_1927,Male,1,1,0,58,Month-to-month,DSL,104.32,6041.99,Connecticut
CUST_1928,Male,0,1,0,60,One year,fibre optic,43.33,2581.56,Michigan
CUST_1929,Male,0,0,0,38,Month-to-month,DSL,62.69,2376.32,Kansas
CUST_1930,Male,0,0,0,32,Month-to-month,DSL,51.76,1654.32,Maryland
CUST_1931,Female,0,1,0,58,Two years,fibre optic,115.11,6676.04,West Virginia
CUST_1932,Female,0,1,0,59,Month-to-month,fibre optic,82.1,4871.11,Kansas
CUST_1933,Female,0,1,1,60,Month-to-month,fibre optic,87.5,5295.1,Louisiana
CUST_1934,Female,0,0,0,55,Month-to-month,fibre optic,89.92,4964.19,Montana
CUST_1935,Male,0,0,1,11,Month-to-month,fibre optic,40.72,444.12,Oregon
CUST_1936,Male,0,1,0,63,Month-to-month,DSL,74.83,4749.54,Wisconsin
CUST_1937,Male,0,0,1,48,Month-to-month,fibre optic,56.57,2721.14,North Carolina
CUST_1938,Female,0,1,0,12,One year,fibre optic,40.06,506.4,California
CUST_1939,Female,0,0,0,38,Month-to-month,fibre optic,51.21,1980.24,Alaska
CUST_1940,Female,1,1,0,71,Month-to-month,DSL,45.01,3190.07,Kentucky
CUST_1941,Female,0,0,0,21,Two years,fibre optic,33.57,730.96,Massachusetts
CUST_1942,Male,0,0,0,11,Month-to-month,DSL,88.62,1004.25,Minnesota
CUST_1943,Female,0,1,1,48,Two years,DSL,116.62,5579.39,New Mexico
CUST_1944,Female,0,0,1,15,One year,fibre optic,65.4,994.91,South Carolina
CUST_1945,Female,0,1,1,20,Month-to-month,fibre optic,91.05,1844.69,Maryland
CUST_1946,Female,0,1,0,13,Month-to-month, None,100.89,1299.83,New Jersey
CUST_1947,Female,0,0,0,27,Month-to-month,fibre optic,79.26,2157.08,Nebraska
CUST_1948,Female,0,0,0,10,Month-to-month,DSL,93.98,936.09,Wisconsin
CUST_1949,Female,0,0,0,25,Month-to-month,DSL,80.24,1998.48,Maryland
CUST_1950,Male,0,1,0,37,Two years,fibre optic,86.31,3227.67,Alaska
CUST_1951,Female,0,0,1,21,One year,fibre optic,51.66,1088.75,Wyoming
CUST_1952,Male,1,1,0,33,Month-to-month, None,36.26,1227.44,Oklahoma
CUST_1953,Male,0,0,1,42,Month-to-month, None,38.5,1601.48,Arizona
CUST_1954,Female,0,0,1,55,One year,DSL,106.76,5877.39,Texas
CUST_1955,Female,0,1,0,1,Month-to-month,DSL,57.8,73.14,North Carolina
CUST_1956,Male,0,0,1,56,Two years,fibre optic,108.64,6106.19,Wyoming
CUST_1957,Female,0,0,0,55,Month-to-month,fibre optic,93.74,5162.25,New York
CUST_1958,Male,0,1,1,36,Month-to-month,fibre optic,99.76,3573.8,Louisiana
CUST_1959,Male,0,0,0,70,Month-to-month,fibre optic,116.73,8181.89,Oregon
CUST_1960,Female,0,0,0,35,Month-to-month,DSL,81.93,2879.17,Mississippi
CUST_1961,Female,0,0,0,39,Two years,fibre optic,48.49,1928.91,Kentucky
CUST_1962,Male,0,1,0,12,Month-to-month,fibre optic,107.48,1286.22,Maryland
CUST_1963,Female,0,0,0,8,Two years,fibre optic,46.11,370.3,Wisconsin
CUST_1964,Female,1,1,0,65,Two years, None,91.76,5946.57,Rhode Island
CUST_1965,Female,0,0,0,44,One year,fibre optic,35.4,1548.07,Arkansas
CUST_1966,Female,0,1,0,44,One year,DSL,65.55,2891.68,Nevada
CUST_1967,Male,0,0,1,64,One year,fibre optic,47.15,3029.16,New Mexico
CUST_1968,Female,0,0,0,67,Month-to-month,fibre optic,75.86,5104.69,Tennessee
CUST_1969,Female,0,1,0,52,Month-to-month,fibre optic,37.42,1944.08,Texas
CUST_1970,Female,0,0,1,20,Two years,fibre optic,38.12,746.31,Iowa
CUST_1971,Male,0,0,1,44,Month-to-month,fibre optic,34.21,1501.62,Nevada
CUST_1972,Male,0,0,0,14,Month-to-month,fibre optic,70.41,1017.54,Iowa
CUST_1973,Male,0,0,1,56,Two years,fibre optic,46.2,2582.93,Nevada
CUST_1974,Male,0,0,0,32,Month-to-month,DSL,93.21,2997.72,Delaware
CUST_1975,Female,0,0,1,71,One year, None,47.67,3394.05,Kentucky
CUST_1976,Male,0,0,1,12,Month-to-month,DSL,87.31,1097.6,Ohio
CUST_1977,Male,0,0,0,5,Month-to-month,DSL,71.57,404.53,Michigan
CUST_1978,Male,0,0,0,61,One year,DSL,33.56,2072.85,Wyoming
CUST_1979,Male,0,0,0,20,Month-to-month,DSL,58.04,1170.28,Missouri
CUST_1980,Female,0,0,1,48,Two years,DSL,85.27,4136.33,Georgia
CUST_1981,Male,0,0,0,65,Month-to-month,fibre optic,109.62,7119.95,South Carolina
CUST_1982,Male,1,0,1,70,Month-to-month,DSL,116.33,8160.04,New Hampshire
CUST_1983,Male,1,0,0,59,One year, None,59.0,3512.0,Montana
CUST_1984,Female,0,1,0,50,Month-to-month,DSL,73.94,3692.09,New Hampshire
CUST_1985,Female,0,0,0,28,Month-to-month,DSL,40.83,1157.97,Rhode Island
CUST_1986,Male,0,1,0,34,Month-to-month,fibre optic,79.96,2718.23,West Virginia
CUST_1987,Female,0,1,0,27,Month-to-month,fibre optic,38.59,1049.92,Oregon
CUST_1988,Female,0,0,0,49,Month-to-month,fibre optic,115.25,5679.09,Washington
CUST_1989,Male,0,1,1,51,Month-to-month,DSL,67.77,3471.67,South Carolina
CUST_1990,Female,0,0,1,47,Two years, None,114.23,5398.73,Idaho
CUST_1991,Male,0,0,0,23,One year,DSL,88.2,2021.49,New York
CUST_1992,Female,1,0,0,57,Month-to-month,fibre optic,114.75,6546.36,Alabama
CUST_1993,Male,0,1,0,66,One year,DSL,84.68,5616.97,Montana
CUST_1994,Male,0,0,1,4,One year,DSL,44.95,216.15,Iowa
CUST_1995,Female,0,0,0,47,One year,fibre optic,39.65,1879.48,Utah
CUST_1996,Male,0,0,0,42,One year,fibre optic,44.19,1865.77,Vermont
CUST_1997,Female,0,0,0,10,Month-to-month,fibre optic,63.8,628.82,Iowa
CUST_1998,Male,0,0,1,28,Month-to-month,DSL,55.12,1533.45,Minnesota
CUST_1999,Male,0,1,0,67,Month-to-month,DSL,93.53,6247.05,Maine
CUST_2000,Female,0,0,0,2,Month-to-month,fibre optic,34.32,80.8,Vermont
CUST_2001,Male,1,1,1,6,Month-to-month,DSL,103.64,641.93,New Mexico
CUST_2002,Female,0,1,0,2,One year,DSL,72.05,162.21,Utah
CUST_2003,Male,0,0,0,12,One year,DSL,57.65,712.75,New Mexico
CUST_2004,Male,0,1,1,46,Month-to-month,fibre optic,57.48,2685.2,Maryland
CUST_2005,Female,0,1,0,70,Month-to-month,fibre optic,47.67,3367.61,Arkansas
CUST_2006,Male,0,1,1,35,Two years,fibre optic,81.2,2889.1,Nevada
CUST_2007,Male,0,1,0,70,Month-to-month,DSL,45.89,3260.31,Kansas
CUST_2008,Male,1,0,0,39,Month-to-month,DSL,117.42,4604.62,Nebraska
CUST_2009,Female,0,0,0,13,Month-to-month,fibre optic,61.31,798.26,Vermont
CUST_2010,Female,0,0,0,49,Month-to-month,fibre optic,59.93,2946.25,Maryland
CUST_2011,Male,0,0,1,5,Month-to-month,fibre optic,105.74,541.07,Mississippi
CUST_2012,Male,0,1,0,12,One year, None,45.14,556.09,Wyoming
CUST_2013,Female,0,1,0,49,Month-to-month,DSL,63.59,3114.98,New Jersey
CUST_2014,Male,0,0,1,54,Month-to-month,fibre optic,93.01,5042.3,Kentucky
CUST_2015,Female,0,0,0,9,Month-to-month,fibre optic,71.9,657.47,Louisiana
CUST_2016,Female,0,1,0,47,One year,fibre optic,47.62,2235.71,Maine
CUST_2017,Female,0,0,1,68,Month-to-month,fibre optic,84.45,5751.44,New Hampshire
CUST_2018,Male,0,0,0,71,Month-to-month,fibre optic,78.17,5587.62,Kansas
CUST_2019,Male,0,1,1,49,Month-to-month,DSL,74.2,3648.53,New Jersey
CUST_2020,Male,0,0,1,71,Two years,DSL,75.13,5379.06,Wisconsin
CUST_2021,Female,0,0,0,59,Month-to-month,DSL,118.82,7013.62,Texas
CUST_2022,Male,0,0,0,64,Month-to-month,DSL,46.69,3015.55,Colorado
CUST_2023,Female,0,0,1,21,One year,DSL,32.15,720.01,South Dakota
CUST_2024,Male,0,0,0,29,Month-to-month, None,114.99,3358.09,New York
CUST_2025,Male,0,1,0,71,Month-to-month,DSL,78.13,5559.39,North Dakota
CUST_2026,Male,0,1,1,46,Month-to-month, None,109.49,5026.71,Delaware
CUST_2027,Female,0,1,0,12,One year,fibre optic,46.64,549.32,Hawaii
CUST_2028,Female,1,0,1,54,Two years,DSL,100.12,5437.26,Virginia
CUST_2029,Male,1,1,0,2,Month-to-month,DSL,55.77,133.35,Alabama
CUST_2030,Female,0,0,0,32,Month-to-month, None,71.83,2347.96,Wisconsin
CUST_2031,Male,0,1,0,34,One year, None,64.41,2204.33,South Carolina
CUST_2032,Female,1,0,0,41,Month-to-month,DSL,88.41,3646.92,Pennsylvania
CUST_2033,Female,0,1,0,55,Month-to-month,DSL,70.21,3871.68,Minnesota
CUST_2034,Male,0,1,1,34,One year,DSL,114.5,3900.37,Kansas
CUST_2035,Male,0,0,0,35,Two years,fibre optic,100.78,3540.86,New Jersey
CUST_2036,Female,1,1,0,5,Month-to-month,fibre optic,89.01,465.21,New Jersey
CUST_2037,Male,0,1,0,53,One year,fibre optic,52.01,2764.04,North Dakota
CUST_2038,Male,0,1,0,49,Month-to-month,DSL,65.62,3201.18,South Carolina
CUST_2039,Female,0,0,1,45,Month-to-month,fibre optic,44.12,2024.2,Maine
CUST_2040,Male,1,0,0,29,Month-to-month,DSL,63.53,1854.04,Connecticut
CUST_2041,Male,0,0,0,25,Month-to-month,DSL,81.81,2094.04,Nevada
CUST_2042,Female,0,0,1,57,Month-to-month,fibre optic,98.31,5592.33,South Carolina
CUST_2043,Female,0,0,1,11,Month-to-month,fibre optic,85.21,919.3,Hawaii
CUST_2044,Female,0,1,1,1,One year,fibre optic,116.57,112.57,Minnesota
CUST_2045,Male,0,1,0,53,One year,fibre optic,49.67,2669.93,Louisiana
CUST_2046,Female,0,1,1,37,Month-to-month,fibre optic,106.25,3966.05,Wisconsin
CUST_2047,Female,0,0,1,52,One year,fibre optic,66.02,3423.91,Virginia
CUST_2048,Male,0,0,1,22,Two years,fibre optic,68.6,1523.87,Wisconsin
CUST_2049,Male,1,0,1,30,Month-to-month,fibre optic,106.65,3207.95,Florida
CUST_2050,Female,1,0,0,11,Month-to-month,DSL,73.2,837.86,Louisiana
CUST_2051,Male,0,1,0,9,Month-to-month, None,91.6,836.81,Georgia
CUST_2052,Female,0,1,0,3,Month-to-month,fibre optic,91.98,323.6,Alaska
CUST_2053,Female,0,1,0,14,Month-to-month,fibre optic,60.86,864.18,North Dakota
CUST_2054,Female,1,0,1,6,Month-to-month,fibre optic,76.8,483.0,Utah
CUST_2055,Female,0,1,0,34,Month-to-month,DSL,60.47,2092.15,Arizona
CUST_2056,Female,0,0,0,32,Month-to-month,DSL,52.76,1719.15,Vermont
CUST_2057,Female,0,1,0,33,One year,fibre optic,117.11,3912.09,Rhode Island
CUST_2058,Male,0,0,0,21,Month-to-month, None,112.1,2335.46,Virginia
CUST_2059,Male,0,1,1,38,One year,fibre optic,57.13,2163.13,New Hampshire
CUST_2060,Female,0,0,0,13,Two years,fibre optic,64.97,856.85,Maryland
CUST_2061,Female,1,0,0,41,One year,fibre optic,58.16,2397.39,Maryland
CUST_2062,Male,0,0,0,6,Month-to-month,DSL,112.6,692.8,Tennessee
CUST_2063,Female,0,0,1,66,Two years,fibre optic,70.78,4679.29,New Jersey
CUST_2064,Male,0,1,0,34,Two years,DSL,96.0,3301.93,Washington
CUST_2065,Male,0,1,0,51,Month-to-month,fibre optic,99.12,5093.69,Iowa
CUST_2066,Male,0,0,1,47,Month-to-month,fibre optic,47.07,2248.7,Missouri
CUST_2067,Male,0,1,1,15,Month-to-month,fibre optic,48.56,741.8,Minnesota
CUST_2068,Female,0,0,0,13,One year, None,100.66,1288.75,Ohio
CUST_2069,Female,0,0,0,52,One year,DSL,69.16,3576.91,New Jersey
CUST_2070,Female,0,1,0,64,Two years,fibre optic,76.13,4918.78,Wyoming
CUST_2071,Female,0,0,1,46,One year,fibre optic,96.64,4443.86,Oregon
CUST_2072,Female,0,1,0,58,Month-to-month,fibre optic,40.6,2350.75,Vermont
CUST_2073,Male,0,1,1,67,Month-to-month,fibre optic,34.1,2285.73,Illinois
CUST_2074,Female,0,1,0,47,Month-to-month,fibre optic,89.1,4212.1,Pennsylvania
CUST_2075,Female,0,0,0,35,Month-to-month,fibre optic,33.71,1210.69,Delaware
CUST_2076,Female,0,0,0,62,Month-to-month,fibre optic,113.72,7076.04,Arkansas
CUST_2077,Female,0,1,0,68,Two years,fibre optic,112.02,7614.67,Delaware
CUST_2078,Female,0,1,0,33,Month-to-month,fibre optic,30.93,1027.39,Mississippi
CUST_2079,Female,0,1,0,11,Month-to-month,DSL,45.79,508.75,Kentucky
CUST_2080,Female,0,0,0,52,One year,fibre optic,111.13,5779.76,Delaware
CUST_2081,Female,0,1,0,61,Two years,DSL,86.46,5288.72,Utah
CUST_2082,Male,1,1,1,39,Two years,fibre optic,73.47,2900.34,Vermont
CUST_2083,Male,0,1,1,65,Month-to-month,fibre optic,72.45,4747.87,Maryland
CUST_2084,Male,0,0,1,11,One year,fibre optic,36.99,421.45,New York
CUST_2085,Male,0,0,0,33,One year,fibre optic,63.78,2100.99,Missouri
CUST_2086,Male,1,0,0,11,Month-to-month,fibre optic,72.54,847.07,Arizona
CUST_2087,Female,0,1,1,17,Two years,fibre optic,90.95,1548.87,New Mexico
CUST_2088,Male,0,0,1,32,One year,fibre optic,31.33,1014.12,Nevada
CUST_2089,Male,0,0,1,34,Month-to-month,fibre optic,80.96,2801.69,Oregon
CUST_2090,Female,1,1,1,3,Two years,fibre optic,89.89,282.63,Idaho
CUST_2091,Female,0,0,0,67,One year,fibre optic,108.69,7291.5,Alaska
CUST_2092,Male,0,1,0,53,One year,fibre optic,110.33,5845.44,Ohio
CUST_2093,Female,0,1,1,7,Month-to-month,fibre optic,72.93,534.1,Arizona
CUST_2094,Male,0,1,1,49,One year,fibre optic,32.7,1603.69,Washington
CUST_2095,Male,0,1,0,36,Month-to-month,fibre optic,93.76,3360.72,Hawaii
CUST_2096,Male,1,0,0,30,Month-to-month,fibre optic,88.9,2689.71,Wyoming
CUST_2097,Female,0,0,1,24,One year,DSL,44.26,1107.21,New Hampshire
CUST_2098,Male,0,1,1,11,Month-to-month,fibre optic,118.2,1295.8,Alabama
CUST_2099,Female,0,1,0,63,Month-to-month,fibre optic,93.06,5876.33,Alabama
CUST_2100,Female,0,1,1,16,One year,fibre optic,37.59,621.05,New York
CUST_2101,Female,0,1,0,64,Month-to-month,fibre optic,70.24,4517.84,Arizona
CUST_2102,Male,0,1,1,16,Month-to-month,DSL,39.2,626.83,Montana
CUST_2103,Male,0,1,0,2,Two years,fibre optic,53.3,88.26,Wisconsin
CUST_2104,Male,0,0,0,61,Month-to-month,DSL,109.77,6728.42,Idaho
CUST_2105,Female,0,0,0,17,Month-to-month,DSL,114.7,1966.72,Tennessee
CUST_2106,Female,0,0,1,56,Month-to-month,fibre optic,87.88,4954.6,Washington
CUST_2107,Male,0,0,0,42,One year,DSL,75.45,3175.0,Kansas
CUST_2108,Male,0,1,0,65,One year,fibre optic,101.38,6630.93,Maryland
CUST_2109,Female,0,0,0,28,Month-to-month,fibre optic,106.21,2977.76,Vermont
CUST_2110,Female,0,0,1,6,Month-to-month,fibre optic,82.45,492.22,Maryland
CUST_2111,Female,0,0,1,55,One year,DSL,45.3,2539.63,New Jersey
CUST_2112,Male,1,1,0,48,One year,fibre optic,58.67,2801.6,Alaska
CUST_2113,Female,0,1,0,5,Two years, None,88.69,443.56,Tennessee
CUST_2114,Female,0,0,1,41,Month-to-month, None,83.84,3462.91,Mississippi
CUST_2115,Female,0,1,0,43,Month-to-month,fibre optic,48.86,2121.82,New York
CUST_2116,Male,0,0,0,44,One year,fibre optic,93.54,4097.26,Oregon
CUST_2117,Female,0,0,0,15,Two years,DSL,116.6,1731.04,Alabama
CUST_2118,Female,0,1,1,12,Month-to-month,fibre optic,56.16,714.53,Massachusetts
CUST_2119,Male,0,1,0,52,Month-to-month,fibre optic,75.76,3942.15,Colorado
CUST_2120,Male,0,1,1,48,Month-to-month,fibre optic,110.64,5293.45,Hawaii
CUST_2121,Female,0,1,1,70,One year,fibre optic,100.46,7056.88,Connecticut
CUST_2122,Female,0,1,0,32,Month-to-month,fibre optic,75.86,2414.64,Wyoming
CUST_2123,Female,0,0,0,58,Month-to-month,fibre optic,43.24,2504.58,Tennessee
CUST_2124,Male,0,1,0,54,Two years, None,41.41,2253.99,Utah
CUST_2125,Male,0,1,1,62,One year,fibre optic,31.22,1933.33,New Hampshire
CUST_2126,Female,0,1,0,34,Month-to-month,fibre optic,98.88,3378.82,Arkansas
CUST_2127,Female,0,0,0,60,Month-to-month,DSL,90.72,5446.72,Oregon
CUST_2128,Female,0,0,1,2,Month-to-month,fibre optic,111.6,269.47,Virginia
CUST_2129,Female,0,1,0,22,Month-to-month,DSL,44.74,966.45,Michigan
CUST_2130,Male,1,1,1,10,Two years,fibre optic,30.74,342.21,New Mexico
CUST_2131,Male,0,0,0,39,Month-to-month, None,35.34,1367.46,Illinois
CUST_2132,Female,0,0,1,30,Two years,fibre optic,40.93,1261.89,North Dakota
CUST_2133,Male,1,0,0,30,Month-to-month,fibre optic,102.33,3108.61,Oregon
CUST_2134,Male,0,0,0,7,Two years, None,83.86,613.77,Colorado
CUST_2135,Male,0,0,1,65,Two years,DSL,91.87,5973.88,Michigan
CUST_2136,Male,0,0,0,31,One year,fibre optic,81.28,2508.09,Nebraska
CUST_2137,Female,0,1,1,21,Month-to-month,fibre optic,31.69,691.01,California
CUST_2138,Male,0,0,0,8,Month-to-month,DSL,36.0,321.44,Wisconsin
CUST_2139,Female,0,0,0,23,Two years,DSL,85.93,2007.91,Indiana
CUST_2140,Female,0,0,0,51,One year,fibre optic,115.93,5915.7,North Dakota
CUST_2141,Female,0,0,0,31,One year,fibre optic,88.02,2767.83,Kentucky
CUST_2142,Female,1,0,0,5,One year,DSL,94.61,510.77,West Virginia
CUST_2143,Female,1,0,1,1,Month-to-month,DSL,53.71,44.97,Vermont
CUST_2144,Male,0,0,0,49,Two years,fibre optic,78.37,3864.42,Wyoming
CUST_2145,Female,0,1,1,31,Month-to-month,fibre optic,47.36,1484.46,Pennsylvania
CUST_2146,Female,0,0,0,5,Month-to-month,fibre optic,39.32,216.96,Iowa
CUST_2147,Female,0,0,0,8,Month-to-month,fibre optic,93.73,764.98,Connecticut
CUST_2148,Female,1,1,0,35,Two years,fibre optic,66.82,2332.78,Washington
CUST_2149,Male,0,0,1,58,Two years,fibre optic,76.09,4443.31,Minnesota
CUST_2150,Female,0,0,0,30,Month-to-month,fibre optic,53.67,1594.46,New Jersey
CUST_2151,Female,0,0,0,34,One year,fibre optic,58.27,1972.54,West Virginia
CUST_2152,Male,0,0,1,44,One year,fibre optic,66.02,2941.74,Delaware
CUST_2153,Male,0,0,0,54,Month-to-month,fibre optic,114.51,6232.88,Arkansas
CUST_2154,Female,0,0,0,24,Month-to-month,fibre optic,81.58,1953.93,Michigan
CUST_2155,Female,0,0,0,30,Month-to-month,DSL,90.62,2751.38,Wisconsin
CUST_2156,Male,0,0,1,6,Two years,fibre optic,81.23,502.68,Minnesota
CUST_2157,Male,0,1,0,55,One year,DSL,56.93,3127.87,Kansas
CUST_2158,Female,1,1,0,58,One year,fibre optic,44.49,2609.82,Washington
CUST_2159,Female,0,0,1,44,Month-to-month,DSL,83.51,3722.73,Arkansas
CUST_2160,Female,0,0,0,28,Month-to-month,fibre optic,109.44,3087.78,Alabama
CUST_2161,Male,0,0,0,17,Month-to-month, None,32.8,569.42,North Carolina
CUST_2162,Female,0,0,0,38,Two years,fibre optic,105.57,3997.09,Oklahoma
CUST_2163,Male,0,1,1,58,Month-to-month,fibre optic,46.23,2702.96,Texas
CUST_2164,Female,0,1,0,33,One year,fibre optic,43.04,1425.41,Maryland
CUST_2165,Male,0,1,0,60,Month-to-month,fibre optic,103.7,6250.4,Nevada
CUST_2166,Male,0,0,0,4,Two years,fibre optic,64.41,289.44,Minnesota
CUST_2167,Male,1,0,1,63,One year,fibre optic,91.44,5753.73,North Carolina
CUST_2168,Female,0,0,0,53,One year,fibre optic,64.87,3449.27,Georgia
CUST_2169,Female,0,0,0,13,Two years,DSL,30.54,413.56,Wisconsin
CUST_2170,Male,0,1,0,27,Month-to-month, None,41.48,1108.36,Kentucky
CUST_2171,Male,0,1,0,3,One year,DSL,100.22,308.53,Montana
CUST_2172,Male,0,1,1,63,One year,DSL,67.42,4228.38,North Carolina
CUST_2173,Male,0,0,0,40,Month-to-month,fibre optic,51.28,2099.44,Nevada
CUST_2174,Male,0,0,0,32,Month-to-month,DSL,58.28,1889.31,New Jersey
CUST_2175,Female,1,1,0,5,One year,DSL,30.79,138.53,Tennessee
CUST_2176,Female,0,1,1,1,Two years,fibre optic,48.87,64.78,North Dakota
CUST_2177,Male,0,0,0,44,One year, None,107.64,4735.65,Kansas
CUST_2178,Female,0,0,0,40,Month-to-month,fibre optic,36.44,1480.65,Colorado
CUST_2179,Male,0,1,0,55,Month-to-month,fibre optic,70.56,3906.12,Hawaii
CUST_2180,Female,0,1,0,65,Month-to-month,DSL,77.21,5066.89,New York
CUST_2181,Female,1,1,0,26,One year,fibre optic,85.8,2224.59,Indiana
CUST_2182,Male,0,1,0,69,Month-to-month,fibre optic,101.27,7031.05,Alaska
CUST_2183,Female,0,1,1,1,Month-to-month,DSL,104.41,106.48,Washington
CUST_2184,Female,0,1,1,28,One year,DSL,63.66,1765.68,New Jersey
CUST_2185,Male,1,0,0,14,Two years,fibre optic,74.13,1025.13,Nebraska
CUST_2186,Female,0,1,0,31,Month-to-month,DSL,87.83,2733.28,California
CUST_2187,Female,0,0,0,63,Month-to-month, None,86.46,5490.61,Oklahoma
CUST_2188,Female,0,0,0,21,Month-to-month,DSL,86.54,1829.46,Arkansas
CUST_2189,Female,0,0,0,12,Two years,fibre optic,91.7,1090.21,Illinois
CUST_2190,Male,1,0,0,15,Month-to-month,DSL,100.76,1502.13,Montana
CUST_2191,Male,0,1,0,21,Two years,fibre optic,74.78,1604.79,North Carolina
CUST_2192,Female,0,0,0,30,Month-to-month,fibre optic,100.03,3016.83,Hawaii
CUST_2193,Female,0,1,1,69,Month-to-month,fibre optic,99.56,6889.12,Iowa
CUST_2194,Female,0,0,1,38,One year,fibre optic,39.98,1532.38,Delaware
CUST_2195,Male,0,0,0,66,Month-to-month,fibre optic,118.36,7802.24,Minnesota
CUST_2196,Female,0,1,1,53,Month-to-month, None,63.32,3347.32,Alabama
CUST_2197,Male,0,0,1,2,Month-to-month,fibre optic,105.97,200.57,Washington
CUST_2198,Male,1,1,1,66,Month-to-month,fibre optic,38.64,2546.41,Delaware
CUST_2199,Male,0,1,0,70,Two years,fibre optic,87.17,6094.76,Nebraska
CUST_2200,Female,0,0,0,4,Two years,fibre optic,51.8,250.84,Wyoming
CUST_2201,Female,0,0,0,62,Month-to-month,fibre optic,85.32,5333.46,Ohio
CUST_2202,Male,0,0,1,66,Two years,fibre optic,101.79,6699.96,Alaska
CUST_2203,Male,0,0,1,3,Month-to-month,fibre optic,36.98,97.54,Indiana
CUST_2204,Male,0,0,1,34,One year,fibre optic,86.6,2958.33,Delaware
CUST_2205,Male,0,1,0,7,Month-to-month,DSL,50.63,352.36,Illinois
CUST_2206,Male,0,1,0,13,One year,fibre optic,40.4,561.03,Massachusetts
CUST_2207,Female,0,1,0,54,Month-to-month,fibre optic,100.7,5443.8,North Dakota
CUST_2208,Male,0,0,0,53,Two years,fibre optic,63.06,3352.21,Arizona
CUST_2209,Female,0,1,0,57,Month-to-month,fibre optic,60.4,3435.5,Pennsylvania
CUST_2210,Female,0,1,0,32,Month-to-month,DSL,68.78,2243.87,Michigan
CUST_2211,Female,0,0,0,6,Month-to-month,fibre optic,98.79,593.36,Illinois
CUST_2212,Male,0,1,0,42,One year,DSL,58.43,2465.9,Tennessee
CUST_2213,Female,1,0,1,46,Month-to-month,DSL,35.75,1675.55,Kentucky
CUST_2214,Male,0,0,1,32,Month-to-month,fibre optic,96.38,3125.3,Vermont
CUST_2215,Male,0,0,1,31,Month-to-month,DSL,69.33,2153.01,New York
CUST_2216,Male,0,0,0,59,One year,DSL,38.64,2312.52,Texas
CUST_2217,Female,0,0,1,36,Month-to-month,fibre optic,70.63,2534.45,Oklahoma
CUST_2218,Female,0,1,0,48,One year,fibre optic,31.49,1559.36,Alaska
CUST_2219,Male,0,1,0,44,Two years,fibre optic,88.79,3900.94,Ohio
CUST_2220,Male,0,1,0,68,Month-to-month,fibre optic,41.48,2805.53,Montana
CUST_2221,Female,0,0,0,53,One year,fibre optic,101.0,5336.94,Minnesota
CUST_2222,Female,0,0,1,48,Month-to-month, None,74.95,3631.47,North Carolina
CUST_2223,Female,0,0,0,22,Month-to-month,fibre optic,44.11,964.16,Indiana
CUST_2224,Male,1,0,0,51,One year,fibre optic,99.1,5077.35,Iowa
CUST_2225,Male,0,0,0,31,Month-to-month,fibre optic,117.99,3657.1,West Virginia
CUST_2226,Female,0,0,0,51,Month-to-month,fibre optic,118.78,6068.24,Montana
CUST_2227,Male,1,0,0,42,Two years,fibre optic,66.35,2819.49,Arkansas
CUST_2228,Female,0,0,0,57,Two years,fibre optic,82.48,4709.79,Arkansas
CUST_2229,Female,0,0,1,68,Two years,DSL,56.06,3859.06,Nebraska
CUST_2230,Male,0,1,0,53,Month-to-month,fibre optic,59.96,3166.23,Tennessee
CUST_2231,Male,0,1,1,14,One year,fibre optic,64.31,886.82,Michigan
CUST_2232,Male,0,0,1,47,Month-to-month,DSL,40.27,1892.9,Idaho
CUST_2233,Male,0,1,0,61,Month-to-month,DSL,74.77,4605.6,North Carolina
CUST_2234,Female,0,1,0,37,One year,fibre optic,76.67,2846.49,New Jersey
CUST_2235,Male,0,0,0,52,Month-to-month,fibre optic,117.67,6163.23,Texas
CUST_2236,Female,0,1,0,14,Month-to-month,DSL,62.77,882.98,Michigan
CUST_2237,Female,1,1,0,15,Two years,fibre optic,39.52,626.93,Nebraska
CUST_2238,Female,0,0,0,43,One year,fibre optic,118.47,5113.45,Alaska
CUST_2239,Male,0,1,1,14,One year,fibre optic,105.68,1527.94,Mississippi
CUST_2240,Female,0,0,0,66,Month-to-month,fibre optic,40.51,2698.52,Nebraska
CUST_2241,Male,0,0,0,51,Month-to-month,DSL,76.4,3924.95,Florida
CUST_2242,Male,1,0,1,62,Two years,fibre optic,101.11,6316.81,Maryland
CUST_2243,Female,0,0,1,62,Two years,fibre optic,106.32,6611.64,California
CUST_2244,Male,0,0,0,3,Month-to-month,fibre optic,91.02,261.41,Maine
CUST_2245,Male,0,0,0,54,One year,fibre optic,99.72,5430.51,Montana
CUST_2246,Male,1,1,1,49,One year,fibre optic,38.67,1926.14,Massachusetts
CUST_2247,Male,1,0,0,42,Month-to-month, None,75.64,3176.55,Kentucky
CUST_2248,Female,0,0,0,60,One year,fibre optic,116.76,7007.14,North Dakota
CUST_2249,Female,0,0,1,3,Month-to-month, None,90.74,278.65,Louisiana
CUST_2250,Female,0,0,1,48,Month-to-month,DSL,35.15,1706.62,Arizona
CUST_2251,Male,1,1,0,5,Month-to-month,DSL,51.68,258.72,Indiana
CUST_2252,Male,1,0,1,71,Two years,DSL,38.3,2720.31,California
CUST_2253,Male,0,1,0,8,One year,fibre optic,45.89,409.6,Utah
CUST_2254,Female,1,1,0,20,One year,DSL,95.31,1907.5,Oregon
CUST_2255,Male,0,1,1,63,Two years,DSL,40.34,2529.6,Michigan
CUST_2256,Female,0,0,0,9,One year,fibre optic,115.97,1087.95,Missouri
CUST_2257,Male,0,0,0,18,Month-to-month,fibre optic,47.41,884.28,Iowa
CUST_2258,Male,0,1,1,54,Month-to-month,fibre optic,43.24,2321.68,North Dakota
CUST_2259,Female,0,1,0,18,Month-to-month,DSL,92.29,1685.82,Kentucky
CUST_2260,Male,0,1,1,24,Month-to-month,fibre optic,37.17,933.93,Delaware
CUST_2261,Male,0,0,0,58,One year,fibre optic,87.26,5076.88,Connecticut
CUST_2262,Female,0,1,0,56,Two years,fibre optic,95.69,5356.18,New Jersey
CUST_2263,Male,0,1,0,16,Month-to-month,DSL,95.9,1538.97,Arkansas
CUST_2264,Female,0,0,1,42,One year,fibre optic,69.88,2935.13,Idaho
CUST_2265,Female,0,1,0,48,One year, None,88.12,4270.95,Texas
CUST_2266,Male,0,0,0,48,Month-to-month, None,39.03,1910.24,Oregon
CUST_2267,Female,0,0,0,10,Two years,DSL,37.47,420.94,New York
CUST_2268,Female,0,1,0,68,Month-to-month,fibre optic,85.73,5877.65,Virginia
CUST_2269,Female,0,1,0,31,Month-to-month,fibre optic,113.18,3554.69,Michigan
CUST_2270,Male,0,0,1,5,One year,fibre optic,95.91,484.12,North Carolina
CUST_2271,Male,0,0,1,53,Month-to-month,fibre optic,83.02,4397.38,Alabama
CUST_2272,Female,1,1,0,6,Month-to-month,fibre optic,100.29,606.7,Nebraska
CUST_2273,Male,0,1,0,41,Month-to-month,fibre optic,101.09,4150.13,Oregon
CUST_2274,Male,0,0,0,3,Two years,fibre optic,94.89,285.63,Vermont
CUST_2275,Female,0,0,1,61,Month-to-month,fibre optic,55.71,3387.92,Utah
CUST_2276,Male,0,1,0,58,Month-to-month,fibre optic,106.09,6185.86,Florida
CUST_2277,Male,1,1,1,51,Month-to-month,fibre optic,57.36,2905.62,North Carolina
CUST_2278,Female,0,1,0,22,Two years,fibre optic,88.85,1945.81,Idaho
CUST_2279,Female,0,0,1,65,Month-to-month,DSL,73.81,4838.97,Nevada
CUST_2280,Male,0,1,0,37,One year,fibre optic,39.94,1481.22,Alaska
CUST_2281,Male,0,1,0,8,Two years,fibre optic,34.74,293.46,Colorado
CUST_2282,Female,1,1,1,17,One year,DSL,61.4,1043.52,West Virginia
CUST_2283,Male,0,0,0,8,Month-to-month,DSL,35.46,331.84,Maine
CUST_2284,Female,0,0,1,56,Month-to-month,DSL,41.22,2295.88,South Carolina
CUST_2285,Male,0,1,0,16,Month-to-month,fibre optic,60.35,977.74,Iowa
CUST_2286,Female,0,0,0,40,One year,fibre optic,112.75,4512.3,Maryland
CUST_2287,Male,1,0,1,27,Month-to-month,fibre optic,85.65,2345.71,New York
CUST_2288,Female,0,1,0,41,Month-to-month,DSL,89.3,3704.57,Texas
CUST_2289,Female,0,0,1,30,Two years,DSL,44.89,1370.43,North Carolina
CUST_2290,Female,0,0,0,63,One year,fibre optic,119.01,7523.48,Missouri
CUST_2291,Female,0,0,0,31,Two years,fibre optic,94.8,2967.83,Alabama
CUST_2292,Female,1,0,1,67,Two years,fibre optic,60.93,4131.92,Texas
CUST_2293,Female,0,1,1,57,Month-to-month,fibre optic,95.67,5476.47,North Dakota
CUST_2294,Female,0,1,0,2,Month-to-month,fibre optic,112.73,236.41,Rhode Island
CUST_2295,Male,0,0,0,10,Two years,fibre optic,87.89,922.68,Florida
CUST_2296,Male,0,0,0,2,One year,DSL,58.55,115.4,Kansas
CUST_2297,Male,0,0,1,67,Month-to-month,fibre optic,69.84,4662.69,Maine
CUST_2298,Female,0,0,1,32,Month-to-month,fibre optic,99.5,3206.3,Tennessee
CUST_2299,Male,0,0,0,54,Two years,fibre optic,37.64,2039.42,New York
CUST_2300,Male,1,1,0,55,Two years,fibre optic,39.85,2214.57,Vermont
CUST_2301,Male,0,1,1,4,One year,fibre optic,85.41,335.13,Nebraska
CUST_2302,Male,0,1,0,56,One year,fibre optic,71.11,4018.05,Connecticut
CUST_2303,Female,0,0,1,66,One year,fibre optic,69.61,4625.45,North Carolina
CUST_2304,Female,0,0,0,52,Two years,fibre optic,84.47,4420.96,Virginia
CUST_2305,Male,1,0,1,4,Month-to-month,fibre optic,72.11,303.22,Texas
CUST_2306,Male,1,1,0,50,Month-to-month,fibre optic,57.18,2904.92,Wyoming
CUST_2307,Female,0,0,1,13,Month-to-month,fibre optic,32.24,426.26,Washington
CUST_2308,Male,0,0,0,2,One year,fibre optic,41.92,114.87,New Mexico
CUST_2309,Female,0,1,0,16,Month-to-month,DSL,46.62,767.96,Washington
CUST_2310,Female,0,0,0,54,Two years,fibre optic,67.86,3649.32,New York
CUST_2311,Male,0,0,0,18,One year,DSL,61.37,1086.3,Hawaii
CUST_2312,Female,0,0,0,32,Two years, None,56.11,1839.6,Nevada
CUST_2313,Male,0,1,1,64,Month-to-month,fibre optic,104.46,6691.62,Idaho
CUST_2314,Female,0,0,0,55,Two years,DSL,75.3,4145.38,Massachusetts
CUST_2315,Male,1,1,1,58,One year, None,95.18,5523.83,Alaska
CUST_2316,Male,0,0,1,46,Month-to-month,fibre optic,57.94,2660.06,Louisiana
CUST_2317,Female,0,1,1,13,Month-to-month,fibre optic,71.34,942.75,Colorado
CUST_2318,Male,0,1,0,1,Month-to-month,fibre optic,110.19,133.23,New Jersey
CUST_2319,Male,0,0,0,59,Month-to-month,DSL,74.53,4427.35,Iowa
CUST_2320,Female,0,1,0,15,One year,fibre optic,110.81,1642.38,Kansas
CUST_2321,Male,0,1,1,3,Month-to-month,DSL,98.57,289.48,Mississippi
CUST_2322,Female,0,0,1,60,One year,fibre optic,39.13,2378.28,Michigan
CUST_2323,Male,0,1,0,23,One year,fibre optic,38.32,886.3,Michigan
CUST_2324,Female,0,0,0,57,Month-to-month,DSL,101.29,5803.87,Kentucky
CUST_2325,Male,0,1,0,49,Two years,fibre optic,69.53,3427.03,New York
CUST_2326,Female,0,1,0,7,Month-to-month,DSL,49.06,350.92,Massachusetts
CUST_2327,Male,0,0,0,24,Month-to-month, None,48.98,1195.54,South Dakota
CUST_2328,Male,0,0,1,20,One year,fibre optic,104.15,2132.92,Montana
CUST_2329,Male,0,0,0,28,Month-to-month,DSL,71.08,2037.84,Rhode Island
CUST_2330,Male,0,1,0,39,Two years,DSL,84.6,3299.53,Massachusetts
CUST_2331,Male,0,0,1,38,Month-to-month,fibre optic,93.49,3588.26,Oklahoma
CUST_2332,Male,0,0,0,58,Month-to-month,fibre optic,109.66,6361.24,South Dakota
CUST_2333,Male,0,1,1,20,One year, None,96.28,1919.71,Massachusetts
CUST_2334,Female,0,1,0,49,Month-to-month,fibre optic,37.44,1879.77,California
CUST_2335,Male,0,1,0,52,Month-to-month,fibre optic,88.46,4607.31,Hawaii
CUST_2336,Female,0,0,1,22,Month-to-month,DSL,107.19,2356.63,Illinois
CUST_2337,Female,0,0,0,56,One year,fibre optic,89.2,5029.81,Minnesota
CUST_2338,Female,1,0,0,21,Month-to-month, None,72.34,1526.99,Indiana
CUST_2339,Male,1,1,1,2,Month-to-month,fibre optic,65.52,126.03,Maine
CUST_2340,Male,0,1,0,31,One year,fibre optic,117.27,3625.77,New Hampshire
CUST_2341,Male,0,0,0,17,Month-to-month,DSL,61.41,1064.07,Maryland
CUST_2342,Male,0,1,1,58,Month-to-month,fibre optic,77.2,4472.08,Vermont
CUST_2343,Female,0,1,1,8,Two years,DSL,104.71,819.23,Montana
CUST_2344,Female,1,0,0,19,Two years,fibre optic,117.64,2283.56,Alaska
CUST_2345,Female,1,0,0,14,One year,fibre optic,38.03,578.07,Oregon
CUST_2346,Male,1,1,1,35,Two years,DSL,83.68,2930.28,Massachusetts
CUST_2347,Female,1,0,1,62,One year,fibre optic,114.15,7101.64,Kansas
CUST_2348,Male,0,0,1,64,Two years,fibre optic,109.16,7019.19,Wisconsin
CUST_2349,Male,0,1,0,24,One year,fibre optic,68.67,1649.27,Virginia
CUST_2350,Female,0,0,0,51,Month-to-month,DSL,92.95,4737.73,Indiana
CUST_2351,Male,0,0,0,26,One year,fibre optic,96.56,2528.99,Mississippi
CUST_2352,Female,0,1,0,17,Month-to-month,fibre optic,88.67,1515.74,California
CUST_2353,Female,0,0,1,66,Month-to-month,fibre optic,114.49,7586.65,Ohio
CUST_2354,Female,0,0,0,63,Month-to-month,DSL,59.49,3744.21,Texas
CUST_2355,Male,0,1,1,67,One year,DSL,33.05,2250.07,Kentucky
CUST_2356,Female,0,1,0,25,One year,fibre optic,73.98,1879.19,Kentucky
CUST_2357,Male,0,0,0,3,One year,DSL,41.15,167.43,Massachusetts
CUST_2358,Female,0,1,0,54,Month-to-month,fibre optic,62.0,3373.9,North Dakota
CUST_2359,Female,0,0,0,68,Month-to-month,fibre optic,49.03,3378.24,Arizona
CUST_2360,Female,0,1,0,8,Month-to-month,fibre optic,53.35,411.92,Wisconsin
CUST_2361,Male,0,1,1,59,Two years,fibre optic,72.93,4318.38,Tennessee
CUST_2362,Male,0,1,0,15,Month-to-month,DSL,33.6,513.83,Pennsylvania
CUST_2363,Male,0,0,0,63,One year,DSL,33.03,2076.42,Louisiana
CUST_2364,Male,0,0,0,64,Month-to-month,fibre optic,90.11,5795.78,New Hampshire
CUST_2365,Female,0,1,1,39,One year,fibre optic,110.96,4349.08,Alabama
CUST_2366,Male,0,0,0,4,Month-to-month,fibre optic,101.75,445.02,South Dakota
CUST_2367,Male,0,1,0,58,Month-to-month,fibre optic,93.61,5440.37,Idaho
CUST_2368,Male,0,1,0,65,Two years,DSL,100.67,6564.53,Montana
CUST_2369,Female,0,0,0,60,Two years,fibre optic,73.7,4460.02,Kentucky
CUST_2370,Male,1,0,0,67,Month-to-month,fibre optic,45.89,3110.95,Oklahoma
CUST_2371,Female,1,0,0,52,Month-to-month,fibre optic,73.25,3817.02,Michigan
CUST_2372,Female,0,0,0,29,Month-to-month,fibre optic,79.59,2333.14,Ohio
CUST_2373,Female,0,0,0,18,One year,fibre optic,53.42,958.43,Alaska
CUST_2374,Male,0,1,0,16,One year,DSL,67.31,1089.23,Rhode Island
CUST_2375,Female,1,1,1,57,Two years, None,74.87,4302.87,Indiana
CUST_2376,Male,0,1,0,39,Month-to-month,fibre optic,86.83,3381.17,North Carolina
CUST_2377,Female,0,0,0,42,Month-to-month,DSL,98.59,4144.3,Wisconsin
CUST_2378,Female,0,0,1,39,Month-to-month,fibre optic,109.25,4241.48,Nevada
CUST_2379,Male,0,0,0,14,Month-to-month,fibre optic,42.83,641.43,Oklahoma
CUST_2380,Female,0,0,0,37,Two years,fibre optic,98.76,3696.14,Vermont
CUST_2381,Male,0,0,1,56,Month-to-month,fibre optic,97.29,5464.6,Louisiana
CUST_2382,Male,0,0,0,8,Two years,fibre optic,105.94,856.0,Utah
CUST_2383,Male,0,1,1,17,Month-to-month,fibre optic,90.83,1584.88,Nevada
CUST_2384,Female,0,1,0,9,Month-to-month,DSL,37.14,342.19,Indiana
CUST_2385,Male,0,0,0,12,Two years,DSL,87.9,1065.29,Alaska
CUST_2386,Female,0,1,1,8,Month-to-month,DSL,106.84,883.47,Mississippi
CUST_2387,Female,0,1,1,37,Two years,DSL,55.5,2054.1,Nevada
CUST_2388,Female,0,0,1,45,Month-to-month,fibre optic,119.28,5413.15,North Carolina
CUST_2389,Male,0,0,1,35,Month-to-month,fibre optic,32.28,1146.98,New Jersey
CUST_2390,Male,0,1,0,50,Month-to-month,fibre optic,30.81,1531.18,Maryland
CUST_2391,Female,0,1,0,7,One year,DSL,46.49,343.94,Virginia
CUST_2392,Male,0,0,0,30,Two years,DSL,42.01,1247.19,Wisconsin
CUST_2393,Male,0,0,1,14,One year,fibre optic,65.75,960.19,New York
CUST_2394,Male,0,1,0,12,Month-to-month,DSL,30.18,367.23,Vermont
CUST_2395,Male,1,0,0,36,Month-to-month,fibre optic,63.35,2323.33,Kentucky
CUST_2396,Male,0,1,1,31,Month-to-month,fibre optic,75.47,2377.3,South Carolina
CUST_2397,Male,0,0,0,27,Month-to-month,DSL,39.96,1080.65,Georgia
CUST_2398,Female,0,1,0,57,One year, None,76.43,4353.07,Delaware
CUST_2399,Male,0,0,0,22,Two years, None,87.24,1912.33,Wisconsin
CUST_2400,Female,0,1,1,62,One year,fibre optic,60.39,3757.44,Michigan
CUST_2401,Male,0,1,1,42,Month-to-month,fibre optic,69.26,2909.1,Wisconsin
CUST_2402,Female,0,1,1,55,Month-to-month,DSL,82.18,4540.25,Wisconsin
CUST_2403,Female,0,1,0,33,Month-to-month,fibre optic,85.32,2812.84,Utah
CUST_2404,Female,0,0,1,23,Two years,fibre optic,49.01,1129.59,Maryland
CUST_2405,Female,0,0,0,15,Two years,fibre optic,86.45,1296.96,West Virginia
CUST_2406,Male,1,0,1,29,Month-to-month,fibre optic,30.98,900.57,New Mexico
CUST_2407,Female,1,0,0,62,One year,fibre optic,31.6,1966.72,Oklahoma
CUST_2408,Male,0,0,0,13,Two years,DSL,100.21,1335.42,Virginia
CUST_2409,Male,0,1,0,38,Month-to-month,DSL,58.46,2223.17,Nebraska
CUST_2410,Male,1,0,0,57,Month-to-month,DSL,36.06,2099.43,North Dakota
CUST_2411,Male,0,0,0,19,One year,fibre optic,47.43,937.74,Indiana
CUST_2412,Male,0,0,0,39,One year,fibre optic,34.48,1338.33,California
CUST_2413,Female,0,1,1,54,Month-to-month,DSL,101.77,5514.38,Kansas
CUST_2414,Female,0,0,1,51,Two years,fibre optic,91.06,4692.73,California
CUST_2415,Male,0,0,0,28,Month-to-month,fibre optic,30.91,886.14,New Jersey
CUST_2416,Female,0,0,0,61,Month-to-month,fibre optic,91.79,5619.49,Alaska
CUST_2417,Male,0,0,0,20,Month-to-month,fibre optic,103.94,2123.44,Alaska
CUST_2418,Male,1,1,1,40,One year,fibre optic,59.49,2411.79,Alaska
CUST_2419,Female,0,0,0,46,Month-to-month,fibre optic,79.89,3718.12,Mississippi
CUST_2420,Male,0,1,0,6,One year,fibre optic,46.24,295.44,Iowa
CUST_2421,Male,1,1,0,48,Month-to-month,fibre optic,102.15,4934.12,Maryland
CUST_2422,Female,0,0,0,28,Month-to-month, None,71.13,2003.34,Georgia
CUST_2423,Male,0,1,0,39,Month-to-month,DSL,58.24,2301.42,Texas
CUST_2424,Male,0,0,0,32,Two years,fibre optic,83.55,2681.01,Kansas
CUST_2425,Female,0,1,0,13,Two years,fibre optic,43.67,566.65,Ohio
CUST_2426,Male,0,1,1,28,One year,fibre optic,65.63,1831.45,Colorado
CUST_2427,Female,1,0,1,47,Two years,DSL,114.86,5447.17,California
CUST_2428,Male,0,0,1,59,Month-to-month,DSL,100.74,5980.97,Washington
CUST_2429,Female,0,1,0,60,Month-to-month,fibre optic,43.0,2581.27,Virginia
CUST_2430,Male,0,0,0,30,One year,DSL,47.85,1427.28,Idaho
CUST_2431,Male,0,0,0,49,Month-to-month,DSL,44.08,2204.32,Massachusetts
CUST_2432,Female,1,1,0,59,One year,fibre optic,35.89,2166.01,Georgia
CUST_2433,Female,0,0,0,57,Month-to-month,DSL,45.31,2569.43,Ohio
CUST_2434,Female,0,1,1,49,Two years,fibre optic,108.62,5341.15,Florida
CUST_2435,Male,0,1,0,49,Month-to-month,DSL,98.67,4865.7,Pennsylvania
CUST_2436,Female,0,1,0,55,One year,fibre optic,70.04,3849.99,Delaware
CUST_2437,Male,1,0,1,57,Month-to-month,fibre optic,47.06,2703.74,North Carolina
CUST_2438,Male,1,1,0,52,One year,DSL,53.05,2800.05,Colorado
CUST_2439,Female,0,1,0,24,One year,DSL,32.84,810.12,Minnesota
CUST_2440,Female,0,1,1,8,Month-to-month,DSL,86.15,671.52,Pennsylvania
CUST_2441,Male,1,0,0,17,Month-to-month, None,67.38,1141.82,Rhode Island
CUST_2442,Female,0,0,1,49,Month-to-month,fibre optic,93.51,4586.8,Connecticut
CUST_2443,Male,1,0,1,9,Month-to-month,fibre optic,72.26,634.08,West Virginia
CUST_2444,Male,0,1,0,7,Month-to-month,fibre optic,79.82,546.79,Arizona
CUST_2445,Female,0,0,0,38,One year,fibre optic,37.58,1455.16,Kansas
CUST_2446,Male,0,0,1,65,Month-to-month,DSL,74.75,4852.38,Oklahoma
CUST_2447,Female,0,1,0,19,Month-to-month,fibre optic,90.12,1756.79,Illinois
CUST_2448,Male,1,1,0,43,Month-to-month, None,44.91,1924.57,Wyoming
CUST_2449,Female,1,0,0,71,One year,fibre optic,104.13,7431.21,New Mexico
CUST_2450,Female,0,0,1,37,Month-to-month,fibre optic,77.07,2896.8,Illinois
CUST_2451,Male,1,1,0,57,Month-to-month,fibre optic,74.05,4264.41,Arkansas
CUST_2452,Male,0,0,0,21,Month-to-month,DSL,35.52,739.45,California
CUST_2453,Male,0,1,0,51,Two years,fibre optic,57.67,2927.42,Alaska
CUST_2454,Male,0,1,1,11,Two years,fibre optic,77.43,849.35,Colorado
CUST_2455,Female,1,0,0,53,One year,DSL,59.14,3157.82,Indiana
CUST_2456,Male,0,1,1,34,Month-to-month,DSL,40.27,1364.01,New York
CUST_2457,Female,1,0,0,63,One year,fibre optic,88.12,5572.7,Indiana
CUST_2458,Male,1,1,1,65,Month-to-month,DSL,43.01,2831.69,Louisiana
CUST_2459,Female,0,0,1,8,Two years,DSL,66.64,543.08,Iowa
CUST_2460,Male,0,0,1,13,One year,fibre optic,78.17,1006.22,New Mexico
CUST_2461,Female,0,1,0,22,Two years,fibre optic,89.61,2001.32,North Carolina
CUST_2462,Female,0,1,0,5,Month-to-month,fibre optic,119.98,627.43,New Jersey
CUST_2463,Male,0,0,1,55,Month-to-month,fibre optic,88.31,4889.19,Montana
CUST_2464,Male,0,0,0,26,One year,DSL,78.93,2034.37,Minnesota
CUST_2465,Female,0,0,1,41,Month-to-month,DSL,70.9,2947.69,Rhode Island
CUST_2466,Male,0,0,0,3,Two years,DSL,108.38,358.5,Ohio
CUST_2467,Male,0,1,0,56,Month-to-month,fibre optic,32.58,1815.4,Mississippi
CUST_2468,Female,0,0,1,6,Month-to-month,fibre optic,70.57,430.48,Arizona
CUST_2469,Female,0,1,0,42,Month-to-month, None,31.63,1369.16,Michigan
CUST_2470,Male,0,1,0,49,Month-to-month,DSL,34.11,1664.53,Connecticut
CUST_2471,Male,0,0,0,31,Two years,fibre optic,66.77,2051.81,Oklahoma
CUST_2472,Female,0,1,1,58,Month-to-month,DSL,64.28,3775.0,Utah
CUST_2473,Female,0,1,1,71,Two years,fibre optic,100.82,7150.04,Texas
CUST_2474,Female,0,0,0,14,Month-to-month,DSL,38.02,538.08,Arizona
CUST_2475,Female,1,1,0,57,Month-to-month,fibre optic,80.1,4559.74,North Dakota
CUST_2476,Female,0,0,0,67,Month-to-month,fibre optic,69.71,4714.02,Idaho
CUST_2477,Female,0,0,0,49,Two years,fibre optic,83.84,4141.38,Texas
CUST_2478,Female,1,0,0,13,Month-to-month,DSL,60.67,822.16,Alaska
CUST_2479,Male,0,1,1,9,One year,DSL,43.28,439.0,Maine
CUST_2480,Female,0,0,1,67,Two years,fibre optic,85.82,5750.95,Connecticut
CUST_2481,Male,0,0,0,8,Month-to-month,DSL,81.27,675.02,Wyoming
CUST_2482,Female,0,0,0,64,One year,DSL,94.62,6095.77,Kansas
CUST_2483,Female,0,1,0,41,Two years,fibre optic,86.16,3548.13,Arizona
CUST_2484,Female,0,1,1,27,One year,fibre optic,98.25,2643.93,Montana
CUST_2485,Male,0,0,1,44,Two years,DSL,78.24,3450.31,Wisconsin
CUST_2486,Male,0,0,0,49,Month-to-month,fibre optic,30.11,1525.08,Kentucky
CUST_2487,Female,0,1,0,60,Two years,DSL,54.41,3254.77,Rhode Island
CUST_2488,Female,0,0,1,31,Two years,DSL,42.33,1303.29,Montana
CUST_2489,Male,0,1,0,39,Month-to-month,fibre optic,79.38,3126.85,Oregon
CUST_2490,Female,0,0,0,20,Month-to-month,fibre optic,50.95,1037.53,Missouri
CUST_2491,Male,0,0,0,9,One year,DSL,61.61,571.65,West Virginia
CUST_2492,Female,0,1,1,9,Month-to-month,DSL,97.91,870.59,Montana
CUST_2493,Male,0,0,0,70,One year,DSL,95.94,6742.16,Nevada
CUST_2494,Male,0,1,0,23,Month-to-month,DSL,77.16,1797.83,Indiana
CUST_2495,Male,0,1,1,27,One year, None,110.15,2957.68,California
CUST_2496,Male,0,0,1,45,One year,DSL,75.01,3364.82,Massachusetts
CUST_2497,Female,0,0,1,1,Month-to-month,fibre optic,92.64,137.39,Illinois
CUST_2498,Male,0,0,0,60,Month-to-month, None,47.35,2864.73,New Mexico
CUST_2499,Male,0,1,0,29,Month-to-month, None,35.3,1026.81,Indiana
CUST_2500,Male,1,0,1,50,Month-to-month,fibre optic,114.15,5716.82,Alabama
CUST_2501,Female,0,0,1,59,Month-to-month,fibre optic,109.76,6525.2,Tennessee
CUST_2502,Male,0,1,1,27,Month-to-month,fibre optic,49.27,1342.57,Ohio
CUST_2503,Male,1,1,0,49,Month-to-month,fibre optic,103.88,5122.36,South Dakota
CUST_2504,Female,0,0,0,54,Month-to-month,DSL,97.32,5299.2,Alaska
CUST_2505,Female,0,0,1,9,Month-to-month,DSL,93.64,842.1,Connecticut
CUST_2506,Male,0,1,1,39,Month-to-month,fibre optic,92.93,3637.33,Ohio
CUST_2507,Male,0,0,0,15,One year,fibre optic,94.79,1459.19,Georgia
CUST_2508,Male,1,0,0,42,Month-to-month,fibre optic,93.65,3969.03,Georgia
CUST_2509,Female,0,1,0,46,One year,fibre optic,70.71,3266.16,New Jersey
CUST_2510,Male,0,1,0,11,Month-to-month,DSL,69.84,787.96,Missouri
CUST_2511,Female,1,1,1,5,Month-to-month,DSL,64.31,340.99,Nebraska
CUST_2512,Male,0,1,0,27,Month-to-month,fibre optic,50.64,1416.1,Virginia
CUST_2513,Male,0,0,1,4,Month-to-month,fibre optic,42.89,160.02,Nebraska
CUST_2514,Female,0,1,0,10,Two years,fibre optic,87.09,900.4,California
CUST_2515,Female,0,0,0,60,Month-to-month,DSL,43.52,2621.59,Colorado
CUST_2516,Male,0,0,0,51,Two years,fibre optic,35.8,1814.17,Colorado
CUST_2517,Female,0,1,0,48,One year,fibre optic,62.44,3017.17,Maine
CUST_2518,Female,1,1,0,14,One year, None,57.99,842.27,Virginia
CUST_2519,Female,0,0,1,16,Month-to-month,DSL,88.66,1411.25,Maryland
CUST_2520,Female,1,0,1,20,Two years,fibre optic,119.17,2366.67,New York
CUST_2521,Female,0,0,0,17,Two years,fibre optic,98.66,1669.59,Ohio
CUST_2522,Male,0,0,0,63,Month-to-month,fibre optic,79.37,4986.69,Texas
CUST_2523,Female,1,0,1,55,Month-to-month,fibre optic,69.27,3839.28,Massachusetts
CUST_2524,Male,0,1,0,12,Month-to-month, None,111.31,1363.2,Wisconsin
CUST_2525,Male,1,1,0,71,Two years,DSL,78.3,5563.98,Michigan
CUST_2526,Female,0,0,0,63,Month-to-month,fibre optic,79.27,5036.71,New Mexico
CUST_2527,Female,0,1,1,2,Month-to-month,fibre optic,60.29,122.46,West Virginia
CUST_2528,Female,0,0,0,15,Month-to-month,fibre optic,54.16,810.26,Idaho
CUST_2529,Female,0,0,1,6,Month-to-month, None,100.62,635.18,Kansas
CUST_2530,Male,0,1,1,65,Two years,fibre optic,106.48,6929.53,Kentucky
CUST_2531,Female,0,1,1,11,Month-to-month,fibre optic,78.58,891.66,South Carolina
CUST_2532,Female,0,1,1,49,Month-to-month,fibre optic,60.52,2999.79,Nebraska
CUST_2533,Female,0,0,0,17,One year,fibre optic,58.53,1012.15,Massachusetts
CUST_2534,Female,1,0,0,7,Month-to-month,fibre optic,114.58,833.04,Missouri
CUST_2535,Female,0,0,1,47,Month-to-month,fibre optic,43.34,2020.93,New Hampshire
CUST_2536,Male,0,1,1,23,One year,fibre optic,48.81,1143.91,Pennsylvania
CUST_2537,Female,0,1,0,14,Month-to-month,DSL,51.25,742.34,Indiana
CUST_2538,Male,0,0,0,45,One year,DSL,87.79,3948.15,Montana
CUST_2539,Male,0,0,0,33,One year,fibre optic,100.92,3347.61,Utah
CUST_2540,Female,0,1,0,2,Month-to-month,DSL,109.89,225.57,Arkansas
CUST_2541,Female,0,1,1,4,Month-to-month,DSL,38.13,159.19,New Mexico
CUST_2542,Female,0,0,1,6,Month-to-month,fibre optic,36.17,234.81,Oklahoma
CUST_2543,Male,0,1,1,56,Two years,fibre optic,71.23,4033.11,Vermont
CUST_2544,Female,0,0,0,51,Month-to-month,DSL,51.98,2680.99,Mississippi
CUST_2545,Male,1,1,0,63,Month-to-month,fibre optic,89.68,5688.59,Rhode Island
CUST_2546,Female,1,0,0,50,Month-to-month,DSL,42.69,2168.42,Hawaii
CUST_2547,Female,0,0,0,12,Month-to-month, None,65.54,829.54,Illinois
CUST_2548,Male,0,1,1,13,Month-to-month,DSL,100.94,1323.74,Mississippi
CUST_2549,Female,0,1,1,15,Month-to-month,fibre optic,73.24,1110.53,Arizona
CUST_2550,Male,0,0,0,45,Month-to-month,fibre optic,76.86,3464.79,Idaho
CUST_2551,Male,0,0,0,58,Month-to-month,DSL,32.02,1894.61,Delaware
CUST_2552,Male,1,1,1,29,One year,fibre optic,73.57,2164.75,Virginia
CUST_2553,Male,1,1,0,20,One year, None,71.39,1467.12,Oklahoma
CUST_2554,Female,0,1,0,34,Month-to-month,DSL,104.61,3552.96,Nevada
CUST_2555,Female,0,1,0,8,Month-to-month,fibre optic,91.94,762.66,Colorado
CUST_2556,Male,0,1,0,6,Month-to-month,fibre optic,104.2,657.74,Iowa
CUST_2557,Male,0,0,1,52,Month-to-month,fibre optic,108.87,5648.37,Alaska
CUST_2558,Male,0,1,0,3,One year,fibre optic,108.4,325.92,Idaho
CUST_2559,Male,0,0,1,48,Month-to-month,fibre optic,115.04,5550.18,Alaska
CUST_2560,Male,0,1,0,7,Month-to-month,fibre optic,56.09,442.22,California
CUST_2561,Male,0,0,0,43,Month-to-month,DSL,38.87,1670.25,Oklahoma
CUST_2562,Male,1,0,0,37,Month-to-month,fibre optic,38.3,1429.96,Nevada
CUST_2563,Female,0,1,0,28,Month-to-month,DSL,67.24,1883.52,Ohio
CUST_2564,Female,0,1,0,67,Month-to-month,fibre optic,50.29,3372.24,Ohio
CUST_2565,Female,0,0,0,40,Two years,DSL,80.89,3270.9,Rhode Island
CUST_2566,Female,0,0,0,60,Month-to-month,fibre optic,33.76,2070.48,Connecticut
CUST_2567,Female,0,0,0,69,Month-to-month,DSL,101.8,7023.33,Pennsylvania
CUST_2568,Male,0,0,1,52,Two years,fibre optic,73.0,3809.02,Maine
CUST_2569,Male,0,1,1,42,One year,fibre optic,67.73,2869.92,South Carolina
CUST_2570,Female,0,0,0,5,One year, None,69.76,374.84,Alabama
CUST_2571,Female,0,1,1,33,Month-to-month,fibre optic,93.59,3094.93,New Mexico
CUST_2572,Male,0,0,1,8,Month-to-month,fibre optic,41.04,318.29,Texas
CUST_2573,Male,0,0,0,22,Month-to-month,DSL,110.86,2467.7,Ohio
CUST_2574,Male,0,1,0,26,Two years,DSL,51.04,1334.89,South Dakota
CUST_2575,Female,1,1,0,51,Month-to-month,DSL,91.41,4655.65,Utah
CUST_2576,Female,1,0,0,40,Month-to-month, None,97.99,3928.94,Arkansas
CUST_2577,Male,0,0,0,56,Month-to-month,fibre optic,101.23,5715.32,Nevada
CUST_2578,Female,0,0,0,62,Month-to-month,fibre optic,65.38,4063.73,Delaware
CUST_2579,Female,0,0,0,21,Two years,fibre optic,82.76,1779.26,Delaware
CUST_2580,Male,0,0,0,17,One year,fibre optic,38.61,690.52,Arkansas
CUST_2581,Male,0,0,0,68,One year,fibre optic,81.48,5571.78,Tennessee
CUST_2582,Male,1,0,0,39,Month-to-month,fibre optic,31.6,1225.92,West Virginia
CUST_2583,Male,0,1,0,38,One year,fibre optic,63.42,2396.02,Kansas
CUST_2584,Male,1,0,0,24,Two years,fibre optic,41.85,1049.19,Virginia
CUST_2585,Female,0,0,1,42,Month-to-month,fibre optic,71.02,3022.38,New Hampshire
CUST_2586,Male,0,1,1,57,Month-to-month,fibre optic,44.51,2549.53,Rhode Island
CUST_2587,Male,0,0,1,12,Month-to-month,fibre optic,88.48,1046.22,Michigan
CUST_2588,Female,0,0,0,12,Month-to-month,DSL,108.83,1315.41,Wyoming
CUST_2589,Male,0,0,1,50,Month-to-month,DSL,117.14,5904.9,Pennsylvania
CUST_2590,Male,0,1,0,54,Month-to-month,fibre optic,49.83,2670.97,Rhode Island
CUST_2591,Male,0,0,0,37,One year, None,33.63,1234.78,Alaska
CUST_2592,Male,0,0,1,8,Month-to-month,fibre optic,54.03,435.55,Florida
CUST_2593,Male,0,0,0,36,Month-to-month, None,114.45,4125.87,Wisconsin
CUST_2594,Male,0,1,1,25,Two years,fibre optic,87.64,2176.57,Montana
CUST_2595,Female,0,0,0,69,Month-to-month,DSL,47.41,3284.89,Connecticut
CUST_2596,Female,1,0,0,5,Month-to-month, None,70.07,335.53,Maryland
CUST_2597,Female,0,0,0,54,Two years,fibre optic,72.23,3933.94,Mississippi
CUST_2598,Male,0,0,0,32,Month-to-month,DSL,42.28,1374.14,Alaska
CUST_2599,Male,0,0,1,21,Month-to-month,fibre optic,85.63,1803.98,North Dakota
CUST_2600,Female,0,1,0,19,Month-to-month,DSL,31.19,607.75,Washington
CUST_2601,Male,0,1,0,58,Two years,fibre optic,66.75,3908.36,Wyoming
CUST_2602,Female,0,1,0,49,Month-to-month,DSL,80.08,3973.49,Iowa
CUST_2603,Female,0,1,0,61,Month-to-month,fibre optic,80.52,4895.06,Oklahoma
CUST_2604,Female,0,1,0,37,Month-to-month,fibre optic,67.05,2496.13,Iowa
CUST_2605,Female,0,0,1,65,One year,fibre optic,70.36,4578.26,Colorado
CUST_2606,Female,0,0,0,32,Month-to-month,fibre optic,42.02,1335.02,Arkansas
CUST_2607,Female,0,1,0,32,Month-to-month,fibre optic,77.86,2523.38,Louisiana
CUST_2608,Female,0,0,0,47,Month-to-month, None,78.79,3685.53,Vermont
CUST_2609,Male,0,1,0,35,Month-to-month,fibre optic,114.3,3981.97,Vermont
CUST_2610,Male,0,0,0,24,Month-to-month, None,31.17,776.32,California
CUST_2611,Female,1,0,0,58,One year,fibre optic,100.65,5857.43,Wisconsin
CUST_2612,Male,1,1,0,68,One year,DSL,111.68,7620.98,New York
CUST_2613,Female,0,0,0,21,Month-to-month,DSL,64.93,1356.13,Utah
CUST_2614,Male,0,0,1,20,Two years,fibre optic,84.96,1732.28,Virginia
CUST_2615,Female,1,1,1,3,Month-to-month,fibre optic,112.2,332.89,Maine
CUST_2616,Female,0,0,1,53,Month-to-month,fibre optic,49.99,2671.65,Kansas
CUST_2617,Male,0,0,0,48,Two years,fibre optic,91.44,4391.77,New Jersey
CUST_2618,Male,0,0,1,62,One year,DSL,34.14,2102.17,North Dakota
CUST_2619,Female,0,1,1,69,Month-to-month,fibre optic,35.68,2469.53,Oregon
CUST_2620,Male,0,1,0,30,One year,fibre optic,42.78,1292.84,New Mexico
CUST_2621,Female,0,1,0,24,One year,DSL,49.15,1205.93,West Virginia
CUST_2622,Female,0,1,0,68,Two years,DSL,99.57,6809.59,Nebraska
CUST_2623,Male,0,0,0,70,One year,DSL,90.38,6332.23,Georgia
CUST_2624,Male,0,1,1,29,One year,fibre optic,102.26,2996.48,Georgia
CUST_2625,Female,0,0,1,51,Month-to-month,fibre optic,86.25,4424.95,Arizona
CUST_2626,Female,0,1,0,48,Month-to-month,DSL,76.9,3694.36,Idaho
CUST_2627,Male,1,0,0,35,Two years,fibre optic,37.97,1358.8,Florida
CUST_2628,Male,0,0,0,17,Month-to-month,DSL,62.25,1099.91,Maine
CUST_2629,Male,1,0,1,15,Two years,DSL,38.08,619.51,Mississippi
CUST_2630,Female,0,1,0,6,Two years, None,82.45,541.54,California
CUST_2631,Male,1,1,1,43,Month-to-month,fibre optic,80.79,3457.03,Montana
CUST_2632,Male,0,1,1,21,One year,fibre optic,79.89,1698.48,Maryland
CUST_2633,Male,0,1,0,26,One year,fibre optic,116.41,3040.02,Maryland
CUST_2634,Male,1,0,1,34,Month-to-month,fibre optic,112.15,3845.53,Tennessee
CUST_2635,Female,0,0,0,38,Month-to-month,fibre optic,37.73,1438.95,Louisiana
CUST_2636,Female,0,1,1,40,Month-to-month,fibre optic,88.8,3571.15,Arkansas
CUST_2637,Female,0,0,1,3,Month-to-month,fibre optic,39.75,153.0,Minnesota
CUST_2638,Male,0,1,1,4,Month-to-month,fibre optic,85.49,377.69,Delaware
CUST_2639,Female,0,0,0,7,Month-to-month, None,50.01,376.01,North Carolina
CUST_2640,Female,1,0,0,16,Month-to-month,DSL,98.72,1603.37,New Mexico
CUST_2641,Male,0,1,0,23,Month-to-month,fibre optic,99.99,2338.8,North Dakota
CUST_2642,Female,0,0,0,16,Month-to-month,fibre optic,67.27,1060.27,Tennessee
CUST_2643,Male,0,0,0,23,Two years,fibre optic,83.5,1968.17,Wisconsin
CUST_2644,Female,1,0,1,6,Two years,DSL,77.0,502.11,Mississippi
CUST_2645,Male,0,1,0,10,One year,fibre optic,42.62,471.76,Michigan
CUST_2646,Male,0,0,1,22,Month-to-month, None,44.29,996.98,Delaware
CUST_2647,Female,1,1,0,35,Two years,fibre optic,97.74,3434.82,Kansas
CUST_2648,Male,0,1,0,21,One year, None,37.61,796.01,New Hampshire
CUST_2649,Female,0,1,0,50,Month-to-month,fibre optic,90.69,4518.43,Florida
CUST_2650,Female,0,0,0,47,One year,fibre optic,53.37,2496.09,Tennessee
CUST_2651,Male,0,1,0,14,One year,DSL,53.12,780.13,South Dakota
CUST_2652,Male,0,0,1,55,Month-to-month,DSL,102.5,5644.55,Louisiana
CUST_2653,Male,0,0,1,42,Month-to-month, None,69.14,2939.44,Idaho
CUST_2654,Female,0,1,1,20,Month-to-month,fibre optic,93.54,1886.49,Idaho
CUST_2655,Female,0,1,0,50,Month-to-month,fibre optic,113.21,5654.32,Delaware
CUST_2656,Male,0,1,0,69,Month-to-month,fibre optic,77.83,5394.93,North Dakota
CUST_2657,Female,0,0,0,64,Month-to-month,fibre optic,90.31,5773.95,Missouri
CUST_2658,Male,0,0,0,2,Month-to-month,DSL,33.63,107.29,New Hampshire
CUST_2659,Male,0,1,0,54,One year,fibre optic,60.86,3272.61,Colorado
CUST_2660,Male,0,1,0,5,Month-to-month,DSL,83.98,404.82,Nebraska
CUST_2661,Female,0,1,0,10,Month-to-month,fibre optic,85.33,884.02,Oregon
CUST_2662,Male,0,1,1,67,Month-to-month,fibre optic,119.52,8009.29,Arizona
CUST_2663,Male,1,1,1,15,Month-to-month,fibre optic,60.23,885.35,Indiana
CUST_2664,Female,0,0,0,55,Month-to-month,DSL,72.71,4037.79,New Hampshire
CUST_2665,Male,0,0,1,43,Month-to-month,DSL,58.99,2540.12,West Virginia
CUST_2666,Male,0,1,0,57,One year,fibre optic,34.45,2010.74,North Dakota
CUST_2667,Female,0,1,0,53,Month-to-month,fibre optic,90.68,4792.52,Virginia
CUST_2668,Female,1,0,0,62,Month-to-month,fibre optic,41.42,2557.44,Tennessee
CUST_2669,Female,0,0,0,16,Month-to-month,fibre optic,37.58,631.86,Florida
CUST_2670,Female,0,0,0,66,Two years,DSL,75.67,5039.69,Utah
CUST_2671,Female,0,0,1,69,Month-to-month,fibre optic,39.6,2740.48,Louisiana
CUST_2672,Female,0,1,0,52,Month-to-month,fibre optic,47.82,2485.88,Idaho
CUST_2673,Female,1,1,0,10,Month-to-month,fibre optic,94.64,937.1,Florida
CUST_2674,Female,1,0,0,8,Month-to-month,DSL,63.21,496.77,Arkansas
CUST_2675,Male,0,0,0,5,Two years,fibre optic,88.56,487.16,Wyoming
CUST_2676,Male,0,0,0,34,Month-to-month,DSL,116.65,3966.55,Arizona
CUST_2677,Female,0,0,0,65,One year,fibre optic,32.26,2106.05,New Hampshire
CUST_2678,Female,0,0,0,43,Month-to-month,fibre optic,118.55,5134.99,North Carolina
CUST_2679,Male,1,0,0,56,One year,fibre optic,58.35,3286.38,Iowa
CUST_2680,Male,0,1,0,71,Month-to-month, None,80.82,5759.82,Texas
CUST_2681,Male,0,1,0,3,Month-to-month, None,95.93,273.67,Rhode Island
CUST_2682,Female,0,0,0,39,Two years,DSL,47.89,1864.16,Idaho
CUST_2683,Female,1,0,0,25,Month-to-month, None,31.44,771.8,Ohio
CUST_2684,Male,0,0,0,28,One year, None,115.89,3290.75,Mississippi
CUST_2685,Male,0,1,1,32,Month-to-month,DSL,72.63,2371.06,Minnesota
CUST_2686,Male,0,0,0,49,Month-to-month,fibre optic,55.44,2717.2,Tennessee
CUST_2687,Female,0,1,1,32,Month-to-month,fibre optic,113.19,3607.61,West Virginia
CUST_2688,Female,0,0,0,17,Month-to-month,fibre optic,84.1,1450.51,Texas
CUST_2689,Male,1,0,0,44,One year,DSL,73.74,3228.75,Idaho
CUST_2690,Female,0,0,1,31,Two years, None,89.3,2782.24,Hawaii
CUST_2691,Male,0,1,1,28,One year, None,42.38,1168.8,South Carolina
CUST_2692,Male,1,1,1,52,Month-to-month,fibre optic,81.77,4262.73,Nebraska
CUST_2693,Female,0,0,0,63,One year,fibre optic,43.05,2695.0,Rhode Island
CUST_2694,Female,1,1,0,27,Two years,fibre optic,100.92,2731.73,Ohio
CUST_2695,Male,0,0,0,17,One year, None,87.94,1511.55,Arkansas
CUST_2696,Male,0,0,1,21,Month-to-month,DSL,49.2,1059.2,Florida
CUST_2697,Female,0,1,0,48,Month-to-month,fibre optic,116.41,5620.18,Wyoming
CUST_2698,Male,0,1,1,28,Month-to-month,fibre optic,90.6,2561.04,Colorado
CUST_2699,Female,0,1,0,4,Month-to-month,fibre optic,59.12,253.62,Rhode Island
CUST_2700,Male,0,1,0,43,Two years,fibre optic,49.35,2146.29,Minnesota
CUST_2701,Female,1,1,0,33,Month-to-month,fibre optic,85.83,2846.8,Georgia
CUST_2702,Female,0,1,0,40,One year,fibre optic,57.84,2297.0,Oregon
CUST_2703,Male,0,1,0,52,Month-to-month,fibre optic,107.95,5605.47,Vermont
CUST_2704,Male,0,0,0,55,Month-to-month,DSL,32.63,1834.07,Illinois
CUST_2705,Male,0,1,0,2,One year,DSL,87.5,178.31,Indiana
CUST_2706,Male,0,0,0,18,One year,DSL,87.24,1580.28,Alabama
CUST_2707,Male,1,0,1,37,Two years,fibre optic,68.1,2515.08,Illinois
CUST_2708,Male,0,0,0,63,One year,DSL,100.01,6334.5,Missouri
CUST_2709,Male,0,1,0,48,Month-to-month,fibre optic,43.84,2142.62,Minnesota
CUST_2710,Female,0,0,0,5,Month-to-month,DSL,43.05,195.44,Massachusetts
CUST_2711,Male,0,0,1,41,Month-to-month,fibre optic,112.19,4623.8,Arkansas
CUST_2712,Female,0,0,1,17,One year,fibre optic,114.09,1988.46,Michigan
CUST_2713,Female,0,1,1,47,Month-to-month,DSL,41.96,2005.5,Texas
CUST_2714,Male,0,1,1,62,Month-to-month,DSL,75.81,4740.2,Nebraska
CUST_2715,Female,0,1,0,2,Month-to-month,fibre optic,44.07,120.74,Nevada
CUST_2716,Male,0,1,1,38,One year,fibre optic,42.49,1656.34,West Virginia
CUST_2717,Male,0,0,1,25,Month-to-month, None,112.34,2794.11,Ohio
CUST_2718,Female,0,0,0,59,Month-to-month,fibre optic,91.43,5410.05,Virginia
CUST_2719,Male,0,0,0,32,Month-to-month,fibre optic,97.4,3102.79,Idaho
CUST_2720,Female,0,0,1,49,Month-to-month,fibre optic,103.04,5047.49,North Carolina
CUST_2721,Female,1,0,1,48,Month-to-month,fibre optic,96.47,4654.59,Alaska
CUST_2722,Male,0,0,0,45,One year,fibre optic,41.12,1857.4,Oklahoma
CUST_2723,Female,0,0,0,48,Month-to-month,DSL,66.78,3231.09,Hawaii
CUST_2724,Female,0,0,0,67,One year,fibre optic,117.86,7944.61,Florida
CUST_2725,Female,0,0,0,14,Month-to-month,fibre optic,63.66,893.07,Indiana
CUST_2726,Male,0,1,1,37,Month-to-month,DSL,59.94,2243.28,Illinois
CUST_2727,Male,0,1,0,23,One year,DSL,69.36,1576.2,North Dakota
CUST_2728,Female,0,0,0,37,Two years,fibre optic,60.41,2283.55,New Jersey
CUST_2729,Female,0,0,0,64,One year,fibre optic,100.18,6435.72,Delaware
CUST_2730,Male,0,0,0,55,Month-to-month,DSL,99.67,5527.61,Oklahoma
CUST_2731,Female,0,0,0,2,Month-to-month,fibre optic,98.48,245.56,Maryland
CUST_2732,Male,0,1,1,14,Month-to-month, None,92.44,1308.25,Michigan
CUST_2733,Female,0,1,0,8,Month-to-month,fibre optic,80.15,645.48,Maine
CUST_2734,Male,0,1,1,65,One year, None,100.9,6552.48,Delaware
CUST_2735,Female,0,0,1,67,Month-to-month,fibre optic,42.98,2897.84,Montana
CUST_2736,Male,0,1,1,42,Month-to-month,DSL,52.23,2238.2,Mississippi
CUST_2737,Female,1,0,0,10,One year,DSL,39.45,403.63,New Hampshire
CUST_2738,Male,0,0,1,43,Two years,fibre optic,76.23,3273.05,Pennsylvania
CUST_2739,Female,0,0,0,40,One year,fibre optic,41.37,1653.45,Oregon
CUST_2740,Male,0,1,0,61,Month-to-month, None,112.22,6844.73,Missouri
CUST_2741,Male,0,1,1,71,One year,DSL,100.61,7148.71,Utah
CUST_2742,Male,0,1,0,14,One year,fibre optic,104.44,1475.54,Wisconsin
CUST_2743,Male,0,1,0,23,One year,DSL,79.76,1861.93,Arizona
CUST_2744,Male,0,0,0,48,Month-to-month,DSL,67.28,3218.57,Maine
CUST_2745,Female,0,1,0,38,Month-to-month,DSL,39.29,1520.02,Oregon
CUST_2746,Male,0,1,1,59,Month-to-month,DSL,65.05,3833.93,Oklahoma
CUST_2747,Male,1,0,1,13,One year,DSL,68.25,903.12,Texas
CUST_2748,Female,0,0,1,11,Two years,DSL,45.6,500.98,Oklahoma
CUST_2749,Female,0,0,1,57,Two years,fibre optic,46.97,2669.92,North Dakota
CUST_2750,Female,0,1,0,5,Two years,fibre optic,42.44,218.06,Delaware
CUST_2751,Male,0,1,0,29,Month-to-month, None,57.41,1684.23,Indiana
CUST_2752,Male,0,1,0,62,One year,fibre optic,45.95,2887.28,South Carolina
CUST_2753,Female,1,1,1,71,Two years,fibre optic,104.95,7450.26,Missouri
CUST_2754,Female,0,0,0,36,Month-to-month,fibre optic,98.85,3585.56,New Hampshire
CUST_2755,Female,0,1,0,5,Month-to-month,fibre optic,32.22,142.24,Iowa
CUST_2756,Female,0,0,0,28,Month-to-month,fibre optic,48.25,1354.93,Rhode Island
CUST_2757,Female,0,0,0,45,Month-to-month,fibre optic,109.07,4891.15,Georgia
CUST_2758,Male,0,0,0,45,Month-to-month, None,73.58,3348.83,California
CUST_2759,Male,0,1,0,22,Two years, None,62.15,1352.55,Florida
CUST_2760,Female,1,1,0,20,Month-to-month,fibre optic,85.64,1749.9,North Dakota
CUST_2761,Male,0,0,1,41,One year,fibre optic,114.86,4758.35,South Carolina
CUST_2762,Female,0,1,0,22,Month-to-month,fibre optic,51.65,1167.4,Montana
CUST_2763,Female,0,0,0,69,Month-to-month,fibre optic,113.98,7898.15,Hawaii
CUST_2764,Female,0,1,0,17,Two years, None,33.66,567.6,Massachusetts
CUST_2765,Female,0,1,0,66,Month-to-month,fibre optic,78.77,5236.7,South Dakota
CUST_2766,Male,1,0,0,1,Two years,fibre optic,67.32,77.73,Connecticut
CUST_2767,Female,1,0,0,5,Two years,fibre optic,85.28,448.11,Texas
CUST_2768,Female,0,0,0,52,One year,DSL,103.78,5421.79,Montana
CUST_2769,Male,0,0,0,48,Month-to-month,DSL,43.61,2089.68,Missouri
CUST_2770,Male,0,0,0,34,Two years,fibre optic,46.99,1584.66,Rhode Island
CUST_2771,Female,0,1,0,53,Two years,DSL,118.13,6293.5,Wisconsin
CUST_2772,Male,0,0,1,14,Month-to-month,fibre optic,79.98,1121.14,Pennsylvania
CUST_2773,Female,0,1,1,11,Month-to-month,fibre optic,32.81,347.46,California
CUST_2774,Male,0,0,0,60,Month-to-month,fibre optic,81.53,4893.44,Arizona
CUST_2775,Male,0,0,0,47,Month-to-month,DSL,48.49,2297.16,New York
CUST_2776,Male,0,1,1,22,Two years,fibre optic,37.1,798.59,Massachusetts
CUST_2777,Male,0,1,1,12,One year,DSL,97.06,1170.52,North Carolina
CUST_2778,Female,0,1,0,13,One year,DSL,103.71,1332.92,Georgia
CUST_2779,Male,1,1,0,16,Two years, None,44.1,706.31,Alaska
CUST_2780,Male,0,0,0,41,One year,fibre optic,50.26,2054.26,Louisiana
CUST_2781,Male,1,1,1,65,Month-to-month,fibre optic,89.88,5887.79,Arizona
CUST_2782,Male,0,1,0,51,One year,DSL,78.38,4040.25,Kentucky
CUST_2783,Male,0,0,1,13,Two years,DSL,78.61,1037.26,New York
CUST_2784,Female,0,0,1,48,Month-to-month,DSL,96.6,4618.25,Kentucky
CUST_2785,Female,1,1,1,6,Month-to-month,DSL,115.98,685.68,Virginia
CUST_2786,Female,0,0,0,5,One year,fibre optic,91.97,505.3,Utah
CUST_2787,Male,0,1,1,22,Two years,fibre optic,79.47,1742.87,Wisconsin
CUST_2788,Female,1,1,0,52,One year,fibre optic,89.22,4688.28,Nebraska
CUST_2789,Male,1,0,0,12,Two years,DSL,104.63,1270.99,North Dakota
CUST_2790,Male,0,0,0,41,Month-to-month,fibre optic,116.4,4806.2,Vermont
CUST_2791,Female,0,1,0,1,Month-to-month,DSL,65.3,68.95,Vermont
CUST_2792,Female,0,0,0,28,One year,fibre optic,114.39,3197.2,Georgia
CUST_2793,Female,0,0,1,33,One year,fibre optic,94.82,3111.04,Idaho
CUST_2794,Female,0,1,1,25,Month-to-month,DSL,106.11,2685.82,Michigan
CUST_2795,Male,0,1,0,65,Month-to-month,fibre optic,106.06,6879.46,Wyoming
CUST_2796,Female,0,0,0,29,Month-to-month,DSL,73.33,2160.58,Georgia
CUST_2797,Female,1,1,1,31,Two years,fibre optic,118.55,3719.71,Utah
CUST_2798,Female,1,0,1,60,Month-to-month,fibre optic,105.86,6336.71,Kansas
CUST_2799,Female,0,1,0,58,Month-to-month, None,46.82,2709.22,Rhode Island
CUST_2800,Female,0,0,0,7,Month-to-month,fibre optic,30.43,226.32,Mississippi
CUST_2801,Male,0,1,0,68,One year,DSL,81.56,5581.15,Oklahoma
CUST_2802,Female,0,0,0,35,Month-to-month,DSL,81.6,2865.22,Virginia
CUST_2803,Male,0,0,0,42,One year,fibre optic,81.24,3416.96,Oregon
CUST_2804,Female,0,1,0,35,Month-to-month, None,51.05,1769.03,Washington
CUST_2805,Female,0,1,1,54,Month-to-month,fibre optic,40.64,2184.97,Florida
CUST_2806,Male,1,1,0,15,Month-to-month,fibre optic,100.17,1487.0,Louisiana
CUST_2807,Male,0,1,0,61,Month-to-month,fibre optic,116.15,7121.23,Tennessee
CUST_2808,Male,0,0,1,31,Month-to-month,fibre optic,67.44,2085.92,Nebraska
CUST_2809,Female,0,0,0,6,Month-to-month,fibre optic,39.93,238.14,Pennsylvania
CUST_2810,Female,0,0,0,25,Two years,fibre optic,64.92,1619.24,Minnesota
CUST_2811,Male,0,0,0,6,Month-to-month,fibre optic,40.86,289.91,Rhode Island
CUST_2812,Male,0,1,0,8,Two years,DSL,42.81,342.93,South Carolina
CUST_2813,Female,1,0,0,66,Month-to-month,fibre optic,102.75,6794.14,Mississippi
CUST_2814,Male,0,0,0,29,Month-to-month,fibre optic,94.61,2744.07,Mississippi
CUST_2815,Male,0,1,0,54,Month-to-month, None,88.92,4796.7,Georgia
CUST_2816,Female,0,0,0,54,One year,DSL,40.97,2248.68,West Virginia
CUST_2817,Female,0,0,0,33,Month-to-month, None,40.04,1320.48,Nebraska
CUST_2818,Female,0,0,0,34,Two years,fibre optic,44.06,1524.19,Oregon
CUST_2819,Female,0,1,1,15,Two years,DSL,53.14,830.47,New Hampshire
CUST_2820,Male,0,1,0,37,One year,DSL,37.89,1391.4,Kansas
CUST_2821,Male,1,0,0,28,Month-to-month,DSL,73.05,2045.32,Mississippi
CUST_2822,Female,0,1,1,65,Month-to-month,fibre optic,106.47,6929.29,Florida
CUST_2823,Female,0,0,1,47,Month-to-month,DSL,52.62,2499.16,Iowa
CUST_2824,Male,0,1,0,11,Month-to-month,fibre optic,67.61,739.89,Idaho
CUST_2825,Male,0,0,1,68,Month-to-month,fibre optic,97.57,6645.0,New York
CUST_2826,Female,0,0,0,51,One year,fibre optic,111.59,5684.07,Wisconsin
CUST_2827,Female,0,0,1,61,One year,DSL,40.44,2471.43,Nevada
CUST_2828,Female,0,1,1,4,Month-to-month,fibre optic,63.93,258.8,Maine
CUST_2829,Male,0,0,0,45,Month-to-month,fibre optic,74.63,3388.99,Hawaii
CUST_2830,Female,0,0,0,67,Month-to-month,fibre optic,61.32,4095.92,West Virginia
CUST_2831,Female,0,1,0,27,Month-to-month,DSL,112.59,3052.74,Nebraska
CUST_2832,Female,0,1,0,58,Month-to-month,DSL,108.7,6345.62,Minnesota
CUST_2833,Female,0,0,0,63,Month-to-month,DSL,106.41,6715.67,Oklahoma
CUST_2834,Male,0,0,0,50,One year, None,117.72,5897.74,Pennsylvania
CUST_2835,Female,0,1,0,69,One year,fibre optic,106.83,7410.44,Alaska
CUST_2836,Female,0,1,1,5,Month-to-month,fibre optic,118.2,620.64,Florida
CUST_2837,Female,0,0,1,7,Month-to-month,DSL,94.56,697.41,Missouri
CUST_2838,Female,0,1,0,61,Month-to-month,fibre optic,61.8,3766.94,Oregon
CUST_2839,Female,0,0,1,14,Month-to-month,DSL,44.03,643.6,Vermont
CUST_2840,Female,0,0,0,37,Month-to-month,fibre optic,79.32,2939.89,Georgia
CUST_2841,Male,0,1,1,65,One year,DSL,75.59,4946.73,Wyoming
CUST_2842,Male,1,0,0,52,Two years,fibre optic,60.63,3170.85,California
CUST_2843,Female,0,1,1,58,Month-to-month,fibre optic,44.34,2579.08,Nebraska
CUST_2844,Female,0,1,1,59,Two years,fibre optic,52.96,3118.74,Idaho
CUST_2845,Female,0,1,0,22,One year,fibre optic,76.67,1688.56,Alabama
CUST_2846,Female,0,1,1,15,One year,DSL,81.01,1223.14,Kentucky
CUST_2847,Male,0,1,1,5,Month-to-month,fibre optic,115.92,613.49,Nebraska
CUST_2848,Male,0,1,0,48,Month-to-month,DSL,50.54,2434.24,New Jersey
CUST_2849,Female,0,0,1,23,One year, None,41.97,1001.73,Missouri
CUST_2850,Male,0,1,0,27,Month-to-month,fibre optic,54.5,1514.34,North Carolina
CUST_2851,Female,0,0,0,59,One year,DSL,115.46,6797.25,Kentucky
CUST_2852,Female,1,0,0,62,One year,fibre optic,108.44,6764.02,Rhode Island
CUST_2853,Female,0,0,0,67,Two years,DSL,62.51,4169.66,Hawaii
CUST_2854,Male,0,1,0,23,Month-to-month,fibre optic,86.68,2017.42,Idaho
CUST_2855,Male,0,0,0,21,Month-to-month,fibre optic,70.24,1486.82,Montana
CUST_2856,Male,0,1,0,8,One year,DSL,64.23,535.73,Nebraska
CUST_2857,Male,0,0,0,40,Two years,fibre optic,57.42,2330.55,Connecticut
CUST_2858,Female,0,1,1,47,Month-to-month,fibre optic,87.74,4144.9,Virginia
CUST_2859,Male,0,0,0,14,One year,fibre optic,116.57,1665.57,Iowa
CUST_2860,Male,1,0,0,6,One year,fibre optic,84.74,534.24,Kentucky
CUST_2861,Male,0,1,0,9,Month-to-month, None,105.0,937.9,Missouri
CUST_2862,Female,0,1,0,41,Month-to-month,DSL,101.7,4182.14,Arizona
CUST_2863,Female,0,1,0,64,Month-to-month,fibre optic,93.74,5992.72,Washington
CUST_2864,Male,1,1,0,22,Month-to-month,fibre optic,75.41,1683.96,Georgia
CUST_2865,Male,1,1,0,18,One year,fibre optic,111.32,1991.56,North Dakota
CUST_2866,Female,0,1,0,66,Two years,fibre optic,63.01,4183.13,Alaska
CUST_2867,Female,0,1,0,57,Month-to-month,DSL,32.0,1845.25,Idaho
CUST_2868,Female,1,0,1,5,Month-to-month,fibre optic,102.72,508.53,Alaska
CUST_2869,Male,0,0,1,29,Month-to-month,fibre optic,96.65,2826.85,Pennsylvania
CUST_2870,Male,0,0,1,60,Month-to-month, None,48.42,2906.41,Wyoming
CUST_2871,Male,1,0,0,50,Month-to-month,fibre optic,32.46,1660.71,Mississippi
CUST_2872,Female,0,1,1,3,Month-to-month,fibre optic,80.98,254.76,Vermont
CUST_2873,Male,0,0,0,65,Month-to-month,fibre optic,39.61,2617.53,Florida
CUST_2874,Female,1,1,1,31,Month-to-month,fibre optic,71.61,2237.66,Alaska
CUST_2875,Female,0,1,0,63,Month-to-month,fibre optic,47.36,3004.72,Alabama
CUST_2876,Female,0,0,0,58,Month-to-month,fibre optic,67.31,3906.7,Washington
CUST_2877,Female,0,0,0,43,Month-to-month,fibre optic,31.01,1326.91,Alabama
CUST_2878,Female,1,1,0,21,Month-to-month,DSL,39.82,857.49,Utah
CUST_2879,Female,0,1,1,55,One year,fibre optic,91.93,5070.55,Idaho
CUST_2880,Male,0,0,0,60,Month-to-month,fibre optic,105.66,6346.1,Maryland
CUST_2881,Male,0,0,0,61,Month-to-month,fibre optic,39.37,2397.35,Montana
CUST_2882,Female,0,0,1,31,Month-to-month,DSL,50.84,1590.47,Connecticut
CUST_2883,Female,1,0,0,48,Month-to-month,fibre optic,37.29,1793.57,Delaware
CUST_2884,Female,0,0,1,18,One year,fibre optic,77.59,1409.54,Kansas
CUST_2885,Female,0,1,1,12,Month-to-month,fibre optic,112.48,1388.64,Vermont
CUST_2886,Male,0,0,1,12,Month-to-month,fibre optic,33.24,400.55,South Carolina
CUST_2887,Female,0,0,1,48,Month-to-month,fibre optic,35.92,1709.32,Pennsylvania
CUST_2888,Female,0,0,0,1,Two years,DSL,57.79,63.14,Idaho
CUST_2889,Male,1,1,0,2,Two years,fibre optic,34.94,88.36,Virginia
CUST_2890,Male,0,0,0,33,Month-to-month,fibre optic,60.59,1999.81,Maine
CUST_2891,Male,1,0,0,47,Month-to-month,DSL,115.11,5425.33,Virginia
CUST_2892,Male,0,1,0,65,Month-to-month,DSL,61.53,4042.72,South Carolina
CUST_2893,Female,1,0,0,26,One year,fibre optic,90.33,2374.31,Maryland
CUST_2894,Female,0,1,1,64,Month-to-month,DSL,45.71,2968.95,Maine
CUST_2895,Female,0,0,1,45,Two years,DSL,111.48,5012.35,Tennessee
CUST_2896,Female,1,0,0,28,One year,DSL,51.64,1478.2,Virginia
CUST_2897,Male,1,0,0,43,Month-to-month,DSL,56.28,2437.53,South Dakota
CUST_2898,Male,0,1,1,48,Month-to-month,fibre optic,48.55,2313.01,Wisconsin
CUST_2899,Female,1,0,1,51,One year,fibre optic,44.24,2299.07,West Virginia
CUST_2900,Female,0,1,0,71,Month-to-month,fibre optic,69.09,4919.29,Georgia
CUST_2901,Male,0,0,1,64,One year,DSL,72.85,4648.95,Oklahoma
CUST_2902,Female,0,1,1,19,Month-to-month,DSL,109.24,2059.72,Georgia
CUST_2903,Female,0,1,0,27,Two years,fibre optic,43.84,1164.76,Wisconsin
CUST_2904,Male,0,1,1,38,Month-to-month,fibre optic,72.82,2755.08,Louisiana
CUST_2905,Male,0,1,0,36,Month-to-month,fibre optic,54.24,1967.55,Illinois
CUST_2906,Female,0,0,0,55,Month-to-month,DSL,97.15,5334.08,Wisconsin
CUST_2907,Female,0,1,0,15,Month-to-month,fibre optic,47.75,724.63,North Dakota
CUST_2908,Female,0,0,0,16,Month-to-month,fibre optic,83.51,1378.4,Illinois
CUST_2909,Male,0,0,0,56,Month-to-month,fibre optic,107.47,6030.02,New York
CUST_2910,Male,0,1,0,25,Two years, None,98.43,2497.3,Connecticut
CUST_2911,Male,0,0,1,13,Month-to-month,fibre optic,84.7,1092.81,Alabama
CUST_2912,Female,1,0,1,28,One year,DSL,101.54,2864.94,Michigan
CUST_2913,Male,0,1,0,55,Month-to-month,DSL,60.85,3369.97,Ohio
CUST_2914,Female,0,0,0,34,Two years,DSL,108.68,3717.99,Kansas
CUST_2915,Female,0,0,0,55,Month-to-month,fibre optic,46.6,2550.59,Alabama
CUST_2916,Female,0,1,0,25,One year,DSL,84.4,2154.31,Hawaii
CUST_2917,Female,0,0,0,52,Two years,fibre optic,43.66,2286.61,Washington
CUST_2918,Male,1,1,1,48,One year,DSL,95.1,4551.5,Nebraska
CUST_2919,Male,1,1,1,17,One year,DSL,106.34,1821.07,Montana
CUST_2920,Male,0,1,1,71,Month-to-month,DSL,75.74,5426.84,Hawaii
CUST_2921,Female,0,1,0,39,Month-to-month,DSL,96.02,3730.06,Kentucky
CUST_2922,Male,0,1,0,48,Two years,fibre optic,35.99,1745.79,North Carolina
CUST_2923,Female,0,1,0,8,Two years,DSL,79.31,629.4,Alaska
CUST_2924,Male,1,1,0,57,One year,DSL,38.23,2227.69,Indiana
CUST_2925,Female,0,1,1,21,Two years,DSL,31.19,703.17,Rhode Island
CUST_2926,Male,0,1,0,8,Two years,fibre optic,68.14,543.5,Indiana
CUST_2927,Female,0,1,0,27,Month-to-month,DSL,57.38,1587.38,Oregon
CUST_2928,Female,0,0,0,68,Month-to-month,DSL,63.77,4333.03,Michigan
CUST_2929,Female,0,1,1,56,Month-to-month,fibre optic,65.58,3720.2,Illinois
CUST_2930,Female,0,0,1,18,Month-to-month,fibre optic,106.44,1909.23,South Carolina
CUST_2931,Male,1,1,1,23,Month-to-month,DSL,86.13,1969.71,North Dakota
CUST_2932,Female,0,0,1,32,Two years,DSL,59.41,1891.03,Wisconsin
CUST_2933,Female,0,1,0,20,Month-to-month,fibre optic,112.21,2261.9,Missouri
CUST_2934,Female,0,1,0,43,Month-to-month,fibre optic,86.7,3725.77,Alaska
CUST_2935,Female,1,1,0,51,Month-to-month,DSL,43.42,2235.52,Missouri
CUST_2936,Female,0,0,0,11,One year,DSL,61.39,713.49,New York
CUST_2937,Male,0,1,1,1,Month-to-month,DSL,60.68,59.68,New York
CUST_2938,Male,1,1,1,56,Two years,fibre optic,114.77,6418.23,Alaska
CUST_2939,Female,0,1,1,51,Month-to-month,DSL,95.35,4882.53,Pennsylvania
CUST_2940,Male,0,0,0,16,Month-to-month,fibre optic,50.3,801.46,Connecticut
CUST_2941,Female,1,1,0,6,Month-to-month, None,68.75,447.07,Michigan
CUST_2942,Female,1,1,1,57,Two years,DSL,34.44,1962.67,Massachusetts
CUST_2943,Male,0,1,1,53,One year,fibre optic,55.73,2981.2,New Mexico
CUST_2944,Male,0,1,0,47,Month-to-month, None,64.34,3009.87,Iowa
CUST_2945,Male,0,0,1,55,Month-to-month,fibre optic,66.13,3666.44,Virginia
CUST_2946,Male,0,0,0,20,Month-to-month,fibre optic,63.74,1261.38,Indiana
CUST_2947,Female,0,0,0,62,Month-to-month,fibre optic,42.13,2658.61,New Hampshire
CUST_2948,Male,0,1,0,50,Month-to-month,fibre optic,34.11,1738.47,Wyoming
CUST_2949,Female,0,0,1,13,Month-to-month,DSL,104.93,1394.26,California
CUST_2950,Female,0,1,0,58,One year,fibre optic,84.53,4942.81,New Mexico
CUST_2951,Female,0,0,0,54,Month-to-month,DSL,42.61,2295.21,Nebraska
CUST_2952,Female,0,0,0,18,Month-to-month,fibre optic,67.02,1221.13,North Carolina
CUST_2953,Female,0,1,0,60,Two years,fibre optic,97.41,5871.62,Michigan
CUST_2954,Male,0,0,0,9,Month-to-month,DSL,114.5,1010.61,Nebraska
CUST_2955,Female,0,1,0,49,Month-to-month,fibre optic,49.48,2458.21,North Dakota
CUST_2956,Female,1,0,0,67,Two years, None,101.36,6822.82,Illinois
CUST_2957,Male,1,1,0,47,Month-to-month,fibre optic,74.56,3552.23,Idaho
CUST_2958,Male,0,0,0,40,Month-to-month,DSL,66.64,2696.06,Illinois
CUST_2959,Female,1,0,0,21,Month-to-month,DSL,74.64,1606.48,Pennsylvania
CUST_2960,Male,0,0,0,25,Two years,fibre optic,105.58,2621.89,Kentucky
CUST_2961,Male,1,1,0,56,Month-to-month,DSL,60.76,3427.67,Arkansas
CUST_2962,Female,1,1,0,15,Month-to-month,fibre optic,86.99,1303.09,Tennessee
CUST_2963,Male,0,1,0,71,Month-to-month,DSL,51.12,3623.85,Connecticut
CUST_2964,Female,0,1,0,8,Month-to-month, None,83.09,658.23,Minnesota
CUST_2965,Male,0,1,0,44,Month-to-month,fibre optic,89.53,3920.22,Pennsylvania
CUST_2966,Female,1,1,0,69,Month-to-month,DSL,119.07,8230.28,Arkansas
CUST_2967,Female,0,1,0,8,Month-to-month,fibre optic,110.03,892.19,Georgia
CUST_2968,Male,0,0,0,58,Month-to-month,fibre optic,112.29,6555.36,Kansas
CUST_2969,Female,0,1,1,40,Month-to-month,fibre optic,105.72,4221.61,Maine
CUST_2970,Female,0,1,0,47,Month-to-month,DSL,88.39,4192.79,Florida
CUST_2971,Male,1,1,0,31,Month-to-month,fibre optic,66.03,2069.63,Illinois
CUST_2972,Female,0,1,0,15,One year,fibre optic,35.19,573.64,Massachusetts
CUST_2973,Female,1,0,0,5,Month-to-month,fibre optic,49.67,233.7,Utah
CUST_2974,Female,0,1,0,15,Month-to-month,DSL,100.08,1484.37,New Jersey
CUST_2975,Male,1,1,0,49,Two years,fibre optic,37.7,1868.44,Maryland
CUST_2976,Male,0,0,1,40,One year,fibre optic,75.13,3042.69,California
CUST_2977,Male,1,1,0,19,One year,fibre optic,87.14,1678.33,Wisconsin
CUST_2978,Male,1,1,1,29,Two years, None,81.38,2347.39,Maine
CUST_2979,Male,0,0,0,3,Month-to-month,fibre optic,71.98,232.42,Connecticut
CUST_2980,Male,0,1,1,66,One year,fibre optic,34.63,2294.12,Wisconsin
CUST_2981,Female,0,0,1,5,One year,fibre optic,67.48,379.62,West Virginia
CUST_2982,Female,0,0,1,70,Month-to-month,fibre optic,100.71,7096.95,New York
CUST_2983,Male,0,0,1,64,Month-to-month,fibre optic,51.96,3336.72,Delaware
CUST_2984,Male,1,1,0,5,Month-to-month,fibre optic,79.55,383.05,Oklahoma
CUST_2985,Male,0,0,0,68,One year,fibre optic,46.9,3222.36,Louisiana
CUST_2986,Male,0,0,1,33,Month-to-month, None,70.1,2330.37,Alabama
CUST_2987,Male,1,0,0,9,One year,fibre optic,68.27,664.14,Nevada
CUST_2988,Female,1,0,0,57,Month-to-month,fibre optic,74.82,4284.44,Missouri
CUST_2989,Female,0,0,1,66,One year,DSL,72.61,4839.6,Tennessee
CUST_2990,Female,0,0,0,2,Month-to-month,DSL,67.56,179.99,Maine
CUST_2991,Male,0,1,1,20,Month-to-month,DSL,95.49,1954.18,Georgia
CUST_2992,Male,1,0,0,63,Two years,fibre optic,78.5,4950.44,Mississippi
CUST_2993,Male,0,1,1,33,One year,fibre optic,52.28,1719.23,Rhode Island
CUST_2994,Male,1,0,1,71,Month-to-month,fibre optic,45.68,3259.77,Alabama
CUST_2995,Male,0,1,1,41,Two years,DSL,58.97,2458.93,Delaware
CUST_2996,Male,1,0,0,23,Two years,DSL,72.22,1666.84,Arizona
CUST_2997,Female,0,0,1,25,One year,fibre optic,104.39,2603.95,New Jersey
CUST_2998,Male,0,0,1,29,One year,fibre optic,83.63,2426.35,Pennsylvania
CUST_2999,Male,0,0,1,55,Month-to-month,DSL,93.66,5195.13,Washington
CUST_3000,Female,0,1,0,34,Month-to-month,fibre optic,113.28,3887.97,Connecticut
CUST_3001,Male,0,0,0,39,One year,DSL,68.21,2675.79,California
CUST_3002,Female,0,0,0,9,Month-to-month,fibre optic,76.05,705.48,North Carolina
CUST_3003,Male,0,1,0,54,Month-to-month,DSL,117.9,6410.53,North Carolina
CUST_3004,Male,0,1,0,59,Month-to-month, None,38.73,2326.47,Alaska
CUST_3005,Male,0,1,0,58,Two years,DSL,119.94,6955.2,Hawaii
CUST_3006,Female,0,1,0,56,Month-to-month,DSL,112.0,6278.49,Minnesota
CUST_3007,Male,1,0,0,25,Month-to-month,fibre optic,72.38,1813.14,Indiana
CUST_3008,Male,0,1,1,10,Two years,fibre optic,78.67,790.78,Oregon
CUST_3009,Female,0,1,1,7,Month-to-month,fibre optic,85.9,650.15,Wyoming
CUST_3010,Female,0,0,0,16,Month-to-month,DSL,89.16,1433.71,Florida
CUST_3011,Male,0,0,0,5,Month-to-month,fibre optic,84.66,413.8,Kansas
CUST_3012,Female,0,1,1,65,Two years,DSL,107.39,7015.62,Maine
CUST_3013,Female,0,0,1,66,Two years,DSL,83.78,5514.19,Florida
CUST_3014,Female,0,1,1,8,Month-to-month,fibre optic,70.92,562.95,Oklahoma
CUST_3015,Male,0,1,0,52,Month-to-month,fibre optic,114.79,6006.52,North Carolina
CUST_3016,Male,1,0,1,17,Month-to-month,DSL,65.98,1153.55,Mississippi
CUST_3017,Male,0,0,1,2,Two years, None,113.26,235.68,Vermont
CUST_3018,Female,0,1,1,32,One year,DSL,60.79,1992.64,Missouri
CUST_3019,Male,0,1,0,34,Month-to-month,fibre optic,57.03,1937.64,Michigan
CUST_3020,Male,0,1,0,25,One year,DSL,72.95,1819.79,Ohio
CUST_3021,Male,0,0,0,48,Month-to-month,DSL,40.3,1941.79,Nebraska
CUST_3022,Female,0,0,0,4,Month-to-month,DSL,54.66,223.55,North Dakota
CUST_3023,Female,0,1,1,24,Two years,fibre optic,34.41,826.7,Alaska
CUST_3024,Female,0,1,0,34,One year,fibre optic,52.23,1758.43,Kentucky
CUST_3025,Female,0,0,0,43,One year,fibre optic,112.05,4831.89,South Carolina
CUST_3026,Male,1,0,1,65,Month-to-month,fibre optic,72.13,4690.76,Oklahoma
CUST_3027,Female,0,1,0,42,Month-to-month,DSL,102.41,4344.72,Florida
CUST_3028,Male,0,1,1,54,Month-to-month,fibre optic,62.9,3416.86,Louisiana
CUST_3029,Male,1,1,1,13,Month-to-month,DSL,99.92,1348.57,Massachusetts
CUST_3030,Male,0,1,1,32,Month-to-month,DSL,48.22,1578.11,Utah
CUST_3031,Male,0,0,0,25,One year,fibre optic,31.12,775.82,Rhode Island
CUST_3032,Male,0,0,1,31,One year,DSL,75.37,2345.44,Maine
CUST_3033,Female,0,1,0,68,Two years,DSL,38.69,2659.54,South Carolina
CUST_3034,Male,0,1,1,32,Month-to-month,DSL,43.22,1378.81,South Carolina
CUST_3035,Male,1,1,0,59,Month-to-month,fibre optic,101.24,5984.26,Nebraska
CUST_3036,Male,0,1,0,49,Month-to-month,fibre optic,34.61,1707.76,Colorado
CUST_3037,Female,0,1,0,69,Two years, None,66.67,4589.83,Oklahoma
CUST_3038,Male,0,0,0,31,One year, None,83.84,2645.71,Washington
CUST_3039,Male,0,0,0,31,Month-to-month,fibre optic,50.45,1565.04,New Mexico
CUST_3040,Female,0,1,0,36,Two years,DSL,100.99,3650.73,Iowa
CUST_3041,Male,1,0,1,46,Month-to-month,fibre optic,63.76,2957.37,California
CUST_3042,Female,0,1,0,44,Month-to-month,DSL,110.69,4917.5,Maryland
CUST_3043,Male,0,0,0,15,Two years,fibre optic,95.99,1466.99,Idaho
CUST_3044,Male,0,1,0,31,One year,DSL,62.34,1974.06,Massachusetts
CUST_3045,Female,0,1,1,22,Month-to-month,DSL,97.51,2126.43,Georgia
CUST_3046,Male,0,1,0,18,Month-to-month,DSL,65.45,1202.6,Indiana
CUST_3047,Male,0,1,0,9,One year,fibre optic,58.65,561.96,Maine
CUST_3048,Male,0,0,0,11,Month-to-month,fibre optic,30.83,357.99,Utah
CUST_3049,Male,0,0,1,19,One year,DSL,108.11,2047.07,Idaho
CUST_3050,Male,0,0,0,21,One year,DSL,89.25,1905.07,Michigan
CUST_3051,Female,0,0,1,69,Month-to-month,fibre optic,73.11,5047.53,Oregon
CUST_3052,Female,0,1,0,37,Month-to-month,fibre optic,59.34,2185.94,Indiana
CUST_3053,Female,0,1,1,29,Month-to-month,DSL,80.08,2363.63,South Carolina
CUST_3054,Female,1,0,0,60,Month-to-month,fibre optic,53.23,3214.98,Idaho
CUST_3055,Male,1,1,1,11,Month-to-month,fibre optic,107.76,1231.96,New York
CUST_3056,Male,0,1,1,14,Month-to-month,DSL,71.52,987.05,Vermont
CUST_3057,Female,0,1,0,29,One year,fibre optic,77.23,2273.11,Arkansas
CUST_3058,Male,0,1,0,58,One year,DSL,89.86,5217.72,California
CUST_3059,Male,0,1,0,66,Month-to-month,DSL,55.58,3706.96,Kentucky
CUST_3060,Female,1,1,0,24,Two years,DSL,94.62,2318.55,West Virginia
CUST_3061,Male,1,0,1,17,One year,fibre optic,114.09,1931.43,Texas
CUST_3062,Male,0,1,0,50,One year,DSL,87.42,4385.83,Mississippi
CUST_3063,Male,0,0,0,45,One year,DSL,55.16,2470.44,Indiana
CUST_3064,Female,0,0,0,19,Month-to-month,DSL,35.66,709.31,Michigan
CUST_3065,Male,0,0,0,67,One year,fibre optic,77.63,5194.3,Iowa
CUST_3066,Female,0,0,1,46,One year,DSL,107.96,4991.49,Indiana
CUST_3067,Male,0,0,0,44,Month-to-month,fibre optic,96.73,4245.17,Hawaii
CUST_3068,Male,0,0,0,63,Month-to-month,fibre optic,98.02,6218.2,Arizona
CUST_3069,Female,1,0,0,14,Two years,DSL,56.02,798.18,New Hampshire
CUST_3070,Male,0,1,1,50,One year,DSL,59.85,3012.81,Oklahoma
CUST_3071,Male,0,1,1,65,Month-to-month,fibre optic,30.27,1961.61,Hawaii
CUST_3072,Female,0,1,0,69,Month-to-month,fibre optic,91.5,6361.23,New Jersey
CUST_3073,Female,0,0,0,9,Month-to-month, None,82.71,780.55,Minnesota
CUST_3074,Male,1,0,0,25,Month-to-month,fibre optic,114.44,2889.5,Michigan
CUST_3075,Male,0,0,0,28,One year,fibre optic,35.96,992.14,North Carolina
CUST_3076,Female,0,1,0,47,Two years,fibre optic,116.45,5516.72,Texas
CUST_3077,Male,0,0,0,53,Month-to-month,fibre optic,57.62,3100.46,Wyoming
CUST_3078,Female,0,0,1,57,Two years,fibre optic,32.85,1864.0,Rhode Island
CUST_3079,Male,0,0,0,19,Month-to-month,DSL,43.95,829.17,Connecticut
CUST_3080,Female,1,1,1,50,One year,fibre optic,85.78,4330.21,New Hampshire
CUST_3081,Female,0,0,0,18,Month-to-month,fibre optic,52.17,949.07,Connecticut
CUST_3082,Female,0,1,0,43,One year,DSL,111.13,4828.13,Nebraska
CUST_3083,Female,0,0,0,58,One year,fibre optic,67.77,3928.45,Washington
CUST_3084,Male,0,0,0,28,One year,fibre optic,81.97,2304.26,Oregon
CUST_3085,Female,0,1,0,15,Month-to-month,fibre optic,98.89,1495.91,Nebraska
CUST_3086,Male,0,0,1,42,Month-to-month,fibre optic,114.7,4805.52,Minnesota
CUST_3087,Male,0,0,0,57,One year,DSL,52.48,3028.18,Kansas
CUST_3088,Male,0,1,1,34,Month-to-month,fibre optic,88.19,3044.22,Utah
CUST_3089,Female,0,1,0,37,Month-to-month,fibre optic,43.75,1602.33,Colorado
CUST_3090,Female,0,1,1,68,Month-to-month,fibre optic,84.47,5738.74,Wisconsin
CUST_3091,Male,0,0,1,37,Month-to-month,fibre optic,88.59,3280.65,Mississippi
CUST_3092,Male,0,0,0,55,Month-to-month,fibre optic,110.72,6086.9,Kentucky
CUST_3093,Male,0,0,0,51,Month-to-month,DSL,115.08,5863.91,Montana
CUST_3094,Male,0,1,0,4,Two years,fibre optic,35.2,188.72,South Carolina
CUST_3095,Female,0,1,0,34,Month-to-month,fibre optic,111.37,3778.99,Alabama
CUST_3096,Male,0,0,0,58,Month-to-month,fibre optic,61.96,3575.56,Nebraska
CUST_3097,Male,0,0,0,69,One year,fibre optic,114.49,7886.17,Vermont
CUST_3098,Male,0,1,1,50,Month-to-month,DSL,59.63,3009.42,Nebraska
CUST_3099,Female,0,0,0,54,Month-to-month,DSL,48.03,2631.55,Nebraska
CUST_3100,Female,0,1,1,40,Month-to-month,fibre optic,119.94,4784.12,Oregon
CUST_3101,Male,1,0,0,48,Month-to-month,fibre optic,86.88,4188.53,Arizona
CUST_3102,Female,0,1,0,34,Month-to-month,fibre optic,74.26,2558.92,Massachusetts
CUST_3103,Female,0,1,0,14,Two years,fibre optic,101.06,1399.15,Illinois
CUST_3104,Female,0,0,0,35,Month-to-month, None,47.52,1652.07,New Mexico
CUST_3105,Female,0,0,0,28,One year,fibre optic,110.85,3106.28,Illinois
CUST_3106,Male,0,0,1,67,Month-to-month, None,106.69,7194.55,Illinois
CUST_3107,Female,0,1,0,68,Month-to-month,DSL,79.9,5437.86,Alabama
CUST_3108,Male,1,0,0,58,Month-to-month,fibre optic,38.57,2230.6,Connecticut
CUST_3109,Female,0,0,0,38,Two years,DSL,87.13,3313.09,Nevada
CUST_3110,Male,1,0,0,59,Two years,fibre optic,74.41,4426.08,South Carolina
CUST_3111,Female,0,1,1,58,Month-to-month,fibre optic,86.28,5037.82,South Carolina
CUST_3112,Female,0,1,0,23,Month-to-month,fibre optic,103.41,2385.71,Rhode Island
CUST_3113,Male,0,0,1,63,Month-to-month,fibre optic,36.8,2347.58,Vermont
CUST_3114,Male,0,0,0,70,Month-to-month,fibre optic,99.0,6912.03,South Dakota
CUST_3115,Female,0,0,1,39,Month-to-month,fibre optic,101.69,3953.23,Kentucky
CUST_3116,Female,0,0,0,7,One year,fibre optic,65.19,474.22,Washington
CUST_3117,Female,0,0,1,17,One year,DSL,99.59,1727.06,Florida
CUST_3118,Female,0,0,0,40,Month-to-month, None,54.1,2178.72,Arkansas
CUST_3119,Male,0,1,0,41,One year,fibre optic,84.48,3494.55,Wyoming
CUST_3120,Female,1,0,0,42,Month-to-month,DSL,61.47,2597.47,Delaware
CUST_3121,Male,0,1,1,24,Month-to-month,DSL,73.32,1792.07,Iowa
CUST_3122,Female,0,0,0,12,One year, None,79.14,988.91,New Mexico
CUST_3123,Female,0,1,1,44,Month-to-month,fibre optic,94.26,4180.76,Texas
CUST_3124,Female,0,0,0,60,Two years,fibre optic,107.96,6515.31,Wyoming
CUST_3125,Male,0,0,1,16,Month-to-month,DSL,54.46,901.57,Colorado
CUST_3126,Female,0,0,0,4,One year,fibre optic,111.36,470.2,Nebraska
CUST_3127,Male,0,0,0,70,Month-to-month,DSL,108.06,7563.16,Georgia
CUST_3128,Female,0,0,0,35,Month-to-month, None,33.98,1235.95,Missouri
CUST_3129,Male,1,1,0,60,Month-to-month,fibre optic,59.49,3584.94,New York
CUST_3130,Female,0,0,0,59,Month-to-month,fibre optic,50.08,2996.22,Nevada
CUST_3131,Female,0,0,1,6,Two years,fibre optic,35.21,255.54,Alabama
CUST_3132,Female,0,0,0,48,Two years, None,98.47,4756.95,Louisiana
CUST_3133,Male,1,1,1,25,Month-to-month, None,105.7,2657.02,Delaware
CUST_3134,Male,0,0,1,52,Month-to-month,fibre optic,60.92,3176.92,Illinois
CUST_3135,Male,0,0,0,10,Month-to-month, None,72.01,702.41,Oklahoma
CUST_3136,Female,0,0,0,44,One year,DSL,94.25,4161.63,North Carolina
CUST_3137,Female,0,0,0,14,Month-to-month,fibre optic,83.6,1205.02,Virginia
CUST_3138,Female,0,0,0,49,Month-to-month,fibre optic,114.75,5652.31,Nevada
CUST_3139,Female,0,1,0,55,Month-to-month,fibre optic,74.75,4095.68,Virginia
CUST_3140,Female,0,1,0,5,Month-to-month,DSL,117.41,615.81,Indiana
CUST_3141,Female,0,0,1,49,One year,fibre optic,55.38,2743.9,Florida
CUST_3142,Male,1,0,0,2,Month-to-month,fibre optic,116.26,245.21,Tennessee
CUST_3143,Female,1,1,0,38,Month-to-month,DSL,92.97,3525.2,Montana
CUST_3144,Female,0,1,0,65,Two years,DSL,71.82,4658.03,Minnesota
CUST_3145,Male,0,1,0,27,One year,DSL,56.04,1550.04,New Hampshire
CUST_3146,Male,0,1,0,20,Month-to-month,DSL,35.44,737.44,Utah
CUST_3147,Female,0,1,0,64,Month-to-month,DSL,118.3,7565.68,Nebraska
CUST_3148,Female,0,1,1,65,Two years,fibre optic,115.14,7467.62,South Carolina
CUST_3149,Male,0,0,0,62,Month-to-month,fibre optic,104.56,6498.87,North Carolina
CUST_3150,Male,0,0,1,63,Two years,fibre optic,72.81,4630.96,Texas
CUST_3151,Male,0,1,1,21,Month-to-month,fibre optic,44.58,959.86,California
CUST_3152,Female,0,0,0,66,One year,DSL,84.96,5653.24,Minnesota
CUST_3153,Female,1,1,0,54,Month-to-month,fibre optic,90.15,4868.36,Nebraska
CUST_3154,Female,0,0,0,46,Two years,DSL,107.83,4945.8,Wyoming
CUST_3155,Female,0,1,0,2,Month-to-month,DSL,95.42,238.63,Missouri
CUST_3156,Female,0,1,1,11,Month-to-month,fibre optic,42.62,488.81,Oklahoma
CUST_3157,Male,0,1,0,30,Month-to-month, None,96.9,2943.61,Colorado
CUST_3158,Male,1,1,1,20,Month-to-month, None,51.69,1037.88,Oregon
CUST_3159,Male,0,0,0,61,Two years,DSL,58.87,3620.93,Arizona
CUST_3160,Male,0,0,0,43,Month-to-month,fibre optic,60.61,2623.92,Georgia
CUST_3161,Male,0,0,0,65,One year,fibre optic,30.61,2032.46,Nebraska
CUST_3162,Male,0,0,1,15,One year,fibre optic,60.81,925.71,Tennessee
CUST_3163,Male,0,1,1,43,Two years,fibre optic,94.16,4029.84,Illinois
CUST_3164,Male,1,1,1,54,Two years,fibre optic,41.88,2278.31,New Hampshire
CUST_3165,Male,0,1,0,44,Month-to-month,fibre optic,53.57,2344.3,Colorado
CUST_3166,Male,0,1,1,65,Two years,fibre optic,59.66,3866.58,Georgia
CUST_3167,Female,0,1,1,16,One year,fibre optic,98.99,1597.16,Wisconsin
CUST_3168,Female,0,1,1,61,Two years,fibre optic,102.44,6263.12,Colorado
CUST_3169,Female,0,0,0,69,Month-to-month,fibre optic,91.49,6317.46,Idaho
CUST_3170,Female,0,1,1,46,Two years,fibre optic,50.19,2335.49,Iowa
CUST_3171,Male,0,1,1,3,Month-to-month,DSL,43.89,113.2,Delaware
CUST_3172,Male,0,0,1,36,One year,fibre optic,36.43,1350.31,Montana
CUST_3173,Male,0,0,0,12,Month-to-month,fibre optic,40.05,502.47,Illinois
CUST_3174,Male,1,0,1,60,Month-to-month,fibre optic,108.09,6496.28,Nevada
CUST_3175,Female,0,1,0,22,One year,fibre optic,67.03,1488.16,Mississippi
CUST_3176,Female,0,0,0,5,One year,fibre optic,110.1,532.53,Alaska
CUST_3177,Female,0,0,0,53,Two years,fibre optic,105.29,5615.82,South Carolina
CUST_3178,Female,0,0,0,43,Month-to-month, None,38.56,1669.31,Ohio
CUST_3179,Female,0,0,1,4,Two years,DSL,67.69,318.78,Idaho
CUST_3180,Female,0,0,0,70,One year,fibre optic,107.55,7548.75,Nebraska
CUST_3181,Male,0,0,0,44,Two years, None,94.61,4174.6,New York
CUST_3182,Female,0,1,1,10,Two years,fibre optic,104.5,1025.54,Arizona
CUST_3183,Female,0,1,0,57,One year,fibre optic,61.71,3566.39,North Carolina
CUST_3184,Male,0,0,1,69,Month-to-month,DSL,34.48,2391.52,Oklahoma
CUST_3185,Female,0,0,1,48,One year,fibre optic,47.56,2328.83,South Dakota
CUST_3186,Male,0,0,1,13,Two years,fibre optic,99.84,1331.03,Florida
CUST_3187,Male,0,0,0,50,Month-to-month,fibre optic,30.53,1543.78,Alabama
CUST_3188,Male,0,1,1,12,Two years,fibre optic,60.71,721.66,Louisiana
CUST_3189,Female,0,0,1,44,Month-to-month,fibre optic,31.8,1405.83,Florida
CUST_3190,Male,0,0,0,51,One year,fibre optic,79.78,4083.13,California
CUST_3191,Male,0,0,0,64,Month-to-month,fibre optic,83.9,5395.21,New Hampshire
CUST_3192,Female,1,1,0,20,Two years,fibre optic,77.11,1542.0,Washington
CUST_3193,Female,0,1,0,54,Two years,fibre optic,33.9,1877.92,New York
CUST_3194,Female,0,1,1,53,Month-to-month, None,65.0,3440.98,Colorado
CUST_3195,Male,0,1,1,43,Month-to-month,DSL,73.73,3201.96,Kansas
CUST_3196,Female,0,0,0,2,Month-to-month,fibre optic,32.57,90.7,Utah
CUST_3197,Male,0,1,1,33,Month-to-month,DSL,61.93,2048.88,Iowa
CUST_3198,Male,0,0,0,69,Month-to-month,DSL,74.48,5177.2,Washington
CUST_3199,Female,0,1,0,7,Month-to-month,DSL,61.5,412.11,Maryland
CUST_3200,Female,0,0,1,34,One year,fibre optic,50.82,1733.37,Rhode Island
CUST_3201,Male,0,1,0,45,Month-to-month,fibre optic,119.69,5404.82,Texas
CUST_3202,Male,0,0,0,59,Month-to-month,fibre optic,81.75,4844.37,Oregon
CUST_3203,Male,0,0,0,59,Two years,fibre optic,94.29,5553.86,Rhode Island
CUST_3204,Male,0,1,0,40,One year,DSL,71.45,2870.24,West Virginia
CUST_3205,Male,0,1,1,54,One year,DSL,52.2,2858.56,Colorado
CUST_3206,Male,0,0,0,13,Two years,fibre optic,45.04,588.88,Kentucky
CUST_3207,Male,0,1,1,44,Two years, None,56.49,2522.37,Louisiana
CUST_3208,Female,0,1,0,39,One year,fibre optic,43.93,1760.04,South Dakota
CUST_3209,Male,0,0,0,52,Month-to-month,fibre optic,97.58,5087.3,North Carolina
CUST_3210,Female,0,0,0,11,Month-to-month,fibre optic,39.71,476.39,West Virginia
CUST_3211,Female,0,0,0,11,One year,fibre optic,118.56,1341.36,Montana
CUST_3212,Female,1,0,1,54,Month-to-month,DSL,82.93,4469.16,Tennessee
CUST_3213,Female,1,0,0,4,One year,DSL,46.31,189.99,Arizona
CUST_3214,Male,0,0,0,29,Month-to-month, None,109.49,3171.79,Nevada
CUST_3215,Male,0,1,1,18,Month-to-month,fibre optic,30.69,570.6,New Hampshire
CUST_3216,Male,0,1,0,24,Two years,fibre optic,79.89,1964.16,New Jersey
CUST_3217,Male,0,1,0,6,Two years,DSL,75.27,477.03,Florida
CUST_3218,Female,0,1,1,28,One year,fibre optic,30.73,847.06,Nevada
CUST_3219,Male,0,0,1,49,Two years,DSL,111.64,5452.31,Nevada
CUST_3220,Female,0,1,1,62,Month-to-month,fibre optic,38.49,2376.65,South Carolina
CUST_3221,Male,0,1,0,11,Month-to-month,fibre optic,94.98,1075.72,Louisiana
CUST_3222,Male,0,0,0,40,Two years, None,68.03,2715.09,Nebraska
CUST_3223,Female,0,0,1,16,Month-to-month,fibre optic,110.1,1779.14,Connecticut
CUST_3224,Male,1,0,0,47,Two years,fibre optic,115.13,5396.47,Maryland
CUST_3225,Male,0,0,1,26,Month-to-month,fibre optic,84.1,2233.62,Arkansas
CUST_3226,Female,0,1,1,57,Month-to-month,DSL,71.87,4109.15,Rhode Island
CUST_3227,Male,1,0,0,57,Two years,fibre optic,110.2,6312.75,Michigan
CUST_3228,Female,0,0,0,69,Month-to-month,fibre optic,61.83,4273.75,Illinois
CUST_3229,Female,0,1,0,69,Month-to-month,DSL,66.07,4592.78,Colorado
CUST_3230,Female,0,0,0,54,Month-to-month,DSL,93.35,5039.89,Wisconsin
CUST_3231,Male,0,0,0,44,Two years,DSL,115.7,5128.96,Vermont
CUST_3232,Male,0,0,1,71,Month-to-month,fibre optic,62.19,4406.95,Louisiana
CUST_3233,Male,0,0,0,44,One year,DSL,118.48,5204.96,Louisiana
CUST_3234,Male,1,0,0,54,Two years,DSL,57.62,3094.48,North Dakota
CUST_3235,Male,0,0,0,67,One year,fibre optic,63.6,4258.37,Illinois
CUST_3236,Male,0,0,1,51,Month-to-month, None,47.61,2442.06,Indiana
CUST_3237,Male,0,0,0,69,Month-to-month,DSL,87.31,6010.3,Colorado
CUST_3238,Male,0,1,0,43,Month-to-month,DSL,61.89,2646.24,Iowa
CUST_3239,Female,0,0,1,25,Month-to-month,fibre optic,38.04,1000.25,Texas
CUST_3240,Male,1,1,0,63,Month-to-month,fibre optic,108.1,6819.71,Oregon
CUST_3241,Female,0,1,0,34,Month-to-month,fibre optic,55.87,1897.79,Arkansas
CUST_3242,Male,0,1,1,17,One year,DSL,55.23,928.11,South Carolina
CUST_3243,Male,0,1,1,69,Two years,fibre optic,112.92,7826.6,Tennessee
CUST_3244,Female,0,0,1,24,Month-to-month,fibre optic,78.5,1906.08,Minnesota
CUST_3245,Male,0,1,1,39,Two years,fibre optic,71.03,2775.54,Oklahoma
CUST_3246,Male,1,1,1,1,One year,fibre optic,43.14,59.0,Connecticut
CUST_3247,Male,0,0,0,70,Two years,DSL,30.6,2174.95,Massachusetts
CUST_3248,Female,1,1,0,57,Month-to-month,fibre optic,37.7,2167.18,South Dakota
CUST_3249,Female,0,1,0,49,Two years,fibre optic,72.44,3577.83,Maryland
CUST_3250,Female,0,0,1,63,Two years, None,46.84,2965.03,Connecticut
CUST_3251,Female,0,0,0,51,Month-to-month,fibre optic,97.75,4974.71,Texas
CUST_3252,Male,0,0,1,15,Month-to-month,DSL,103.21,1538.97,Washington
CUST_3253,Female,0,0,0,6,Month-to-month,DSL,102.17,650.7,South Carolina
CUST_3254,Male,1,0,0,57,Month-to-month,fibre optic,57.69,3270.47,Michigan
CUST_3255,Female,0,0,1,11,One year,fibre optic,118.11,1307.28,North Carolina
CUST_3256,Male,1,1,0,27,One year,DSL,33.47,893.35,Virginia
CUST_3257,Female,0,1,0,7,Month-to-month,fibre optic,106.61,757.62,North Dakota
CUST_3258,Male,0,0,0,52,One year,fibre optic,92.48,4833.13,Utah
CUST_3259,Male,0,0,0,26,Month-to-month,fibre optic,102.18,2662.55,Arizona
CUST_3260,Female,0,1,0,36,Month-to-month,DSL,74.5,2725.63,New Jersey
CUST_3261,Female,0,0,0,55,Two years,DSL,86.92,4766.95,Texas
CUST_3262,Female,0,0,1,49,Month-to-month,fibre optic,108.42,5349.07,Vermont
CUST_3263,Male,1,0,0,2,One year,DSL,39.05,124.15,Georgia
CUST_3264,Male,0,0,0,22,Month-to-month,DSL,111.81,2508.0,Arkansas
CUST_3265,Male,0,1,0,19,Month-to-month,DSL,115.41,2213.76,Kansas
CUST_3266,Female,1,1,0,42,Month-to-month,fibre optic,107.53,4530.96,Maine
CUST_3267,Male,0,0,1,11,Two years,fibre optic,54.24,639.88,Oregon
CUST_3268,Male,1,1,1,59,Two years,fibre optic,71.3,4231.61,Nebraska
CUST_3269,Female,1,0,0,25,One year, None,47.04,1207.55,Texas
CUST_3270,Female,1,1,0,45,Month-to-month, None,45.26,2066.5,North Dakota
CUST_3271,Male,0,0,0,5,One year,DSL,71.38,392.72,Alaska
CUST_3272,Male,0,0,1,58,Month-to-month,fibre optic,66.68,3854.52,Pennsylvania
CUST_3273,Male,0,0,0,27,Month-to-month,DSL,64.21,1725.26,Kansas
CUST_3274,Female,0,1,0,66,Month-to-month,DSL,43.35,2863.04,Tennessee
CUST_3275,Male,0,0,0,15,One year,fibre optic,88.51,1376.95,Louisiana
CUST_3276,Female,0,1,0,32,Two years,fibre optic,64.83,2088.66,Nevada
CUST_3277,Female,1,1,1,50,One year, None,111.86,5642.22,Mississippi
CUST_3278,Male,1,1,0,19,Month-to-month,fibre optic,75.39,1452.22,Maryland
CUST_3279,Male,0,0,1,60,Month-to-month,fibre optic,32.67,1952.63,Minnesota
CUST_3280,Male,0,1,1,37,Month-to-month,DSL,30.62,1164.81,Hawaii
CUST_3281,Female,0,0,0,15,Two years,DSL,97.44,1471.11,Alaska
CUST_3282,Male,0,1,0,51,One year,fibre optic,37.0,1898.04,New Jersey
CUST_3283,Female,0,0,0,67,Two years,DSL,55.95,3740.59,Ohio
CUST_3284,Female,0,0,0,23,One year,fibre optic,75.6,1776.65,Iowa
CUST_3285,Female,0,0,1,24,Two years,fibre optic,53.18,1290.92,Hawaii
CUST_3286,Male,1,0,1,69,Month-to-month,fibre optic,52.48,3602.32,California
CUST_3287,Male,1,0,1,27,Month-to-month,fibre optic,113.31,3088.82,Alaska
CUST_3288,Male,0,0,0,46,Two years,DSL,88.51,4120.99,Florida
CUST_3289,Male,0,0,0,53,Month-to-month,DSL,105.52,5594.04,Iowa
CUST_3290,Female,0,1,0,64,Month-to-month,DSL,61.76,3970.51,Hawaii
CUST_3291,Male,0,0,0,11,One year,fibre optic,35.51,379.13,Nebraska
CUST_3292,Female,0,1,0,30,Two years,DSL,51.13,1540.9,Idaho
CUST_3293,Female,1,1,0,65,Two years,fibre optic,93.65,6079.07,Montana
CUST_3294,Female,0,1,0,1,Month-to-month,fibre optic,40.45,76.92,Pennsylvania
CUST_3295,Male,0,0,1,28,Month-to-month,DSL,53.39,1485.56,Ohio
CUST_3296,Female,0,1,1,21,Month-to-month,fibre optic,87.27,1814.38,Illinois
CUST_3297,Male,0,0,0,57,Two years,DSL,34.03,1932.24,Arizona
CUST_3298,Male,0,0,1,15,Month-to-month, None,52.02,803.13,Connecticut
CUST_3299,Female,0,0,0,10,One year,fibre optic,38.6,372.02,Wisconsin
CUST_3300,Male,0,1,0,13,Two years,fibre optic,62.88,835.48,Iowa
CUST_3301,Male,0,0,0,51,Month-to-month,fibre optic,59.54,3040.14,Alabama
CUST_3302,Female,0,0,0,42,Two years,fibre optic,43.74,1848.38,Colorado
CUST_3303,Male,0,0,0,71,One year,fibre optic,70.71,5067.84,Delaware
CUST_3304,Male,0,0,0,39,Month-to-month,fibre optic,49.49,1979.44,Minnesota
CUST_3305,Female,0,0,0,34,Month-to-month,fibre optic,31.5,1094.31,Rhode Island
CUST_3306,Male,0,1,0,55,Month-to-month,DSL,69.75,3844.45,Oregon
CUST_3307,Male,0,0,0,16,Two years,DSL,118.68,1915.69,South Carolina
CUST_3308,Female,1,0,0,39,Month-to-month,DSL,105.02,4115.52,Kansas
CUST_3309,Male,0,1,1,48,Two years,fibre optic,87.0,4223.73,Hawaii
CUST_3310,Male,0,1,1,70,Month-to-month,fibre optic,65.73,4590.55,Mississippi
CUST_3311,Female,0,1,0,56,Month-to-month,fibre optic,95.03,5321.81,Maryland
CUST_3312,Female,0,0,0,30,Two years,DSL,100.57,3025.54,North Carolina
CUST_3313,Female,0,1,0,70,Month-to-month,fibre optic,62.76,4413.41,Colorado
CUST_3314,Male,0,0,0,4,One year,fibre optic,80.35,303.42,Louisiana
CUST_3315,Male,0,0,0,42,Month-to-month,fibre optic,33.63,1455.92,New York
CUST_3316,Female,0,1,1,52,Month-to-month,DSL,99.92,5244.4,Wyoming
CUST_3317,Male,0,0,0,17,One year,fibre optic,91.53,1602.19,North Dakota
CUST_3318,Female,1,0,1,6,One year,fibre optic,83.38,520.75,Kentucky
CUST_3319,Male,0,0,0,3,One year, None,113.49,325.05,Montana
CUST_3320,Male,0,0,0,21,One year,fibre optic,118.03,2504.12,Mississippi
CUST_3321,Male,1,0,1,67,Two years,fibre optic,81.88,5498.63,Delaware
CUST_3322,Male,0,0,0,18,One year,fibre optic,96.19,1769.91,Florida
CUST_3323,Male,0,0,0,37,Month-to-month,DSL,38.44,1457.27,Ohio
CUST_3324,Male,0,1,0,16,Month-to-month, None,55.82,930.91,Pennsylvania
CUST_3325,Male,0,0,0,5,Month-to-month,DSL,64.81,367.15,Texas
CUST_3326,Male,1,1,1,31,Month-to-month, None,56.94,1777.97,Vermont
CUST_3327,Male,0,0,0,17,Month-to-month,fibre optic,70.18,1228.34,Illinois
CUST_3328,Female,0,0,0,13,Month-to-month,fibre optic,93.1,1198.36,Alabama
CUST_3329,Male,0,0,1,44,Month-to-month,fibre optic,48.31,2174.15,Massachusetts
CUST_3330,Female,0,1,0,34,Month-to-month,DSL,118.21,4032.41,Missouri
CUST_3331,Female,1,0,1,9,Month-to-month,fibre optic,31.92,271.87,Virginia
CUST_3332,Male,0,1,0,16,Two years,DSL,60.4,950.7,Florida
CUST_3333,Male,0,0,0,53,Two years,DSL,65.21,3471.14,Idaho
CUST_3334,Male,0,0,0,33,Month-to-month,DSL,95.92,3166.07,Kentucky
CUST_3335,Female,0,1,0,61,Month-to-month,DSL,84.03,5120.69,Oregon
CUST_3336,Female,1,0,0,39,Month-to-month,DSL,42.06,1663.42,Massachusetts
CUST_3337,Female,0,0,0,59,Month-to-month,fibre optic,110.55,6524.02,Texas
CUST_3338,Female,0,0,0,60,Month-to-month,fibre optic,56.4,3430.52,Arizona
CUST_3339,Male,0,1,0,56,One year, None,69.12,3917.66,West Virginia
CUST_3340,Male,0,0,1,24,Month-to-month,DSL,61.99,1528.76,Kansas
CUST_3341,Male,1,0,0,1,Month-to-month,DSL,62.36,56.83,Iowa
CUST_3342,Male,0,0,1,46,Month-to-month,fibre optic,69.67,3250.81,New Hampshire
CUST_3343,Female,0,0,1,37,One year,fibre optic,108.44,4013.87,Oklahoma
CUST_3344,Male,0,1,0,69,Two years,fibre optic,69.25,4783.0,Utah
CUST_3345,Male,0,0,0,20,Two years,DSL,33.46,650.64,Oregon
CUST_3346,Male,0,0,0,19,Two years,fibre optic,37.73,733.86,Michigan
CUST_3347,Female,0,0,1,10,Two years,DSL,65.78,695.92,Missouri
CUST_3348,Female,0,1,0,42,Month-to-month,fibre optic,113.5,4810.38,Florida
CUST_3349,Male,0,0,1,12,Month-to-month,fibre optic,61.5,766.25,North Dakota
CUST_3350,Female,0,1,1,71,Two years,fibre optic,63.44,4521.48,Illinois
CUST_3351,Female,0,0,1,64,Two years,DSL,49.0,3130.22,Wyoming
CUST_3352,Male,1,0,0,35,Month-to-month,fibre optic,46.86,1656.34,California
CUST_3353,Female,1,1,0,68,Two years,fibre optic,110.11,7514.36,Texas
CUST_3354,Male,1,0,0,26,Month-to-month, None,115.9,3018.4,Mississippi
CUST_3355,Female,1,0,1,49,Month-to-month, None,110.56,5454.97,West Virginia
CUST_3356,Female,0,0,0,19,Month-to-month,fibre optic,84.78,1602.85,South Carolina
CUST_3357,Female,0,0,1,39,One year, None,115.03,4466.58,Texas
CUST_3358,Female,0,0,0,54,Month-to-month,fibre optic,62.03,3344.8,Delaware
CUST_3359,Female,0,0,0,15,Month-to-month,DSL,75.83,1144.0,North Dakota
CUST_3360,Female,0,1,1,8,Month-to-month,fibre optic,82.61,652.9,California
CUST_3361,Male,0,0,0,7,Month-to-month,fibre optic,111.52,803.46,Montana
CUST_3362,Female,0,0,0,53,Month-to-month,DSL,56.93,3039.56,Indiana
CUST_3363,Male,0,0,0,41,Month-to-month,fibre optic,76.91,3193.16,West Virginia
CUST_3364,Male,0,1,1,10,One year,DSL,101.47,1053.1,Michigan
CUST_3365,Male,0,0,0,65,Month-to-month,fibre optic,68.55,4486.52,Colorado
CUST_3366,Male,0,0,0,47,One year, None,37.73,1805.68,Mississippi
CUST_3367,Male,0,0,1,6,Two years,fibre optic,59.03,349.72,Alaska
CUST_3368,Male,0,0,0,24,One year,fibre optic,48.84,1165.15,South Dakota
CUST_3369,Female,0,1,1,15,Two years,fibre optic,58.89,869.11,Kansas
CUST_3370,Male,0,0,0,38,Month-to-month,DSL,31.54,1225.36,Nevada
CUST_3371,Male,0,0,0,30,Month-to-month,DSL,96.32,2872.22,Maine
CUST_3372,Female,0,0,1,22,Month-to-month,fibre optic,76.74,1677.47,Maine
CUST_3373,Male,0,0,0,25,Month-to-month,fibre optic,57.53,1436.23,Alaska
CUST_3374,Male,0,0,0,41,Two years,fibre optic,76.69,3178.13,Missouri
CUST_3375,Male,0,1,0,29,Month-to-month,DSL,83.29,2418.66,Virginia
CUST_3376,Female,0,0,0,32,One year,fibre optic,103.87,3314.92,Illinois
CUST_3377,Male,0,0,0,26,Month-to-month,fibre optic,52.55,1366.72,Wyoming
CUST_3378,Female,0,0,1,53,Month-to-month,DSL,68.52,3673.06,Maine
CUST_3379,Female,0,0,0,32,Month-to-month,fibre optic,65.52,2080.86,South Carolina
CUST_3380,Male,0,1,0,44,Month-to-month,fibre optic,35.35,1595.73,California
CUST_3381,Male,0,0,0,70,One year,fibre optic,102.03,7167.56,Arkansas
CUST_3382,Female,0,0,0,21,Month-to-month,fibre optic,59.65,1267.57,Missouri
CUST_3383,Male,1,1,1,6,Two years,fibre optic,30.61,172.99,Minnesota
CUST_3384,Female,0,1,0,24,One year,fibre optic,30.31,749.64,North Carolina
CUST_3385,Male,0,1,0,51,Two years,fibre optic,94.84,4872.34,Kansas
CUST_3386,Female,1,0,0,36,Two years, None,118.33,4287.28,Louisiana
CUST_3387,Male,0,0,0,49,Month-to-month,fibre optic,42.88,2117.26,Massachusetts
CUST_3388,Female,1,0,1,13,One year,DSL,68.82,877.81,Texas
CUST_3389,Male,0,0,0,63,One year,fibre optic,95.7,6040.97,Idaho
CUST_3390,Male,0,0,0,20,Two years,DSL,112.7,2288.07,Maryland
CUST_3391,Male,1,0,0,69,One year,fibre optic,104.55,7216.2,Maine
CUST_3392,Male,0,1,0,23,Month-to-month,fibre optic,65.6,1516.93,Louisiana
CUST_3393,Female,0,0,0,12,Month-to-month,fibre optic,92.85,1150.82,Connecticut
CUST_3394,Female,0,0,0,28,Month-to-month,fibre optic,80.6,2271.05,Illinois
CUST_3395,Male,0,1,1,59,One year,fibre optic,119.75,7073.48,Delaware
CUST_3396,Female,0,1,1,68,One year,fibre optic,94.65,6470.76,Wisconsin
CUST_3397,Female,0,0,0,12,Month-to-month, None,86.08,1074.98,Nebraska
CUST_3398,Male,0,1,0,40,One year,fibre optic,114.31,4617.28,Washington
CUST_3399,Male,0,1,0,63,Month-to-month,DSL,108.11,6809.69,Massachusetts
CUST_3400,Male,0,1,1,2,Month-to-month,DSL,64.53,157.08,Arkansas
CUST_3401,Male,0,0,1,46,Month-to-month,DSL,77.94,3581.11,New Jersey
CUST_3402,Female,0,0,0,23,Month-to-month,fibre optic,99.16,2305.93,Michigan
CUST_3403,Male,0,0,0,30,Two years,DSL,114.18,3417.97,New York
CUST_3404,Male,0,0,0,61,One year,fibre optic,101.23,6165.78,Mississippi
CUST_3405,Female,0,0,1,60,Month-to-month,fibre optic,31.67,1908.93,Iowa
CUST_3406,Female,0,1,0,50,Two years,fibre optic,54.04,2685.81,Maine
CUST_3407,Female,0,1,0,29,Month-to-month,DSL,41.71,1199.5,Georgia
CUST_3408,Female,0,0,1,8,Month-to-month, None,87.35,695.98,Virginia
CUST_3409,Female,0,0,0,51,One year,DSL,53.26,2758.85,Wyoming
CUST_3410,Female,0,1,1,61,Two years,fibre optic,61.75,3798.28,New Mexico
CUST_3411,Male,0,0,1,64,Month-to-month,fibre optic,31.14,2025.84,Minnesota
CUST_3412,Male,0,0,0,33,Month-to-month, None,117.38,3921.33,Louisiana
CUST_3413,Male,0,0,0,23,Month-to-month,fibre optic,115.51,2670.58,Alaska
CUST_3414,Male,0,0,1,9,One year,fibre optic,44.74,440.98,North Carolina
CUST_3415,Female,0,1,1,24,Month-to-month,fibre optic,45.75,1115.08,Wyoming
CUST_3416,Male,1,1,1,20,Two years,DSL,79.64,1627.61,Alaska
CUST_3417,Male,0,0,0,41,One year,fibre optic,96.6,3974.6,Colorado
CUST_3418,Male,1,1,1,23,One year,fibre optic,67.62,1596.08,Indiana
CUST_3419,Male,0,1,1,48,Month-to-month,DSL,75.54,3621.98,Pennsylvania
CUST_3420,Male,0,0,0,48,Two years,fibre optic,111.83,5371.75,Alaska
CUST_3421,Female,1,1,0,43,Two years,fibre optic,31.34,1351.54,Virginia
CUST_3422,Female,0,1,1,26,Month-to-month,DSL,70.44,1871.96,Hawaii
CUST_3423,Female,0,1,0,13,One year,fibre optic,94.64,1261.68,South Carolina
CUST_3424,Female,0,1,0,71,Month-to-month,fibre optic,65.01,4634.91,Indiana
CUST_3425,Female,0,1,0,27,Month-to-month,fibre optic,86.6,2349.95,South Dakota
CUST_3426,Male,0,0,0,65,Month-to-month, None,48.45,3154.33,Texas
CUST_3427,Male,1,1,0,11,Month-to-month,fibre optic,95.84,1055.09,Montana
CUST_3428,Male,0,1,0,51,Month-to-month,fibre optic,50.91,2643.63,California
CUST_3429,Female,0,0,0,59,Two years,fibre optic,35.91,2167.63,Idaho
CUST_3430,Female,0,0,1,23,One year,fibre optic,61.49,1425.47,New Jersey
CUST_3431,Male,1,1,1,48,Month-to-month,fibre optic,92.9,4445.02,Alabama
CUST_3432,Male,0,0,0,26,Month-to-month, None,96.29,2511.95,North Carolina
CUST_3433,Male,0,1,0,68,Two years,fibre optic,80.72,5474.75,California
CUST_3434,Male,0,1,0,50,One year,fibre optic,100.53,5015.09,Alaska
CUST_3435,Male,0,0,0,70,One year,fibre optic,70.1,4895.5,Maryland
CUST_3436,Male,1,0,1,34,One year, None,100.71,3429.36,Colorado
CUST_3437,Female,0,0,0,71,Month-to-month,DSL,46.77,3331.92,Massachusetts
CUST_3438,Male,1,0,0,17,Month-to-month,fibre optic,82.47,1443.09,Utah
CUST_3439,Male,0,0,1,66,Month-to-month, None,65.56,4342.32,Pennsylvania
CUST_3440,Female,1,0,0,63,Month-to-month,fibre optic,87.88,5577.39,Illinois
CUST_3441,Female,0,1,0,34,Month-to-month,fibre optic,82.16,2786.97,Tennessee
CUST_3442,Male,1,1,0,12,Month-to-month,DSL,96.51,1182.8,New York
CUST_3443,Male,0,0,0,1,Two years,fibre optic,71.02,55.8,South Dakota
CUST_3444,Female,1,0,0,17,Month-to-month,fibre optic,43.79,727.68,Washington
CUST_3445,Male,0,0,0,24,One year,fibre optic,95.98,2292.94,Texas
CUST_3446,Female,0,0,1,36,Month-to-month,fibre optic,81.44,2929.51,Michigan
CUST_3447,Female,0,1,1,43,Two years,fibre optic,86.1,3703.11,Indiana
CUST_3448,Male,0,1,1,7,One year,fibre optic,57.37,409.66,Maine
CUST_3449,Female,1,0,0,67,Month-to-month,DSL,82.44,5557.76,California
CUST_3450,Male,0,1,0,40,Month-to-month,fibre optic,70.06,2835.69,Arkansas
CUST_3451,Female,0,0,0,57,One year,fibre optic,112.13,6416.06,Vermont
CUST_3452,Female,0,0,0,58,Month-to-month,fibre optic,63.7,3722.0,South Dakota
CUST_3453,Female,0,1,0,46,One year,fibre optic,92.99,4300.73,Montana
CUST_3454,Female,0,1,1,23,Month-to-month,fibre optic,88.65,2049.95,Mississippi
CUST_3455,Male,0,0,0,61,One year,fibre optic,103.42,6327.81,Massachusetts
CUST_3456,Male,1,1,1,60,Month-to-month, None,54.98,3324.41,Mississippi
CUST_3457,Male,0,0,0,52,Month-to-month,DSL,45.0,2374.33,Massachusetts
CUST_3458,Female,0,0,0,68,Month-to-month,DSL,41.79,2854.07,Illinois
CUST_3459,Male,0,0,1,40,Two years,DSL,46.71,1865.05,Ohio
CUST_3460,Male,0,1,0,58,Two years,fibre optic,79.07,4571.34,South Dakota
CUST_3461,Male,0,1,0,55,One year,DSL,102.09,5656.19,Kansas
CUST_3462,Male,1,0,1,47,One year,fibre optic,112.94,5349.98,Montana
CUST_3463,Female,0,1,0,65,Month-to-month,DSL,57.2,3744.08,Iowa
CUST_3464,Male,0,1,1,8,One year,fibre optic,85.68,686.01,Washington
CUST_3465,Female,0,0,0,17,Two years,DSL,98.92,1684.73,Arkansas
CUST_3466,Male,0,1,0,23,Month-to-month,DSL,38.35,888.6,New Jersey
CUST_3467,Male,0,1,1,18,Month-to-month, None,43.2,786.07,West Virginia
CUST_3468,Female,1,1,0,10,Month-to-month, None,53.15,550.08,Louisiana
CUST_3469,Male,0,0,0,52,Month-to-month,fibre optic,63.44,3290.25,Washington
CUST_3470,Male,0,0,0,4,Month-to-month,fibre optic,110.03,472.26,Illinois
CUST_3471,Female,0,1,1,66,One year, None,90.13,5990.54,North Dakota
CUST_3472,Male,0,1,1,8,Two years, None,68.48,555.44,Massachusetts
CUST_3473,Male,1,0,0,36,Month-to-month,DSL,75.94,2727.33,Nebraska
CUST_3474,Male,0,0,1,37,Month-to-month,DSL,54.04,2011.2,Virginia
CUST_3475,Female,0,1,1,68,Month-to-month,fibre optic,87.42,5930.48,Illinois
CUST_3476,Male,0,0,0,62,Two years,DSL,44.17,2773.46,Kentucky
CUST_3477,Male,0,0,1,27,Month-to-month,fibre optic,48.19,1307.94,Pennsylvania
CUST_3478,Male,0,0,0,48,Month-to-month,fibre optic,100.48,4852.16,Kansas
CUST_3479,Female,1,1,0,62,Month-to-month,fibre optic,112.44,6962.31,Utah
CUST_3480,Male,0,0,1,51,Month-to-month,DSL,82.95,4246.26,New Jersey
CUST_3481,Male,1,0,1,26,Month-to-month,fibre optic,70.46,1871.39,Ohio
CUST_3482,Male,0,0,0,20,Two years, None,34.34,731.37,Missouri
CUST_3483,Female,0,0,0,12,One year,fibre optic,74.02,926.12,North Dakota
CUST_3484,Female,0,0,1,36,One year,DSL,108.3,3895.66,Kansas
CUST_3485,Male,1,1,1,15,One year,fibre optic,91.38,1377.61,New Mexico
CUST_3486,Male,0,1,1,63,Month-to-month,DSL,48.83,3071.89,Oregon
CUST_3487,Male,0,1,0,63,Month-to-month,DSL,31.27,2019.43,Delaware
CUST_3488,Female,1,0,0,65,Month-to-month,fibre optic,107.55,7031.95,Connecticut
CUST_3489,Male,0,1,0,31,Two years,fibre optic,45.76,1402.12,Michigan
CUST_3490,Female,0,0,1,67,Two years,fibre optic,35.42,2385.37,Alaska
CUST_3491,Male,0,1,0,61,Month-to-month,DSL,69.97,4277.92,Louisiana
CUST_3492,Female,0,0,1,53,Month-to-month,fibre optic,101.7,5371.95,Massachusetts
CUST_3493,Male,0,1,0,1,Month-to-month,fibre optic,67.45,105.05,Mississippi
CUST_3494,Female,0,1,0,6,One year,fibre optic,68.68,450.02,West Virginia
CUST_3495,Male,0,0,1,58,One year,fibre optic,99.35,5805.16,Oklahoma
CUST_3496,Male,1,0,0,26,One year,fibre optic,89.84,2317.6,Ohio
CUST_3497,Female,1,0,0,18,Two years,DSL,104.59,1877.0,Connecticut
CUST_3498,Male,1,1,1,11,Two years,fibre optic,97.73,1113.08,Wyoming
CUST_3499,Male,0,0,0,64,One year,DSL,37.66,2410.09,Virginia
CUST_3500,Male,0,1,1,53,One year,DSL,72.38,3867.39,Massachusetts
CUST_3501,Female,0,0,0,14,Month-to-month,fibre optic,45.17,671.65,Alaska
CUST_3502,Male,1,0,0,59,One year,fibre optic,116.26,6861.61,North Carolina
CUST_3503,Male,0,0,1,15,Month-to-month,fibre optic,113.84,1699.16,Vermont
CUST_3504,Male,0,0,1,56,Month-to-month,fibre optic,95.41,5328.63,South Dakota
CUST_3505,Female,0,1,1,38,Month-to-month,fibre optic,85.36,3243.63,Florida
CUST_3506,Male,0,0,0,16,Two years,fibre optic,119.8,1947.37,Ohio
CUST_3507,Male,0,1,0,34,Month-to-month,DSL,39.32,1367.25,Iowa
CUST_3508,Male,0,0,0,37,Month-to-month,DSL,40.01,1507.54,Alaska
CUST_3509,Male,0,1,0,44,Two years,fibre optic,91.94,4040.12,Michigan
CUST_3510,Female,0,0,0,26,Two years, None,106.97,2774.39,Wisconsin
CUST_3511,Female,1,1,1,16,One year,fibre optic,101.68,1626.04,Wyoming
CUST_3512,Male,0,0,0,46,Two years,DSL,40.65,1890.9,Alabama
CUST_3513,Male,0,1,0,54,Month-to-month,fibre optic,31.88,1754.31,Ohio
CUST_3514,Female,0,0,1,16,One year,DSL,101.89,1619.28,Tennessee
CUST_3515,Male,1,0,0,37,Month-to-month,fibre optic,30.46,1163.05,North Carolina
CUST_3516,Male,0,1,0,39,Two years,fibre optic,104.54,4119.24,Arizona
CUST_3517,Male,0,1,1,10,Two years,DSL,60.35,636.12,New Mexico
CUST_3518,Female,0,0,0,55,Two years,fibre optic,94.04,5202.23,New Jersey
CUST_3519,Male,0,1,0,20,Two years,fibre optic,97.69,1998.47,Massachusetts
CUST_3520,Female,0,0,1,1,Month-to-month,fibre optic,98.45,91.79,Montana
CUST_3521,Male,1,1,1,67,Month-to-month,DSL,83.26,5596.3,Michigan
CUST_3522,Female,0,0,0,61,Two years,fibre optic,80.13,4932.8,New York
CUST_3523,Female,0,1,0,28,One year,DSL,105.78,3009.09,Kentucky
CUST_3524,Male,0,1,1,39,One year,fibre optic,77.79,3051.12,Georgia
CUST_3525,Male,0,1,0,17,Month-to-month,DSL,101.29,1730.83,Minnesota
CUST_3526,Female,0,0,0,70,Month-to-month, None,90.38,6371.97,Louisiana
CUST_3527,Male,0,1,0,55,One year,fibre optic,52.35,2908.21,South Carolina
CUST_3528,Male,1,0,1,46,Month-to-month,fibre optic,40.71,1868.24,Kentucky
CUST_3529,Male,0,0,1,25,Month-to-month,DSL,52.2,1296.71,Iowa
CUST_3530,Female,0,1,0,8,Month-to-month,DSL,99.2,842.75,Oregon
CUST_3531,Female,0,0,0,28,Month-to-month,fibre optic,51.84,1437.42,Oregon
CUST_3532,Female,0,1,1,9,Month-to-month,DSL,74.88,691.79,Virginia
CUST_3533,Female,1,0,0,41,Month-to-month,fibre optic,86.16,3518.43,New York
CUST_3534,Female,0,1,0,7,One year,DSL,42.85,306.08,New Mexico
CUST_3535,Female,0,1,0,69,Month-to-month, None,103.22,7124.23,Montana
CUST_3536,Male,0,0,1,67,Month-to-month,DSL,45.34,3034.16,Maryland
CUST_3537,Male,0,1,1,16,Month-to-month,fibre optic,66.38,1110.16,New York
CUST_3538,Male,0,0,0,39,One year,fibre optic,81.16,3169.02,Illinois
CUST_3539,Female,0,0,0,54,One year, None,42.18,2319.03,Arizona
CUST_3540,Male,0,1,0,2,One year,fibre optic,42.4,112.67,New York
CUST_3541,Male,0,0,0,21,Month-to-month,DSL,35.22,721.92,Missouri
CUST_3542,Male,0,1,1,34,Month-to-month,DSL,50.6,1758.07,Louisiana
CUST_3543,Male,0,0,0,64,Month-to-month,DSL,46.12,2980.69,Pennsylvania
CUST_3544,Male,0,0,0,67,One year,fibre optic,38.71,2626.61,Alabama
CUST_3545,Female,0,1,1,46,Two years,fibre optic,37.03,1734.95,Oregon
CUST_3546,Female,0,0,1,46,Month-to-month, None,30.31,1438.14,Alabama
CUST_3547,Female,0,0,0,40,Month-to-month,DSL,94.26,3806.98,Montana
CUST_3548,Female,0,1,1,6,Month-to-month, None,90.47,582.76,Illinois
CUST_3549,Male,0,0,0,10,One year,fibre optic,100.88,1024.39,Maine
CUST_3550,Male,0,1,1,35,One year,DSL,88.8,3099.84,Hawaii
CUST_3551,Male,0,0,0,53,One year,fibre optic,111.28,5915.99,Michigan
CUST_3552,Female,0,0,0,24,One year,fibre optic,69.25,1681.72,Iowa
CUST_3553,Female,0,0,1,68,Two years,DSL,45.97,3147.0,New Hampshire
CUST_3554,Female,0,1,0,6,Two years,fibre optic,74.46,472.41,New Mexico
CUST_3555,Female,0,0,0,68,Month-to-month,fibre optic,78.56,5360.37,Indiana
CUST_3556,Male,0,1,1,68,One year,fibre optic,31.66,2179.99,Wisconsin
CUST_3557,Male,0,0,0,22,One year,fibre optic,98.87,2181.39,Pennsylvania
CUST_3558,Male,0,1,0,68,One year,fibre optic,77.91,5299.58,Georgia
CUST_3559,Male,0,1,1,60,Month-to-month,fibre optic,33.61,2046.82,California
CUST_3560,Female,0,0,0,10,One year,fibre optic,82.45,806.93,Massachusetts
CUST_3561,Female,0,1,1,5,Two years,DSL,42.64,253.2,Idaho
CUST_3562,Male,0,0,1,50,Month-to-month,fibre optic,82.17,4138.45,Illinois
CUST_3563,Female,0,1,1,46,Two years,DSL,82.85,3855.2,Colorado
CUST_3564,Male,0,0,0,56,Month-to-month,DSL,35.93,2059.0,Missouri
CUST_3565,Male,0,1,0,14,Month-to-month,fibre optic,101.24,1411.51,Idaho
CUST_3566,Male,0,0,0,52,Month-to-month,fibre optic,75.34,3945.25,North Dakota
CUST_3567,Male,0,1,0,58,Month-to-month,DSL,67.99,3961.79,New Mexico
CUST_3568,Female,0,0,0,43,Month-to-month,DSL,117.43,5077.39,Michigan
CUST_3569,Male,1,0,1,47,Month-to-month,fibre optic,115.15,5435.22,New Jersey
CUST_3570,Female,0,0,0,33,One year,fibre optic,103.25,3452.32,Nevada
CUST_3571,Male,0,1,0,69,Two years,fibre optic,73.66,5085.61,Illinois
CUST_3572,Male,0,1,0,52,Month-to-month,fibre optic,81.01,4203.69,Florida
CUST_3573,Male,0,1,0,5,One year,fibre optic,83.62,411.28,Michigan
CUST_3574,Female,0,1,0,9,Month-to-month,fibre optic,108.9,982.38,New Hampshire
CUST_3575,Male,0,0,1,33,Month-to-month,DSL,76.94,2519.62,Maine
CUST_3576,Male,0,1,1,52,One year,fibre optic,119.01,6231.02,Minnesota
CUST_3577,Male,0,1,0,57,Month-to-month,fibre optic,112.32,6438.24,Tennessee
CUST_3578,Female,0,1,1,34,Two years,DSL,62.08,2136.42,Wisconsin
CUST_3579,Female,0,0,0,54,One year,fibre optic,37.72,2063.35,Mississippi
CUST_3580,Female,1,0,0,4,One year,fibre optic,33.63,175.22,Mississippi
CUST_3581,Male,0,1,0,59,Month-to-month,DSL,67.97,3998.22,Maryland
CUST_3582,Male,0,0,0,68,Month-to-month,fibre optic,81.17,5508.46,Maine
CUST_3583,Male,0,1,1,44,Month-to-month,DSL,73.73,3272.84,New Hampshire
CUST_3584,Female,0,0,1,15,Month-to-month,fibre optic,50.93,805.78,New Jersey
CUST_3585,Female,0,0,1,10,Month-to-month,fibre optic,107.4,1114.58,Indiana
CUST_3586,Female,0,1,1,56,One year,DSL,47.04,2667.32,West Virginia
CUST_3587,Male,0,1,0,59,Month-to-month,fibre optic,53.85,3203.58,Maine
CUST_3588,Male,0,1,1,7,Two years,DSL,68.74,493.04,Florida
CUST_3589,Male,0,1,0,3,Month-to-month, None,65.85,185.97,Colorado
CUST_3590,Female,0,1,1,42,One year,fibre optic,41.22,1744.72,Pennsylvania
CUST_3591,Male,0,0,0,65,Month-to-month, None,84.81,5504.69,New York
CUST_3592,Female,0,0,1,22,Month-to-month,fibre optic,42.13,914.87,Tennessee
CUST_3593,Female,0,0,1,1,Month-to-month, None,68.38,106.7,Nebraska
CUST_3594,Male,1,0,1,14,Month-to-month,fibre optic,85.93,1222.22,Arizona
CUST_3595,Male,0,1,0,55,Month-to-month,fibre optic,55.18,3056.12,Oregon
CUST_3596,Female,1,0,0,25,Two years,fibre optic,92.91,2317.56,Georgia
CUST_3597,Male,0,1,0,49,Two years,fibre optic,33.23,1674.22,Connecticut
CUST_3598,Male,0,0,1,54,Two years,fibre optic,118.11,6405.1,Oklahoma
CUST_3599,Male,0,0,0,71,Month-to-month, None,60.25,4317.72,Maine
CUST_3600,Male,0,1,1,44,One year,fibre optic,36.14,1606.56,Alaska
CUST_3601,Female,0,1,1,6,Month-to-month,fibre optic,42.73,288.66,Arkansas
CUST_3602,Female,0,0,1,3,Month-to-month, None,115.74,376.62,Illinois
CUST_3603,Female,0,1,1,64,Two years,DSL,38.36,2463.37,Arizona
CUST_3604,Female,0,1,0,38,One year,fibre optic,37.25,1406.74,Michigan
CUST_3605,Male,0,0,0,69,Two years,fibre optic,74.65,5174.15,Oregon
CUST_3606,Female,0,0,0,64,Month-to-month,DSL,34.22,2194.92,West Virginia
CUST_3607,Female,1,1,0,63,Two years,fibre optic,46.38,2907.67,North Dakota
CUST_3608,Female,0,0,1,56,Month-to-month,DSL,93.15,5208.63,Kentucky
CUST_3609,Female,1,0,0,3,Month-to-month,DSL,86.89,263.37,Nebraska
CUST_3610,Female,0,1,0,59,Month-to-month,DSL,40.2,2412.33,Alabama
CUST_3611,Female,0,1,0,32,One year,fibre optic,47.72,1546.4,Alabama
CUST_3612,Male,0,0,0,27,One year,DSL,119.59,3227.87,Washington
CUST_3613,Male,0,1,1,15,Month-to-month,fibre optic,116.05,1786.82,Vermont
CUST_3614,Female,0,0,0,7,One year,fibre optic,95.42,666.2,South Carolina
CUST_3615,Female,0,0,1,56,One year,fibre optic,57.36,3221.53,New York
CUST_3616,Female,1,0,1,48,Two years,fibre optic,72.17,3464.63,Wisconsin
CUST_3617,Female,0,0,1,39,Two years,DSL,88.4,3434.14,New Hampshire
CUST_3618,Female,0,0,1,42,Month-to-month,fibre optic,90.77,3800.2,Delaware
CUST_3619,Female,0,0,0,66,One year,fibre optic,102.16,6762.53,Kansas
CUST_3620,Female,0,0,0,43,Month-to-month,fibre optic,115.71,5022.32,Mississippi
CUST_3621,Male,0,0,1,56,One year,fibre optic,33.46,1901.74,Rhode Island
CUST_3622,Female,0,0,0,50,One year,DSL,89.68,4501.16,Wisconsin
CUST_3623,Female,1,1,1,63,Two years,DSL,36.91,2318.98,Idaho
CUST_3624,Male,0,0,0,24,Two years,fibre optic,82.18,1997.13,Colorado
CUST_3625,Male,0,0,0,58,Month-to-month, None,67.05,3903.04,North Dakota
CUST_3626,Male,0,1,1,13,Two years,fibre optic,101.24,1364.93,Georgia
CUST_3627,Female,0,1,0,19,One year,DSL,80.38,1544.65,Rhode Island
CUST_3628,Male,0,0,0,26,Month-to-month,DSL,31.1,855.42,South Dakota
CUST_3629,Male,0,0,0,20,Two years, None,42.01,839.95,Michigan
CUST_3630,Male,0,0,1,70,Month-to-month, None,106.76,7460.88,Mississippi
CUST_3631,Male,0,0,1,36,Month-to-month,fibre optic,74.6,2688.0,Texas
CUST_3632,Female,0,0,1,24,Two years,fibre optic,101.73,2467.43,Delaware
CUST_3633,Female,0,0,0,20,Two years,fibre optic,93.41,1900.72,Wyoming
CUST_3634,Female,0,1,1,38,Month-to-month,fibre optic,49.54,1928.34,South Carolina
CUST_3635,Male,0,0,1,23,One year,fibre optic,30.99,715.66,Utah
CUST_3636,Male,0,0,0,61,One year,DSL,50.43,3069.44,Vermont
CUST_3637,Female,0,1,0,22,Month-to-month,DSL,56.19,1227.26,Oregon
CUST_3638,Female,1,0,1,18,One year,fibre optic,85.51,1538.55,Connecticut
CUST_3639,Female,0,1,0,70,One year,DSL,45.22,3199.06,Nebraska
CUST_3640,Female,0,1,0,34,Month-to-month,fibre optic,37.36,1300.23,Michigan
CUST_3641,Female,0,1,0,12,Two years,DSL,83.51,1038.0,Montana
CUST_3642,Male,1,0,1,4,Month-to-month,fibre optic,104.55,442.43,New Mexico
CUST_3643,Female,0,1,0,71,Month-to-month,DSL,99.68,7066.62,Nebraska
CUST_3644,Female,0,1,0,18,Month-to-month,DSL,46.2,829.11,Delaware
CUST_3645,Female,0,1,0,8,Month-to-month,DSL,48.72,427.37,Kentucky
CUST_3646,Female,0,0,0,8,One year,fibre optic,76.25,609.38,Wisconsin
CUST_3647,Female,0,0,1,14,Month-to-month,fibre optic,57.49,794.67,Missouri
CUST_3648,Male,1,1,0,53,One year,fibre optic,59.21,3118.79,West Virginia
CUST_3649,Male,0,0,1,41,Month-to-month,DSL,99.4,4111.53,Florida
CUST_3650,Female,0,1,0,30,One year,fibre optic,104.89,3190.91,Colorado
CUST_3651,Male,0,0,0,15,Month-to-month,fibre optic,44.96,679.57,Delaware
CUST_3652,Male,0,0,0,46,Month-to-month, None,109.99,5101.16,Washington
CUST_3653,Female,0,1,0,10,One year,DSL,78.01,798.88,Oklahoma
CUST_3654,Male,0,1,0,29,Month-to-month,fibre optic,42.87,1250.51,South Carolina
CUST_3655,Female,0,1,0,8,Month-to-month,fibre optic,111.43,874.78,North Carolina
CUST_3656,Male,0,1,0,42,Month-to-month, None,89.4,3765.79,Oklahoma
CUST_3657,Female,0,1,0,47,Two years,fibre optic,53.33,2537.36,Massachusetts
CUST_3658,Male,0,0,0,34,One year,fibre optic,100.54,3414.2,Louisiana
CUST_3659,Female,0,0,0,26,Month-to-month,DSL,106.01,2790.06,Pennsylvania
CUST_3660,Female,0,1,1,50,Two years, None,30.22,1540.03,Florida
CUST_3661,Female,0,0,0,65,One year,DSL,115.88,7524.59,Missouri
CUST_3662,Female,0,0,0,19,One year,fibre optic,97.29,1896.35,Montana
CUST_3663,Male,0,1,0,26,One year,DSL,60.84,1574.23,Georgia
CUST_3664,Male,0,0,1,13,Two years,DSL,92.87,1241.03,North Carolina
CUST_3665,Female,0,1,0,4,Month-to-month,DSL,31.15,120.1,Rhode Island
CUST_3666,Female,0,0,0,27,One year,DSL,65.49,1782.19,New York
CUST_3667,Male,0,0,1,62,Month-to-month,fibre optic,58.51,3625.96,Missouri
CUST_3668,Male,0,0,0,56,One year,DSL,118.9,6692.49,Indiana
CUST_3669,Female,0,0,1,52,Month-to-month, None,51.97,2738.69,Tennessee
CUST_3670,Male,0,1,0,22,Month-to-month,fibre optic,30.8,668.19,New Mexico
CUST_3671,Female,0,1,1,22,Month-to-month,DSL,48.37,1098.05,South Carolina
CUST_3672,Female,1,0,0,33,Two years,fibre optic,67.92,2260.34,New Hampshire
CUST_3673,Female,0,0,1,39,Month-to-month,fibre optic,68.03,2677.23,Wisconsin
CUST_3674,Female,0,0,1,4,One year,fibre optic,113.69,467.27,Kansas
CUST_3675,Male,0,0,0,24,Month-to-month,fibre optic,31.39,768.56,Louisiana
CUST_3676,Female,0,1,0,29,Two years, None,35.74,1037.2,Florida
CUST_3677,Female,0,1,0,43,Two years,fibre optic,105.81,4554.67,Rhode Island
CUST_3678,Male,0,0,1,46,Month-to-month,DSL,66.97,3094.8,Oklahoma
CUST_3679,Male,0,0,0,64,Month-to-month,fibre optic,58.64,3750.81,Washington
CUST_3680,Male,1,0,1,56,Two years, None,37.25,2110.48,Oregon
CUST_3681,Male,0,0,0,62,Month-to-month, None,44.17,2735.93,Maine
CUST_3682,Female,0,1,0,48,Month-to-month,DSL,67.62,3250.72,Oklahoma
CUST_3683,Female,0,1,0,35,One year,DSL,96.61,3419.53,Minnesota
CUST_3684,Female,0,0,1,7,Month-to-month,DSL,87.58,645.98,New York
CUST_3685,Male,0,0,1,46,Month-to-month,DSL,92.32,4228.42,Alaska
CUST_3686,Male,1,1,0,14,Month-to-month,fibre optic,47.77,664.26,Louisiana
CUST_3687,Male,0,0,1,23,Month-to-month,fibre optic,62.43,1484.09,New Jersey
CUST_3688,Female,0,0,1,10,Two years,fibre optic,92.11,931.4,Florida
CUST_3689,Female,0,0,1,31,Two years,fibre optic,102.09,3207.45,Oregon
CUST_3690,Female,1,1,1,21,Two years,fibre optic,89.39,1925.0,Alabama
CUST_3691,Male,0,0,0,14,Month-to-month,fibre optic,50.36,730.22,Maine
CUST_3692,Male,0,0,0,23,Month-to-month,DSL,106.18,2457.29,Wisconsin
CUST_3693,Female,0,0,1,2,Month-to-month,fibre optic,106.87,238.21,Virginia
CUST_3694,Male,0,0,0,8,Month-to-month, None,118.78,937.94,Vermont
CUST_3695,Male,0,1,0,68,One year,fibre optic,83.83,5684.9,Louisiana
CUST_3696,Female,0,0,0,6,Month-to-month,fibre optic,98.94,602.09,Illinois
CUST_3697,Female,0,1,0,25,Month-to-month,DSL,47.65,1226.32,Connecticut
CUST_3698,Male,0,0,0,32,Two years,fibre optic,72.26,2304.59,New Jersey
CUST_3699,Female,0,0,0,49,Month-to-month,DSL,114.11,5585.24,Missouri
CUST_3700,Female,0,1,1,68,Month-to-month, None,49.33,3352.4,Massachusetts
CUST_3701,Female,0,0,1,65,Month-to-month,fibre optic,67.21,4394.22,Delaware
CUST_3702,Female,0,0,0,56,One year, None,36.05,2062.11,Iowa
CUST_3703,Male,0,0,0,1,Month-to-month,DSL,53.61,56.94,Ohio
CUST_3704,Male,0,0,1,9,Month-to-month,fibre optic,82.49,725.85,Colorado
CUST_3705,Male,0,1,1,1,Month-to-month,fibre optic,103.94,117.73,Kentucky
CUST_3706,Female,0,1,0,5,Month-to-month, None,116.6,567.71,Oklahoma
CUST_3707,Male,0,0,0,57,Two years,fibre optic,111.19,6330.22,Washington
CUST_3708,Female,0,1,1,59,Month-to-month,fibre optic,65.84,3867.03,Arkansas
CUST_3709,Female,0,1,1,18,One year,fibre optic,42.75,760.6,Wyoming
CUST_3710,Male,0,1,1,8,One year,fibre optic,51.64,401.97,Connecticut
CUST_3711,Male,0,0,0,70,Month-to-month,DSL,87.19,6132.18,Kansas
CUST_3712,Female,0,1,0,55,Two years,DSL,35.34,1987.44,Michigan
CUST_3713,Female,1,0,0,38,Month-to-month,DSL,103.37,3958.5,Kentucky
CUST_3714,Female,0,0,1,63,Two years,DSL,67.63,4297.11,Maine
CUST_3715,Male,0,0,1,23,One year, None,41.5,946.57,Georgia
CUST_3716,Male,0,1,0,11,One year,fibre optic,40.39,461.42,Alaska
CUST_3717,Male,0,1,0,56,Two years,fibre optic,53.55,2982.56,Maine
CUST_3718,Female,0,0,1,26,Month-to-month,fibre optic,92.14,2417.98,Mississippi
CUST_3719,Male,0,0,1,8,Month-to-month,DSL,89.57,748.16,Indiana
CUST_3720,Female,0,0,0,37,Two years,fibre optic,52.13,1958.56,Montana
CUST_3721,Female,0,0,0,68,One year, None,82.71,5642.69,Virginia
CUST_3722,Female,0,1,0,3,One year,fibre optic,33.91,112.92,Oklahoma
CUST_3723,Male,0,0,0,31,One year,DSL,104.56,3285.9,Arizona
CUST_3724,Male,0,0,0,68,One year,fibre optic,54.02,3655.44,Minnesota
CUST_3725,Male,0,0,0,39,Month-to-month,fibre optic,54.07,2151.15,Nevada
CUST_3726,Female,1,1,1,60,Month-to-month,fibre optic,108.41,6525.46,Colorado
CUST_3727,Female,0,0,1,15,Month-to-month,DSL,107.94,1612.64,Pennsylvania
CUST_3728,Female,1,0,0,16,Month-to-month,DSL,118.99,1940.86,Maine
CUST_3729,Female,0,1,0,51,Month-to-month,fibre optic,108.8,5582.15,Hawaii
CUST_3730,Female,0,1,0,51,Month-to-month,DSL,106.89,5444.69,Wisconsin
CUST_3731,Male,0,1,0,50,Month-to-month,fibre optic,90.55,4547.31,Nevada
CUST_3732,Male,1,1,0,9,Two years,DSL,46.59,433.49,Minnesota
CUST_3733,Male,0,1,0,25,One year,DSL,31.95,820.71,Nebraska
CUST_3734,Female,0,1,0,48,Month-to-month,DSL,115.26,5548.21,North Dakota
CUST_3735,Male,0,1,0,34,One year,DSL,60.98,2080.0,New Hampshire
CUST_3736,Male,0,0,0,62,One year,fibre optic,51.39,3184.75,Ohio
CUST_3737,Female,1,0,0,54,Month-to-month,fibre optic,78.17,4240.11,Wisconsin
CUST_3738,Female,0,1,0,5,Month-to-month,DSL,70.88,387.23,Washington
CUST_3739,Female,0,0,0,29,One year,DSL,104.51,3015.23,Ohio
CUST_3740,Male,0,0,1,54,Month-to-month,DSL,34.28,1881.08,Idaho
CUST_3741,Male,0,1,1,15,Month-to-month,fibre optic,51.93,792.25,Arkansas
CUST_3742,Male,0,0,0,53,Month-to-month,DSL,33.41,1800.25,New Hampshire
CUST_3743,Male,0,1,0,29,Month-to-month,DSL,31.81,972.03,New Hampshire
CUST_3744,Male,0,1,1,56,Two years,DSL,63.11,3548.23,New York
CUST_3745,Male,0,0,0,40,One year,fibre optic,83.01,3341.11,Michigan
CUST_3746,Male,1,0,1,4,Month-to-month,fibre optic,105.39,455.88,Michigan
CUST_3747,Female,0,1,0,54,Two years,fibre optic,31.6,1706.77,Kentucky
CUST_3748,Male,0,0,0,65,Month-to-month,fibre optic,95.71,6215.2,Pennsylvania
CUST_3749,Female,1,1,0,30,Month-to-month,fibre optic,115.7,3490.98,Nevada
CUST_3750,Male,0,1,0,48,Month-to-month,fibre optic,50.9,2431.55,North Carolina
CUST_3751,Female,1,1,0,6,One year, None,107.52,649.58,Mississippi
CUST_3752,Female,0,1,1,7,Month-to-month,DSL,97.2,691.38,Alaska
CUST_3753,Female,0,0,1,17,One year,DSL,73.36,1291.58,Maryland
CUST_3754,Male,0,0,0,68,Month-to-month,fibre optic,37.23,2554.25,California
CUST_3755,Male,0,1,0,30,One year, None,48.69,1504.01,New York
CUST_3756,Male,1,0,0,39,One year,DSL,107.19,4169.33,Michigan
CUST_3757,Male,0,0,0,7,Month-to-month,fibre optic,119.61,818.64,California
CUST_3758,Male,1,1,0,69,Month-to-month,DSL,100.12,6889.31,New Jersey
CUST_3759,Female,0,1,0,13,Month-to-month,DSL,31.54,456.02,Utah
CUST_3760,Male,0,1,0,50,Month-to-month,fibre optic,76.56,3835.34,Wyoming
CUST_3761,Male,0,1,0,9,Month-to-month,fibre optic,83.48,799.71,North Carolina
CUST_3762,Male,1,1,1,51,Two years, None,97.83,4969.54,Connecticut
CUST_3763,Male,0,1,0,16,Month-to-month,fibre optic,86.57,1402.47,Oregon
CUST_3764,Female,0,0,1,23,One year,fibre optic,115.47,2689.79,Massachusetts
CUST_3765,Female,0,1,0,45,Two years,DSL,113.71,5117.02,South Dakota
CUST_3766,Male,0,0,0,69,Month-to-month,fibre optic,82.5,5722.17,Wyoming
CUST_3767,Female,0,0,1,17,Month-to-month,fibre optic,45.54,760.2,Mississippi
CUST_3768,Female,1,0,0,10,One year,fibre optic,96.36,1001.78,South Carolina
CUST_3769,Male,0,0,0,49,Month-to-month,fibre optic,63.65,3165.88,Maine
CUST_3770,Female,0,1,0,30,Month-to-month,fibre optic,58.52,1753.37,Mississippi
CUST_3771,Female,0,0,0,21,Month-to-month, None,50.29,1080.43,New York
CUST_3772,Male,0,1,0,30,One year,fibre optic,62.68,1914.47,Vermont
CUST_3773,Male,0,1,1,53,One year,fibre optic,87.89,4669.85,Nebraska
CUST_3774,Female,0,0,1,1,Month-to-month,fibre optic,118.77,133.94,New York
CUST_3775,Female,0,1,1,7,One year,DSL,73.98,563.69,Nevada
CUST_3776,Male,0,1,0,6,Two years,DSL,35.41,205.74,Indiana
CUST_3777,Female,0,1,1,8,Two years,fibre optic,97.52,766.32,Ohio
CUST_3778,Female,0,0,1,44,One year,fibre optic,56.7,2503.32,Arizona
CUST_3779,Female,0,0,0,28,Month-to-month,fibre optic,56.07,1581.98,Oklahoma
CUST_3780,Female,1,0,0,26,Month-to-month,fibre optic,49.27,1298.0,Georgia
CUST_3781,Female,0,1,0,11,Month-to-month,fibre optic,96.73,1061.02,New Mexico
CUST_3782,Male,0,1,0,27,Month-to-month,DSL,52.06,1452.98,North Dakota
CUST_3783,Male,0,0,1,35,One year,fibre optic,52.63,1839.94,Alaska
CUST_3784,Male,0,1,0,42,Month-to-month, None,101.4,4270.0,Maine
CUST_3785,Female,0,0,1,68,Month-to-month,DSL,117.47,7976.27,Pennsylvania
CUST_3786,Male,1,0,0,41,Month-to-month, None,67.55,2764.36,Georgia
CUST_3787,Female,1,1,1,41,Month-to-month,fibre optic,84.62,3464.38,Oklahoma
CUST_3788,Female,0,1,0,17,Month-to-month,DSL,53.51,934.55,New Hampshire
CUST_3789,Male,0,0,0,5,One year,DSL,78.35,426.66,Alaska
CUST_3790,Female,0,0,0,69,One year,DSL,40.17,2760.86,Colorado
CUST_3791,Female,1,0,0,11,Two years,fibre optic,119.57,1346.42,Delaware
CUST_3792,Female,0,0,1,20,Month-to-month,fibre optic,77.27,1544.85,Hawaii
CUST_3793,Female,0,0,1,68,One year,DSL,105.7,7226.03,Alabama
CUST_3794,Female,0,1,0,33,Month-to-month,DSL,93.2,3108.46,Vermont
CUST_3795,Male,1,1,1,16,One year,DSL,46.03,775.7,North Dakota
CUST_3796,Female,0,0,1,37,Month-to-month,fibre optic,83.12,3058.75,Florida
CUST_3797,Male,1,1,0,56,Two years,fibre optic,68.08,3842.16,Nevada
CUST_3798,Male,0,1,1,71,One year,fibre optic,59.43,4246.32,Minnesota
CUST_3799,Male,0,0,1,62,One year,fibre optic,52.22,3242.99,Washington
CUST_3800,Female,0,1,0,37,One year,DSL,53.48,1980.87,Mississippi
CUST_3801,Male,0,0,1,28,Month-to-month,fibre optic,71.97,2033.58,Ohio
CUST_3802,Male,0,0,0,33,Month-to-month,fibre optic,50.4,1683.18,Utah
CUST_3803,Male,0,0,0,58,Month-to-month,fibre optic,102.41,5922.14,Arkansas
CUST_3804,Female,0,1,1,19,One year,DSL,114.83,2194.29,Missouri
CUST_3805,Male,1,1,1,32,One year, None,87.46,2789.68,Vermont
CUST_3806,Male,0,0,1,46,Two years,DSL,84.76,3920.71,Illinois
CUST_3807,Male,0,0,0,7,Month-to-month,fibre optic,32.93,275.16,Connecticut
CUST_3808,Male,0,1,0,41,Month-to-month,fibre optic,33.55,1413.13,Florida
CUST_3809,Female,0,1,0,55,Two years,DSL,102.61,5683.77,Alabama
CUST_3810,Male,0,0,0,47,Month-to-month,fibre optic,96.07,4542.86,Mississippi
CUST_3811,Female,0,1,0,54,One year, None,76.24,4099.31,New York
CUST_3812,Female,1,0,1,27,Month-to-month,fibre optic,42.04,1146.03,Illinois
CUST_3813,Male,0,1,0,48,One year,DSL,70.35,3367.76,Wisconsin
CUST_3814,Female,0,0,0,70,Two years,fibre optic,97.77,6833.84,Pennsylvania
CUST_3815,Female,1,0,1,69,One year, None,103.32,7148.26,California
CUST_3816,Male,0,1,0,39,One year,DSL,101.7,3965.06,North Dakota
CUST_3817,Female,0,0,1,29,Month-to-month,fibre optic,113.69,3288.64,Maine
CUST_3818,Male,0,0,1,49,One year,fibre optic,81.49,4010.08,Kansas
CUST_3819,Male,0,1,0,54,Month-to-month,fibre optic,85.67,4661.37,Hawaii
CUST_3820,Female,0,0,0,20,Month-to-month,DSL,54.72,1100.28,Wisconsin
CUST_3821,Female,0,1,0,34,Month-to-month,fibre optic,105.56,3579.3,Texas
CUST_3822,Male,0,0,1,25,Month-to-month,fibre optic,53.34,1325.95,Illinois
CUST_3823,Male,0,0,1,66,Month-to-month,DSL,41.56,2791.88,Kansas
CUST_3824,Male,0,1,0,16,Month-to-month,fibre optic,49.39,794.23,Arizona
CUST_3825,Male,0,1,1,34,One year,fibre optic,86.71,2933.12,Texas
CUST_3826,Female,0,0,0,46,One year,fibre optic,111.8,5131.5,Nevada
CUST_3827,Male,0,0,1,39,Month-to-month,fibre optic,67.45,2676.36,Arkansas
CUST_3828,Male,0,1,0,66,Month-to-month,fibre optic,43.92,2922.81,Wyoming
CUST_3829,Male,0,0,0,14,One year,fibre optic,60.27,853.35,West Virginia
CUST_3830,Male,1,0,0,33,Two years,fibre optic,30.39,1006.12,North Dakota
CUST_3831,Male,0,0,0,38,Two years,fibre optic,76.73,2918.37,Hawaii
CUST_3832,Male,1,1,0,35,Two years,fibre optic,89.71,3129.8,Louisiana
CUST_3833,Female,0,1,0,43,One year,DSL,71.13,3046.37,Oregon
CUST_3834,Female,0,1,0,20,Month-to-month, None,42.7,871.06,New Jersey
CUST_3835,Female,1,1,0,35,Two years,DSL,90.51,3187.87,Maryland
CUST_3836,Female,0,0,1,11,One year,fibre optic,112.86,1272.24,Alaska
CUST_3837,Female,0,0,1,27,Month-to-month,DSL,89.05,2433.0,Kentucky
CUST_3838,Male,0,0,0,32,Two years,fibre optic,45.22,1450.68,Virginia
CUST_3839,Male,0,1,0,39,Month-to-month,DSL,31.82,1256.39,Virginia
CUST_3840,Male,0,0,1,64,Month-to-month,DSL,55.65,3594.57,Virginia
CUST_3841,Male,0,0,0,43,Month-to-month,DSL,49.9,2163.98,South Carolina
CUST_3842,Female,1,1,1,27,Two years,fibre optic,50.41,1345.68,New Jersey
CUST_3843,Male,0,1,0,64,One year,fibre optic,115.16,7382.79,Tennessee
CUST_3844,Female,1,1,1,23,Month-to-month,fibre optic,98.93,2257.53,Minnesota
CUST_3845,Female,1,0,0,71,Month-to-month, None,75.83,5398.4,Iowa
CUST_3846,Female,0,1,0,68,One year,fibre optic,119.79,8143.89,Wisconsin
CUST_3847,Male,1,0,0,52,Two years,DSL,108.79,5701.84,North Carolina
CUST_3848,Male,1,0,1,47,One year,DSL,119.42,5618.61,Mississippi
CUST_3849,Female,0,0,0,66,Month-to-month,fibre optic,89.26,5873.24,Rhode Island
CUST_3850,Female,0,1,0,52,Month-to-month,fibre optic,96.91,5035.64,South Dakota
CUST_3851,Female,0,1,1,58,Month-to-month,fibre optic,33.17,1908.17,Missouri
CUST_3852,Female,0,0,1,15,Month-to-month,fibre optic,114.21,1756.27,Maryland
CUST_3853,Male,1,0,0,56,One year, None,41.32,2305.97,Oregon
CUST_3854,Female,0,0,1,35,Month-to-month,DSL,78.84,2758.62,Arizona
CUST_3855,Male,1,0,0,18,One year,fibre optic,68.88,1264.16,Kansas
CUST_3856,Female,0,1,1,34,Month-to-month,fibre optic,100.29,3453.57,Rhode Island
CUST_3857,Male,0,0,0,2,Month-to-month,fibre optic,48.75,91.03,Oklahoma
CUST_3858,Male,0,0,0,54,Month-to-month,fibre optic,97.24,5285.85,Arizona
CUST_3859,Male,0,0,0,69,Two years,fibre optic,108.18,7452.01,Louisiana
CUST_3860,Male,0,1,0,37,Two years,fibre optic,41.95,1564.12,Arkansas
CUST_3861,Female,0,0,0,3,Month-to-month, None,56.32,211.45,Wyoming
CUST_3862,Male,0,1,0,30,Month-to-month,DSL,47.47,1421.71,Pennsylvania
CUST_3863,Male,0,0,1,47,Two years,fibre optic,48.45,2296.73,Maine
CUST_3864,Female,0,0,0,69,Month-to-month,fibre optic,34.59,2393.64,Michigan
CUST_3865,Female,0,0,0,7,One year,DSL,116.01,844.12,Michigan
CUST_3866,Female,0,0,0,5,Month-to-month, None,42.51,206.9,Wyoming
CUST_3867,Male,0,1,0,34,Month-to-month,fibre optic,105.97,3643.97,Alaska
CUST_3868,Female,0,1,1,8,One year,fibre optic,80.64,693.0,Delaware
CUST_3869,Male,0,0,1,57,Month-to-month,fibre optic,95.49,5470.72,Nebraska
CUST_3870,Female,0,0,0,50,One year, None,71.43,3593.95,South Carolina
CUST_3871,Male,0,0,1,40,Month-to-month,DSL,57.33,2326.21,Wyoming
CUST_3872,Female,0,0,0,42,One year,fibre optic,104.81,4400.6,Nevada
CUST_3873,Male,0,1,1,19,Month-to-month,DSL,60.68,1168.24,Illinois
CUST_3874,Male,0,1,1,41,Month-to-month,DSL,67.17,2781.91,Ohio
CUST_3875,Female,0,0,0,5,Month-to-month,DSL,58.5,296.06,Arkansas
CUST_3876,Male,1,1,0,9,Two years,fibre optic,90.65,806.13,New Hampshire
CUST_3877,Female,0,1,1,59,Two years,fibre optic,115.77,6831.01,Colorado
CUST_3878,Female,1,1,0,23,Month-to-month,DSL,78.04,1839.98,Florida
CUST_3879,Female,0,0,0,30,Month-to-month,fibre optic,36.65,1135.74,California
CUST_3880,Female,1,1,0,16,Month-to-month,DSL,30.49,525.85,Nevada
CUST_3881,Male,0,0,0,22,Month-to-month,DSL,95.04,2118.49,Georgia
CUST_3882,Male,0,1,1,44,Two years,DSL,75.16,3307.69,Washington
CUST_3883,Male,0,1,1,3,One year,fibre optic,82.9,284.16,Wisconsin
CUST_3884,Female,0,0,1,59,One year,DSL,106.83,6339.84,Idaho
CUST_3885,Female,1,0,0,46,One year,DSL,93.63,4350.53,Minnesota
CUST_3886,Male,0,0,0,45,Month-to-month, None,58.08,2640.78,Colorado
CUST_3887,Male,0,0,0,39,Two years,fibre optic,54.67,2124.76,Minnesota
CUST_3888,Female,0,0,1,26,One year,fibre optic,90.92,2374.42,Georgia
CUST_3889,Male,0,0,1,50,One year,DSL,110.77,5552.18,Indiana
CUST_3890,Male,0,0,1,33,One year,fibre optic,96.49,3202.78,Tennessee
CUST_3891,Female,0,1,0,26,Month-to-month,DSL,111.83,2953.05,Florida
CUST_3892,Male,0,1,0,5,One year,fibre optic,90.66,502.28,Oregon
CUST_3893,Male,0,0,0,46,One year,DSL,37.16,1757.84,Alabama
CUST_3894,Female,1,1,0,34,Month-to-month,fibre optic,54.13,1872.14,Utah
CUST_3895,Male,0,0,0,45,Two years,fibre optic,73.46,3348.96,Oregon
CUST_3896,Male,0,0,1,57,Two years,fibre optic,66.56,3800.79,New Jersey
CUST_3897,Male,0,0,1,67,Two years,fibre optic,107.82,7225.61,South Dakota
CUST_3898,Male,0,1,1,26,Month-to-month,DSL,115.3,3016.76,Mississippi
CUST_3899,Male,0,0,0,63,Month-to-month,fibre optic,91.24,5729.73,Arizona
CUST_3900,Male,0,0,0,48,Month-to-month,DSL,88.64,4289.55,Arizona
CUST_3901,Female,0,1,0,34,Month-to-month,fibre optic,105.97,3608.55,Georgia
CUST_3902,Male,0,0,0,44,Month-to-month,DSL,117.78,5215.79,New Jersey
CUST_3903,Female,0,0,0,65,Two years,fibre optic,103.03,6746.65,Mississippi
CUST_3904,Female,1,0,1,32,Two years, None,35.03,1162.4,Oklahoma
CUST_3905,Male,1,1,0,71,Two years,DSL,92.55,6577.08,Maryland
CUST_3906,Female,0,1,0,2,Month-to-month,fibre optic,56.51,135.58,Michigan
CUST_3907,Female,0,1,0,35,Month-to-month,fibre optic,86.81,3069.91,Kentucky
CUST_3908,Female,1,0,1,58,Month-to-month,DSL,43.71,2577.84,Massachusetts
CUST_3909,Female,0,1,1,1,One year,fibre optic,106.6,120.57,Arizona
CUST_3910,Male,0,1,1,40,One year,DSL,101.96,4122.81,North Dakota
CUST_3911,Female,1,1,0,16,Month-to-month,fibre optic,41.92,682.49,Maine
CUST_3912,Male,0,1,0,9,Month-to-month,fibre optic,115.5,1052.06,New Jersey
CUST_3913,Male,0,0,0,68,Month-to-month,DSL,58.79,3993.87,Vermont
CUST_3914,Male,0,1,0,11,Month-to-month,fibre optic,97.35,1117.85,North Dakota
CUST_3915,Male,0,0,0,66,Month-to-month,fibre optic,40.62,2702.31,Alabama
CUST_3916,Male,0,0,0,56,Two years,fibre optic,50.52,2834.66,North Carolina
CUST_3917,Female,0,1,1,61,Month-to-month,fibre optic,91.61,5608.35,Pennsylvania
CUST_3918,Female,0,0,0,37,Month-to-month,DSL,96.24,3550.39,Hawaii
CUST_3919,Female,0,1,0,6,Month-to-month, None,74.99,473.13,Pennsylvania
CUST_3920,Male,0,0,0,9,Month-to-month,fibre optic,105.47,981.27,New Hampshire
CUST_3921,Male,1,1,1,37,One year,fibre optic,38.55,1453.37,Missouri
CUST_3922,Female,0,0,0,12,Two years,DSL,103.72,1268.73,Vermont
CUST_3923,Male,0,0,0,44,One year, None,37.22,1657.3,Kansas
CUST_3924,Female,0,1,0,48,One year,fibre optic,89.79,4299.53,North Carolina
CUST_3925,Male,0,0,0,20,Two years,DSL,70.09,1384.13,Connecticut
CUST_3926,Female,0,1,0,39,Month-to-month,fibre optic,93.44,3652.7,Connecticut
CUST_3927,Female,0,0,0,42,Two years,fibre optic,33.78,1431.07,North Carolina
CUST_3928,Male,0,0,1,40,One year,DSL,42.61,1746.21,Minnesota
CUST_3929,Male,1,0,0,20,Month-to-month,fibre optic,47.88,967.63,Missouri
CUST_3930,Male,0,1,1,27,Month-to-month,fibre optic,44.23,1187.8,New Jersey
CUST_3931,Male,1,0,0,63,Two years,fibre optic,79.64,5029.73,Idaho
CUST_3932,Male,0,1,0,66,One year,fibre optic,112.82,7486.11,New York
CUST_3933,Female,0,1,1,43,Two years,DSL,103.52,4439.6,New Hampshire
CUST_3934,Male,0,0,0,23,One year, None,30.83,718.03,Mississippi
CUST_3935,Male,0,0,0,29,Month-to-month, None,75.91,2225.19,Hawaii
CUST_3936,Male,0,0,0,18,Month-to-month,fibre optic,86.73,1589.08,Kansas
CUST_3937,Male,0,0,0,40,Two years,fibre optic,108.79,4383.77,West Virginia
CUST_3938,Male,0,0,0,25,One year,fibre optic,78.07,1983.95,New Jersey
CUST_3939,Female,0,0,1,65,Month-to-month,DSL,111.63,7295.99,Colorado
CUST_3940,Male,0,0,1,52,Month-to-month,DSL,61.45,3185.09,New Mexico
CUST_3941,Female,1,1,0,55,Two years,fibre optic,70.1,3877.6,Arizona
CUST_3942,Female,1,0,1,57,Two years, None,101.17,5792.78,Michigan
CUST_3943,Female,1,1,0,42,Month-to-month,fibre optic,41.18,1723.84,Colorado
CUST_3944,Female,0,0,1,50,One year,fibre optic,51.84,2609.39,New Mexico
CUST_3945,Male,0,1,0,46,Month-to-month,DSL,62.36,2860.12,New Hampshire
CUST_3946,Female,1,0,1,61,Month-to-month,fibre optic,78.2,4778.58,Alaska
CUST_3947,Female,0,0,0,9,Month-to-month,fibre optic,94.81,889.39,Delaware
CUST_3948,Female,0,0,1,59,Two years,fibre optic,103.83,6114.94,Vermont
CUST_3949,Male,0,1,0,38,Two years,fibre optic,48.58,1836.92,Indiana
CUST_3950,Male,0,0,1,51,One year,fibre optic,94.6,4807.86,Florida
CUST_3951,Male,0,1,0,36,Month-to-month, None,34.08,1245.15,Arkansas
CUST_3952,Male,0,0,1,64,Month-to-month,DSL,100.33,6429.91,Kentucky
CUST_3953,Male,0,0,1,5,Month-to-month,DSL,51.46,249.14,Colorado
CUST_3954,Male,1,1,0,1,One year, None,54.03,64.55,Washington
CUST_3955,Male,0,1,0,2,Month-to-month,DSL,96.87,232.38,West Virginia
CUST_3956,Female,0,0,0,55,Month-to-month,fibre optic,59.67,3312.53,Pennsylvania
CUST_3957,Female,0,0,0,12,Month-to-month,fibre optic,38.38,498.2,Iowa
CUST_3958,Male,0,0,1,4,Month-to-month,fibre optic,32.68,130.2,Kentucky
CUST_3959,Male,0,1,0,52,One year,DSL,101.97,5285.65,Massachusetts
CUST_3960,Male,0,1,1,36,One year,DSL,38.69,1383.34,Florida
CUST_3961,Female,1,0,0,25,Month-to-month,fibre optic,51.49,1284.69,Wyoming
CUST_3962,Female,0,0,0,62,Month-to-month,fibre optic,56.07,3516.85,South Carolina
CUST_3963,Male,1,0,0,15,Month-to-month,DSL,72.29,1112.69,Arkansas
CUST_3964,Male,1,0,1,46,One year, None,42.96,2002.89,New York
CUST_3965,Female,1,1,0,69,Month-to-month,DSL,63.29,4354.38,North Carolina
CUST_3966,Female,0,0,1,9,Month-to-month, None,100.31,939.64,Kentucky
CUST_3967,Male,1,1,0,56,Two years,fibre optic,88.34,4972.12,North Carolina
CUST_3968,Female,1,1,1,26,Two years,DSL,94.18,2449.03,Illinois
CUST_3969,Male,0,1,0,20,Month-to-month,DSL,48.59,989.65,Massachusetts
CUST_3970,Male,0,1,0,38,Month-to-month,fibre optic,55.04,2101.87,Alaska
CUST_3971,Male,0,0,0,20,Month-to-month,fibre optic,75.26,1542.86,California
CUST_3972,Female,1,0,0,13,Month-to-month, None,97.73,1282.34,South Carolina
CUST_3973,Female,0,0,1,2,One year,fibre optic,59.21,148.12,Virginia
CUST_3974,Female,0,0,0,63,Month-to-month,fibre optic,80.95,5084.89,Pennsylvania
CUST_3975,Female,0,0,0,45,Month-to-month,DSL,53.88,2457.01,California
CUST_3976,Male,0,0,1,24,Month-to-month,fibre optic,99.67,2386.54,Wyoming
CUST_3977,Male,0,1,1,37,Month-to-month,DSL,100.73,3768.9,New Mexico
CUST_3978,Male,0,1,0,66,Two years,fibre optic,85.21,5665.49,Massachusetts
CUST_3979,Female,0,0,1,66,Month-to-month,fibre optic,112.6,7421.02,Indiana
CUST_3980,Male,0,1,0,11,One year,fibre optic,82.36,950.3,New York
CUST_3981,Female,1,0,0,19,One year,fibre optic,62.51,1198.28,California
CUST_3982,Female,0,0,0,8,Month-to-month,fibre optic,58.74,454.2,Minnesota
CUST_3983,Male,0,0,1,57,One year,DSL,108.76,6199.61,North Carolina
CUST_3984,Male,1,0,1,33,Two years, None,70.87,2356.32,Virginia
CUST_3985,Female,0,1,0,13,One year,fibre optic,46.03,642.41,Montana
CUST_3986,Male,1,1,1,64,One year,fibre optic,79.23,5085.86,Hawaii
CUST_3987,Female,1,0,0,63,Month-to-month,fibre optic,88.69,5573.56,Tennessee
CUST_3988,Male,0,0,1,33,Month-to-month, None,79.67,2673.97,Illinois
CUST_3989,Female,0,1,0,19,Month-to-month,DSL,82.27,1609.31,Delaware
CUST_3990,Male,0,0,0,65,Month-to-month,fibre optic,113.83,7405.2,Oregon
CUST_3991,Male,0,1,0,26,One year,fibre optic,109.5,2874.57,Arkansas
CUST_3992,Male,1,0,0,59,One year,DSL,107.57,6359.26,Iowa
CUST_3993,Male,0,0,1,49,One year,fibre optic,62.76,3116.7,Illinois
CUST_3994,Male,0,0,1,2,Month-to-month,DSL,46.06,101.2,Delaware
CUST_3995,Female,0,1,1,43,One year,DSL,67.49,2928.79,Iowa
CUST_3996,Male,0,0,0,49,One year,fibre optic,70.73,3509.82,South Dakota
CUST_3997,Female,0,0,0,66,Month-to-month,DSL,41.19,2704.71,Florida
CUST_3998,Female,0,0,1,19,Month-to-month,DSL,41.07,771.5,Massachusetts
CUST_3999,Female,1,0,1,12,Two years,fibre optic,110.03,1353.05,Wisconsin
CUST_4000,Male,1,1,1,22,Month-to-month,fibre optic,105.53,2327.11,Michigan
CUST_4001,Female,0,0,0,18,One year,fibre optic,68.14,1249.49,Iowa
CUST_4002,Male,1,0,1,11,One year,fibre optic,105.76,1186.73,Ohio
CUST_4003,Male,1,1,0,28,Month-to-month,DSL,90.7,2538.94,Massachusetts
CUST_4004,Male,0,1,1,37,Two years, None,53.92,1998.45,Tennessee
CUST_4005,Female,0,1,1,46,One year,fibre optic,64.12,2958.13,Maryland
CUST_4006,Male,0,0,1,43,Month-to-month,fibre optic,58.8,2569.31,Idaho
CUST_4007,Male,0,0,0,28,One year,DSL,115.04,3242.08,Nebraska
CUST_4008,Female,0,1,0,33,Month-to-month,fibre optic,80.73,2709.24,Indiana
CUST_4009,Female,0,1,0,58,Month-to-month,fibre optic,47.25,2741.39,Colorado
CUST_4010,Female,0,1,0,65,Two years,fibre optic,79.13,5141.92,Wisconsin
CUST_4011,Female,0,0,0,50,One year,fibre optic,47.54,2381.76,Delaware
CUST_4012,Male,0,1,0,53,Two years,fibre optic,45.19,2393.19,Alaska
CUST_4013,Male,0,0,1,51,Month-to-month,fibre optic,82.81,4271.47,South Dakota
CUST_4014,Female,0,0,0,63,Month-to-month,fibre optic,52.99,3376.58,Maine
CUST_4015,Male,0,1,0,1,Month-to-month,fibre optic,110.86,112.12,New Jersey
CUST_4016,Female,0,1,0,10,One year,DSL,106.91,1051.53,Kansas
CUST_4017,Male,0,0,0,40,One year,fibre optic,68.23,2741.26,Iowa
CUST_4018,Male,0,1,0,60,Month-to-month,DSL,92.16,5517.41,Kentucky
CUST_4019,Female,0,0,0,7,One year,fibre optic,47.08,375.2,Delaware
CUST_4020,Male,0,1,0,9,Month-to-month,DSL,104.3,944.82,Utah
CUST_4021,Female,0,1,0,67,Month-to-month,fibre optic,80.21,5421.65,Florida
CUST_4022,Female,0,1,0,48,Two years,fibre optic,86.19,4186.54,Kansas
CUST_4023,Female,0,0,1,50,One year,fibre optic,44.37,2250.06,Rhode Island
CUST_4024,Female,0,1,0,9,One year,DSL,63.81,616.7,Montana
CUST_4025,Male,0,0,0,2,Two years, None,66.59,142.57,Michigan
CUST_4026,Male,0,1,1,41,Month-to-month,fibre optic,116.87,4812.05,Kansas
CUST_4027,Male,0,0,0,20,Month-to-month,DSL,110.96,2204.78,Alabama
CUST_4028,Female,0,0,1,54,Month-to-month,DSL,30.13,1672.7,West Virginia
CUST_4029,Female,0,1,0,35,Month-to-month,fibre optic,70.92,2477.12,Iowa
CUST_4030,Male,0,1,0,24,Month-to-month,DSL,76.04,1824.3,Alaska
CUST_4031,Male,0,1,0,55,One year,fibre optic,73.73,4063.68,Oregon
CUST_4032,Male,0,0,0,52,Month-to-month,fibre optic,83.35,4380.66,Oregon
CUST_4033,Male,1,0,0,41,Month-to-month,fibre optic,92.34,3766.78,Michigan
CUST_4034,Male,0,1,0,18,Month-to-month, None,97.48,1755.91,Florida
CUST_4035,Female,0,1,0,20,Month-to-month,fibre optic,104.25,2081.01,Tennessee
CUST_4036,Female,0,0,0,56,Month-to-month,fibre optic,34.55,1972.91,Tennessee
CUST_4037,Female,1,1,0,55,Month-to-month,fibre optic,104.43,5732.84,Indiana
CUST_4038,Male,0,0,0,42,Two years,DSL,51.1,2134.76,Arkansas
CUST_4039,Female,0,0,0,12,Month-to-month,fibre optic,36.63,421.56,Nebraska
CUST_4040,Female,0,0,1,32,Two years,fibre optic,83.7,2689.45,North Dakota
CUST_4041,Male,0,0,0,66,Month-to-month,fibre optic,88.9,5903.17,New Jersey
CUST_4042,Male,0,0,0,14,Two years,DSL,56.69,832.72,North Dakota
CUST_4043,Female,0,0,0,38,Month-to-month,fibre optic,66.74,2517.59,Wisconsin
CUST_4044,Male,0,0,0,62,Month-to-month,DSL,49.0,3075.82,Kentucky
CUST_4045,Male,0,1,0,47,One year,fibre optic,103.88,4910.44,South Dakota
CUST_4046,Male,0,1,0,66,Two years,fibre optic,100.2,6645.84,Kansas
CUST_4047,Male,0,1,0,48,Two years,fibre optic,74.34,3600.43,Tennessee
CUST_4048,Female,1,0,0,30,Month-to-month,fibre optic,98.17,2987.76,Virginia
CUST_4049,Female,0,1,1,47,Two years,DSL,47.89,2245.94,Wyoming
CUST_4050,Male,0,1,0,26,One year,fibre optic,31.79,836.16,Wisconsin
CUST_4051,Female,0,1,0,17,One year, None,65.08,1105.96,Mississippi
CUST_4052,Female,0,1,1,15,One year,DSL,72.09,1117.32,Louisiana
CUST_4053,Male,0,0,0,7,One year, None,92.79,687.0,Oregon
CUST_4054,Male,0,0,0,27,Month-to-month, None,32.85,910.12,Colorado
CUST_4055,Male,1,1,0,25,Month-to-month,DSL,110.23,2758.49,Massachusetts
CUST_4056,Male,0,0,0,8,Two years,fibre optic,100.12,841.26,Maryland
CUST_4057,Female,0,1,0,11,Two years,fibre optic,116.59,1263.04,New Hampshire
CUST_4058,Male,0,1,1,46,Month-to-month,fibre optic,90.56,4171.54,Missouri
CUST_4059,Female,0,0,0,64,Month-to-month,DSL,58.07,3733.55,Hawaii
CUST_4060,Male,0,0,0,16,Month-to-month,fibre optic,102.04,1617.05,Alaska
CUST_4061,Female,1,0,0,24,Two years,fibre optic,51.56,1227.72,Rhode Island
CUST_4062,Male,1,1,0,57,Two years,fibre optic,36.5,2071.43,North Carolina
CUST_4063,Female,0,1,0,59,Month-to-month,DSL,53.55,3182.55,Vermont
CUST_4064,Female,0,0,1,71,Two years,fibre optic,117.73,8356.4,Utah
CUST_4065,Female,1,1,0,69,One year,fibre optic,53.78,3720.64,North Dakota
CUST_4066,Female,0,0,0,56,Month-to-month,fibre optic,60.75,3439.67,South Dakota
CUST_4067,Female,0,0,0,71,Month-to-month,fibre optic,111.28,7945.31,New Hampshire
CUST_4068,Female,0,1,0,42,Month-to-month,DSL,83.57,3543.73,Massachusetts
CUST_4069,Male,0,0,1,2,Two years,fibre optic,37.28,84.67,Delaware
CUST_4070,Male,0,1,0,60,Two years, None,72.74,4355.22,Wisconsin
CUST_4071,Female,0,1,0,7,Month-to-month,DSL,49.56,367.88,Kansas
CUST_4072,Female,0,1,0,9,Month-to-month,fibre optic,82.08,752.52,Maryland
CUST_4073,Male,0,0,0,66,Month-to-month,fibre optic,81.06,5331.76,Kansas
CUST_4074,Female,0,0,0,46,One year,fibre optic,47.02,2198.43,Nevada
CUST_4075,Male,0,1,0,46,One year,fibre optic,43.63,2013.23,Rhode Island
CUST_4076,Female,0,1,0,24,Month-to-month,fibre optic,72.42,1756.85,Oklahoma
CUST_4077,Male,0,0,0,33,Month-to-month,fibre optic,91.08,3029.06,Alabama
CUST_4078,Male,0,1,1,3,One year,fibre optic,111.31,323.44,Connecticut
CUST_4079,Male,0,0,0,12,Month-to-month,DSL,99.04,1218.55,Hawaii
CUST_4080,Female,0,1,1,22,Month-to-month,DSL,69.3,1506.61,Washington
CUST_4081,Female,0,0,1,52,Month-to-month,fibre optic,83.2,4360.95,Michigan
CUST_4082,Female,1,0,1,8,Month-to-month, None,92.18,734.67,Kentucky
CUST_4083,Female,0,0,0,57,Month-to-month,fibre optic,38.81,2201.4,Nebraska
CUST_4084,Male,0,1,0,19,Month-to-month,DSL,113.81,2185.52,Idaho
CUST_4085,Female,0,0,0,20,Month-to-month,fibre optic,45.96,944.85,Pennsylvania
CUST_4086,Male,0,1,1,12,Month-to-month,fibre optic,78.84,987.16,Maine
CUST_4087,Female,0,1,0,65,Month-to-month,fibre optic,94.4,6145.1,Rhode Island
CUST_4088,Male,0,1,0,15,Month-to-month,fibre optic,94.22,1461.68,Rhode Island
CUST_4089,Male,1,0,1,26,One year,fibre optic,32.0,878.38,Georgia
CUST_4090,Female,1,0,0,3,One year,fibre optic,54.82,162.69,Florida
CUST_4091,Female,0,0,0,17,Two years,DSL,63.19,1101.46,North Dakota
CUST_4092,Female,0,1,0,8,Month-to-month,fibre optic,116.45,964.35,Texas
CUST_4093,Male,0,0,1,28,Month-to-month,fibre optic,103.07,2912.21,California
CUST_4094,Male,0,0,0,51,Two years,fibre optic,87.15,4453.41,California
CUST_4095,Male,1,1,0,36,Month-to-month,fibre optic,93.17,3340.13,Arkansas
CUST_4096,Female,1,1,0,56,Two years,DSL,37.34,2128.44,Rhode Island
CUST_4097,Female,0,0,0,44,One year,fibre optic,98.24,4347.26,North Dakota
CUST_4098,Male,1,1,0,20,Month-to-month,fibre optic,74.61,1534.42,Pennsylvania
CUST_4099,Female,0,0,1,41,Month-to-month,fibre optic,81.26,3338.26,Alaska
CUST_4100,Male,0,0,0,57,Month-to-month,fibre optic,83.51,4801.99,Texas
CUST_4101,Male,0,0,0,22,Month-to-month,DSL,31.63,727.84,Mississippi
CUST_4102,Male,0,1,1,54,Two years,DSL,75.96,4129.86,Massachusetts
CUST_4103,Male,0,1,1,55,Month-to-month,DSL,51.49,2822.92,New York
CUST_4104,Male,0,0,0,35,Month-to-month,fibre optic,90.75,3209.5,Connecticut
CUST_4105,Female,0,1,1,63,One year,fibre optic,43.96,2808.62,Virginia
CUST_4106,Female,0,1,0,10,One year,DSL,59.79,590.23,Nevada
CUST_4107,Female,1,0,1,51,Two years, None,84.5,4332.79,Georgia
CUST_4108,Male,1,0,0,8,One year,fibre optic,114.61,958.8,Florida
CUST_4109,Male,0,0,0,1,Month-to-month,fibre optic,68.97,65.47,North Carolina
CUST_4110,Male,0,1,0,51,Month-to-month,fibre optic,43.1,2190.91,Hawaii
CUST_4111,Male,0,0,0,65,Two years,fibre optic,31.55,2035.96,Utah
CUST_4112,Male,1,0,0,25,Two years,fibre optic,73.25,1832.41,Alaska
CUST_4113,Male,0,0,0,19,One year,fibre optic,97.56,1851.18,Arizona
CUST_4114,Male,0,0,0,2,Two years,DSL,40.49,63.07,Montana
CUST_4115,Male,0,0,1,65,Month-to-month,fibre optic,52.84,3451.98,Alabama
CUST_4116,Female,0,0,1,57,Two years, None,55.8,3189.56,Florida
CUST_4117,Female,0,0,1,57,Month-to-month,DSL,103.98,5952.76,Maryland
CUST_4118,Male,0,0,0,14,One year,fibre optic,31.02,458.05,New Hampshire
CUST_4119,Female,0,1,0,48,Month-to-month,DSL,78.26,3775.59,Mississippi
CUST_4120,Male,0,0,0,14,Month-to-month,fibre optic,58.51,834.24,Maine
CUST_4121,Male,0,0,1,16,Month-to-month,DSL,38.9,618.76,Rhode Island
CUST_4122,Female,0,0,0,59,Month-to-month,DSL,33.15,1944.61,Vermont
CUST_4123,Female,1,0,1,36,Month-to-month,fibre optic,77.76,2800.76,Oklahoma
CUST_4124,Female,0,0,0,33,Month-to-month,fibre optic,50.41,1655.23,Kansas
CUST_4125,Female,0,1,0,31,One year, None,96.28,2995.52,New Hampshire
CUST_4126,Female,1,1,0,39,Month-to-month,DSL,72.44,2808.63,Alabama
CUST_4127,Male,0,0,0,62,Month-to-month,DSL,104.18,6451.67,Kansas
CUST_4128,Male,0,1,0,61,Month-to-month, None,31.0,1934.98,Rhode Island
CUST_4129,Male,0,0,0,62,Month-to-month,DSL,82.11,5073.21,Washington
CUST_4130,Male,0,0,0,1,Month-to-month,DSL,57.73,52.1,Oklahoma
CUST_4131,Female,1,1,0,70,Month-to-month,fibre optic,100.84,7051.75,Wyoming
CUST_4132,Male,0,0,0,13,One year,fibre optic,102.02,1343.43,Oregon
CUST_4133,Male,0,0,1,18,Month-to-month,fibre optic,64.44,1208.51,Colorado
CUST_4134,Female,0,1,1,52,Two years,fibre optic,85.17,4433.11,Nebraska
CUST_4135,Female,0,0,0,59,Month-to-month,fibre optic,45.35,2683.56,Virginia
CUST_4136,Male,0,0,0,21,One year,fibre optic,30.41,664.79,Pennsylvania
CUST_4137,Male,0,1,0,5,One year,DSL,67.2,337.21,Alabama
CUST_4138,Female,0,1,0,23,Month-to-month,DSL,78.23,1790.9,California
CUST_4139,Male,0,0,1,64,Month-to-month,DSL,51.09,3286.27,Arizona
CUST_4140,Male,0,0,1,65,Month-to-month,fibre optic,57.52,3749.86,Wyoming
CUST_4141,Female,1,0,0,53,One year,fibre optic,115.39,6095.87,South Carolina
CUST_4142,Female,1,0,0,10,One year,fibre optic,103.03,1052.1,Arizona
CUST_4143,Male,0,0,0,13,One year,DSL,111.74,1494.22,Washington
CUST_4144,Female,0,0,1,70,Month-to-month,fibre optic,71.9,5063.18,Tennessee
CUST_4145,Female,0,1,0,12,Month-to-month, None,37.95,460.06,Kansas
CUST_4146,Female,0,1,1,20,Two years,fibre optic,53.89,1059.38,Connecticut
CUST_4147,Male,1,0,0,63,Month-to-month,DSL,110.47,7003.24,Kansas
CUST_4148,Male,0,0,1,6,Two years,DSL,98.24,597.44,Montana
CUST_4149,Female,0,0,0,44,Month-to-month,fibre optic,50.44,2220.34,Arizona
CUST_4150,Male,0,0,0,23,Month-to-month,fibre optic,78.25,1826.5,Indiana
CUST_4151,Female,0,0,0,5,Month-to-month,fibre optic,49.84,234.24,Colorado
CUST_4152,Female,0,1,0,30,Month-to-month,fibre optic,34.08,1027.92,Nebraska
CUST_4153,Female,0,1,0,30,Month-to-month,DSL,113.13,3396.18,California
CUST_4154,Female,0,0,0,7,One year,fibre optic,106.17,763.84,Indiana
CUST_4155,Male,0,0,1,69,Month-to-month,fibre optic,81.02,5621.26,Michigan
CUST_4156,Female,1,0,0,9,Month-to-month,fibre optic,101.03,934.24,Arkansas
CUST_4157,Female,0,0,1,2,Month-to-month,fibre optic,97.79,234.47,Wyoming
CUST_4158,Female,1,1,0,63,Month-to-month, None,112.46,7085.95,New Hampshire
CUST_4159,Female,0,0,0,30,Two years,fibre optic,99.83,3030.33,Montana
CUST_4160,Female,0,1,0,39,One year,fibre optic,100.76,3940.98,Connecticut
CUST_4161,Male,0,0,1,54,Month-to-month,fibre optic,45.92,2472.51,Wisconsin
CUST_4162,Male,0,1,0,32,Month-to-month,fibre optic,89.49,2906.31,Massachusetts
CUST_4163,Male,0,0,1,30,Month-to-month,fibre optic,43.44,1318.71,Arizona
CUST_4164,Male,0,0,1,60,Two years,fibre optic,85.69,5168.92,Alaska
CUST_4165,Female,0,0,0,56,Month-to-month,fibre optic,100.82,5680.7,South Dakota
CUST_4166,Male,0,0,0,4,Month-to-month,fibre optic,103.55,410.5,Colorado
CUST_4167,Male,0,0,1,63,Month-to-month, None,91.65,5797.89,Arizona
CUST_4168,Male,0,0,0,20,Two years,DSL,33.28,646.11,Ohio
CUST_4169,Male,0,0,1,15,Month-to-month, None,83.2,1285.14,Arizona
CUST_4170,Male,0,1,1,28,Month-to-month, None,44.38,1274.36,Kansas
CUST_4171,Female,0,1,0,34,Month-to-month,DSL,96.89,3281.91,Texas
CUST_4172,Female,1,0,0,9,One year,DSL,68.07,632.63,Indiana
CUST_4173,Female,0,0,1,15,Month-to-month,DSL,76.73,1139.66,Connecticut
CUST_4174,Male,1,0,0,71,Month-to-month,DSL,52.34,3712.46,Texas
CUST_4175,Male,0,1,0,71,Two years,fibre optic,85.26,6050.9,Oregon
CUST_4176,Male,0,0,1,21,Month-to-month,fibre optic,49.51,1036.7,Mississippi
CUST_4177,Male,0,0,0,40,Month-to-month,fibre optic,93.91,3788.23,Wisconsin
CUST_4178,Female,0,0,0,2,One year, None,107.03,243.53,South Carolina
CUST_4179,Male,0,1,1,11,Two years,fibre optic,69.54,755.91,Alabama
CUST_4180,Male,0,1,0,34,One year,DSL,86.16,2971.71,Arkansas
CUST_4181,Female,0,0,0,35,Two years,fibre optic,51.97,1813.8,Massachusetts
CUST_4182,Male,0,0,1,25,Month-to-month,fibre optic,81.27,2041.85,Virginia
CUST_4183,Male,1,0,1,50,Month-to-month,DSL,84.04,4203.02,Maine
CUST_4184,Female,0,1,0,40,Month-to-month,DSL,101.39,4093.88,Nevada
CUST_4185,Female,0,0,1,14,Month-to-month,fibre optic,91.76,1282.46,Wyoming
CUST_4186,Female,0,1,1,49,Month-to-month,fibre optic,45.96,2293.75,Missouri
CUST_4187,Female,0,0,0,1,Month-to-month,fibre optic,78.99,124.15,Wyoming
CUST_4188,Male,0,1,0,23,Month-to-month,DSL,48.29,1105.22,Oklahoma
CUST_4189,Male,0,0,1,69,One year,fibre optic,106.66,7397.26,Maryland
CUST_4190,Male,0,0,0,18,Two years, None,119.47,2175.35,New Mexico
CUST_4191,Female,0,1,0,62,Month-to-month,DSL,40.28,2542.83,Maryland
CUST_4192,Female,1,1,0,14,Month-to-month,fibre optic,59.35,865.83,Illinois
CUST_4193,Male,0,0,1,64,Month-to-month,DSL,93.44,6001.36,Ohio
CUST_4194,Male,0,1,0,22,Two years,fibre optic,95.59,2106.29,Louisiana
CUST_4195,Female,0,0,1,34,Month-to-month, None,104.86,3559.75,New Jersey
CUST_4196,Male,1,1,0,58,Month-to-month,fibre optic,54.17,3180.8,Nebraska
CUST_4197,Male,1,0,0,25,Two years,fibre optic,78.93,1956.39,Georgia
CUST_4198,Female,1,1,0,3,Month-to-month,fibre optic,100.03,320.52,New York
CUST_4199,Female,1,0,0,59,Two years,DSL,103.98,6137.03,Kentucky
CUST_4200,Female,1,0,1,33,Month-to-month,DSL,96.7,3204.63,Louisiana
CUST_4201,Male,0,1,0,6,Month-to-month,fibre optic,100.85,632.55,California
CUST_4202,Male,0,0,0,47,Month-to-month,DSL,41.15,1956.63,Minnesota
CUST_4203,Female,0,0,0,38,Month-to-month,DSL,107.85,4127.1,Ohio
CUST_4204,Female,1,0,0,56,One year,DSL,47.56,2666.21,Virginia
CUST_4205,Male,0,1,1,32,Month-to-month,DSL,115.18,3699.41,Michigan
CUST_4206,Female,0,0,0,42,Month-to-month,fibre optic,31.17,1329.08,Ohio
CUST_4207,Male,0,0,0,69,Month-to-month,fibre optic,68.79,4754.96,South Dakota
CUST_4208,Male,0,1,0,40,Month-to-month,fibre optic,46.5,1848.07,Montana
CUST_4209,Female,0,0,0,70,Month-to-month,DSL,86.2,6052.45,Virginia
CUST_4210,Male,1,1,0,20,Month-to-month, None,55.31,1092.99,Delaware
CUST_4211,Male,0,1,0,7,Month-to-month, None,52.58,417.96,Minnesota
CUST_4212,Female,0,1,0,60,One year,DSL,57.54,3478.71,Maryland
CUST_4213,Female,0,0,0,15,Month-to-month,fibre optic,58.29,894.29,New Mexico
CUST_4214,Female,0,0,0,60,Month-to-month, None,46.14,2770.74,Arizona
CUST_4215,Male,1,1,0,14,Month-to-month,fibre optic,108.94,1554.93,New Jersey
CUST_4216,Female,0,0,0,16,Two years,fibre optic,89.75,1428.66,Connecticut
CUST_4217,Female,0,0,0,70,Month-to-month,fibre optic,52.07,3681.83,Wyoming
CUST_4218,Male,0,1,0,57,One year,fibre optic,61.86,3516.2,Montana
CUST_4219,Male,0,1,0,61,Month-to-month, None,76.67,4723.65,North Carolina
CUST_4220,Female,0,0,0,21,Month-to-month,DSL,74.04,1596.67,Kentucky
CUST_4221,Female,0,0,0,4,Month-to-month,fibre optic,56.53,223.16,New Hampshire
CUST_4222,Female,1,0,0,24,One year,fibre optic,78.31,1914.56,North Carolina
CUST_4223,Female,0,0,1,62,Month-to-month,fibre optic,115.77,7219.71,Maryland
CUST_4224,Male,0,0,1,57,Month-to-month,fibre optic,113.06,6493.92,Utah
CUST_4225,Male,0,0,0,63,Month-to-month,DSL,69.94,4418.65,Mississippi
CUST_4226,Female,0,1,1,30,Month-to-month,fibre optic,30.8,973.18,California
CUST_4227,Male,0,0,0,24,Two years,fibre optic,78.06,1895.45,Alaska
CUST_4228,Male,0,1,0,64,Two years,fibre optic,69.03,4424.1,Nevada
CUST_4229,Male,0,1,1,14,One year,fibre optic,49.75,746.27,Hawaii
CUST_4230,Male,0,0,0,50,Two years, None,96.97,4855.82,Minnesota
CUST_4231,Male,0,0,0,49,Month-to-month,fibre optic,36.47,1797.17,New Mexico
CUST_4232,Male,0,0,1,30,Month-to-month,fibre optic,74.65,2274.51,Mississippi
CUST_4233,Male,0,0,0,41,Month-to-month,fibre optic,107.21,4380.22,New York
CUST_4234,Female,0,1,0,46,Month-to-month,fibre optic,114.82,5278.62,Massachusetts
CUST_4235,Male,0,1,1,57,Two years,fibre optic,65.39,3770.97,Maine
CUST_4236,Male,0,1,0,47,One year,fibre optic,43.26,2080.37,Montana
CUST_4237,Female,0,1,0,60,One year,fibre optic,96.53,5833.48,Missouri
CUST_4238,Female,0,0,1,28,Two years,fibre optic,80.67,2299.68,Oklahoma
CUST_4239,Male,1,0,1,50,Month-to-month,fibre optic,114.12,5750.55,Virginia
CUST_4240,Female,0,0,0,3,Month-to-month,fibre optic,116.05,387.03,Arizona
CUST_4241,Male,0,0,0,64,Month-to-month,DSL,31.58,2008.38,Delaware
CUST_4242,Male,1,1,1,17,One year,DSL,105.1,1789.99,Texas
CUST_4243,Female,0,1,0,1,Month-to-month,fibre optic,77.25,115.72,Kentucky
CUST_4244,Female,1,1,0,40,Month-to-month,DSL,43.24,1714.33,Illinois
CUST_4245,Female,0,0,1,42,Two years,fibre optic,34.54,1457.88,Indiana
CUST_4246,Male,1,1,0,62,Month-to-month,fibre optic,116.29,7241.22,Florida
CUST_4247,Female,0,0,0,16,Month-to-month,fibre optic,48.89,794.2,Georgia
CUST_4248,Female,0,0,1,44,Month-to-month,DSL,103.46,4537.42,New Hampshire
CUST_4249,Male,0,1,0,46,Month-to-month,fibre optic,106.83,4931.49,Rhode Island
CUST_4250,Male,0,1,1,8,One year, None,47.57,414.51,Idaho
CUST_4251,Male,0,1,0,51,Two years, None,41.11,2081.68,Oregon
CUST_4252,Female,0,0,0,19,Month-to-month,fibre optic,74.01,1439.24,Virginia
CUST_4253,Female,0,1,0,18,Month-to-month,fibre optic,79.38,1476.14,Minnesota
CUST_4254,Female,0,0,1,63,Month-to-month,fibre optic,98.5,6195.38,Virginia
CUST_4255,Male,0,1,0,48,One year,DSL,79.76,3857.99,Arkansas
CUST_4256,Male,0,1,0,51,Month-to-month,fibre optic,81.14,4120.72,Iowa
CUST_4257,Female,1,1,0,27,Month-to-month,DSL,76.62,2057.91,South Dakota
CUST_4258,Male,0,1,0,5,Month-to-month,fibre optic,48.34,259.4,Kentucky
CUST_4259,Female,0,1,0,26,Month-to-month,fibre optic,110.39,2904.84,Illinois
CUST_4260,Male,0,0,0,57,Two years,fibre optic,57.82,3335.85,Connecticut
CUST_4261,Female,0,0,0,56,Month-to-month,DSL,47.09,2629.25,Wisconsin
CUST_4262,Male,0,0,1,24,One year,DSL,43.33,1077.34,Maine
CUST_4263,Male,1,1,0,6,Month-to-month,fibre optic,94.3,553.34,Massachusetts
CUST_4264,Female,0,1,0,7,One year,DSL,76.9,571.14,Wisconsin
CUST_4265,Male,0,0,0,24,Month-to-month,DSL,102.78,2474.45,Nebraska
CUST_4266,Female,0,0,0,11,Two years,fibre optic,115.48,1307.53,Hawaii
CUST_4267,Male,0,0,0,64,Two years,fibre optic,91.97,5892.5,Hawaii
CUST_4268,Female,0,0,0,16,Two years,DSL,70.47,1171.72,Virginia
CUST_4269,Male,0,0,1,13,One year,fibre optic,49.56,681.82,Florida
CUST_4270,Female,0,0,1,67,Two years,fibre optic,118.13,7915.87,New Jersey
CUST_4271,Male,0,0,0,57,Month-to-month,DSL,111.72,6350.67,Nevada
CUST_4272,Female,0,1,0,26,Month-to-month,DSL,92.59,2417.2,New Hampshire
CUST_4273,Male,0,1,0,27,Month-to-month,DSL,42.13,1119.37,North Carolina
CUST_4274,Male,0,0,1,16,Month-to-month,fibre optic,80.62,1287.71,Arkansas
CUST_4275,Female,0,1,0,20,Month-to-month,fibre optic,83.89,1710.71,Delaware
CUST_4276,Female,0,1,0,8,Month-to-month,fibre optic,46.07,401.09,Hawaii
CUST_4277,Male,0,0,0,51,Month-to-month,DSL,45.51,2325.0,Florida
CUST_4278,Male,0,1,1,68,One year,fibre optic,94.44,6416.25,South Dakota
CUST_4279,Female,0,0,0,41,One year,DSL,103.38,4286.37,Mississippi
CUST_4280,Female,0,1,0,14,Two years,fibre optic,99.12,1422.56,Nevada
CUST_4281,Male,0,0,0,71,Month-to-month,DSL,114.65,8167.99,Michigan
CUST_4282,Female,1,1,0,22,Month-to-month,fibre optic,86.99,1918.09,South Carolina
CUST_4283,Male,0,0,1,35,Two years,fibre optic,54.48,1912.13,Idaho
CUST_4284,Male,0,1,0,36,Month-to-month,fibre optic,44.69,1619.74,New Mexico
CUST_4285,Male,0,1,1,52,Month-to-month,fibre optic,54.34,2848.31,Arkansas
CUST_4286,Male,0,1,0,52,Two years,DSL,85.81,4468.62,North Dakota
CUST_4287,Male,0,0,1,64,One year,DSL,115.91,7406.29,Delaware
CUST_4288,Male,0,0,1,66,Two years,fibre optic,42.88,2858.88,Tennessee
CUST_4289,Female,0,1,1,60,Two years,fibre optic,66.94,4016.07,South Dakota
CUST_4290,Female,0,1,0,6,One year,DSL,108.41,632.08,Indiana
CUST_4291,Male,0,1,0,3,One year,fibre optic,77.66,263.36,North Carolina
CUST_4292,Male,0,0,0,25,Month-to-month, None,116.62,2963.02,Massachusetts
CUST_4293,Female,0,0,0,22,Month-to-month,DSL,52.64,1196.08,Delaware
CUST_4294,Male,0,1,0,3,Two years,fibre optic,64.39,181.72,Maryland
CUST_4295,Male,0,0,0,38,Month-to-month,DSL,74.65,2833.4,Rhode Island
CUST_4296,Female,1,0,0,22,Month-to-month,DSL,51.27,1115.07,Oklahoma
CUST_4297,Female,0,1,0,12,Month-to-month,fibre optic,96.38,1170.44,New Mexico
CUST_4298,Female,1,0,0,7,Month-to-month,fibre optic,113.49,798.08,Illinois
CUST_4299,Female,0,1,1,32,One year,fibre optic,109.87,3555.64,Colorado
CUST_4300,Female,0,0,0,20,One year,fibre optic,65.86,1337.08,Louisiana
CUST_4301,Male,1,1,1,36,Month-to-month,fibre optic,37.15,1325.13,West Virginia
CUST_4302,Male,0,0,0,13,Month-to-month,fibre optic,104.82,1389.63,Illinois
CUST_4303,Female,0,0,0,63,Month-to-month,fibre optic,69.11,4336.39,Vermont
CUST_4304,Female,0,1,0,70,Two years,fibre optic,114.61,8049.72,North Dakota
CUST_4305,Female,0,1,0,49,Month-to-month,fibre optic,78.63,3867.89,Iowa
CUST_4306,Male,0,0,0,9,One year,fibre optic,72.41,649.58,Florida
CUST_4307,Female,0,0,0,41,Month-to-month,DSL,102.73,4230.61,Texas
CUST_4308,Female,0,1,1,7,One year,DSL,50.09,368.15,Oklahoma
CUST_4309,Male,0,1,0,17,Two years,DSL,95.51,1632.96,Montana
CUST_4310,Female,0,0,1,38,Month-to-month,fibre optic,71.39,2711.15,Oregon
CUST_4311,Female,0,1,0,9,Month-to-month,fibre optic,32.25,271.98,Nebraska
CUST_4312,Female,1,0,0,47,Two years,fibre optic,31.03,1449.62,North Dakota
CUST_4313,Male,0,1,1,50,Month-to-month,fibre optic,96.3,4799.44,Pennsylvania
CUST_4314,Male,0,0,0,31,Two years,fibre optic,40.84,1261.44,Alabama
CUST_4315,Female,0,0,0,48,Two years,DSL,46.36,2261.07,Arkansas
CUST_4316,Male,1,1,1,29,Two years,fibre optic,70.24,2071.89,North Dakota
CUST_4317,Female,0,1,1,8,Month-to-month,fibre optic,79.8,669.97,Indiana
CUST_4318,Female,1,0,0,60,Two years,fibre optic,82.56,4993.03,Michigan
CUST_4319,Male,0,1,0,55,Month-to-month,fibre optic,39.9,2239.37,Pennsylvania
CUST_4320,Male,1,1,0,49,One year, None,43.82,2158.58,Tennessee
CUST_4321,Female,0,0,0,58,Month-to-month,fibre optic,76.21,4402.84,New Mexico
CUST_4322,Male,0,1,1,31,One year, None,86.02,2715.15,New York
CUST_4323,Female,0,1,0,41,Two years,DSL,48.3,1964.02,Arizona
CUST_4324,Male,0,0,0,38,One year, None,45.17,1718.11,Pennsylvania
CUST_4325,Female,1,0,0,48,One year,fibre optic,109.55,5292.59,North Dakota
CUST_4326,Female,0,0,1,69,Month-to-month,DSL,99.09,6871.58,Washington
CUST_4327,Female,0,0,1,15,Month-to-month, None,110.53,1639.69,Illinois
CUST_4328,Male,0,0,1,71,Month-to-month,fibre optic,30.66,2188.93,Nebraska
CUST_4329,Female,0,0,1,29,Two years,DSL,103.14,2972.32,Maryland
CUST_4330,Female,0,0,1,64,Month-to-month,fibre optic,117.36,7543.58,West Virginia
CUST_4331,Female,0,0,0,43,Month-to-month,fibre optic,53.32,2277.71,Arkansas
CUST_4332,Female,0,0,0,55,One year,DSL,80.94,4472.62,New Mexico
CUST_4333,Male,0,1,1,41,Two years,DSL,95.95,3940.45,Alabama
CUST_4334,Female,0,1,0,15,Month-to-month,fibre optic,78.03,1158.4,Mississippi
CUST_4335,Female,0,0,1,10,One year,fibre optic,100.83,1034.8,Iowa
CUST_4336,Male,0,0,0,45,Month-to-month,DSL,81.99,3711.4,Mississippi
CUST_4337,Female,0,1,0,14,Two years,DSL,46.87,657.22,Louisiana
CUST_4338,Male,1,0,0,48,Month-to-month,DSL,103.96,4975.2,Wyoming
CUST_4339,Male,0,0,0,28,Month-to-month,DSL,39.24,1106.34,Maryland
CUST_4340,Female,0,1,0,34,Month-to-month, None,30.07,1065.87,Illinois
CUST_4341,Female,0,1,0,37,One year,fibre optic,45.35,1683.54,Wyoming
CUST_4342,Female,1,1,1,49,Month-to-month,fibre optic,75.52,3731.25,Massachusetts
CUST_4343,Female,0,1,1,70,One year,DSL,43.75,3086.55,Missouri
CUST_4344,Female,0,1,0,12,Month-to-month,fibre optic,58.69,699.09,Minnesota
CUST_4345,Male,0,1,0,65,Two years,fibre optic,118.52,7708.01,New Jersey
CUST_4346,Female,1,1,0,69,Month-to-month,fibre optic,60.34,4192.58,Texas
CUST_4347,Male,0,0,0,35,Two years,fibre optic,38.94,1395.73,Minnesota
CUST_4348,Male,1,1,0,61,One year,fibre optic,108.81,6646.53,Colorado
CUST_4349,Male,0,0,1,16,One year,fibre optic,61.93,1020.52,North Carolina
CUST_4350,Female,1,0,1,9,One year,fibre optic,90.69,832.46,Delaware
CUST_4351,Male,0,1,0,23,One year,fibre optic,39.69,959.54,Rhode Island
CUST_4352,Male,0,1,0,15,Two years,fibre optic,57.42,896.78,Utah
CUST_4353,Male,0,1,0,36,Month-to-month,DSL,68.52,2451.83,Hawaii
CUST_4354,Female,0,0,1,49,Month-to-month,fibre optic,72.5,3544.28,Tennessee
CUST_4355,Male,0,1,0,43,Month-to-month,DSL,115.44,4946.56,Missouri
CUST_4356,Female,0,0,1,16,Two years,fibre optic,67.6,1110.19,Nebraska
CUST_4357,Male,0,0,0,36,One year, None,107.13,3885.98,Colorado
CUST_4358,Female,1,0,0,20,Month-to-month,fibre optic,70.71,1428.03,Oklahoma
CUST_4359,Female,0,0,0,27,Two years, None,84.24,2322.5,Delaware
CUST_4360,Male,1,0,0,14,Two years,DSL,77.13,1105.98,South Dakota
CUST_4361,Female,0,0,0,63,One year,fibre optic,98.77,6251.22,Mississippi
CUST_4362,Female,0,0,0,39,Month-to-month,fibre optic,42.29,1662.57,North Carolina
CUST_4363,Male,0,1,0,40,Month-to-month,fibre optic,62.81,2518.5,Tennessee
CUST_4364,Female,1,1,0,53,Month-to-month,fibre optic,112.59,6008.66,Texas
CUST_4365,Female,0,1,0,55,Two years,fibre optic,54.39,2987.65,South Dakota
CUST_4366,Female,0,1,1,67,Month-to-month,fibre optic,82.66,5583.18,Michigan
CUST_4367,Female,0,0,1,23,Month-to-month,DSL,103.52,2420.38,Minnesota
CUST_4368,Female,0,1,0,65,One year,fibre optic,55.51,3632.71,Virginia
CUST_4369,Female,0,1,0,17,Two years,fibre optic,81.01,1390.02,Georgia
CUST_4370,Male,0,0,1,26,Month-to-month,fibre optic,114.77,3023.91,South Dakota
CUST_4371,Female,1,0,0,33,Two years,fibre optic,96.6,3237.29,West Virginia
CUST_4372,Female,0,1,0,27,One year,fibre optic,63.15,1754.36,Montana
CUST_4373,Male,0,0,0,10,One year,fibre optic,81.39,843.83,Nebraska
CUST_4374,Female,0,1,1,34,Two years,DSL,111.42,3832.8,Massachusetts
CUST_4375,Male,0,0,0,2,Month-to-month,DSL,42.55,80.94,Ohio
CUST_4376,Male,0,0,0,48,Month-to-month,DSL,67.21,3214.57,California
CUST_4377,Female,0,1,0,61,Month-to-month,fibre optic,67.86,4162.73,Mississippi
CUST_4378,Male,0,0,0,29,Two years,fibre optic,75.51,2175.79,Vermont
CUST_4379,Female,0,0,1,17,Month-to-month,fibre optic,107.42,1873.36,Kentucky
CUST_4380,Male,0,0,0,24,Month-to-month,fibre optic,73.56,1748.26,Missouri
CUST_4381,Male,0,0,0,51,Two years,fibre optic,89.58,4560.02,Utah
CUST_4382,Female,0,0,1,5,Month-to-month,DSL,110.32,587.87,Florida
CUST_4383,Female,1,1,0,62,Month-to-month,fibre optic,116.33,7194.26,North Carolina
CUST_4384,Female,0,0,0,26,Month-to-month,fibre optic,87.7,2305.42,Ohio
CUST_4385,Male,0,0,0,56,One year,fibre optic,48.92,2763.23,Illinois
CUST_4386,Female,1,1,1,3,Month-to-month,fibre optic,114.56,340.64,Massachusetts
CUST_4387,Male,0,0,0,7,One year,fibre optic,88.98,661.76,Idaho
CUST_4388,Male,0,0,1,16,Two years,fibre optic,41.09,645.45,New Mexico
CUST_4389,Female,0,0,0,50,Month-to-month,DSL,70.23,3528.12,New Mexico
CUST_4390,Male,0,1,0,54,One year,fibre optic,84.12,4553.41,Montana
CUST_4391,Female,0,0,0,52,Two years,fibre optic,37.08,1968.9,Connecticut
CUST_4392,Female,1,1,0,14,Two years,DSL,104.6,1472.21,Kentucky
CUST_4393,Male,0,1,1,40,Month-to-month,DSL,71.51,2894.28,Alabama
CUST_4394,Male,0,0,1,39,One year,fibre optic,117.82,4638.27,Idaho
CUST_4395,Male,0,0,0,55,Two years,fibre optic,114.88,6338.24,Oregon
CUST_4396,Male,1,1,1,71,Month-to-month,DSL,72.49,5173.69,Nebraska
CUST_4397,Female,1,0,0,42,Month-to-month,DSL,70.3,2950.77,California
CUST_4398,Male,1,0,0,58,Two years,DSL,89.73,5188.32,Texas
CUST_4399,Male,0,0,0,65,Month-to-month,DSL,94.96,6169.01,Wisconsin
CUST_4400,Male,0,1,1,33,Two years,fibre optic,41.89,1404.36,Hawaii
CUST_4401,Male,0,1,0,8,Month-to-month,fibre optic,99.68,814.79,Michigan
CUST_4402,Female,0,0,0,5,Two years, None,102.5,542.52,New Mexico
CUST_4403,Female,1,1,0,48,Two years,fibre optic,40.64,1956.66,Ohio
CUST_4404,Male,1,0,1,36,Month-to-month,fibre optic,117.12,4261.53,Massachusetts
CUST_4405,Female,0,0,0,26,Month-to-month,fibre optic,30.01,802.72,New Jersey
CUST_4406,Male,0,0,0,33,Month-to-month,DSL,40.14,1338.88,New Mexico
CUST_4407,Male,0,0,1,38,Month-to-month,DSL,61.91,2350.43,Alaska
CUST_4408,Female,0,0,0,49,Month-to-month,fibre optic,50.93,2501.22,Indiana
CUST_4409,Male,0,1,0,43,Two years, None,105.36,4518.04,West Virginia
CUST_4410,Female,0,0,1,18,Month-to-month,fibre optic,109.92,1991.45,Alaska
CUST_4411,Female,0,0,0,28,Month-to-month,fibre optic,100.49,2823.71,New York
CUST_4412,Female,0,1,1,49,Month-to-month,fibre optic,60.8,2971.98,Wyoming
CUST_4413,Male,0,1,0,14,Month-to-month,DSL,87.7,1275.0,Nebraska
CUST_4414,Female,0,1,0,21,Month-to-month,DSL,32.42,677.93,Maryland
CUST_4415,Male,0,1,1,24,Month-to-month,fibre optic,82.66,1969.98,Oregon
CUST_4416,Male,0,0,0,71,One year, None,31.25,2260.41,Wyoming
CUST_4417,Female,1,0,0,1,One year,fibre optic,115.97,140.01,Virginia
CUST_4418,Male,1,1,0,17,Month-to-month,fibre optic,81.47,1407.35,North Carolina
CUST_4419,Female,0,1,1,27,One year,fibre optic,44.73,1239.96,Illinois
CUST_4420,Female,1,0,0,39,Two years,fibre optic,57.29,2236.65,Hawaii
CUST_4421,Female,0,1,1,35,One year,DSL,42.69,1541.39,Tennessee
CUST_4422,Male,0,0,0,1,One year,fibre optic,64.0,52.82,Nevada
CUST_4423,Male,1,0,0,66,Two years,fibre optic,107.25,7096.31,South Carolina
CUST_4424,Female,0,0,0,43,Month-to-month,fibre optic,36.55,1618.1,Tennessee
CUST_4425,Male,0,1,0,29,Two years,fibre optic,92.75,2689.29,Arizona
CUST_4426,Male,0,1,0,28,Month-to-month,fibre optic,69.71,1994.48,Kansas
CUST_4427,Male,0,1,0,17,Month-to-month, None,66.04,1111.75,Oklahoma
CUST_4428,Male,0,0,0,46,One year, None,92.26,4284.91,Wisconsin
CUST_4429,Female,0,0,1,68,Month-to-month,DSL,110.92,7569.06,South Carolina
CUST_4430,Female,0,0,0,11,Month-to-month,DSL,44.47,481.56,Alabama
CUST_4431,Female,0,1,1,57,Month-to-month,DSL,30.69,1787.84,Wyoming
CUST_4432,Female,0,0,1,66,Month-to-month,fibre optic,113.06,7478.35,West Virginia
CUST_4433,Male,1,1,0,68,Two years,fibre optic,85.55,5823.23,Connecticut
CUST_4434,Male,0,0,0,25,One year,fibre optic,35.52,894.21,Michigan
CUST_4435,Male,0,1,0,70,Month-to-month,fibre optic,34.33,2429.97,New Jersey
CUST_4436,Female,1,1,0,53,One year,fibre optic,99.09,5292.56,Indiana
CUST_4437,Female,0,1,0,40,Month-to-month,fibre optic,59.96,2393.47,Georgia
CUST_4438,Male,0,0,1,68,One year,fibre optic,46.88,3176.54,North Carolina
CUST_4439,Male,0,0,0,60,Month-to-month,fibre optic,110.75,6681.63,New Hampshire
CUST_4440,Male,1,1,1,6,Two years,fibre optic,100.75,608.21,Oregon
CUST_4441,Female,0,1,1,49,Month-to-month,DSL,66.91,3323.24,Connecticut
CUST_4442,Male,0,0,0,23,Month-to-month,DSL,54.04,1253.27,Wisconsin
CUST_4443,Male,0,1,1,29,Month-to-month,fibre optic,96.72,2830.44,Alaska
CUST_4444,Male,0,1,1,45,Month-to-month,fibre optic,35.39,1609.64,Alaska
CUST_4445,Male,0,0,1,10,One year,DSL,72.73,764.9,Florida
CUST_4446,Female,1,0,1,42,Month-to-month,DSL,112.31,4723.51,Pennsylvania
CUST_4447,Male,0,0,1,25,One year,fibre optic,74.14,1841.21,Arkansas
CUST_4448,Male,0,1,1,3,Month-to-month,fibre optic,48.69,180.79,North Carolina
CUST_4449,Female,0,0,1,5,Two years,fibre optic,31.24,173.96,North Dakota
CUST_4450,Female,0,1,1,53,Month-to-month,DSL,52.34,2776.55,Missouri
CUST_4451,Female,0,1,0,52,Month-to-month,fibre optic,42.46,2197.68,Texas
CUST_4452,Male,0,0,1,11,Month-to-month,DSL,82.89,953.95,Kansas
CUST_4453,Female,1,0,0,27,Two years,DSL,87.08,2381.15,South Carolina
CUST_4454,Male,0,0,1,27,Month-to-month,fibre optic,104.8,2863.89,West Virginia
CUST_4455,Male,0,0,1,15,Month-to-month,DSL,62.17,929.02,Minnesota
CUST_4456,Male,0,1,0,26,Month-to-month,fibre optic,81.3,2099.02,Rhode Island
CUST_4457,Female,0,1,0,6,Month-to-month,DSL,112.14,679.69,Georgia
CUST_4458,Male,0,0,1,31,One year,DSL,52.08,1594.92,Tennessee
CUST_4459,Female,0,0,0,57,Month-to-month,fibre optic,68.72,3930.47,Oregon
CUST_4460,Female,0,1,0,55,Month-to-month,DSL,103.3,5693.53,Rhode Island
CUST_4461,Female,1,1,0,51,Month-to-month,DSL,55.07,2856.71,Mississippi
CUST_4462,Female,0,1,0,60,One year,fibre optic,90.15,5417.13,Wyoming
CUST_4463,Female,0,1,0,41,Month-to-month,fibre optic,113.19,4670.38,Connecticut
CUST_4464,Female,1,0,0,48,Two years,DSL,78.17,3777.32,Kentucky
CUST_4465,Male,0,1,1,12,One year,fibre optic,45.19,556.22,Indiana
CUST_4466,Female,1,1,0,39,Month-to-month,DSL,80.7,3134.55,South Carolina
CUST_4467,Female,0,0,0,14,Month-to-month,DSL,45.52,666.76,Virginia
CUST_4468,Female,0,1,0,61,Month-to-month,fibre optic,77.85,4784.18,Wyoming
CUST_4469,Female,0,0,1,32,Month-to-month,fibre optic,108.0,3469.12,Mississippi
CUST_4470,Female,0,0,0,30,One year,fibre optic,101.95,3100.19,Ohio
CUST_4471,Male,0,0,1,63,One year,DSL,83.77,5304.17,Arkansas
CUST_4472,Female,0,1,1,2,Month-to-month,fibre optic,60.63,105.1,Nebraska
CUST_4473,Female,0,0,0,67,One year, None,30.16,2058.0,North Carolina
CUST_4474,Female,0,0,1,1,Month-to-month, None,99.32,124.06,Oklahoma
CUST_4475,Female,0,1,1,59,One year,fibre optic,119.77,7077.31,Delaware
CUST_4476,Male,1,1,1,31,Two years,DSL,30.95,984.97,Indiana
CUST_4477,Female,1,1,0,60,Month-to-month,fibre optic,43.29,2611.28,Pennsylvania
CUST_4478,Male,0,0,1,47,One year,fibre optic,69.46,3261.8,Montana
CUST_4479,Male,0,0,0,55,Two years,fibre optic,33.64,1848.29,Arizona
CUST_4480,Female,0,1,1,20,Month-to-month,fibre optic,57.41,1188.01,Hawaii
CUST_4481,Male,0,1,1,18,Month-to-month,fibre optic,81.08,1454.6,Pennsylvania
CUST_4482,Male,1,0,0,70,Month-to-month,fibre optic,77.22,5452.03,Arkansas
CUST_4483,Male,0,0,1,33,Month-to-month,DSL,107.51,3549.83,Connecticut
CUST_4484,Female,0,0,1,40,Month-to-month,fibre optic,119.76,4837.05,Minnesota
CUST_4485,Female,0,0,1,33,One year,DSL,76.39,2563.61,Alabama
CUST_4486,Male,0,1,0,3,Two years,fibre optic,48.9,175.6,Georgia
CUST_4487,Male,0,0,0,39,Month-to-month,fibre optic,113.57,4473.8,Arizona
CUST_4488,Female,0,1,1,8,Two years,fibre optic,113.74,895.01,Kentucky
CUST_4489,Male,0,0,0,26,Month-to-month,DSL,60.91,1621.35,West Virginia
CUST_4490,Female,0,0,0,47,Two years,fibre optic,119.0,5605.8,South Carolina
CUST_4491,Female,1,0,0,60,Month-to-month,DSL,105.14,6348.02,Iowa
CUST_4492,Female,0,0,0,36,Two years,fibre optic,102.72,3742.34,Florida
CUST_4493,Male,0,0,1,33,Month-to-month,fibre optic,32.05,1061.72,Illinois
CUST_4494,Female,0,0,1,16,One year,fibre optic,30.11,485.07,Nebraska
CUST_4495,Male,0,1,0,35,Month-to-month,fibre optic,64.09,2242.63,Wisconsin
CUST_4496,Male,0,0,0,62,Month-to-month,fibre optic,107.28,6676.31,Colorado
CUST_4497,Female,0,0,1,9,Month-to-month, None,86.85,809.75,Kentucky
CUST_4498,Female,0,0,0,54,Month-to-month, None,45.78,2504.4,Vermont
CUST_4499,Male,0,0,0,1,Month-to-month,fibre optic,36.92,20.55,New Mexico
CUST_4500,Male,0,1,0,59,Month-to-month,fibre optic,62.9,3739.66,South Carolina
CUST_4501,Female,0,1,1,56,Month-to-month,fibre optic,52.31,2928.82,Utah
CUST_4502,Female,0,0,1,71,Month-to-month,DSL,106.26,7528.41,South Carolina
CUST_4503,Male,0,1,1,1,One year,DSL,113.32,133.08,Georgia
CUST_4504,Male,0,1,0,54,Two years,fibre optic,113.72,6156.45,Maryland
CUST_4505,Female,0,0,0,45,Two years, None,37.45,1722.99,North Carolina
CUST_4506,Male,0,0,0,58,Month-to-month,DSL,94.09,5474.03,Wyoming
CUST_4507,Female,0,0,0,46,One year,DSL,87.75,4031.41,Nebraska
CUST_4508,Male,1,1,1,18,Month-to-month,fibre optic,35.2,682.49,Massachusetts
CUST_4509,Female,1,1,0,50,Two years,fibre optic,78.62,3977.1,Virginia
CUST_4510,Male,0,0,0,16,One year,DSL,66.52,1083.98,Nevada
CUST_4511,Male,0,0,1,37,Month-to-month, None,114.14,4205.51,Nevada
CUST_4512,Female,0,1,0,29,Two years,fibre optic,99.07,2892.07,Florida
CUST_4513,Female,1,0,0,22,Month-to-month,fibre optic,103.34,2307.93,Hawaii
CUST_4514,Female,1,1,0,34,Two years, None,37.92,1282.53,Michigan
CUST_4515,Female,0,0,1,18,Month-to-month,fibre optic,77.33,1436.52,Illinois
CUST_4516,Male,0,1,0,63,One year,fibre optic,48.09,3014.59,Arkansas
CUST_4517,Male,0,0,0,26,Month-to-month,DSL,53.04,1417.93,Utah
CUST_4518,Male,0,1,1,6,Month-to-month,fibre optic,111.07,653.19,Oklahoma
CUST_4519,Female,0,1,0,16,One year,DSL,88.18,1421.85,Vermont
CUST_4520,Male,0,1,0,28,Month-to-month,DSL,52.29,1486.16,Minnesota
CUST_4521,Male,1,0,0,44,Month-to-month,fibre optic,31.22,1391.12,Virginia
CUST_4522,Female,0,1,1,60,Month-to-month,fibre optic,41.91,2511.53,Arizona
CUST_4523,Female,0,0,0,41,Month-to-month,fibre optic,101.54,4198.75,Maine
CUST_4524,Female,0,0,0,69,Month-to-month,fibre optic,47.03,3231.11,South Carolina
CUST_4525,Female,0,1,1,44,Month-to-month,fibre optic,52.82,2317.72,Vermont
CUST_4526,Female,1,0,1,33,Month-to-month,fibre optic,48.11,1615.55,Texas
CUST_4527,Male,0,1,0,24,Month-to-month,DSL,106.7,2598.99,Wisconsin
CUST_4528,Female,0,0,1,58,Month-to-month,DSL,32.63,1924.51,Pennsylvania
CUST_4529,Female,0,1,1,23,One year,fibre optic,98.38,2289.94,Connecticut
CUST_4530,Male,0,1,0,1,One year,fibre optic,81.76,76.69,Texas
CUST_4531,Male,0,0,0,13,Month-to-month,fibre optic,75.52,994.68,Florida
CUST_4532,Male,0,0,0,8,Month-to-month,fibre optic,55.16,464.31,Mississippi
CUST_4533,Female,0,0,0,7,Month-to-month,fibre optic,102.35,701.43,Kentucky
CUST_4534,Male,0,1,1,66,Month-to-month,DSL,84.21,5557.57,California
CUST_4535,Male,0,0,0,29,One year,fibre optic,73.1,2108.52,Louisiana
CUST_4536,Female,1,0,0,1,One year,fibre optic,100.2,118.16,Kentucky
CUST_4537,Male,0,0,0,54,One year,fibre optic,49.62,2707.74,Missouri
CUST_4538,Female,0,0,1,10,Two years,fibre optic,57.11,598.07,Indiana
CUST_4539,Female,1,0,1,26,Month-to-month,fibre optic,108.04,2841.23,Hawaii
CUST_4540,Male,1,1,1,11,One year,fibre optic,72.36,817.03,Massachusetts
CUST_4541,Male,0,1,1,18,Month-to-month,fibre optic,33.74,605.94,Nevada
CUST_4542,Male,0,0,1,20,Two years,fibre optic,106.52,2169.35,Maine
CUST_4543,Female,0,1,0,15,Month-to-month, None,62.08,959.03,Idaho
CUST_4544,Male,1,0,0,39,Month-to-month,fibre optic,95.5,3729.06,Wyoming
CUST_4545,Female,0,0,1,37,Month-to-month,fibre optic,111.97,4128.32,Rhode Island
CUST_4546,Male,0,0,0,20,One year,fibre optic,73.93,1468.45,California
CUST_4547,Male,0,0,0,63,Month-to-month,DSL,81.99,5212.21,Virginia
CUST_4548,Female,0,1,0,67,One year, None,103.75,6976.87,Connecticut
CUST_4549,Male,0,0,0,19,One year,fibre optic,118.68,2280.22,Indiana
CUST_4550,Female,0,0,0,29,One year,fibre optic,51.61,1519.37,Maine
CUST_4551,Male,1,0,1,19,Two years,DSL,31.82,606.14,Iowa
CUST_4552,Female,0,1,0,25,Month-to-month, None,94.82,2398.68,New Mexico
CUST_4553,Female,0,1,0,29,Month-to-month,fibre optic,57.74,1654.77,Mississippi
CUST_4554,Male,0,1,1,40,Month-to-month,DSL,42.63,1695.36,Ohio
CUST_4555,Male,0,1,0,31,Two years,fibre optic,39.82,1218.43,Arizona
CUST_4556,Male,0,1,0,12,Month-to-month,fibre optic,30.39,388.31,Texas
CUST_4557,Male,0,0,0,13,Month-to-month,fibre optic,58.56,746.67,Arkansas
CUST_4558,Female,0,0,1,50,Month-to-month,DSL,92.44,4620.14,Alaska
CUST_4559,Male,0,0,0,36,Month-to-month,fibre optic,100.41,3616.14,Georgia
CUST_4560,Male,0,1,0,42,One year,DSL,37.72,1604.4,Ohio
CUST_4561,Male,0,1,1,67,Month-to-month,fibre optic,111.62,7462.43,Arizona
CUST_4562,Male,0,0,0,2,One year,fibre optic,106.97,240.61,Louisiana
CUST_4563,Male,0,0,1,67,Month-to-month, None,98.22,6568.76,Iowa
CUST_4564,Female,0,1,0,34,Month-to-month,fibre optic,89.03,3032.38,Mississippi
CUST_4565,Male,0,1,0,54,One year,fibre optic,60.46,3290.67,South Dakota
CUST_4566,Male,0,0,1,65,Month-to-month,fibre optic,74.03,4861.22,Maryland
CUST_4567,Female,0,0,0,31,Month-to-month,fibre optic,117.73,3641.43,Wisconsin
CUST_4568,Male,0,1,0,67,Month-to-month,fibre optic,76.06,5116.44,Ohio
CUST_4569,Male,0,1,0,69,Month-to-month, None,87.49,6018.0,Arizona
CUST_4570,Male,1,1,0,28,Month-to-month,fibre optic,34.46,946.69,Arizona
CUST_4571,Male,0,1,0,38,Two years,fibre optic,37.34,1468.52,Oregon
CUST_4572,Male,0,0,0,64,One year, None,39.41,2528.17,Maryland
CUST_4573,Female,0,0,1,10,Month-to-month,fibre optic,78.82,829.16,California
CUST_4574,Male,0,1,0,68,One year,fibre optic,62.56,4264.36,Oklahoma
CUST_4575,Female,1,0,1,34,One year,DSL,77.08,2601.18,Maine
CUST_4576,Male,0,0,1,49,Two years,fibre optic,53.02,2646.83,Mississippi
CUST_4577,Female,0,1,1,62,Month-to-month,fibre optic,57.52,3605.94,Arizona
CUST_4578,Female,0,1,1,18,Month-to-month,fibre optic,92.27,1670.59,South Carolina
CUST_4579,Male,0,0,0,42,Month-to-month,DSL,39.91,1717.78,New York
CUST_4580,Female,0,1,0,12,Two years,fibre optic,57.94,726.26,Florida
CUST_4581,Male,0,1,0,61,Month-to-month,fibre optic,73.61,4537.07,New Mexico
CUST_4582,Male,0,0,0,18,Month-to-month, None,48.9,901.94,North Carolina
CUST_4583,Female,0,0,0,29,Month-to-month,fibre optic,54.3,1595.02,North Carolina
CUST_4584,Male,0,0,1,48,Month-to-month, None,41.33,1973.21,Oklahoma
CUST_4585,Male,0,1,1,40,Month-to-month,fibre optic,53.76,2187.78,Oregon
CUST_4586,Female,0,1,1,3,Month-to-month,fibre optic,104.15,329.45,Ohio
CUST_4587,Female,0,0,0,17,One year,DSL,49.81,827.71,North Carolina
CUST_4588,Female,0,0,1,37,Month-to-month,DSL,113.06,4195.28,Louisiana
CUST_4589,Male,0,1,0,66,One year,DSL,55.26,3668.92,Maryland
CUST_4590,Male,0,1,1,68,Two years,fibre optic,33.31,2264.39,Kansas
CUST_4591,Male,0,1,0,56,Two years,fibre optic,63.84,3606.05,New Hampshire
CUST_4592,Female,0,1,1,59,Month-to-month,DSL,96.92,5721.88,Arizona
CUST_4593,Male,0,0,1,55,One year,DSL,110.24,6044.71,Colorado
CUST_4594,Male,0,1,0,48,Month-to-month, None,30.8,1518.77,California
CUST_4595,Female,0,0,1,48,Month-to-month,DSL,76.6,3660.93,Tennessee
CUST_4596,Female,1,1,0,35,Month-to-month,fibre optic,78.2,2726.53,Kansas
CUST_4597,Male,1,0,1,65,One year,DSL,48.59,3187.02,Nebraska
CUST_4598,Female,0,0,0,5,Month-to-month,DSL,52.87,300.48,Utah
CUST_4599,Female,0,1,0,52,Month-to-month,DSL,75.13,3956.39,Alaska
CUST_4600,Female,0,0,0,64,One year,fibre optic,45.36,2899.82,Vermont
CUST_4601,Male,0,1,0,53,Two years,DSL,39.01,2111.48,California
CUST_4602,Female,0,0,0,47,One year,DSL,85.18,4009.04,Wyoming
CUST_4603,Male,0,1,1,52,Month-to-month,fibre optic,113.23,5894.12,Alaska
CUST_4604,Female,0,0,0,4,Month-to-month,fibre optic,55.94,233.14,Mississippi
CUST_4605,Female,0,1,0,65,Month-to-month,fibre optic,118.81,7737.23,Rhode Island
CUST_4606,Female,1,0,0,23,Month-to-month,fibre optic,80.26,1883.72,New Jersey
CUST_4607,Male,1,0,0,2,Two years,fibre optic,71.95,152.81,Alaska
CUST_4608,Male,0,1,0,35,Two years, None,85.28,3020.29,Kansas
CUST_4609,Female,0,1,0,34,One year,DSL,37.12,1275.29,Kentucky
CUST_4610,Male,0,0,0,42,One year,fibre optic,110.34,4662.59,Hawaii
CUST_4611,Male,0,1,0,22,One year,fibre optic,96.99,2115.09,California
CUST_4612,Female,0,1,0,24,Month-to-month,fibre optic,49.74,1194.72,Arizona
CUST_4613,Male,0,1,0,69,Two years, None,72.88,5059.69,Georgia
CUST_4614,Female,0,1,1,64,Month-to-month,fibre optic,86.06,5531.15,Georgia
CUST_4615,Female,0,0,1,51,Month-to-month,DSL,87.38,4495.75,Delaware
CUST_4616,Female,0,0,0,69,Month-to-month,fibre optic,78.81,5468.53,Michigan
CUST_4617,Male,0,0,0,27,Month-to-month,fibre optic,42.55,1159.11,Iowa
CUST_4618,Female,0,1,0,31,One year,DSL,41.31,1317.24,South Carolina
CUST_4619,Male,1,1,0,52,One year,DSL,106.84,5565.7,Oregon
CUST_4620,Female,0,0,0,24,Two years,fibre optic,31.08,786.15,Montana
CUST_4621,Male,0,1,1,47,Month-to-month,fibre optic,79.77,3768.83,Idaho
CUST_4622,Male,1,0,0,13,Month-to-month,fibre optic,92.53,1187.19,Maine
CUST_4623,Female,0,0,1,39,Month-to-month,DSL,77.74,3027.17,South Dakota
CUST_4624,Male,0,0,1,6,Month-to-month,fibre optic,38.34,251.05,Hawaii
CUST_4625,Male,0,0,1,64,Month-to-month,fibre optic,50.06,3201.15,Minnesota
CUST_4626,Male,0,0,0,57,Month-to-month,fibre optic,47.23,2737.94,North Carolina
CUST_4627,Male,1,0,0,6,Month-to-month,fibre optic,42.86,287.37,Texas
CUST_4628,Male,0,0,0,42,Month-to-month,fibre optic,64.61,2729.2,West Virginia
CUST_4629,Male,0,0,1,39,Month-to-month,fibre optic,38.39,1502.49,Mississippi
CUST_4630,Male,0,0,1,68,One year,fibre optic,91.17,6249.42,Rhode Island
CUST_4631,Male,0,0,0,18,Month-to-month,fibre optic,69.44,1248.17,Minnesota
CUST_4632,Male,0,1,1,21,One year,fibre optic,82.26,1770.64,New Jersey
CUST_4633,Female,0,0,1,44,One year,fibre optic,85.13,3727.42,Oregon
CUST_4634,Male,1,1,1,2,One year,DSL,44.64,133.72,Wyoming
CUST_4635,Female,0,1,0,20,Month-to-month,DSL,63.02,1252.22,Mississippi
CUST_4636,Female,0,0,0,41,Month-to-month,DSL,69.89,2886.41,Maryland
CUST_4637,Female,0,1,1,45,Month-to-month,fibre optic,112.32,5057.59,Florida
CUST_4638,Female,0,0,1,20,Two years,fibre optic,90.24,1845.18,North Dakota
CUST_4639,Female,0,0,0,47,One year,fibre optic,50.09,2355.9,Kansas
CUST_4640,Male,1,0,0,68,Month-to-month,fibre optic,36.28,2454.49,Massachusetts
CUST_4641,Female,0,0,0,20,One year,fibre optic,35.46,724.65,North Dakota
CUST_4642,Female,0,0,0,43,One year,fibre optic,66.84,2879.02,Connecticut
CUST_4643,Female,0,0,0,71,One year,fibre optic,115.07,8182.53,Alabama
CUST_4644,Male,0,0,1,29,Two years,DSL,108.62,3196.01,Nevada
CUST_4645,Female,0,0,0,42,Month-to-month,fibre optic,77.7,3279.57,Oregon
CUST_4646,Female,0,0,0,23,Two years,fibre optic,68.71,1613.19,Rhode Island
CUST_4647,Male,0,0,1,32,Month-to-month,DSL,39.24,1296.79,Delaware
CUST_4648,Male,0,0,1,36,Two years,fibre optic,42.11,1504.58,Alabama
CUST_4649,Male,0,0,1,30,One year,fibre optic,57.57,1741.02,Wisconsin
CUST_4650,Male,0,1,1,19,Month-to-month,DSL,93.96,1834.63,Alaska
CUST_4651,Female,0,0,0,37,Month-to-month,fibre optic,37.94,1384.69,Nevada
CUST_4652,Male,0,1,0,46,One year,fibre optic,118.19,5430.27,New Mexico
CUST_4653,Female,0,1,0,52,Month-to-month,DSL,113.81,5921.06,Vermont
CUST_4654,Male,1,1,0,36,One year,fibre optic,40.43,1471.34,Rhode Island
CUST_4655,Male,0,1,0,21,One year, None,104.36,2232.06,Kansas
CUST_4656,Female,0,0,0,39,Two years,fibre optic,85.09,3337.04,North Dakota
CUST_4657,Male,0,0,0,70,One year,fibre optic,65.88,4603.99,Hawaii
CUST_4658,Female,0,0,1,41,Month-to-month,fibre optic,74.89,3104.15,Hawaii
CUST_4659,Female,0,1,1,53,Month-to-month,DSL,107.77,5741.38,Missouri
CUST_4660,Male,0,0,0,39,Two years,fibre optic,113.72,4416.09,Idaho
CUST_4661,Male,0,0,0,13,Month-to-month,fibre optic,113.59,1509.05,Wyoming
CUST_4662,Male,0,1,1,69,One year,DSL,42.05,2942.52,Virginia
CUST_4663,Male,1,1,1,28,One year,fibre optic,59.91,1708.32,Iowa
CUST_4664,Male,0,1,0,5,Month-to-month,fibre optic,67.02,368.8,Wisconsin
CUST_4665,Male,0,0,0,43,Month-to-month,DSL,115.19,4939.64,Alabama
CUST_4666,Female,0,0,0,37,Month-to-month, None,73.14,2724.34,New York
CUST_4667,Female,0,1,0,62,One year,fibre optic,80.02,5005.44,New Jersey
CUST_4668,Male,1,1,1,12,One year,fibre optic,66.55,838.15,New Mexico
CUST_4669,Female,0,0,0,3,Two years,fibre optic,45.0,178.52,Oklahoma
CUST_4670,Male,0,0,0,20,One year, None,105.4,2128.53,California
CUST_4671,Female,0,0,0,14,One year,DSL,112.85,1611.71,Florida
CUST_4672,Female,0,0,0,62,Two years,DSL,54.79,3397.53,Nebraska
CUST_4673,Female,1,1,0,16,Month-to-month,fibre optic,108.55,1741.25,Georgia
CUST_4674,Male,0,0,1,4,One year,DSL,65.89,267.67,Indiana
CUST_4675,Male,1,0,0,69,Month-to-month,fibre optic,48.02,3295.96,Arkansas
CUST_4676,Female,1,0,0,9,Month-to-month, None,36.23,328.79,Alabama
CUST_4677,Female,0,1,1,12,Month-to-month, None,95.18,1135.7,Pennsylvania
CUST_4678,Female,0,1,0,48,Month-to-month,fibre optic,43.55,2121.95,North Dakota
CUST_4679,Male,0,1,0,50,One year,fibre optic,88.1,4404.7,Colorado
CUST_4680,Female,0,0,0,36,Month-to-month,fibre optic,88.22,3196.56,Hawaii
CUST_4681,Female,0,1,0,59,Two years,DSL,47.92,2823.05,Michigan
CUST_4682,Male,1,0,0,6,Two years,fibre optic,36.11,258.7,Wyoming
CUST_4683,Female,0,0,1,50,Month-to-month,fibre optic,73.62,3691.43,Nebraska
CUST_4684,Male,0,0,1,33,One year,fibre optic,116.6,3842.69,Minnesota
CUST_4685,Male,0,0,0,57,Month-to-month,fibre optic,111.21,6347.35,North Dakota
CUST_4686,Male,0,0,0,14,Month-to-month,fibre optic,103.11,1473.25,Michigan
CUST_4687,Male,0,0,0,25,One year,DSL,36.56,927.24,Indiana
CUST_4688,Female,0,1,0,20,Month-to-month, None,80.61,1637.51,Nebraska
CUST_4689,Female,0,1,1,13,One year,fibre optic,118.44,1586.71,Arizona
CUST_4690,Female,0,1,0,32,Month-to-month,fibre optic,55.68,1783.35,Wisconsin
CUST_4691,Male,0,0,0,28,Two years,fibre optic,102.79,2899.26,Delaware
CUST_4692,Male,0,0,0,18,Month-to-month,DSL,61.9,1097.33,Illinois
CUST_4693,Female,0,1,0,14,Two years,fibre optic,97.29,1356.01,Indiana
CUST_4694,Female,1,0,1,54,Month-to-month,fibre optic,72.98,3983.48,Massachusetts
CUST_4695,Male,0,1,0,43,Month-to-month,DSL,71.19,3091.62,Nebraska
CUST_4696,Male,0,1,1,45,One year,fibre optic,54.08,2431.39,Louisiana
CUST_4697,Male,0,0,0,66,Month-to-month,fibre optic,100.03,6621.75,Virginia
CUST_4698,Male,0,1,0,2,One year,DSL,110.8,247.39,Georgia
CUST_4699,Female,0,0,1,11,Two years,fibre optic,105.86,1181.43,Montana
CUST_4700,Male,0,0,1,55,Month-to-month,DSL,93.49,5178.06,Oregon
CUST_4701,Male,1,0,1,65,Month-to-month, None,80.81,5294.96,Idaho
CUST_4702,Male,0,0,0,52,One year,fibre optic,81.46,4250.96,Arizona
CUST_4703,Male,0,1,1,15,Month-to-month,DSL,95.66,1434.49,West Virginia
CUST_4704,Female,0,0,0,46,Month-to-month,fibre optic,41.36,1923.07,Utah
CUST_4705,Female,0,0,0,6,One year,fibre optic,116.67,693.79,Massachusetts
CUST_4706,Female,1,0,0,61,One year,fibre optic,33.2,2027.02,Michigan
CUST_4707,Female,0,0,0,42,Month-to-month,DSL,53.33,2253.78,Iowa
CUST_4708,Male,0,1,0,44,Month-to-month,fibre optic,108.86,4814.82,Ohio
CUST_4709,Male,0,0,0,3,Two years,fibre optic,113.35,379.15,South Dakota
CUST_4710,Male,1,1,0,11,Month-to-month,fibre optic,112.6,1277.54,Tennessee
CUST_4711,Female,0,0,0,16,One year,fibre optic,30.67,471.95,South Dakota
CUST_4712,Male,0,1,0,47,Month-to-month,DSL,76.06,3591.95,South Dakota
CUST_4713,Male,0,0,1,17,Month-to-month,fibre optic,75.5,1319.31,Oregon
CUST_4714,Female,0,1,0,19,Month-to-month,DSL,106.07,2009.84,Maine
CUST_4715,Male,0,1,0,68,Month-to-month,fibre optic,97.26,6649.78,Mississippi
CUST_4716,Male,1,0,0,69,Month-to-month, None,35.77,2510.78,Maryland
CUST_4717,Female,1,0,1,12,Month-to-month,fibre optic,96.19,1144.52,New York
CUST_4718,Male,0,1,1,40,Month-to-month,DSL,68.8,2738.53,Hawaii
CUST_4719,Female,1,1,0,8,Two years,DSL,102.86,854.31,New Jersey
CUST_4720,Female,0,1,1,70,Month-to-month, None,45.55,3229.43,Massachusetts
CUST_4721,Male,0,0,1,13,Month-to-month, None,68.71,876.35,Delaware
CUST_4722,Male,0,1,0,40,One year,DSL,114.72,4593.47,Louisiana
CUST_4723,Female,0,0,1,65,One year,DSL,117.49,7660.42,Hawaii
CUST_4724,Male,1,1,0,62,Month-to-month,fibre optic,51.27,3200.87,Oregon
CUST_4725,Male,0,0,0,67,Month-to-month,fibre optic,33.98,2257.4,Washington
CUST_4726,Male,0,0,0,28,Month-to-month,DSL,55.03,1531.55,North Dakota
CUST_4727,Female,1,0,0,3,Month-to-month,fibre optic,65.13,177.75,Ohio
CUST_4728,Female,0,1,0,63,Month-to-month,DSL,57.8,3682.72,South Dakota
CUST_4729,Male,0,1,0,11,Month-to-month,fibre optic,118.78,1298.49,Maryland
CUST_4730,Male,0,1,0,34,Month-to-month,DSL,91.59,3113.56,Maine
CUST_4731,Female,0,0,1,6,Two years,fibre optic,31.42,234.61,Florida
CUST_4732,Female,1,0,0,34,Month-to-month,fibre optic,97.93,3346.24,Texas
CUST_4733,Female,0,0,0,71,One year,fibre optic,100.27,7159.18,Maine
CUST_4734,Male,0,0,0,21,Month-to-month,fibre optic,35.13,767.94,Maine
CUST_4735,Male,0,1,0,28,One year,DSL,113.58,3177.07,Rhode Island
CUST_4736,Male,0,1,0,3,Month-to-month,fibre optic,108.93,334.55,Louisiana
CUST_4737,Female,0,1,1,6,Month-to-month,fibre optic,37.11,268.9,Alabama
CUST_4738,Male,0,1,0,2,Month-to-month,DSL,94.82,211.71,Wisconsin
CUST_4739,Female,0,0,1,67,Month-to-month,fibre optic,39.49,2663.42,Tennessee
CUST_4740,Female,0,1,0,62,One year,fibre optic,40.99,2570.71,Utah
CUST_4741,Male,0,1,0,43,Two years,fibre optic,99.97,4343.57,South Dakota
CUST_4742,Male,0,1,0,43,Month-to-month,fibre optic,60.78,2629.89,Nebraska
CUST_4743,Male,0,0,0,12,Month-to-month,fibre optic,48.83,633.83,Connecticut
CUST_4744,Female,0,1,0,43,One year,fibre optic,92.46,3980.61,North Dakota
CUST_4745,Male,0,0,0,7,Month-to-month,fibre optic,90.19,625.93,Missouri
CUST_4746,Male,0,1,0,58,One year,DSL,73.78,4278.99,Virginia
CUST_4747,Female,0,1,1,26,Two years,fibre optic,83.02,2187.1,Louisiana
CUST_4748,Female,0,0,0,49,Month-to-month,DSL,41.94,2037.84,Connecticut
CUST_4749,Male,1,1,0,57,Month-to-month,DSL,85.85,4933.3,Nevada
CUST_4750,Female,0,0,1,55,Month-to-month,fibre optic,96.18,5285.13,Texas
CUST_4751,Female,1,1,0,4,Month-to-month,fibre optic,71.87,313.82,Texas
CUST_4752,Male,0,0,0,45,Two years,fibre optic,105.4,4763.05,Mississippi
CUST_4753,Male,0,1,0,61,Two years,fibre optic,45.64,2816.69,Louisiana
CUST_4754,Male,0,0,0,59,One year, None,81.26,4811.61,North Dakota
CUST_4755,Female,1,1,0,32,Month-to-month,fibre optic,107.52,3476.17,Missouri
CUST_4756,Male,0,0,1,7,Month-to-month,DSL,33.23,277.91,Oregon
CUST_4757,Male,0,0,0,8,Two years,fibre optic,47.65,396.62,Arkansas
CUST_4758,Male,0,0,1,53,One year,fibre optic,36.5,1922.47,Maryland
CUST_4759,Female,0,0,0,14,Month-to-month,DSL,91.6,1276.78,Kentucky
CUST_4760,Male,0,1,0,12,One year,fibre optic,104.62,1282.92,Oklahoma
CUST_4761,Male,0,0,0,40,Month-to-month,fibre optic,59.94,2389.01,Missouri
CUST_4762,Male,1,1,1,3,Two years,DSL,109.34,350.16,Delaware
CUST_4763,Female,0,0,0,24,Month-to-month,fibre optic,61.69,1509.96,Oregon
CUST_4764,Male,0,1,0,65,Month-to-month,fibre optic,102.63,6719.5,Rhode Island
CUST_4765,Female,0,1,0,5,Month-to-month,DSL,78.82,377.7,New Mexico
CUST_4766,Female,0,0,1,5,One year,DSL,116.83,576.98,Delaware
CUST_4767,Male,1,1,0,18,Two years,fibre optic,83.23,1539.28,New York
CUST_4768,Female,0,0,0,62,Month-to-month,DSL,40.97,2526.67,Georgia
CUST_4769,Female,1,1,0,33,Month-to-month,DSL,40.23,1354.07,Indiana
CUST_4770,Male,0,1,1,70,Two years,fibre optic,58.26,4059.23,Rhode Island
CUST_4771,Female,1,1,0,60,Month-to-month,DSL,39.72,2417.25,Delaware
CUST_4772,Male,0,0,0,24,Month-to-month,fibre optic,99.42,2422.06,South Dakota
CUST_4773,Female,0,0,1,21,One year,DSL,112.61,2360.94,Arizona
CUST_4774,Female,1,0,1,3,Month-to-month,fibre optic,86.83,256.93,Nebraska
CUST_4775,Male,0,1,0,11,Two years,DSL,90.03,1002.83,Louisiana
CUST_4776,Male,0,1,1,24,Month-to-month,DSL,84.18,2054.57,North Dakota
CUST_4777,Female,0,1,0,35,Month-to-month,DSL,75.56,2690.63,Oregon
CUST_4778,Male,0,1,0,45,Month-to-month,fibre optic,32.49,1511.29,Louisiana
CUST_4779,Male,1,0,0,45,Two years,DSL,97.95,4453.87,Maine
CUST_4780,Male,0,0,0,23,Two years,fibre optic,72.23,1684.36,Montana
CUST_4781,Male,0,0,1,5,Month-to-month,fibre optic,71.38,386.56,Utah
CUST_4782,Female,0,0,0,24,Month-to-month,fibre optic,90.74,2226.24,Colorado
CUST_4783,Male,1,0,0,5,Two years,fibre optic,57.59,318.28,Vermont
CUST_4784,Female,0,0,0,7,Month-to-month,fibre optic,37.17,289.64,Wyoming
CUST_4785,Female,0,1,0,1,Month-to-month,fibre optic,101.61,99.92,Louisiana
CUST_4786,Male,0,0,0,12,Month-to-month,fibre optic,97.53,1185.19,Maine
CUST_4787,Female,0,1,0,6,Month-to-month,fibre optic,98.63,631.8,Pennsylvania
CUST_4788,Female,0,1,0,54,Month-to-month,fibre optic,81.2,4432.86,Kentucky
CUST_4789,Male,1,1,0,45,Two years,DSL,94.74,4253.1,New York
CUST_4790,Female,0,0,0,36,One year,fibre optic,47.43,1732.16,Ohio
CUST_4791,Male,0,0,0,68,Month-to-month,DSL,47.12,3189.85,North Carolina
CUST_4792,Female,0,1,1,23,One year,fibre optic,68.92,1597.89,South Dakota
CUST_4793,Male,0,1,0,5,Month-to-month,fibre optic,86.62,469.86,Kentucky
CUST_4794,Female,0,0,0,1,Month-to-month,fibre optic,90.99,78.8,Alabama
CUST_4795,Female,0,0,1,46,Month-to-month,DSL,43.06,2011.57,Connecticut
CUST_4796,Male,0,1,1,5,Two years,fibre optic,52.41,269.12,Pennsylvania
CUST_4797,Male,1,0,1,59,Two years,DSL,75.31,4446.24,Hawaii
CUST_4798,Female,0,0,1,44,Month-to-month,DSL,85.52,3758.95,Vermont
CUST_4799,Male,1,0,1,70,Month-to-month,DSL,46.73,3261.08,Colorado
CUST_4800,Male,0,0,0,9,One year,fibre optic,36.77,328.4,Washington
CUST_4801,Female,0,1,1,23,Month-to-month,DSL,83.2,1906.72,Delaware
CUST_4802,Female,1,1,1,61,Month-to-month, None,56.35,3429.96,Washington
CUST_4803,Female,0,1,0,29,Month-to-month,fibre optic,58.01,1669.99,New York
CUST_4804,Male,0,1,0,32,One year,fibre optic,91.89,2981.81,Ohio
CUST_4805,Female,0,1,0,28,One year, None,35.33,1004.06,South Dakota
CUST_4806,Male,0,1,0,58,Month-to-month,fibre optic,116.3,6762.77,Montana
CUST_4807,Male,1,1,0,53,One year,fibre optic,72.33,3820.08,California
CUST_4808,Female,1,0,0,47,One year,DSL,81.29,3807.57,Utah
CUST_4809,Female,0,1,0,20,Month-to-month,fibre optic,49.78,1004.98,Mississippi
CUST_4810,Male,0,1,0,12,Month-to-month,DSL,45.77,585.94,Idaho
CUST_4811,Female,1,1,0,10,Month-to-month,DSL,112.56,1173.53,Minnesota
CUST_4812,Female,0,0,1,51,Month-to-month,fibre optic,85.07,4354.63,Massachusetts
CUST_4813,Male,0,1,1,33,Month-to-month,DSL,108.8,3602.37,Wyoming
CUST_4814,Male,0,0,0,50,Two years,fibre optic,113.85,5682.43,California
CUST_4815,Male,0,0,1,34,One year,fibre optic,112.01,3841.28,Oklahoma
CUST_4816,Female,1,0,1,9,Month-to-month,fibre optic,78.36,715.28,Rhode Island
CUST_4817,Female,1,1,1,24,Month-to-month,DSL,88.94,2126.79,Rhode Island
CUST_4818,Female,0,0,1,5,Month-to-month,DSL,78.87,429.47,Minnesota
CUST_4819,Male,0,1,0,6,Month-to-month,fibre optic,75.35,478.4,Colorado
CUST_4820,Male,0,1,1,21,Month-to-month,fibre optic,53.5,1107.21,Pennsylvania
CUST_4821,Male,0,1,0,6,One year,fibre optic,60.19,352.21,Delaware
CUST_4822,Male,0,0,1,49,Month-to-month,DSL,111.9,5473.55,Ohio
CUST_4823,Male,0,0,0,63,Month-to-month,DSL,71.33,4519.59,Tennessee
CUST_4824,Male,0,0,1,7,Month-to-month,fibre optic,43.94,329.64,Georgia
CUST_4825,Male,0,0,0,40,One year,fibre optic,50.85,2034.24,North Dakota
CUST_4826,Male,0,1,0,68,Month-to-month,fibre optic,32.64,2244.46,Ohio
CUST_4827,Male,0,1,1,15,Month-to-month,DSL,47.32,725.48,Maine
CUST_4828,Female,0,1,1,38,Month-to-month,DSL,66.19,2563.3,Kentucky
CUST_4829,Male,1,0,0,57,One year,fibre optic,79.96,4581.37,Mississippi
CUST_4830,Male,0,1,1,14,Two years,fibre optic,97.58,1391.44,Utah
CUST_4831,Female,0,1,1,20,Month-to-month,fibre optic,105.68,2154.69,California
CUST_4832,Male,0,0,0,44,Month-to-month,DSL,80.62,3578.91,Montana
CUST_4833,Female,0,1,0,22,Month-to-month,fibre optic,111.03,2470.55,Georgia
CUST_4834,Female,0,1,0,4,Month-to-month, None,74.04,318.84,Florida
CUST_4835,Male,1,0,0,2,Month-to-month,fibre optic,110.28,239.96,Alabama
CUST_4836,Female,0,0,1,23,Month-to-month,fibre optic,37.84,878.43,West Virginia
CUST_4837,Male,0,0,0,6,One year,fibre optic,50.0,299.47,Arkansas
CUST_4838,Female,0,0,1,45,Month-to-month, None,100.35,4524.71,Washington
CUST_4839,Male,0,0,0,27,One year,DSL,76.92,2075.26,Massachusetts
CUST_4840,Male,0,0,0,20,Month-to-month,fibre optic,64.2,1270.1,Nevada
CUST_4841,Female,0,1,1,71,Two years,fibre optic,53.9,3822.05,Wisconsin
CUST_4842,Male,0,0,0,55,Two years,DSL,72.84,4035.13,Arkansas
CUST_4843,Male,0,0,0,53,Month-to-month,fibre optic,52.0,2740.66,Arizona
CUST_4844,Female,0,1,0,65,Two years,DSL,101.43,6574.21,Nevada
CUST_4845,Female,0,0,0,26,Month-to-month,fibre optic,45.79,1186.57,Montana
CUST_4846,Female,0,1,1,46,Month-to-month,fibre optic,70.0,3252.29,New Jersey
CUST_4847,Female,0,0,0,67,One year,fibre optic,92.63,6187.42,Florida
CUST_4848,Male,1,0,1,50,One year,DSL,102.81,5186.61,New Hampshire
CUST_4849,Female,0,0,0,50,One year, None,111.8,5597.31,Washington
CUST_4850,Male,0,0,0,44,One year,fibre optic,113.45,5039.86,Kansas
CUST_4851,Male,0,1,1,45,Month-to-month,fibre optic,83.74,3760.31,Alabama
CUST_4852,Male,0,1,0,54,One year,fibre optic,73.75,3964.52,Montana
CUST_4853,Male,1,0,0,55,Month-to-month,fibre optic,89.08,4938.55,Massachusetts
CUST_4854,Male,1,1,0,36,One year,fibre optic,116.4,4205.34,New Mexico
CUST_4855,Male,0,0,0,65,Month-to-month,fibre optic,107.44,6968.62,Maryland
CUST_4856,Female,1,0,0,57,Month-to-month,fibre optic,68.87,3971.1,Texas
CUST_4857,Female,0,1,1,19,Two years,fibre optic,38.41,718.9,Rhode Island
CUST_4858,Female,0,0,0,71,Two years,fibre optic,38.07,2746.04,Montana
CUST_4859,Female,1,0,1,57,Month-to-month,fibre optic,42.49,2453.12,Vermont
CUST_4860,Male,0,0,0,68,Month-to-month,fibre optic,107.0,7302.67,New Hampshire
CUST_4861,Female,0,0,1,4,One year, None,118.45,456.8,Illinois
CUST_4862,Female,0,0,1,8,Month-to-month,DSL,70.22,566.83,Michigan
CUST_4863,Male,0,0,0,22,One year,fibre optic,101.45,2258.96,Mississippi
CUST_4864,Female,0,0,0,67,Month-to-month, None,93.44,6274.12,Georgia
CUST_4865,Male,0,1,1,44,One year,fibre optic,47.98,2153.54,Vermont
CUST_4866,Male,0,0,0,52,One year,fibre optic,110.13,5716.82,Alaska
CUST_4867,Male,0,0,0,26,Month-to-month,DSL,115.96,3062.27,Arkansas
CUST_4868,Male,0,1,0,2,One year,fibre optic,83.03,159.59,Oregon
CUST_4869,Male,0,0,0,62,Month-to-month, None,53.78,3358.83,North Dakota
CUST_4870,Female,0,0,0,12,One year,fibre optic,78.12,945.88,South Carolina
CUST_4871,Male,0,1,1,23,Month-to-month,fibre optic,116.54,2685.4,Delaware
CUST_4872,Male,0,1,0,52,Month-to-month,fibre optic,30.45,1590.48,Rhode Island
CUST_4873,Male,0,0,0,58,One year,DSL,94.85,5493.22,Delaware
CUST_4874,Female,0,0,0,68,Two years,fibre optic,41.03,2778.01,New York
CUST_4875,Male,0,0,0,39,Two years,DSL,83.67,3288.96,Oregon
CUST_4876,Female,0,0,0,26,Month-to-month,fibre optic,79.77,2092.87,Georgia
CUST_4877,Male,0,1,1,24,Month-to-month, None,113.19,2755.49,New Hampshire
CUST_4878,Male,0,1,0,17,Month-to-month, None,44.28,783.13,Tennessee
CUST_4879,Male,0,0,0,48,One year,fibre optic,54.23,2599.88,Utah
CUST_4880,Male,0,0,0,26,Month-to-month,fibre optic,75.82,1988.95,Alaska
CUST_4881,Male,0,1,1,65,One year,fibre optic,104.61,6811.63,New Jersey
CUST_4882,Female,0,0,0,58,Month-to-month,fibre optic,101.28,5919.29,Oklahoma
CUST_4883,Female,0,0,0,32,Month-to-month,fibre optic,59.07,1913.44,Hawaii
CUST_4884,Male,1,1,0,40,Month-to-month,fibre optic,107.01,4284.08,Louisiana
CUST_4885,Male,0,0,1,12,Month-to-month,fibre optic,84.02,1032.28,South Carolina
CUST_4886,Female,0,0,1,7,One year,DSL,116.01,849.14,Minnesota
CUST_4887,Female,0,1,1,40,Two years,fibre optic,118.36,4764.06,Arizona
CUST_4888,Male,0,0,1,24,Month-to-month,fibre optic,101.84,2457.88,California
CUST_4889,Male,0,0,0,68,One year,DSL,53.21,3607.81,South Dakota
CUST_4890,Female,0,0,0,69,Month-to-month,fibre optic,43.4,2992.32,Maine
CUST_4891,Male,0,0,0,56,Two years,fibre optic,80.2,4509.43,Indiana
CUST_4892,Male,0,0,1,40,One year,fibre optic,75.0,3020.33,Idaho
CUST_4893,Male,1,0,0,46,One year,DSL,51.87,2403.09,New Jersey
CUST_4894,Female,0,1,1,18,One year,DSL,110.35,2029.26,Texas
CUST_4895,Male,0,1,0,63,One year, None,53.63,3421.5,Tennessee
CUST_4896,Male,1,0,0,9,One year,DSL,77.6,742.94,Colorado
CUST_4897,Female,0,0,0,68,Two years,fibre optic,97.26,6638.71,Illinois
CUST_4898,Female,0,0,0,47,Month-to-month, None,114.16,5398.76,Arizona
CUST_4899,Female,0,0,0,15,Month-to-month,fibre optic,59.02,915.3,Arkansas
CUST_4900,Male,0,1,1,4,Month-to-month,DSL,88.32,402.48,North Carolina
CUST_4901,Male,0,0,1,43,One year,DSL,109.01,4713.54,Nebraska
CUST_4902,Female,0,0,0,26,Month-to-month,DSL,112.76,2949.73,Arizona
CUST_4903,Male,0,0,0,32,Month-to-month,DSL,39.91,1271.78,Nevada
CUST_4904,Female,0,1,0,45,Month-to-month,fibre optic,68.87,3088.59,Wisconsin
CUST_4905,Female,1,0,0,32,One year, None,52.54,1664.81,Utah
CUST_4906,Male,0,0,0,41,Month-to-month,fibre optic,77.4,3184.33,Iowa
CUST_4907,Female,1,0,1,28,Month-to-month,DSL,90.98,2569.55,Missouri
CUST_4908,Female,0,0,0,21,Month-to-month,fibre optic,66.72,1401.47,Hawaii
CUST_4909,Male,0,0,1,3,Month-to-month,fibre optic,107.56,316.77,North Dakota
CUST_4910,Female,0,1,1,35,Month-to-month,fibre optic,102.0,3559.33,Louisiana
CUST_4911,Female,1,1,0,49,Month-to-month,fibre optic,76.25,3753.35,Ohio
CUST_4912,Male,0,1,0,59,Two years,DSL,99.98,5919.46,Arizona
CUST_4913,Female,0,0,0,71,One year,fibre optic,50.22,3589.71,New Hampshire
CUST_4914,Male,1,0,0,26,Two years,fibre optic,107.87,2809.81,New York
CUST_4915,Male,0,1,0,33,Month-to-month,DSL,81.53,2713.85,Illinois
CUST_4916,Female,0,1,0,33,Month-to-month,DSL,47.18,1554.32,New Jersey
CUST_4917,Female,0,1,0,1,Month-to-month,fibre optic,73.43,119.16,Vermont
CUST_4918,Female,0,0,1,24,Month-to-month, None,90.78,2167.27,Kentucky
CUST_4919,Male,0,1,1,38,One year,fibre optic,96.73,3664.94,Vermont
CUST_4920,Male,0,1,0,22,Month-to-month,DSL,97.23,2129.46,Pennsylvania
CUST_4921,Female,0,1,0,29,Month-to-month,fibre optic,88.15,2581.93,Hawaii
CUST_4922,Male,1,0,1,22,Month-to-month,DSL,113.24,2496.31,Florida
CUST_4923,Female,1,1,1,31,One year,fibre optic,49.49,1582.67,Colorado
CUST_4924,Male,0,1,1,37,Two years,fibre optic,89.25,3343.54,Minnesota
CUST_4925,Male,0,1,0,59,One year,fibre optic,108.13,6361.25,South Carolina
CUST_4926,Male,0,0,1,14,One year,fibre optic,30.08,448.05,Kentucky
CUST_4927,Female,0,1,0,33,Month-to-month,fibre optic,98.22,3251.78,Connecticut
CUST_4928,Female,0,1,0,20,One year,fibre optic,83.37,1706.97,Michigan
CUST_4929,Female,0,0,0,67,One year,fibre optic,101.07,6801.73,Kentucky
CUST_4930,Female,0,1,0,4,Month-to-month,DSL,44.99,182.58,Minnesota
CUST_4931,Female,0,1,0,13,One year,fibre optic,74.43,973.84,Utah
CUST_4932,Male,0,0,0,54,Month-to-month,DSL,102.44,5549.57,Nebraska
CUST_4933,Female,0,0,1,59,Two years,fibre optic,101.93,6020.19,Colorado
CUST_4934,Female,1,0,1,25,Two years,fibre optic,111.71,2839.1,Louisiana
CUST_4935,Male,0,1,0,42,Two years,fibre optic,67.97,2860.15,Utah
CUST_4936,Male,0,0,0,63,Month-to-month,fibre optic,33.24,2108.01,Arizona
CUST_4937,Male,0,1,1,41,One year,fibre optic,54.12,2200.75,Nebraska
CUST_4938,Male,0,0,0,68,Month-to-month,fibre optic,85.1,5802.32,New Hampshire
CUST_4939,Male,0,1,0,21,Two years,fibre optic,44.88,951.47,Minnesota
CUST_4940,Female,0,0,0,25,Month-to-month,DSL,62.1,1578.83,Maryland
CUST_4941,Male,0,0,0,16,One year,fibre optic,42.44,677.67,Nebraska
CUST_4942,Female,1,1,0,15,Month-to-month,fibre optic,64.8,1016.38,New Jersey
CUST_4943,Male,0,0,1,16,Month-to-month,DSL,50.54,833.94,Tennessee
CUST_4944,Male,0,0,0,27,Two years,fibre optic,107.33,2899.4,Mississippi
CUST_4945,Female,0,1,1,10,Month-to-month,DSL,95.58,986.08,Kentucky
CUST_4946,Male,0,1,0,62,Two years,fibre optic,82.4,5136.35,New York
CUST_4947,Male,0,0,1,71,Two years,fibre optic,106.46,7551.46,Mississippi
CUST_4948,Female,0,0,0,45,One year,fibre optic,47.38,2129.26,Maryland
CUST_4949,Female,0,1,0,21,One year,DSL,105.27,2254.42,South Carolina
CUST_4950,Female,0,0,1,15,Two years,fibre optic,91.97,1370.3,Connecticut
CUST_4951,Female,0,1,0,54,Two years,fibre optic,44.12,2407.67,South Carolina
CUST_4952,Male,0,1,0,26,Month-to-month, None,75.0,1971.06,Idaho
CUST_4953,Male,0,0,1,65,Month-to-month,DSL,102.29,6677.83,Maryland
CUST_4954,Male,1,0,0,18,Month-to-month,fibre optic,110.12,2030.1,Maine
CUST_4955,Male,0,1,1,34,Month-to-month, None,81.9,2801.18,Florida
CUST_4956,Male,0,1,1,16,Month-to-month,fibre optic,50.86,842.04,Iowa
CUST_4957,Male,0,0,1,42,Month-to-month, None,53.81,2272.96,Alaska
CUST_4958,Male,0,0,0,14,Two years, None,53.07,744.72,California
CUST_4959,Male,1,1,0,55,Month-to-month,DSL,60.61,3361.54,California
CUST_4960,Male,0,0,0,15,Month-to-month,fibre optic,90.42,1405.7,Oregon
CUST_4961,Male,0,0,1,2,Month-to-month,fibre optic,31.94,85.35,Texas
CUST_4962,Male,0,0,0,22,One year,fibre optic,118.24,2608.36,Mississippi
CUST_4963,Male,1,0,0,52,Two years, None,60.6,3194.48,South Carolina
CUST_4964,Female,0,0,0,8,Month-to-month,DSL,53.94,422.61,Tennessee
CUST_4965,Male,0,1,0,49,One year,fibre optic,83.16,4086.33,Pennsylvania
CUST_4966,Female,1,1,1,25,Two years,fibre optic,47.21,1171.58,Florida
CUST_4967,Female,0,1,0,27,One year,fibre optic,97.52,2621.14,Indiana
CUST_4968,Female,0,0,0,63,Month-to-month,fibre optic,73.34,4649.23,Washington
CUST_4969,Female,0,1,0,48,One year,DSL,112.76,5415.14,North Dakota
CUST_4970,Female,0,0,0,22,One year,DSL,117.72,2589.86,Ohio
CUST_4971,Male,0,0,0,21,Month-to-month,fibre optic,62.94,1310.01,Mississippi
CUST_4972,Male,1,0,1,63,One year,fibre optic,105.04,6600.67,Georgia
CUST_4973,Female,1,0,0,4,Two years,DSL,48.27,201.28,Wisconsin
CUST_4974,Female,0,0,0,47,Month-to-month,fibre optic,69.16,3270.95,Maine
CUST_4975,Female,0,0,0,18,Month-to-month,fibre optic,112.33,2030.5,Connecticut
CUST_4976,Female,0,0,1,52,Month-to-month,fibre optic,45.42,2391.73,Pennsylvania
CUST_4977,Female,0,1,1,67,Month-to-month,DSL,52.09,3496.57,Iowa
CUST_4978,Male,0,0,0,29,One year,DSL,103.72,3022.3,Arkansas
CUST_4979,Female,0,0,1,7,Month-to-month,fibre optic,30.31,256.57,Indiana
CUST_4980,Female,0,1,0,24,Month-to-month,DSL,83.21,2034.4,Louisiana
CUST_4981,Female,0,1,1,71,Two years,fibre optic,57.15,4088.04,Indiana
CUST_4982,Male,0,0,0,18,Two years,DSL,63.41,1142.4,Oregon
CUST_4983,Female,0,1,1,27,One year,fibre optic,97.44,2654.08,North Carolina
CUST_4984,Male,0,0,0,4,Two years,DSL,74.83,346.07,North Dakota
CUST_4985,Male,0,0,0,46,Two years,fibre optic,65.94,3079.58,Wyoming
CUST_4986,Female,0,0,0,38,Two years,fibre optic,85.48,3294.1,Tennessee
CUST_4987,Male,0,0,0,50,Month-to-month,DSL,33.08,1642.93,Georgia
CUST_4988,Female,0,1,0,23,Two years,fibre optic,105.32,2419.78,Kentucky
CUST_4989,Female,0,1,0,67,One year,fibre optic,73.36,4940.76,South Dakota
CUST_4990,Male,0,0,1,71,Month-to-month,DSL,92.7,6630.22,Delaware
CUST_4991,Male,1,0,0,26,Month-to-month,fibre optic,88.78,2326.31,Montana
CUST_4992,Male,0,1,1,35,Two years,fibre optic,59.68,2114.43,Idaho
CUST_4993,Male,0,1,0,18,Month-to-month,fibre optic,71.36,1265.31,Delaware
CUST_4994,Male,0,1,1,36,Two years,fibre optic,77.73,2807.67,Oregon
CUST_4995,Male,0,1,0,61,Month-to-month,DSL,108.76,6628.72,Nebraska
CUST_4996,Male,1,0,0,32,One year,fibre optic,115.51,3718.85,Arizona
CUST_4997,Male,0,0,0,68,One year,fibre optic,90.15,6177.51,New Jersey
CUST_4998,Female,0,0,0,3,Month-to-month,DSL,106.42,354.81,Hawaii
CUST_4999,Male,0,0,1,34,One year,fibre optic,49.59,1682.73,Arkansas
CUST_5000,Female,0,0,0,5,Month-to-month,fibre optic,62.84,357.06,Texas
CUST_5001,Male,0,1,1,3,Month-to-month,fibre optic,72.85,203.92,Kansas
CUST_5002,Male,0,0,0,46,Month-to-month,fibre optic,81.96,3816.83,Pennsylvania
CUST_5003,Male,1,1,1,30,Month-to-month,fibre optic,34.53,1053.55,Pennsylvania
CUST_5004,Male,1,0,1,15,Month-to-month,DSL,83.32,1252.52,North Dakota
CUST_5005,Female,1,1,1,33,Month-to-month,DSL,93.1,3060.13,South Dakota
CUST_5006,Female,0,0,1,27,Month-to-month,DSL,67.08,1817.24,Wisconsin
CUST_5007,Female,1,0,1,61,Two years,fibre optic,80.31,4899.12,Michigan
CUST_5008,Male,0,1,1,58,Two years, None,85.87,5008.43,Minnesota
CUST_5009,Male,0,0,0,45,Two years,DSL,83.05,3753.12,Indiana
CUST_5010,Female,0,1,1,20,Two years,fibre optic,97.09,1944.88,Ohio
CUST_5011,Female,0,0,0,30,Month-to-month,DSL,87.49,2638.05,Florida
CUST_5012,Male,0,0,1,10,One year, None,43.95,437.61,Illinois
CUST_5013,Male,0,1,0,34,Two years,fibre optic,79.57,2685.42,Nevada
CUST_5014,Male,1,1,0,36,One year, None,84.32,3068.11,Oregon
CUST_5015,Male,0,0,0,56,One year,fibre optic,39.84,2258.47,Michigan
CUST_5016,Female,0,1,0,70,Month-to-month,DSL,46.06,3233.18,Arkansas
CUST_5017,Male,0,0,1,62,Month-to-month,fibre optic,46.14,2856.32,Ohio
CUST_5018,Female,0,0,1,39,One year,DSL,82.26,3241.83,North Dakota
CUST_5019,Male,0,0,1,18,Two years,DSL,55.63,1036.29,Missouri
CUST_5020,Male,0,1,0,6,Month-to-month,fibre optic,51.7,314.94,Delaware
CUST_5021,Male,0,0,0,35,Month-to-month,fibre optic,95.99,3381.73,Florida
CUST_5022,Female,0,0,1,69,Two years,fibre optic,85.37,5898.95,Connecticut
CUST_5023,Male,0,0,0,19,Month-to-month,DSL,103.95,2011.54,Louisiana
CUST_5024,Male,1,0,0,59,Month-to-month,DSL,82.9,4924.36,Arizona
CUST_5025,Female,0,0,0,52,Month-to-month,fibre optic,38.78,1998.96,Virginia
CUST_5026,Female,0,0,1,10,Month-to-month,fibre optic,65.08,678.72,Texas
CUST_5027,Male,0,0,1,14,Month-to-month,fibre optic,30.44,436.11,Kentucky
CUST_5028,Male,0,0,0,1,Month-to-month,DSL,118.07,106.24,Michigan
CUST_5029,Male,0,1,0,67,Month-to-month,fibre optic,95.18,6375.92,Connecticut
CUST_5030,Female,0,1,0,69,Month-to-month,fibre optic,102.96,7134.9,New Hampshire
CUST_5031,Female,0,1,0,31,Two years,DSL,78.05,2410.06,Minnesota
CUST_5032,Male,0,0,1,62,One year,fibre optic,44.3,2746.5,Maine
CUST_5033,Female,1,1,1,21,Month-to-month,DSL,64.04,1330.54,Maryland
CUST_5034,Male,0,0,0,58,Month-to-month,fibre optic,62.73,3621.68,Washington
CUST_5035,Female,0,0,1,64,Month-to-month,fibre optic,68.26,4410.46,Minnesota
CUST_5036,Male,0,1,1,44,Month-to-month,fibre optic,41.26,1863.67,North Dakota
CUST_5037,Male,0,1,1,42,Month-to-month,fibre optic,87.99,3699.31,California
CUST_5038,Female,0,0,1,14,Month-to-month,fibre optic,75.35,1051.53,Colorado
CUST_5039,Female,0,0,0,66,Month-to-month,fibre optic,54.83,3608.15,Florida
CUST_5040,Male,0,0,0,43,One year,fibre optic,114.67,4976.88,Maryland
CUST_5041,Female,0,0,0,28,Two years,fibre optic,76.13,2113.44,Maryland
CUST_5042,Male,0,0,0,64,One year,fibre optic,87.7,5638.32,Nebraska
CUST_5043,Female,0,1,0,44,Month-to-month,fibre optic,83.04,3671.6,Alaska
CUST_5044,Male,0,0,1,53,One year,DSL,49.53,2650.55,Utah
CUST_5045,Male,0,1,0,56,One year,fibre optic,86.78,4840.76,Louisiana
CUST_5046,Male,0,0,0,16,Month-to-month, None,106.9,1726.57,California
CUST_5047,Female,1,0,0,40,Two years,fibre optic,114.49,4564.4,West Virginia
CUST_5048,Female,0,0,0,19,Month-to-month,fibre optic,102.68,1965.73,Idaho
CUST_5049,Female,0,0,1,69,Month-to-month,fibre optic,100.17,6905.31,North Dakota
CUST_5050,Male,1,1,0,50,Month-to-month, None,55.63,2785.03,Iowa
CUST_5051,Male,0,1,1,23,Month-to-month,DSL,75.31,1734.37,Arkansas
CUST_5052,Male,0,1,1,71,Month-to-month,fibre optic,100.0,7137.42,Oklahoma
CUST_5053,Male,1,0,1,64,One year,fibre optic,51.78,3357.16,Mississippi
CUST_5054,Male,1,0,1,40,One year,DSL,100.59,4022.76,Colorado
CUST_5055,Female,0,0,1,51,One year,fibre optic,95.63,4905.2,Georgia
CUST_5056,Female,0,1,1,30,One year,fibre optic,69.84,2100.03,Tennessee
CUST_5057,Male,0,0,0,52,Month-to-month,DSL,48.72,2537.64,Delaware
CUST_5058,Female,0,0,1,55,One year,fibre optic,117.07,6431.68,Alabama
CUST_5059,Female,1,0,1,47,Month-to-month,fibre optic,112.18,5280.76,Hawaii
CUST_5060,Female,0,0,0,47,Two years,DSL,59.36,2827.63,Oklahoma
CUST_5061,Male,0,1,1,10,One year,fibre optic,84.22,823.44,Virginia
CUST_5062,Female,0,0,1,23,Month-to-month,fibre optic,42.7,1005.24,Alabama
CUST_5063,Female,0,0,1,57,Month-to-month,DSL,55.55,3216.2,Alabama
CUST_5064,Female,0,0,0,29,One year,DSL,49.91,1431.9,Delaware
CUST_5065,Male,1,1,0,18,One year,fibre optic,77.84,1443.6,Nebraska
CUST_5066,Female,0,1,0,55,Month-to-month, None,38.24,2131.78,New Jersey
CUST_5067,Female,0,0,0,65,One year,fibre optic,114.99,7509.5,Vermont
CUST_5068,Male,0,0,0,34,One year, None,54.87,1848.02,Louisiana
CUST_5069,Male,1,0,0,40,One year,fibre optic,78.18,3150.49,Missouri
CUST_5070,Male,0,0,0,38,One year,fibre optic,45.43,1708.77,Michigan
CUST_5071,Male,0,0,0,66,Month-to-month, None,34.96,2300.48,Arizona
CUST_5072,Male,0,1,1,62,Month-to-month,fibre optic,56.2,3473.44,Nevada
CUST_5073,Male,0,1,0,1,Month-to-month,DSL,58.11,53.8,South Carolina
CUST_5074,Male,1,1,0,41,Two years,fibre optic,52.22,2149.48,Idaho
CUST_5075,Male,0,1,1,36,Two years,fibre optic,63.93,2327.35,South Carolina
CUST_5076,Male,0,0,1,61,Two years,fibre optic,104.68,6375.25,Utah
CUST_5077,Female,0,0,0,68,Month-to-month,fibre optic,39.26,2680.03,Wisconsin
CUST_5078,Male,0,1,0,9,Month-to-month,fibre optic,40.87,366.44,Oregon
CUST_5079,Male,0,0,0,50,Two years,fibre optic,84.56,4245.3,Colorado
CUST_5080,Female,0,0,0,22,Two years,fibre optic,114.73,2538.69,Arizona
CUST_5081,Female,1,1,0,21,Month-to-month,fibre optic,119.47,2538.59,Maryland
CUST_5082,Female,0,0,1,39,Month-to-month,fibre optic,32.02,1230.89,Nevada
CUST_5083,Male,0,0,1,28,One year,DSL,65.81,1876.27,Arizona
CUST_5084,Female,0,1,0,61,Month-to-month,DSL,101.25,6164.48,Washington
CUST_5085,Male,0,1,0,38,Month-to-month,DSL,116.37,4443.76,Kansas
CUST_5086,Female,0,1,1,54,Two years,fibre optic,83.85,4564.29,South Dakota
CUST_5087,Female,0,0,1,52,One year, None,55.61,2904.11,North Carolina
CUST_5088,Female,0,0,1,10,One year,fibre optic,78.63,796.04,Texas
CUST_5089,Male,0,0,0,62,Month-to-month,fibre optic,67.79,4228.88,Iowa
CUST_5090,Female,0,0,1,59,Month-to-month,DSL,40.52,2397.32,South Carolina
CUST_5091,Male,0,0,0,64,One year, None,79.22,5050.32,Vermont
CUST_5092,Female,1,1,1,31,Month-to-month,fibre optic,107.24,3347.17,Michigan
CUST_5093,Male,0,0,1,46,Month-to-month,DSL,82.45,3816.71,Oklahoma
CUST_5094,Female,0,0,1,25,Month-to-month,fibre optic,100.31,2545.1,Nevada
CUST_5095,Male,0,1,0,56,Two years,DSL,36.84,2105.59,West Virginia
CUST_5096,Male,0,0,0,46,Month-to-month,fibre optic,68.21,3151.39,Oklahoma
CUST_5097,Female,0,0,0,39,Two years,DSL,102.88,4009.51,Rhode Island
CUST_5098,Female,0,0,1,5,One year,fibre optic,87.27,460.03,Michigan
CUST_5099,Male,1,1,0,47,Month-to-month,DSL,85.08,4003.75,Texas
CUST_5100,Female,0,0,0,35,Month-to-month,fibre optic,38.4,1325.37,Kansas
CUST_5101,Male,0,0,0,19,Month-to-month,fibre optic,50.34,949.17,West Virginia
CUST_5102,Female,1,0,1,1,Month-to-month,DSL,61.57,47.04,Wyoming
CUST_5103,Female,0,0,0,52,Month-to-month,fibre optic,73.54,3861.46,Illinois
CUST_5104,Female,0,1,0,4,Month-to-month, None,115.92,499.52,Washington
CUST_5105,Male,0,1,0,63,One year,fibre optic,104.93,6612.24,Massachusetts
CUST_5106,Male,0,1,1,23,Month-to-month,fibre optic,37.43,855.52,Pennsylvania
CUST_5107,Male,0,1,0,28,Month-to-month,DSL,69.34,1970.65,Alabama
CUST_5108,Female,0,0,0,38,Month-to-month,fibre optic,43.43,1660.25,Alabama
CUST_5109,Male,0,0,0,49,Month-to-month,fibre optic,98.35,4859.7,Mississippi
CUST_5110,Male,0,0,1,34,Two years,DSL,115.63,3949.69,Florida
CUST_5111,Female,0,0,0,63,Month-to-month,fibre optic,114.86,7242.14,Indiana
CUST_5112,Male,0,1,0,15,Month-to-month,fibre optic,117.07,1762.53,California
CUST_5113,Female,1,1,0,41,Month-to-month,DSL,75.7,3126.97,Maryland
CUST_5114,Male,0,1,0,49,One year,fibre optic,83.44,4108.92,South Carolina
CUST_5115,Male,1,0,0,39,One year,fibre optic,96.78,3776.5,Maryland
CUST_5116,Female,0,1,0,33,Two years,DSL,62.84,2057.35,Florida
CUST_5117,Male,0,0,0,25,Month-to-month,fibre optic,118.43,2989.5,Iowa
CUST_5118,Male,0,1,0,3,Two years,DSL,119.79,355.38,New York
CUST_5119,Male,0,1,0,11,One year,DSL,113.36,1267.24,Tennessee
CUST_5120,Female,0,1,0,5,Month-to-month,fibre optic,92.08,498.84,Indiana
CUST_5121,Male,0,1,1,40,Two years,fibre optic,48.38,1947.73,Indiana
CUST_5122,Female,0,0,1,10,Month-to-month,fibre optic,35.93,353.49,Nebraska
CUST_5123,Male,0,1,0,1,Month-to-month,fibre optic,103.91,93.13,Virginia
CUST_5124,Female,1,0,1,22,Month-to-month,fibre optic,58.88,1330.33,Vermont
CUST_5125,Male,1,0,0,7,One year, None,71.3,532.13,New Mexico
CUST_5126,Female,0,0,0,57,One year,DSL,38.28,2224.38,Alabama
CUST_5127,Female,0,0,0,16,Month-to-month,fibre optic,116.83,1909.63,Wisconsin
CUST_5128,Female,0,0,0,71,Month-to-month,DSL,47.03,3353.4,North Dakota
CUST_5129,Female,1,1,1,63,Two years,fibre optic,63.43,4003.96,Colorado
CUST_5130,Female,0,1,0,57,Month-to-month,fibre optic,72.6,4148.59,Idaho
CUST_5131,Male,0,1,0,1,Month-to-month,fibre optic,57.17,65.99,California
CUST_5132,Female,0,0,0,11,One year,DSL,69.76,815.64,Montana
CUST_5133,Female,0,0,1,32,Month-to-month,fibre optic,56.79,1808.48,Pennsylvania
CUST_5134,Male,0,1,0,28,Month-to-month,fibre optic,66.07,1848.91,Iowa
CUST_5135,Female,0,0,0,5,Two years,DSL,74.36,410.58,Delaware
CUST_5136,Male,0,1,0,31,Two years,DSL,55.06,1749.6,Arizona
CUST_5137,Female,0,0,1,7,One year, None,68.8,489.7,Rhode Island
CUST_5138,Male,0,0,1,61,One year,fibre optic,56.93,3522.61,Oklahoma
CUST_5139,Female,0,0,0,11,One year,fibre optic,115.94,1296.48,New Jersey
CUST_5140,Female,1,0,0,49,One year, None,43.08,2120.63,Florida
CUST_5141,Male,0,1,0,25,Month-to-month, None,79.58,2015.35,Montana
CUST_5142,Male,1,1,0,22,Month-to-month, None,109.36,2430.94,Connecticut
CUST_5143,Male,0,1,0,43,One year,fibre optic,88.15,3791.58,Montana
CUST_5144,Male,0,0,1,59,Month-to-month,fibre optic,87.51,5204.1,Wisconsin
CUST_5145,Female,0,0,1,13,Month-to-month,fibre optic,96.75,1286.49,Vermont
CUST_5146,Male,0,0,1,46,Month-to-month,DSL,98.07,4495.5,Vermont
CUST_5147,Male,0,0,0,2,One year,fibre optic,81.03,204.7,Arizona
CUST_5148,Female,0,1,1,56,Two years,DSL,52.73,2972.68,Montana
CUST_5149,Female,1,1,0,18,Month-to-month,fibre optic,72.59,1308.03,Tennessee
CUST_5150,Male,1,0,0,55,Two years,fibre optic,99.89,5520.68,Wyoming
CUST_5151,Male,0,0,1,55,Month-to-month,DSL,76.07,4174.6,Wyoming
CUST_5152,Female,0,0,0,49,Month-to-month,fibre optic,68.83,3363.48,Iowa
CUST_5153,Female,0,0,0,61,One year,fibre optic,33.92,2116.56,New York
CUST_5154,Male,1,0,0,6,Month-to-month, None,98.76,611.58,Virginia
CUST_5155,Male,0,1,1,20,Month-to-month, None,74.6,1505.63,Minnesota
CUST_5156,Female,1,1,1,45,Two years,fibre optic,115.3,5234.19,Georgia
CUST_5157,Female,0,0,0,37,Month-to-month,fibre optic,47.28,1758.02,Montana
CUST_5158,Female,0,1,0,50,One year,DSL,65.79,3298.87,New Hampshire
CUST_5159,Male,0,1,1,52,Month-to-month,DSL,101.1,5248.72,West Virginia
CUST_5160,Male,1,1,0,11,Month-to-month,fibre optic,71.81,780.14,Wyoming
CUST_5161,Male,0,1,1,19,One year,fibre optic,40.51,790.52,Vermont
CUST_5162,Female,0,1,0,52,Month-to-month, None,82.86,4299.4,Washington
CUST_5163,Male,0,1,0,29,Month-to-month,DSL,104.57,3063.7,New Hampshire
CUST_5164,Female,0,0,0,68,Month-to-month,DSL,85.12,5822.11,New Jersey
CUST_5165,Male,0,0,0,55,Month-to-month,DSL,118.94,6533.31,Wisconsin
CUST_5166,Female,1,1,0,9,Month-to-month,fibre optic,119.77,1069.15,West Virginia
CUST_5167,Male,0,0,0,19,Two years,fibre optic,45.09,893.46,Nevada
CUST_5168,Female,0,1,1,56,Two years,DSL,41.85,2361.98,Oklahoma
CUST_5169,Male,0,1,1,57,Month-to-month,fibre optic,116.57,6656.39,Wyoming
CUST_5170,Female,0,1,1,16,One year,fibre optic,101.87,1626.09,New Jersey
CUST_5171,Male,1,1,0,56,Month-to-month,DSL,75.25,4241.55,Louisiana
CUST_5172,Female,0,0,0,67,Month-to-month,DSL,111.15,7470.71,Delaware
CUST_5173,Female,0,1,0,68,Two years,fibre optic,75.65,5133.85,Massachusetts
CUST_5174,Female,0,1,0,51,One year,DSL,41.91,2156.95,Alaska
CUST_5175,Female,0,0,1,45,Two years,fibre optic,99.97,4490.11,Nebraska
CUST_5176,Male,0,0,0,55,One year,fibre optic,37.9,2071.12,Alabama
CUST_5177,Male,0,0,0,37,One year,fibre optic,115.69,4292.32,New Mexico
CUST_5178,Female,0,1,0,7,Month-to-month,DSL,50.7,387.81,Utah
CUST_5179,Female,1,1,0,1,Month-to-month,DSL,67.95,106.93,Wyoming
CUST_5180,Female,0,0,0,37,Month-to-month,fibre optic,107.59,3988.21,Texas
CUST_5181,Male,1,0,0,35,One year,DSL,37.13,1285.95,New Mexico
CUST_5182,Female,0,0,1,10,Month-to-month,fibre optic,44.94,479.68,Nevada
CUST_5183,Female,0,0,1,59,One year, None,106.49,6269.33,Washington
CUST_5184,Female,1,1,0,66,Month-to-month,fibre optic,46.79,3077.65,North Dakota
CUST_5185,Female,0,0,0,49,Month-to-month,fibre optic,59.1,2895.1,Georgia
CUST_5186,Male,1,0,0,28,Two years,fibre optic,68.87,1908.42,Washington
CUST_5187,Female,0,1,1,23,One year,fibre optic,111.95,2619.39,Maine
CUST_5188,Female,0,0,0,5,Month-to-month,fibre optic,82.6,456.21,Minnesota
CUST_5189,Female,1,0,1,45,Two years, None,70.99,3242.0,Texas
CUST_5190,Male,0,1,0,36,Month-to-month,DSL,75.81,2709.92,Wyoming
CUST_5191,Male,0,1,0,16,Two years,fibre optic,70.89,1167.13,Hawaii
CUST_5192,Female,1,0,1,27,Month-to-month,fibre optic,81.91,2226.21,Missouri
CUST_5193,Male,0,0,0,5,One year, None,39.45,193.95,Alaska
CUST_5194,Female,0,1,0,49,Month-to-month,fibre optic,32.0,1591.44,Maine
CUST_5195,Male,0,0,0,48,Month-to-month,DSL,57.01,2749.85,Vermont
CUST_5196,Male,0,0,0,53,One year,fibre optic,106.77,5675.65,Missouri
CUST_5197,Female,0,0,0,9,One year,fibre optic,82.75,752.63,Delaware
CUST_5198,Female,0,1,0,52,Month-to-month,fibre optic,41.92,2225.14,Florida
CUST_5199,Male,0,0,1,51,Month-to-month,fibre optic,108.96,5548.48,Alabama
CUST_5200,Female,0,1,0,33,One year,fibre optic,69.4,2311.05,Nevada
CUST_5201,Female,0,0,0,55,One year,DSL,98.85,5420.97,Tennessee
CUST_5202,Male,0,0,0,53,Month-to-month,fibre optic,40.94,2218.68,Wisconsin
CUST_5203,Male,0,0,0,20,Two years,fibre optic,91.07,1805.31,Rhode Island
CUST_5204,Male,0,1,0,64,Two years,fibre optic,84.58,5430.93,Delaware
CUST_5205,Male,1,0,0,64,Month-to-month,DSL,53.57,3421.66,Idaho
CUST_5206,Female,0,1,0,28,Month-to-month,DSL,84.36,2376.24,Indiana
CUST_5207,Male,0,1,1,24,Month-to-month, None,91.31,2186.79,Maine
CUST_5208,Male,1,1,0,11,Month-to-month,fibre optic,87.81,994.93,Pennsylvania
CUST_5209,Female,0,1,1,12,One year,fibre optic,33.13,416.42,Arizona
CUST_5210,Female,0,1,0,19,One year,fibre optic,57.5,1082.67,North Carolina
CUST_5211,Female,1,0,0,55,Month-to-month,fibre optic,76.57,4247.83,North Dakota
CUST_5212,Male,1,0,0,22,Month-to-month,fibre optic,97.74,2199.17,New Hampshire
CUST_5213,Male,0,0,1,5,One year,fibre optic,76.68,427.47,Indiana
CUST_5214,Female,0,0,0,32,Month-to-month,DSL,33.93,1119.95,Delaware
CUST_5215,Male,0,0,0,61,Two years,DSL,115.65,7084.21,West Virginia
CUST_5216,Male,0,0,1,30,One year, None,93.51,2837.4,New Mexico
CUST_5217,Male,0,0,0,48,Two years,fibre optic,68.73,3296.74,New Jersey
CUST_5218,Female,0,1,0,52,Month-to-month,DSL,84.57,4401.34,Idaho
CUST_5219,Male,0,0,1,55,Month-to-month,fibre optic,72.66,3992.62,Utah
CUST_5220,Male,0,0,0,66,Month-to-month,DSL,107.09,7102.72,Tennessee
CUST_5221,Female,1,0,1,66,Month-to-month,fibre optic,115.23,7598.16,Washington
CUST_5222,Male,0,1,1,7,One year,fibre optic,101.12,698.72,New Hampshire
CUST_5223,Male,0,1,0,3,Month-to-month, None,43.32,115.69,South Dakota
CUST_5224,Female,0,0,0,46,Two years,fibre optic,35.29,1659.02,Montana
CUST_5225,Male,0,1,0,61,Month-to-month,fibre optic,103.11,6309.92,Nevada
CUST_5226,Female,1,1,1,32,Two years,fibre optic,77.71,2522.33,Michigan
CUST_5227,Male,0,1,0,1,Month-to-month,fibre optic,95.12,130.7,New Mexico
CUST_5228,Female,0,1,1,49,Month-to-month,fibre optic,78.26,3849.89,Kansas
CUST_5229,Male,0,1,0,25,Month-to-month,fibre optic,55.42,1397.91,Rhode Island
CUST_5230,Male,0,1,1,28,One year,fibre optic,51.47,1430.57,Alabama
CUST_5231,Male,0,1,0,16,One year,fibre optic,49.56,777.38,Delaware
CUST_5232,Male,0,1,0,48,Month-to-month,DSL,100.58,4854.24,Maryland
CUST_5233,Male,0,0,1,30,Month-to-month,fibre optic,86.59,2603.56,Kansas
CUST_5234,Female,1,0,0,16,Month-to-month,DSL,39.65,636.49,Pennsylvania
CUST_5235,Female,0,0,1,46,Month-to-month,fibre optic,85.94,3955.04,California
CUST_5236,Male,1,0,0,32,One year,fibre optic,108.03,3473.19,North Dakota
CUST_5237,Female,0,1,0,1,Two years, None,61.92,93.3,Virginia
CUST_5238,Male,0,1,0,28,Month-to-month, None,31.88,901.12,South Carolina
CUST_5239,Female,0,1,0,51,Month-to-month,DSL,94.92,4886.69,South Dakota
CUST_5240,Female,0,1,0,25,Two years, None,72.87,1845.63,Washington
CUST_5241,Female,1,1,1,71,Month-to-month, None,76.7,5488.36,Arizona
CUST_5242,Female,1,0,0,8,Month-to-month,fibre optic,110.04,886.01,New Jersey
CUST_5243,Female,0,0,0,32,Month-to-month,fibre optic,49.25,1563.6,Arkansas
CUST_5244,Female,1,0,0,70,Month-to-month,fibre optic,117.6,8231.79,Washington
CUST_5245,Female,0,1,0,3,One year,fibre optic,97.54,338.86,New Hampshire
CUST_5246,Male,0,0,0,42,Month-to-month,fibre optic,76.1,3177.95,Delaware
CUST_5247,Male,0,0,0,7,One year,fibre optic,91.63,649.66,Mississippi
CUST_5248,Female,1,1,1,62,One year,fibre optic,58.33,3621.47,Vermont
CUST_5249,Male,1,0,0,41,Month-to-month,fibre optic,114.74,4702.09,Iowa
CUST_5250,Male,0,0,1,61,Month-to-month,fibre optic,64.58,3985.54,Tennessee
CUST_5251,Female,0,1,1,22,One year, None,32.91,744.92,New Jersey
CUST_5252,Male,1,0,1,8,Month-to-month,DSL,78.97,650.83,Oklahoma
CUST_5253,Male,0,1,1,45,One year,fibre optic,84.94,3820.34,Louisiana
CUST_5254,Female,0,0,0,68,One year,fibre optic,84.43,5725.38,Iowa
CUST_5255,Male,0,1,1,35,Month-to-month,fibre optic,63.22,2213.42,Oklahoma
CUST_5256,Female,0,0,0,45,Two years,DSL,51.15,2332.24,Pennsylvania
CUST_5257,Female,0,1,0,66,One year,fibre optic,47.35,3169.73,Ohio
CUST_5258,Female,0,1,0,23,One year,fibre optic,82.02,1926.97,Colorado
CUST_5259,Male,0,0,0,12,One year,fibre optic,109.68,1355.73,Arizona
CUST_5260,Male,0,0,0,29,Month-to-month,fibre optic,106.84,3085.91,Oklahoma
CUST_5261,Female,0,1,1,27,Two years,DSL,119.66,3213.36,Illinois
CUST_5262,Female,0,0,0,1,Month-to-month,fibre optic,69.78,60.81,Illinois
CUST_5263,Male,1,0,0,56,Two years,DSL,86.24,4829.98,South Carolina
CUST_5264,Male,0,1,1,19,Month-to-month,fibre optic,39.26,752.15,Kentucky
CUST_5265,Female,0,1,0,48,Two years,fibre optic,48.08,2336.84,Colorado
CUST_5266,Male,0,0,0,20,Month-to-month,fibre optic,114.77,2277.07,Delaware
CUST_5267,Female,1,1,0,13,Two years,fibre optic,35.15,461.61,Washington
CUST_5268,Male,0,1,0,55,Month-to-month,fibre optic,41.07,2241.64,Maine
CUST_5269,Female,0,1,0,51,Two years,DSL,59.05,3045.96,Kentucky
CUST_5270,Female,1,0,0,53,Two years,DSL,93.41,4970.18,Arizona
CUST_5271,Male,0,0,1,27,Month-to-month,DSL,50.82,1409.85,South Dakota
CUST_5272,Male,0,0,0,1,Two years,DSL,78.26,80.61,Arkansas
CUST_5273,Female,0,0,0,27,One year,DSL,62.47,1728.69,Colorado
CUST_5274,Male,0,1,0,43,Month-to-month,DSL,33.87,1494.16,New York
CUST_5275,Female,0,0,0,7,One year,fibre optic,66.29,493.92,California
CUST_5276,Female,0,0,1,46,One year,fibre optic,107.09,4956.66,Ohio
CUST_5277,Male,0,1,0,43,Month-to-month,fibre optic,45.66,1959.33,Texas
CUST_5278,Female,0,0,0,43,Two years,DSL,41.22,1811.88,Kansas
CUST_5279,Female,1,1,1,28,Month-to-month,fibre optic,85.54,2401.36,Nevada
CUST_5280,Female,1,1,1,19,Month-to-month,DSL,51.52,1008.0,Washington
CUST_5281,Male,0,1,1,64,Two years,DSL,49.09,3127.46,Alabama
CUST_5282,Female,0,0,1,64,One year,fibre optic,63.6,4108.89,Utah
CUST_5283,Male,0,1,0,43,One year,fibre optic,88.42,3846.46,New York
CUST_5284,Female,0,0,1,22,Month-to-month, None,32.72,700.4,North Dakota
CUST_5285,Female,0,0,0,60,Month-to-month,fibre optic,78.76,4752.66,New Mexico
CUST_5286,Female,1,0,0,23,Month-to-month,fibre optic,110.89,2530.79,Kansas
CUST_5287,Female,0,0,0,34,Two years,fibre optic,42.62,1433.17,Missouri
CUST_5288,Female,0,0,1,39,Two years,fibre optic,84.1,3286.21,South Dakota
CUST_5289,Female,0,1,1,22,One year,fibre optic,57.07,1294.69,California
CUST_5290,Female,1,0,0,36,One year,fibre optic,94.88,3424.76,California
CUST_5291,Female,0,1,0,50,Month-to-month,fibre optic,38.93,1939.16,Iowa
CUST_5292,Male,0,1,1,64,One year,fibre optic,72.52,4676.56,Idaho
CUST_5293,Male,1,0,0,67,One year, None,94.67,6390.07,New Jersey
CUST_5294,Female,0,0,0,8,One year,fibre optic,109.35,911.73,Georgia
CUST_5295,Female,0,0,1,26,Month-to-month,fibre optic,75.96,1987.99,Delaware
CUST_5296,Male,1,1,1,12,One year,DSL,42.39,544.9,Vermont
CUST_5297,Female,1,0,0,7,Two years,fibre optic,97.6,700.18,Rhode Island
CUST_5298,Male,0,1,0,50,Two years, None,115.95,5845.32,New York
CUST_5299,Female,0,0,0,62,Month-to-month,fibre optic,87.37,5434.43,Michigan
CUST_5300,Female,0,0,1,9,Month-to-month,fibre optic,48.43,443.62,Wisconsin
CUST_5301,Male,0,0,0,14,Month-to-month,DSL,111.47,1565.19,Alaska
CUST_5302,Male,0,0,0,64,Two years,fibre optic,96.44,6177.33,Ohio
CUST_5303,Female,1,1,0,66,One year,fibre optic,82.29,5423.46,Nebraska
CUST_5304,Male,0,1,0,35,Month-to-month,fibre optic,63.36,2254.11,Kansas
CUST_5305,Male,1,0,0,41,Two years,fibre optic,95.9,3915.16,Idaho
CUST_5306,Male,0,1,1,65,Month-to-month,fibre optic,98.47,6429.15,Illinois
CUST_5307,Female,0,0,0,68,Month-to-month,fibre optic,53.16,3615.63,Maine
CUST_5308,Male,0,0,0,31,Month-to-month,fibre optic,113.98,3557.73,West Virginia
CUST_5309,Male,0,1,0,3,Month-to-month,DSL,99.68,301.61,Michigan
CUST_5310,Female,0,0,0,46,One year,fibre optic,117.78,5426.74,North Dakota
CUST_5311,Male,0,1,0,61,Month-to-month,fibre optic,67.59,4104.15,South Dakota
CUST_5312,Male,0,0,0,34,Two years,fibre optic,99.96,3389.0,Washington
CUST_5313,Male,1,0,0,59,Month-to-month,fibre optic,44.58,2626.96,Wyoming
CUST_5314,Female,0,1,1,55,Two years,fibre optic,103.94,5765.96,Nebraska
CUST_5315,Male,0,0,0,46,One year,fibre optic,69.05,3211.97,Colorado
CUST_5316,Female,0,1,1,31,Two years,fibre optic,62.92,1971.46,Wyoming
CUST_5317,Female,1,1,0,17,Month-to-month,DSL,111.48,1937.69,Arkansas
CUST_5318,Female,0,1,0,24,One year, None,53.65,1269.5,Arkansas
CUST_5319,Male,0,1,0,41,Month-to-month,fibre optic,42.14,1757.18,South Dakota
CUST_5320,Female,0,0,0,59,Two years,DSL,73.69,4340.59,Virginia
CUST_5321,Male,0,1,0,3,One year,DSL,95.13,313.36,Alabama
CUST_5322,Female,0,0,0,32,Month-to-month,fibre optic,55.38,1776.09,South Dakota
CUST_5323,Male,0,1,0,27,Two years, None,41.85,1174.6,New Jersey
CUST_5324,Female,0,0,1,50,Month-to-month,fibre optic,109.84,5524.63,Pennsylvania
CUST_5325,Male,1,1,0,50,One year,fibre optic,109.77,5492.12,Ohio
CUST_5326,Male,0,0,1,10,One year,fibre optic,64.32,623.6,Ohio
CUST_5327,Male,0,0,0,14,One year,fibre optic,59.84,850.95,Virginia
CUST_5328,Male,0,0,0,18,One year,DSL,85.32,1535.77,Alaska
CUST_5329,Female,0,0,0,35,Two years, None,48.47,1721.77,Nevada
CUST_5330,Female,1,1,1,66,Month-to-month,DSL,46.18,3084.37,New Jersey
CUST_5331,Male,1,1,1,10,Month-to-month, None,60.92,613.29,Montana
CUST_5332,Female,0,0,1,45,Two years, None,64.54,2897.76,Wisconsin
CUST_5333,Female,1,0,0,44,Month-to-month,fibre optic,68.31,3039.14,Hawaii
CUST_5334,Male,0,0,0,37,One year,fibre optic,87.65,3240.43,New Hampshire
CUST_5335,Male,0,1,0,55,One year,fibre optic,70.24,3864.33,California
CUST_5336,Female,0,1,0,36,Month-to-month,fibre optic,108.42,3931.82,New Hampshire
CUST_5337,Male,1,0,1,26,Month-to-month,fibre optic,50.58,1342.34,North Carolina
CUST_5338,Female,0,0,1,71,Month-to-month, None,108.09,7656.16,New York
CUST_5339,Female,0,0,0,11,One year,fibre optic,114.55,1247.92,Oklahoma
CUST_5340,Female,0,0,0,38,Month-to-month,DSL,78.09,3001.03,Georgia
CUST_5341,Female,0,0,0,12,Month-to-month,fibre optic,52.91,679.0,Missouri
CUST_5342,Female,1,0,0,37,Two years, None,107.17,3999.58,Hawaii
CUST_5343,Female,0,1,0,8,Month-to-month,fibre optic,119.31,974.71,Idaho
CUST_5344,Male,0,0,1,22,Month-to-month,DSL,71.55,1597.66,Minnesota
CUST_5345,Female,1,0,1,65,One year,fibre optic,69.39,4511.6,New York
CUST_5346,Female,1,1,0,39,One year,fibre optic,46.08,1808.74,Maryland
CUST_5347,Male,0,1,0,26,Two years,DSL,83.99,2199.57,Wyoming
CUST_5348,Male,0,0,0,19,Month-to-month,DSL,35.97,708.57,New York
CUST_5349,Female,0,0,0,10,Month-to-month,fibre optic,43.33,483.2,North Carolina
CUST_5350,Male,0,1,0,9,Month-to-month,fibre optic,57.47,523.31,Rhode Island
CUST_5351,Male,0,1,0,53,Two years,fibre optic,119.24,6333.26,Arkansas
CUST_5352,Male,0,0,0,70,Month-to-month,DSL,69.3,4892.44,Nevada
CUST_5353,Male,0,0,1,59,Two years,fibre optic,79.2,4658.7,Maine
CUST_5354,Male,0,0,0,36,Month-to-month,fibre optic,66.56,2426.52,Montana
CUST_5355,Male,0,1,1,61,Two years, None,110.91,6766.81,Wyoming
CUST_5356,Female,0,0,0,50,One year,fibre optic,63.7,3234.49,Arizona
CUST_5357,Female,0,0,0,51,Month-to-month,DSL,66.0,3362.62,New York
CUST_5358,Male,0,0,1,60,Month-to-month,DSL,80.13,4837.42,New Jersey
CUST_5359,Female,0,0,1,18,Month-to-month,fibre optic,71.53,1318.47,Utah
CUST_5360,Female,0,1,1,12,One year,DSL,80.31,982.69,Missouri
CUST_5361,Male,0,1,1,69,Month-to-month,DSL,77.59,5384.98,Colorado
CUST_5362,Female,0,0,1,47,Two years,DSL,48.07,2289.6,Minnesota
CUST_5363,Female,0,1,1,29,Month-to-month,fibre optic,35.12,1066.17,Iowa
CUST_5364,Female,0,1,1,19,Month-to-month,fibre optic,50.79,987.77,Wyoming
CUST_5365,Female,0,0,0,52,Month-to-month,fibre optic,114.68,6007.08,Colorado
CUST_5366,Female,1,0,0,31,Month-to-month,fibre optic,116.88,3622.21,Idaho
CUST_5367,Male,1,0,1,8,Month-to-month, None,88.98,713.19,New Mexico
CUST_5368,Male,0,1,0,54,Month-to-month,fibre optic,89.91,4872.67,Pennsylvania
CUST_5369,Male,0,1,0,49,Two years, None,45.7,2277.68,New Mexico
CUST_5370,Female,0,1,0,58,Two years,fibre optic,107.56,6282.82,New York
CUST_5371,Male,1,0,1,53,Month-to-month,fibre optic,89.58,4739.56,Nevada
CUST_5372,Male,0,0,0,64,One year,fibre optic,113.39,7277.13,Maine
CUST_5373,Female,1,0,1,43,Two years,DSL,107.7,4633.07,Louisiana
CUST_5374,Female,0,0,0,10,Two years,DSL,41.63,424.21,Massachusetts
CUST_5375,Female,0,1,1,2,Month-to-month,fibre optic,81.6,191.23,Iowa
CUST_5376,Male,0,1,0,47,Month-to-month,DSL,55.46,2654.56,New Mexico
CUST_5377,Male,1,0,1,30,Month-to-month,fibre optic,33.72,1019.13,Nevada
CUST_5378,Male,0,1,0,24,Month-to-month,fibre optic,30.77,780.18,Tennessee
CUST_5379,Female,0,1,1,11,Month-to-month,fibre optic,60.94,706.51,Iowa
CUST_5380,Female,0,1,1,48,Two years,fibre optic,55.72,2675.93,Pennsylvania
CUST_5381,Female,0,0,0,40,Two years,fibre optic,78.95,3188.72,Georgia
CUST_5382,Female,1,0,0,13,Month-to-month,fibre optic,95.3,1276.23,Georgia
CUST_5383,Female,0,1,0,28,Month-to-month, None,106.96,3014.87,North Carolina
CUST_5384,Male,0,0,0,33,Month-to-month,DSL,67.98,2253.53,Washington
CUST_5385,Female,0,1,1,7,One year,DSL,70.91,487.66,Utah
CUST_5386,Male,0,1,0,37,Month-to-month,fibre optic,93.59,3484.28,Kentucky
CUST_5387,Female,0,1,1,3,One year,fibre optic,61.85,232.66,Missouri
CUST_5388,Female,0,0,0,13,Month-to-month,fibre optic,64.58,876.8,Mississippi
CUST_5389,Female,0,0,0,4,Month-to-month,fibre optic,34.71,146.86,West Virginia
CUST_5390,Female,0,0,0,30,Month-to-month,fibre optic,62.76,1893.63,Florida
CUST_5391,Male,0,0,0,53,One year,fibre optic,43.07,2300.28,Minnesota
CUST_5392,Female,0,0,0,16,Month-to-month,DSL,93.94,1514.42,Wyoming
CUST_5393,Female,0,0,0,53,Month-to-month,fibre optic,96.34,5144.34,Wisconsin
CUST_5394,Male,0,0,1,52,One year,DSL,53.42,2824.65,Alaska
CUST_5395,Male,0,0,0,53,One year,DSL,52.83,2826.13,Washington
CUST_5396,Male,0,1,0,10,Month-to-month,fibre optic,115.11,1155.88,Tennessee
CUST_5397,Male,1,1,0,17,Month-to-month,fibre optic,66.63,1117.98,New Hampshire
CUST_5398,Female,1,0,0,56,Two years,DSL,59.58,3336.38,Mississippi
CUST_5399,Female,0,0,0,27,Two years,DSL,89.14,2453.48,Wyoming
CUST_5400,Male,0,1,1,62,Month-to-month,DSL,74.34,4622.48,Wyoming
CUST_5401,Female,0,0,0,21,Two years,fibre optic,115.28,2420.45,Ohio
CUST_5402,Female,0,1,1,23,One year,DSL,59.58,1401.71,Delaware
CUST_5403,Male,0,1,0,45,Month-to-month,fibre optic,58.25,2653.46,Maryland
CUST_5404,Female,1,0,0,67,Month-to-month,fibre optic,104.4,7006.76,Louisiana
CUST_5405,Male,0,0,0,15,Month-to-month,DSL,96.78,1489.67,Wyoming
CUST_5406,Male,1,1,0,2,One year,fibre optic,80.24,180.8,North Dakota
CUST_5407,Female,0,1,0,28,Two years,fibre optic,99.51,2792.71,Idaho
CUST_5408,Female,0,0,0,43,Month-to-month,fibre optic,113.21,4855.9,Michigan
CUST_5409,Female,1,0,0,17,One year,fibre optic,30.27,522.61,Minnesota
CUST_5410,Female,0,0,0,62,Month-to-month,DSL,91.11,5658.15,Vermont
CUST_5411,Male,1,0,1,19,Two years,fibre optic,81.72,1602.44,New Mexico
CUST_5412,Male,0,0,1,20,One year,DSL,33.59,678.05,Louisiana
CUST_5413,Female,1,1,0,13,Month-to-month,fibre optic,90.71,1189.57,Alabama
CUST_5414,Female,0,1,0,40,One year,fibre optic,65.99,2675.84,Illinois
CUST_5415,Male,0,1,0,18,Month-to-month,DSL,95.17,1704.83,Utah
CUST_5416,Male,0,0,0,71,Month-to-month,fibre optic,52.78,3753.93,Florida
CUST_5417,Female,0,0,0,7,One year,fibre optic,42.58,299.31,North Dakota
CUST_5418,Male,0,0,0,3,Month-to-month,fibre optic,33.82,135.84,Maine
CUST_5419,Female,0,0,0,44,Month-to-month,fibre optic,70.06,3105.44,Rhode Island
CUST_5420,Female,0,1,0,56,Two years,fibre optic,79.29,4483.67,Texas
CUST_5421,Female,1,0,1,68,Month-to-month,fibre optic,71.3,4873.44,Alabama
CUST_5422,Male,0,1,1,9,Month-to-month,fibre optic,70.53,644.1,Oregon
CUST_5423,Male,0,1,1,71,One year,fibre optic,41.27,2973.14,Massachusetts
CUST_5424,Female,1,0,0,24,Month-to-month,fibre optic,86.88,2101.2,Washington
CUST_5425,Male,0,1,0,8,Two years,fibre optic,86.84,738.24,Oklahoma
CUST_5426,Male,0,1,0,14,Month-to-month,fibre optic,88.16,1243.8,Indiana
CUST_5427,Male,0,0,1,54,Two years,DSL,43.99,2397.8,South Dakota
CUST_5428,Male,0,1,0,25,Two years,fibre optic,113.19,2834.3,Maine
CUST_5429,Male,0,0,1,45,Two years,fibre optic,106.34,4809.35,New Hampshire
CUST_5430,Male,0,0,0,41,Month-to-month,fibre optic,60.32,2495.79,Delaware
CUST_5431,Female,0,0,0,63,Month-to-month,fibre optic,117.42,7428.13,Louisiana
CUST_5432,Male,0,1,1,57,Two years,fibre optic,46.07,2670.37,Washington
CUST_5433,Female,0,1,1,51,Month-to-month,fibre optic,118.19,6030.83,Maine
CUST_5434,Female,0,1,0,21,One year,DSL,41.05,856.0,Kentucky
CUST_5435,Male,0,1,1,65,Month-to-month,DSL,99.55,6457.15,Nebraska
CUST_5436,Male,0,0,0,19,Month-to-month,fibre optic,36.98,696.19,Idaho
CUST_5437,Female,1,0,1,54,Two years, None,98.91,5322.99,Kansas
CUST_5438,Male,0,1,0,15,Month-to-month,fibre optic,93.74,1420.8,New Mexico
CUST_5439,Male,0,1,0,52,Month-to-month,fibre optic,43.46,2261.25,West Virginia
CUST_5440,Female,1,1,0,13,One year,fibre optic,50.4,675.4,Minnesota
CUST_5441,Male,0,0,0,60,Month-to-month,fibre optic,95.3,5761.19,Rhode Island
CUST_5442,Male,0,0,0,38,Month-to-month,fibre optic,64.08,2439.48,Arizona
CUST_5443,Male,0,0,0,31,Two years,fibre optic,77.44,2437.91,Nebraska
CUST_5444,Female,0,1,0,58,One year,DSL,117.26,6811.74,Pennsylvania
CUST_5445,Female,1,0,0,17,Two years, None,76.74,1340.69,Florida
CUST_5446,Male,0,0,1,52,Month-to-month,DSL,89.9,4711.22,California
CUST_5447,Female,0,0,0,18,Month-to-month,DSL,53.61,977.92,Nevada
CUST_5448,Female,0,1,0,6,One year,fibre optic,94.28,593.02,Montana
CUST_5449,Male,0,0,1,26,One year,DSL,30.46,795.65,Alaska
CUST_5450,Male,0,0,0,62,Month-to-month, None,96.52,6002.44,Arizona
CUST_5451,Female,0,1,0,12,Month-to-month,fibre optic,91.18,1083.43,Hawaii
CUST_5452,Female,0,1,0,60,Month-to-month,DSL,39.78,2405.9,Nebraska
CUST_5453,Female,0,0,0,44,Month-to-month,fibre optic,63.71,2817.58,South Carolina
CUST_5454,Male,0,0,1,9,One year,fibre optic,76.47,701.41,California
CUST_5455,Female,0,0,0,25,Month-to-month,fibre optic,39.83,1005.43,Missouri
CUST_5456,Female,0,0,0,47,Month-to-month,fibre optic,79.62,3749.15,Alabama
CUST_5457,Male,1,1,0,10,Month-to-month,DSL,105.61,1093.29,Virginia
CUST_5458,Female,0,1,0,26,Two years,DSL,103.35,2678.72,California
CUST_5459,Male,0,0,1,30,Two years,fibre optic,49.09,1476.92,Hawaii
CUST_5460,Male,0,0,0,9,One year,fibre optic,42.97,382.55,New York
CUST_5461,Male,0,0,0,7,Month-to-month,fibre optic,110.76,774.47,Idaho
CUST_5462,Female,0,1,0,30,Month-to-month,fibre optic,35.33,1076.56,Idaho
CUST_5463,Male,1,0,1,69,Two years,DSL,115.67,7992.84,South Carolina
CUST_5464,Female,0,0,0,34,Two years, None,118.22,4057.44,Wisconsin
CUST_5465,Male,1,0,0,37,Month-to-month,fibre optic,119.43,4417.85,Nevada
CUST_5466,Female,0,1,0,23,Month-to-month,fibre optic,50.23,1168.75,West Virginia
CUST_5467,Female,0,1,0,21,One year,fibre optic,30.21,632.49,Colorado
CUST_5468,Male,0,1,0,18,Month-to-month,fibre optic,95.81,1772.91,California
CUST_5469,Female,0,0,0,32,One year,DSL,80.19,2594.33,Washington
CUST_5470,Male,0,1,0,26,Two years,fibre optic,73.47,1922.57,South Carolina
CUST_5471,Male,0,1,1,42,Two years,fibre optic,52.8,2198.64,Missouri
CUST_5472,Female,0,1,1,55,Two years,DSL,80.15,4405.17,North Carolina
CUST_5473,Male,0,0,0,13,Month-to-month,DSL,82.09,1071.1,Alaska
CUST_5474,Male,0,1,0,65,Two years, None,103.56,6760.2,South Dakota
CUST_5475,Female,0,1,0,51,One year,DSL,36.31,1900.24,Vermont
CUST_5476,Female,0,1,0,20,One year,fibre optic,77.67,1573.37,Tennessee
CUST_5477,Female,0,0,0,33,Month-to-month,fibre optic,91.31,3027.46,Delaware
CUST_5478,Female,0,1,0,48,One year,fibre optic,47.2,2274.24,Mississippi
CUST_5479,Male,0,0,0,35,Month-to-month,fibre optic,65.59,2331.61,California
CUST_5480,Male,0,0,0,38,Month-to-month,DSL,52.44,2039.7,Mississippi
CUST_5481,Female,0,0,1,34,Month-to-month,DSL,46.19,1576.52,North Carolina
CUST_5482,Female,0,1,1,14,One year,fibre optic,111.06,1563.0,Montana
CUST_5483,Female,0,1,1,18,One year,fibre optic,74.9,1379.74,Missouri
CUST_5484,Female,0,1,0,40,One year,fibre optic,96.88,3858.06,Missouri
CUST_5485,Male,0,0,0,42,One year,DSL,64.84,2711.43,Oregon
CUST_5486,Male,0,1,0,63,Two years,DSL,34.23,2171.73,Massachusetts
CUST_5487,Male,0,1,1,9,Month-to-month,fibre optic,105.05,951.63,New York
CUST_5488,Male,0,1,1,33,Two years,DSL,99.27,3264.42,Michigan
CUST_5489,Male,0,0,0,42,Month-to-month,DSL,90.08,3822.07,Maine
CUST_5490,Female,0,0,0,41,One year,fibre optic,43.12,1754.1,South Dakota
CUST_5491,Female,0,0,1,24,One year,fibre optic,80.4,1948.66,Pennsylvania
CUST_5492,Female,0,0,0,58,Two years,DSL,117.66,6811.82,Kansas
CUST_5493,Female,0,1,1,55,One year,fibre optic,46.28,2588.27,South Carolina
CUST_5494,Female,0,0,0,2,One year,fibre optic,75.71,170.2,Pennsylvania
CUST_5495,Female,0,1,0,48,One year,fibre optic,109.88,5289.04,Idaho
CUST_5496,Female,0,0,1,48,Month-to-month,fibre optic,93.89,4537.75,Pennsylvania
CUST_5497,Female,0,0,0,51,Month-to-month, None,92.76,4737.87,California
CUST_5498,Male,0,1,1,15,Month-to-month,fibre optic,38.22,614.44,Oregon
CUST_5499,Male,0,1,1,57,Month-to-month,fibre optic,81.99,4681.01,South Carolina
CUST_5500,Female,0,0,0,53,Month-to-month,fibre optic,35.75,1941.0,Nevada
CUST_5501,Male,0,1,1,21,One year,fibre optic,79.21,1667.19,Florida
CUST_5502,Female,0,1,0,26,Month-to-month,fibre optic,36.97,1009.63,Michigan
CUST_5503,Female,0,1,0,45,Month-to-month,fibre optic,93.92,4253.89,Wyoming
CUST_5504,Female,0,0,0,46,Two years,DSL,92.99,4283.15,Ohio
CUST_5505,Male,0,0,0,39,Two years,fibre optic,63.12,2443.47,Nevada
CUST_5506,Male,0,1,0,60,Two years,fibre optic,59.21,3569.27,Indiana
CUST_5507,Male,0,1,0,37,Month-to-month,fibre optic,98.07,3608.68,New Hampshire
CUST_5508,Male,0,1,0,50,Two years,fibre optic,97.73,4888.91,New Hampshire
CUST_5509,Male,0,0,0,11,One year,fibre optic,74.52,815.47,Montana
CUST_5510,Male,0,0,0,8,Two years,fibre optic,93.05,794.1,New York
CUST_5511,Male,0,1,1,48,Two years,fibre optic,68.55,3276.21,Virginia
CUST_5512,Female,0,1,0,35,Month-to-month,DSL,112.16,3922.32,Utah
CUST_5513,Female,0,0,0,26,One year,DSL,48.8,1284.22,Wyoming
CUST_5514,Male,0,0,1,10,One year,fibre optic,33.46,360.79,Washington
CUST_5515,Female,0,1,1,38,Month-to-month,fibre optic,34.51,1330.21,Ohio
CUST_5516,Male,1,0,1,63,Month-to-month,DSL,54.98,3478.53,Tennessee
CUST_5517,Male,0,1,0,28,Month-to-month, None,113.05,3186.22,Georgia
CUST_5518,Male,0,1,1,36,Month-to-month,fibre optic,70.15,2573.16,Rhode Island
CUST_5519,Male,0,1,1,31,Two years,fibre optic,86.45,2660.3,Idaho
CUST_5520,Male,0,1,0,30,One year,fibre optic,88.89,2678.18,Maine
CUST_5521,Female,0,0,1,14,Month-to-month,fibre optic,42.43,627.42,Montana
CUST_5522,Male,0,0,0,60,One year,DSL,83.63,5015.92,Ohio
CUST_5523,Male,1,0,0,3,Two years, None,93.3,268.29,Maryland
CUST_5524,Female,0,1,1,27,Two years,DSL,100.34,2701.01,Idaho
CUST_5525,Female,1,0,0,54,Month-to-month,DSL,70.44,3813.36,Alaska
CUST_5526,Female,1,1,1,14,One year,DSL,91.01,1266.96,Mississippi
CUST_5527,Female,0,1,1,10,Month-to-month,fibre optic,98.86,977.97,California
CUST_5528,Male,0,0,0,26,Month-to-month,fibre optic,84.97,2248.78,Montana
CUST_5529,Female,0,0,0,64,Month-to-month,DSL,52.8,3403.09,California
CUST_5530,Female,0,0,0,51,Month-to-month,fibre optic,115.87,5944.09,Michigan
CUST_5531,Female,0,0,1,63,Two years,fibre optic,38.55,2477.2,South Dakota
CUST_5532,Female,0,1,1,41,Month-to-month,fibre optic,112.39,4634.25,Connecticut
CUST_5533,Male,0,1,0,15,Month-to-month,fibre optic,99.9,1496.77,Ohio
CUST_5534,Female,0,0,1,44,Month-to-month,DSL,98.7,4349.36,Oklahoma
CUST_5535,Male,0,0,0,45,One year,fibre optic,98.2,4410.24,South Dakota
CUST_5536,Male,0,0,1,38,Month-to-month,fibre optic,91.92,3498.44,South Carolina
CUST_5537,Female,0,0,1,36,Two years,fibre optic,114.33,4105.16,Wyoming
CUST_5538,Male,1,0,0,22,Month-to-month,DSL,79.49,1759.43,North Dakota
CUST_5539,Female,0,1,1,69,Month-to-month, None,57.12,3978.56,Alabama
CUST_5540,Male,0,0,0,70,Month-to-month,fibre optic,86.8,6098.7,Iowa
CUST_5541,Female,0,0,1,28,One year,DSL,60.44,1697.23,Mississippi
CUST_5542,Female,0,0,1,39,One year,DSL,82.55,3262.96,Georgia
CUST_5543,Male,0,1,0,4,Two years,fibre optic,34.68,144.28,Alaska
CUST_5544,Female,0,1,0,10,Month-to-month,fibre optic,41.69,434.36,Wyoming
CUST_5545,Female,1,0,0,52,Month-to-month, None,103.52,5405.8,New York
CUST_5546,Female,0,1,1,10,Two years, None,92.12,929.5,North Dakota
CUST_5547,Female,0,1,0,62,Month-to-month,DSL,69.06,4276.94,Connecticut
CUST_5548,Female,1,0,1,33,Month-to-month,fibre optic,39.74,1339.42,Michigan
CUST_5549,Female,0,0,0,34,Month-to-month,DSL,61.35,2120.06,Oklahoma
CUST_5550,Female,0,0,0,48,Two years,fibre optic,115.42,5541.59,New York
CUST_5551,Female,0,0,0,10,Month-to-month,fibre optic,118.85,1211.29,West Virginia
CUST_5552,Female,0,1,1,2,One year,DSL,87.87,215.38,Mississippi
CUST_5553,Male,0,0,1,23,One year,fibre optic,103.68,2381.11,Colorado
CUST_5554,Female,0,1,0,56,Month-to-month,fibre optic,81.48,4582.35,Washington
CUST_5555,Male,0,1,1,18,Month-to-month, None,46.94,872.83,Louisiana
CUST_5556,Male,0,0,1,32,Month-to-month,DSL,115.16,3691.23,Georgia
CUST_5557,Male,0,0,1,23,Month-to-month,fibre optic,56.57,1322.74,Virginia
CUST_5558,Female,0,1,0,46,Two years,DSL,97.85,4530.09,Kentucky
CUST_5559,Female,0,1,1,19,Month-to-month,fibre optic,109.99,2087.87,California
CUST_5560,Male,0,1,0,62,One year,DSL,64.18,3998.72,Rhode Island
CUST_5561,Female,0,0,0,16,Month-to-month,DSL,70.57,1170.46,Idaho
CUST_5562,Female,1,0,0,65,Month-to-month,fibre optic,34.14,2232.53,Arkansas
CUST_5563,Female,0,1,1,8,Two years,fibre optic,109.81,890.13,Delaware
CUST_5564,Male,0,0,1,24,One year, None,46.53,1122.27,Alabama
CUST_5565,Female,0,1,0,7,Two years,fibre optic,35.42,288.62,North Dakota
CUST_5566,Female,0,1,0,7,Month-to-month,DSL,75.88,561.32,Minnesota
CUST_5567,Female,0,0,0,66,Month-to-month,fibre optic,41.46,2784.67,Illinois
CUST_5568,Female,1,0,0,14,Two years, None,35.56,543.35,Nebraska
CUST_5569,Male,1,0,1,71,Month-to-month,fibre optic,43.71,3139.46,South Carolina
CUST_5570,Female,1,1,1,49,One year,fibre optic,50.61,2506.05,Maine
CUST_5571,Male,0,0,0,20,Month-to-month,DSL,74.92,1497.14,Oregon
CUST_5572,Female,0,0,0,8,Two years,fibre optic,95.64,784.86,Nevada
CUST_5573,Male,0,1,0,4,One year,fibre optic,112.56,474.4,Georgia
CUST_5574,Male,1,1,0,63,One year,fibre optic,111.86,7054.73,Virginia
CUST_5575,Female,1,1,1,2,Two years,fibre optic,77.49,142.29,Montana
CUST_5576,Male,0,1,0,19,Month-to-month,fibre optic,39.38,728.37,North Dakota
CUST_5577,Female,0,0,1,10,Month-to-month,DSL,76.32,790.36,Alaska
CUST_5578,Male,1,0,0,70,Two years,DSL,79.1,5566.17,Hawaii
CUST_5579,Female,0,0,1,5,Month-to-month,DSL,86.67,467.9,Indiana
CUST_5580,Female,0,0,1,32,One year, None,42.58,1367.09,Arkansas
CUST_5581,Female,1,1,0,42,Month-to-month,fibre optic,77.37,3277.85,Mississippi
CUST_5582,Male,0,1,0,7,One year, None,86.23,599.26,New York
CUST_5583,Female,0,0,0,26,Two years,fibre optic,81.73,2116.19,Illinois
CUST_5584,Male,0,1,1,66,Two years,DSL,36.15,2371.37,Pennsylvania
CUST_5585,Female,0,0,0,19,Month-to-month,DSL,31.26,592.83,Washington
CUST_5586,Male,0,1,0,42,Month-to-month,fibre optic,114.7,4838.4,Pennsylvania
CUST_5587,Male,0,1,1,51,Two years,DSL,31.61,1631.7,Missouri
CUST_5588,Female,1,0,1,29,Month-to-month,DSL,87.97,2537.05,Delaware
CUST_5589,Female,1,0,0,35,Month-to-month,fibre optic,31.14,1126.59,Indiana
CUST_5590,Female,0,0,0,10,Month-to-month,DSL,63.76,644.42,Wisconsin
CUST_5591,Female,0,1,1,55,One year,DSL,64.66,3594.59,Louisiana
CUST_5592,Male,0,0,0,50,Month-to-month,fibre optic,57.4,2878.43,Georgia
CUST_5593,Male,0,1,0,1,Two years,fibre optic,61.29,105.95,Illinois
CUST_5594,Male,1,0,1,71,One year,fibre optic,111.62,7921.4,Kansas
CUST_5595,Male,0,0,0,49,Month-to-month,fibre optic,95.07,4703.52,Utah
CUST_5596,Female,0,1,0,34,Month-to-month,DSL,53.09,1827.68,West Virginia
CUST_5597,Male,0,1,0,13,Month-to-month,fibre optic,93.98,1214.51,Arkansas
CUST_5598,Female,0,0,0,70,One year,fibre optic,87.07,6144.49,Oregon
CUST_5599,Female,0,1,1,11,Two years,DSL,73.88,814.34,Kansas
CUST_5600,Male,0,0,1,10,Two years, None,113.98,1133.31,Virginia
CUST_5601,Male,0,1,0,19,Month-to-month,DSL,47.88,958.42,Michigan
CUST_5602,Male,1,0,1,28,One year,fibre optic,79.28,2203.69,Michigan
CUST_5603,Male,0,1,0,54,Month-to-month,fibre optic,74.62,4021.31,Georgia
CUST_5604,Male,1,1,0,61,Month-to-month,fibre optic,60.74,3707.69,Nevada
CUST_5605,Male,0,1,0,14,Month-to-month,fibre optic,34.1,516.72,North Dakota
CUST_5606,Male,0,0,0,42,One year,fibre optic,32.52,1360.52,Ohio
CUST_5607,Female,0,0,0,66,Month-to-month,fibre optic,81.33,5390.67,Minnesota
CUST_5608,Female,0,1,1,25,Month-to-month,fibre optic,83.21,2127.57,Kansas
CUST_5609,Female,1,1,0,14,Month-to-month,fibre optic,61.6,874.9,West Virginia
CUST_5610,Male,0,1,0,26,Month-to-month,DSL,49.26,1315.39,Kentucky
CUST_5611,Female,0,1,0,16,Two years,fibre optic,83.9,1341.65,Maryland
CUST_5612,Male,0,1,1,55,Month-to-month,fibre optic,67.02,3682.2,North Dakota
CUST_5613,Female,0,1,0,38,Two years,DSL,88.17,3353.37,South Dakota
CUST_5614,Male,0,0,0,25,Month-to-month, None,58.01,1460.82,California
CUST_5615,Female,0,0,1,51,Month-to-month,fibre optic,115.04,5913.57,Tennessee
CUST_5616,Male,0,0,0,57,Month-to-month,fibre optic,30.05,1753.15,Wyoming
CUST_5617,Male,0,1,1,53,Month-to-month,DSL,45.16,2374.64,Texas
CUST_5618,Male,0,1,1,4,Month-to-month,fibre optic,51.77,201.1,Wyoming
CUST_5619,Female,0,1,0,25,Month-to-month,fibre optic,79.39,2034.36,Alaska
CUST_5620,Female,0,0,0,56,Two years,fibre optic,89.92,5079.38,Wyoming
CUST_5621,Female,1,1,1,20,Month-to-month,fibre optic,55.81,1123.92,Washington
CUST_5622,Male,0,0,0,69,Two years,DSL,108.38,7506.3,Wisconsin
CUST_5623,Male,0,0,1,23,Month-to-month,fibre optic,99.33,2326.48,Pennsylvania
CUST_5624,Male,1,0,0,52,One year,fibre optic,33.8,1801.89,New Mexico
CUST_5625,Female,0,1,0,53,Two years,DSL,49.24,2626.05,Florida
CUST_5626,Female,0,0,0,1,Month-to-month,fibre optic,72.89,69.46,New Jersey
CUST_5627,Male,1,0,1,2,Month-to-month,fibre optic,107.84,199.21,New Mexico
CUST_5628,Male,0,1,1,19,Month-to-month,DSL,80.26,1537.8,Idaho
CUST_5629,Female,0,0,0,2,Two years,fibre optic,103.43,225.36,Alaska
CUST_5630,Female,1,0,1,4,Month-to-month, None,98.22,441.83,New Mexico
CUST_5631,Male,1,0,1,41,One year,fibre optic,111.51,4585.38,Tennessee
CUST_5632,Female,0,0,1,30,Month-to-month,fibre optic,36.09,1114.37,Arizona
CUST_5633,Female,0,0,0,42,Two years, None,43.95,1833.26,Mississippi
CUST_5634,Female,0,1,0,47,One year,fibre optic,78.19,3717.19,California
CUST_5635,Female,0,1,0,61,Month-to-month,fibre optic,76.3,4704.29,Illinois
CUST_5636,Male,0,0,0,45,Month-to-month,DSL,47.47,2161.83,Arkansas
CUST_5637,Male,0,0,0,71,Two years,DSL,101.71,7239.58,New Hampshire
CUST_5638,Male,0,1,0,41,One year,DSL,106.35,4371.83,Vermont
CUST_5639,Female,0,0,1,51,One year,fibre optic,70.62,3581.71,North Carolina
CUST_5640,Male,0,0,0,1,One year,fibre optic,51.86,92.04,Delaware
CUST_5641,Female,0,1,0,65,Month-to-month,fibre optic,68.39,4437.86,New Jersey
CUST_5642,Male,0,0,1,14,One year,DSL,100.02,1405.84,Nebraska
CUST_5643,Female,0,1,0,32,Month-to-month,fibre optic,105.78,3380.49,South Dakota
CUST_5644,Female,0,0,1,55,One year,DSL,39.91,2181.3,New Hampshire
CUST_5645,Female,0,0,1,6,Month-to-month,fibre optic,62.18,360.34,Missouri
CUST_5646,Female,0,1,1,43,Month-to-month,fibre optic,91.96,3988.41,Kentucky
CUST_5647,Male,0,1,0,6,Month-to-month,DSL,55.16,359.69,Alaska
CUST_5648,Male,0,0,1,26,Month-to-month,fibre optic,30.72,841.5,Colorado
CUST_5649,Female,0,1,1,66,Month-to-month,fibre optic,45.5,3035.52,South Dakota
CUST_5650,Male,0,0,1,65,One year,fibre optic,52.58,3466.39,Tennessee
CUST_5651,Female,0,0,0,48,One year,fibre optic,109.2,5241.07,Kansas
CUST_5652,Female,0,1,0,48,Month-to-month,fibre optic,99.24,4775.52,Montana
CUST_5653,Female,0,1,1,51,Month-to-month,fibre optic,93.33,4767.42,Vermont
CUST_5654,Male,0,1,0,53,One year,fibre optic,36.93,1954.2,Arizona
CUST_5655,Female,0,0,0,36,One year,fibre optic,89.48,3243.92,Hawaii
CUST_5656,Female,0,0,0,30,Month-to-month,fibre optic,45.51,1364.99,Ohio
CUST_5657,Male,0,0,0,12,One year,fibre optic,72.3,866.63,Montana
CUST_5658,Male,0,0,0,61,One year,fibre optic,39.22,2416.15,South Carolina
CUST_5659,Male,0,0,1,4,Month-to-month,fibre optic,32.52,149.15,Tennessee
CUST_5660,Male,0,1,0,17,Month-to-month,DSL,84.44,1465.22,North Dakota
CUST_5661,Female,0,1,1,63,One year,DSL,36.76,2300.58,South Dakota
CUST_5662,Female,0,0,0,4,One year,fibre optic,41.68,216.35,Connecticut
CUST_5663,Male,0,0,0,31,Month-to-month,fibre optic,49.35,1570.16,Montana
CUST_5664,Male,1,1,0,26,One year, None,32.55,848.6,Iowa
CUST_5665,Female,1,1,0,34,One year,DSL,53.92,1834.1,Colorado
CUST_5666,Male,0,1,0,39,Two years,fibre optic,103.41,4073.84,New York
CUST_5667,Female,0,0,0,14,Month-to-month,DSL,38.4,570.1,California
CUST_5668,Male,0,1,0,64,Month-to-month,DSL,103.27,6592.75,Arkansas
CUST_5669,Female,0,1,0,40,Month-to-month, None,111.01,4421.08,Kentucky
CUST_5670,Female,1,0,1,60,One year,fibre optic,102.8,6195.59,New Mexico
CUST_5671,Male,1,1,0,1,One year,fibre optic,117.62,162.34,Rhode Island
CUST_5672,Male,0,0,1,21,Two years,DSL,118.5,2520.92,New Mexico
CUST_5673,Female,0,0,1,47,Month-to-month,fibre optic,45.39,2166.33,Connecticut
CUST_5674,Male,0,1,0,16,One year,DSL,40.01,647.6,Maryland
CUST_5675,Male,0,0,1,36,Two years, None,116.82,4248.72,Maine
CUST_5676,Female,1,0,0,62,Month-to-month,DSL,38.28,2392.42,New York
CUST_5677,Male,0,1,0,65,Month-to-month,DSL,40.51,2651.75,Utah
CUST_5678,Male,0,0,0,6,Two years,DSL,49.65,296.41,North Dakota
CUST_5679,Female,0,1,1,57,Month-to-month, None,89.92,5171.65,California
CUST_5680,Male,0,0,0,40,Two years,fibre optic,107.19,4273.43,West Virginia
CUST_5681,Male,0,1,0,57,Month-to-month, None,98.56,5611.11,Mississippi
CUST_5682,Male,0,0,1,46,One year,fibre optic,72.52,3374.18,Utah
CUST_5683,Male,0,0,1,22,Month-to-month,fibre optic,53.44,1181.92,Idaho
CUST_5684,Female,0,1,0,59,Month-to-month,fibre optic,90.47,5344.56,Connecticut
CUST_5685,Female,0,0,0,29,Month-to-month,fibre optic,73.85,2172.31,Kentucky
CUST_5686,Male,0,0,0,54,Month-to-month,fibre optic,117.64,6350.16,Florida
CUST_5687,Male,0,0,1,68,Month-to-month, None,60.29,4123.24,Minnesota
CUST_5688,Male,1,0,0,67,Month-to-month,DSL,69.16,4638.58,Iowa
CUST_5689,Female,0,1,0,36,Month-to-month,DSL,96.2,3472.87,Maine
CUST_5690,Male,0,1,1,10,Month-to-month,DSL,96.83,1001.14,Iowa
CUST_5691,Female,0,0,0,33,Month-to-month,fibre optic,99.43,3286.95,California
CUST_5692,Female,0,0,0,17,Month-to-month,DSL,74.43,1253.9,Utah
CUST_5693,Male,0,0,1,34,One year,fibre optic,96.33,3293.78,Tennessee
CUST_5694,Male,0,0,0,40,Month-to-month,fibre optic,74.06,3002.01,Alabama
CUST_5695,Male,0,0,0,16,One year, None,54.61,854.64,Mississippi
CUST_5696,Male,0,0,0,52,Two years,fibre optic,52.69,2758.28,Washington
CUST_5697,Male,0,1,1,54,One year, None,118.98,6447.71,Alabama
CUST_5698,Male,0,1,1,60,Month-to-month,fibre optic,103.31,6221.07,Florida
CUST_5699,Male,0,1,0,13,Two years,fibre optic,92.35,1212.59,Tennessee
CUST_5700,Female,1,1,1,30,Month-to-month,fibre optic,48.13,1491.28,Tennessee
CUST_5701,Male,1,1,1,65,Month-to-month,DSL,40.59,2657.38,Washington
CUST_5702,Male,0,0,1,21,One year,fibre optic,37.34,781.49,Kentucky
CUST_5703,Male,1,1,0,65,One year,fibre optic,84.13,5465.39,Washington
CUST_5704,Female,0,1,1,60,Month-to-month,fibre optic,65.39,3930.92,Idaho
CUST_5705,Female,0,0,0,29,Month-to-month,fibre optic,107.49,3129.64,Oregon
CUST_5706,Male,0,1,1,15,Month-to-month,fibre optic,51.13,754.57,Utah
CUST_5707,Male,0,0,1,10,Month-to-month,DSL,79.87,838.38,Utah
CUST_5708,Male,0,0,0,63,Month-to-month,DSL,96.95,6105.85,Washington
CUST_5709,Male,0,1,0,2,Two years,fibre optic,52.93,111.74,West Virginia
CUST_5710,Male,0,0,0,21,Month-to-month,fibre optic,93.06,1961.53,Idaho
CUST_5711,Female,0,0,0,46,Month-to-month,DSL,49.54,2282.74,Colorado
CUST_5712,Female,0,0,0,51,Two years, None,107.26,5479.82,Maine
CUST_5713,Male,0,0,0,55,Month-to-month, None,98.5,5450.56,Montana
CUST_5714,Male,1,0,0,13,Month-to-month, None,61.52,841.29,Oregon
CUST_5715,Male,1,0,0,19,Month-to-month,fibre optic,97.52,1854.7,Minnesota
CUST_5716,Female,0,0,0,54,Month-to-month, None,45.36,2492.48,Colorado
CUST_5717,Male,0,1,1,36,Month-to-month,DSL,100.18,3613.19,West Virginia
CUST_5718,Male,0,1,1,31,One year,DSL,73.55,2326.25,South Carolina
CUST_5719,Female,0,1,0,54,Month-to-month,fibre optic,102.95,5578.19,Ohio
CUST_5720,Male,0,0,0,5,Month-to-month,fibre optic,64.73,315.94,North Carolina
CUST_5721,Female,0,0,1,25,Month-to-month,fibre optic,31.64,783.38,North Dakota
CUST_5722,Female,0,1,0,51,Month-to-month,DSL,34.16,1741.19,Georgia
CUST_5723,Male,1,0,0,35,Month-to-month, None,43.5,1524.52,Tennessee
CUST_5724,Female,0,1,0,69,Month-to-month,fibre optic,67.38,4650.35,Connecticut
CUST_5725,Male,1,1,0,38,One year,fibre optic,92.12,3483.25,Minnesota
CUST_5726,Male,1,1,0,31,One year,DSL,68.46,2171.13,Mississippi
CUST_5727,Male,0,0,0,71,One year,fibre optic,73.32,5215.9,Massachusetts
CUST_5728,Female,0,1,0,67,Month-to-month,DSL,100.58,6787.16,Colorado
CUST_5729,Male,0,0,0,38,Month-to-month,fibre optic,96.79,3702.19,Alaska
CUST_5730,Male,0,1,1,54,Month-to-month,fibre optic,48.6,2655.87,Nevada
CUST_5731,Male,0,1,1,59,Month-to-month,fibre optic,66.67,3914.64,Wyoming
CUST_5732,Female,0,0,0,19,Month-to-month,DSL,77.04,1474.33,Iowa
CUST_5733,Female,0,1,1,69,Month-to-month,fibre optic,52.99,3669.17,Pennsylvania
CUST_5734,Male,0,0,0,46,Month-to-month,fibre optic,31.98,1514.63,Idaho
CUST_5735,Male,0,0,1,45,One year,DSL,36.24,1652.35,New York
CUST_5736,Male,1,0,0,15,One year,fibre optic,81.2,1249.93,Idaho
CUST_5737,Female,0,1,1,18,Month-to-month,fibre optic,46.52,867.08,North Dakota
CUST_5738,Female,0,0,1,70,Two years,fibre optic,55.38,3889.37,Missouri
CUST_5739,Female,0,1,1,45,Month-to-month,fibre optic,97.55,4419.77,Tennessee
CUST_5740,Female,0,0,0,59,Month-to-month,fibre optic,62.47,3718.53,Virginia
CUST_5741,Female,0,1,0,59,One year,DSL,46.52,2767.38,New Mexico
CUST_5742,Female,0,1,0,43,Month-to-month, None,108.73,4676.03,Alaska
CUST_5743,Male,0,1,0,11,Month-to-month,DSL,56.08,598.99,Colorado
CUST_5744,Male,0,1,0,28,One year,DSL,33.38,922.31,Wisconsin
CUST_5745,Female,0,1,1,67,Two years,DSL,58.43,3905.2,Oklahoma
CUST_5746,Female,0,0,0,40,Month-to-month,DSL,119.62,4825.08,Maine
CUST_5747,Male,0,1,0,70,Month-to-month,fibre optic,71.48,5006.89,Missouri
CUST_5748,Female,0,0,0,43,Two years,DSL,55.72,2429.18,Alaska
CUST_5749,Male,0,0,0,34,Month-to-month,DSL,95.28,3286.55,New York
CUST_5750,Male,1,0,1,52,Month-to-month,fibre optic,38.59,1991.48,Connecticut
CUST_5751,Male,0,0,0,18,One year,DSL,101.24,1830.55,Washington
CUST_5752,Male,1,0,0,35,Two years,fibre optic,71.66,2518.36,Arizona
CUST_5753,Male,1,1,1,47,Month-to-month,fibre optic,84.13,3963.44,Tennessee
CUST_5754,Male,0,0,0,52,Month-to-month,fibre optic,119.73,6235.19,Virginia
CUST_5755,Female,0,0,1,15,One year, None,80.88,1258.33,Indiana
CUST_5756,Female,0,0,1,57,Month-to-month, None,40.33,2329.66,South Carolina
CUST_5757,Female,1,1,0,41,Month-to-month,fibre optic,69.96,2917.67,Louisiana
CUST_5758,Male,0,0,0,36,Two years,fibre optic,92.39,3334.07,Oklahoma
CUST_5759,Male,1,0,0,17,Two years,fibre optic,115.53,2001.61,South Carolina
CUST_5760,Male,0,0,1,28,Month-to-month,fibre optic,106.22,3022.16,New York
CUST_5761,Female,0,1,1,43,Month-to-month,fibre optic,52.77,2278.24,Illinois
CUST_5762,Female,0,1,0,31,Month-to-month,DSL,76.85,2391.31,Arkansas
CUST_5763,Male,0,0,0,21,Month-to-month,DSL,41.24,888.52,Delaware
CUST_5764,Female,0,0,1,39,Month-to-month,DSL,74.69,2898.36,Maryland
CUST_5765,Female,0,0,0,4,Month-to-month,DSL,103.73,458.85,Oregon
CUST_5766,Female,0,0,1,55,Two years,DSL,104.61,5789.73,Iowa
CUST_5767,Female,0,1,0,33,Month-to-month,fibre optic,34.73,1165.38,Indiana
CUST_5768,Male,0,0,1,11,Month-to-month,DSL,59.93,641.24,Minnesota
CUST_5769,Male,0,0,0,32,Month-to-month,fibre optic,119.56,3857.26,Kentucky
CUST_5770,Male,0,0,1,56,Month-to-month,fibre optic,73.4,4127.61,Illinois
CUST_5771,Male,0,0,1,33,Month-to-month,fibre optic,60.58,1980.96,Nebraska
CUST_5772,Male,0,1,0,29,Month-to-month,fibre optic,51.29,1493.83,North Carolina
CUST_5773,Female,0,1,0,1,Month-to-month, None,68.2,99.52,Colorado
CUST_5774,Male,1,0,0,51,Two years,DSL,105.64,5375.93,Arkansas
CUST_5775,Male,0,0,1,24,Month-to-month, None,57.64,1382.22,Washington
CUST_5776,Male,0,0,0,29,Two years,fibre optic,84.89,2494.39,South Dakota
CUST_5777,Male,1,1,1,42,Month-to-month,fibre optic,67.53,2843.37,Mississippi
CUST_5778,Male,0,1,1,45,One year,fibre optic,108.06,4876.04,Colorado
CUST_5779,Male,0,0,1,27,One year,fibre optic,85.91,2341.6,Florida
CUST_5780,Female,1,0,1,46,Month-to-month,fibre optic,57.46,2640.07,Mississippi
CUST_5781,Female,0,0,0,2,Two years,fibre optic,88.78,185.53,California
CUST_5782,Female,0,0,1,65,One year,fibre optic,66.08,4278.07,Oregon
CUST_5783,Female,0,1,0,70,Month-to-month,fibre optic,40.48,2829.98,Georgia
CUST_5784,Male,0,0,1,70,One year,fibre optic,112.91,7901.59,Wyoming
CUST_5785,Female,0,0,1,31,Month-to-month,fibre optic,90.46,2829.42,North Dakota
CUST_5786,Male,0,0,1,11,Month-to-month,fibre optic,103.59,1162.07,Florida
CUST_5787,Female,0,0,0,47,Month-to-month,fibre optic,51.49,2416.01,Minnesota
CUST_5788,Male,0,0,0,12,Two years,DSL,92.21,1089.44,Minnesota
CUST_5789,Male,0,1,0,41,Month-to-month,fibre optic,60.7,2476.3,Maryland
CUST_5790,Male,0,1,0,38,Month-to-month,fibre optic,98.3,3732.53,Michigan
CUST_5791,Male,0,1,1,12,Month-to-month,fibre optic,40.37,500.32,Minnesota
CUST_5792,Male,0,0,1,56,Two years,fibre optic,86.23,4812.14,Louisiana
CUST_5793,Female,0,0,1,23,One year,DSL,119.12,2763.61,Maine
CUST_5794,Male,0,1,0,35,Month-to-month,DSL,41.4,1491.22,Ohio
CUST_5795,Male,0,0,0,13,Month-to-month,fibre optic,66.39,890.72,Arkansas
CUST_5796,Male,1,0,0,23,Month-to-month, None,50.14,1200.62,Pennsylvania
CUST_5797,Male,1,1,0,37,Month-to-month,DSL,100.27,3698.48,Wyoming
CUST_5798,Male,0,1,0,67,One year,fibre optic,92.65,6208.4,Rhode Island
CUST_5799,Female,0,0,0,45,Month-to-month,DSL,116.22,5254.9,Maine
CUST_5800,Male,0,0,0,37,Two years,DSL,64.61,2401.38,Ohio
CUST_5801,Male,0,0,0,63,Month-to-month,DSL,95.53,6027.03,Pennsylvania
CUST_5802,Female,0,0,0,49,Two years,fibre optic,65.11,3238.93,Oklahoma
CUST_5803,Female,0,1,0,18,Month-to-month,DSL,116.47,2095.47,Minnesota
CUST_5804,Female,0,0,0,38,Month-to-month,fibre optic,47.92,1828.65,Kansas
CUST_5805,Male,0,0,0,10,Month-to-month,DSL,117.02,1213.51,Washington
CUST_5806,Female,0,1,0,17,Month-to-month,fibre optic,54.3,971.9,Nebraska
CUST_5807,Female,0,0,0,17,Month-to-month,DSL,67.63,1159.08,Oklahoma
CUST_5808,Female,0,0,0,58,Month-to-month,DSL,33.15,1964.05,Ohio
CUST_5809,Female,0,1,0,49,Month-to-month,DSL,79.16,3904.26,Alaska
CUST_5810,Female,0,1,1,10,Month-to-month,fibre optic,76.78,789.78,Alabama
CUST_5811,Male,1,0,1,67,Month-to-month,fibre optic,112.81,7561.42,Illinois
CUST_5812,Female,0,0,0,61,Two years, None,113.06,6894.87,Arizona
CUST_5813,Male,0,0,1,69,One year, None,41.18,2841.37,Illinois
CUST_5814,Male,0,0,1,29,One year, None,88.3,2601.81,Nebraska
CUST_5815,Male,0,1,0,67,One year,fibre optic,86.23,5790.97,Vermont
CUST_5816,Male,0,1,0,67,Month-to-month,fibre optic,39.42,2644.71,North Dakota
CUST_5817,Female,0,0,1,27,Month-to-month,DSL,92.37,2493.02,Wyoming
CUST_5818,Male,0,1,0,39,Month-to-month,fibre optic,97.88,3813.24,Illinois
CUST_5819,Female,0,1,0,9,Month-to-month,DSL,95.11,863.55,Oklahoma
CUST_5820,Female,0,1,0,30,One year,fibre optic,93.17,2806.0,Nevada
CUST_5821,Female,0,0,1,53,Month-to-month,fibre optic,43.85,2349.99,Alaska
CUST_5822,Male,0,0,1,6,One year,DSL,56.12,383.42,Montana
CUST_5823,Male,0,1,0,39,Month-to-month,fibre optic,112.62,4430.64,Wyoming
CUST_5824,Male,0,0,0,15,Month-to-month,DSL,54.56,838.4,Arkansas
CUST_5825,Male,0,1,0,20,Month-to-month,DSL,31.54,635.68,Delaware
CUST_5826,Female,0,0,0,64,Two years,DSL,71.57,4595.97,Nebraska
CUST_5827,Male,1,0,0,2,Month-to-month,DSL,109.29,229.29,Montana
CUST_5828,Male,1,1,0,25,Month-to-month, None,31.57,796.38,Colorado
CUST_5829,Female,0,1,0,60,One year,fibre optic,77.49,4636.67,South Carolina
CUST_5830,Female,1,0,1,10,Two years,fibre optic,48.96,503.31,Virginia
CUST_5831,Female,0,0,0,34,Month-to-month,fibre optic,81.82,2798.78,Maryland
CUST_5832,Male,1,0,0,4,One year,DSL,46.4,198.45,Indiana
CUST_5833,Female,0,1,0,5,Month-to-month,fibre optic,53.13,274.89,Louisiana
CUST_5834,Male,0,0,0,37,Month-to-month,DSL,49.42,1872.86,Arkansas
CUST_5835,Male,1,1,1,34,One year,fibre optic,60.98,2122.2,New York
CUST_5836,Male,0,1,0,29,Month-to-month,fibre optic,81.9,2357.09,Idaho
CUST_5837,Female,0,1,0,53,Two years,fibre optic,112.52,5995.57,North Carolina
CUST_5838,Male,0,0,0,17,Month-to-month,fibre optic,43.29,733.34,Wyoming
CUST_5839,Female,0,0,0,33,Month-to-month,DSL,110.78,3683.15,Oklahoma
CUST_5840,Male,0,0,0,43,Month-to-month,fibre optic,74.73,3244.47,Florida
CUST_5841,Male,0,1,1,65,Month-to-month,fibre optic,116.65,7631.35,Iowa
CUST_5842,Male,0,1,1,16,Two years,fibre optic,57.15,956.35,Colorado
CUST_5843,Male,0,0,0,70,Two years,DSL,41.86,2958.67,Michigan
CUST_5844,Female,0,1,0,16,Month-to-month,fibre optic,111.34,1784.55,Virginia
CUST_5845,Female,0,0,1,9,One year, None,33.45,334.56,New Mexico
CUST_5846,Male,0,0,0,30,Month-to-month,fibre optic,59.84,1808.12,Arkansas
CUST_5847,Female,0,1,1,9,One year,DSL,43.8,402.35,Montana
CUST_5848,Male,1,0,1,34,Month-to-month,fibre optic,60.99,2078.53,Connecticut
CUST_5849,Male,0,1,0,59,One year,DSL,99.11,5885.32,New Jersey
CUST_5850,Male,0,0,0,36,Month-to-month,fibre optic,34.14,1255.06,California
CUST_5851,Male,0,1,0,4,Month-to-month,fibre optic,87.59,372.07,Massachusetts
CUST_5852,Female,0,0,1,68,Two years,fibre optic,88.56,6003.12,Georgia
CUST_5853,Female,0,1,0,62,Month-to-month,fibre optic,53.19,3331.69,Illinois
CUST_5854,Male,0,0,1,42,Two years,DSL,92.87,3931.4,Minnesota
CUST_5855,Female,0,1,0,11,Month-to-month, None,57.46,641.89,New Jersey
CUST_5856,Female,1,1,0,25,Month-to-month,fibre optic,97.12,2427.1,Delaware
CUST_5857,Female,1,0,1,66,Month-to-month,fibre optic,76.05,5055.02,Texas
CUST_5858,Female,1,1,0,44,Month-to-month,DSL,111.72,4925.69,Michigan
CUST_5859,Female,0,0,0,21,Month-to-month,fibre optic,103.77,2196.39,South Carolina
CUST_5860,Female,0,0,0,22,Two years,fibre optic,68.34,1508.99,Utah
CUST_5861,Male,0,1,0,58,Month-to-month,DSL,105.75,6142.53,Texas
CUST_5862,Male,0,0,0,44,Month-to-month, None,40.48,1817.85,North Carolina
CUST_5863,Female,1,0,1,4,Two years,DSL,42.91,174.29,Maine
CUST_5864,Female,0,0,0,18,One year,fibre optic,34.3,647.66,South Dakota
CUST_5865,Female,0,1,0,54,One year,DSL,88.78,4783.11,Illinois
CUST_5866,Female,0,0,0,27,Month-to-month,DSL,71.08,1965.52,Alabama
CUST_5867,Female,0,1,0,31,Two years,fibre optic,35.05,1112.19,New Hampshire
CUST_5868,Male,1,0,0,11,Month-to-month,fibre optic,45.5,539.64,Florida
CUST_5869,Male,0,1,0,65,Month-to-month,fibre optic,113.39,7419.04,California
CUST_5870,Male,0,1,1,19,Month-to-month,fibre optic,114.31,2211.16,West Virginia
CUST_5871,Male,0,1,0,30,Two years,DSL,117.51,3560.4,Louisiana
CUST_5872,Female,0,0,1,40,Month-to-month,fibre optic,89.8,3592.38,Ohio
CUST_5873,Male,1,0,0,33,One year,fibre optic,104.91,3482.16,North Carolina
CUST_5874,Male,0,0,0,48,Month-to-month,fibre optic,48.3,2330.55,Michigan
CUST_5875,Female,0,0,0,59,Month-to-month,DSL,67.92,3990.31,Iowa
CUST_5876,Female,0,1,0,53,Month-to-month,fibre optic,43.36,2319.46,Wyoming
CUST_5877,Male,0,1,0,15,One year,fibre optic,101.54,1535.43,Connecticut
CUST_5878,Female,0,1,1,31,Two years,DSL,37.25,1148.56,Wyoming
CUST_5879,Female,0,0,0,41,One year,fibre optic,35.08,1473.98,Vermont
CUST_5880,Male,0,1,0,1,One year,DSL,94.04,77.41,Washington
CUST_5881,Female,0,1,0,2,Month-to-month,DSL,105.88,261.76,Missouri
CUST_5882,Female,0,1,1,42,One year, None,68.27,2874.51,New York
CUST_5883,Male,0,0,0,27,Month-to-month, None,36.12,987.72,Delaware
CUST_5884,Female,0,0,0,27,Two years,fibre optic,86.09,2349.88,Wyoming
CUST_5885,Male,0,0,0,3,One year,fibre optic,92.14,265.93,New Hampshire
CUST_5886,Male,0,0,0,32,Two years,fibre optic,51.87,1693.82,Washington
CUST_5887,Male,0,0,1,66,Month-to-month,fibre optic,100.34,6647.16,Nevada
CUST_5888,Male,0,0,0,65,Month-to-month, None,45.71,2962.51,Illinois
CUST_5889,Male,0,1,0,7,One year,DSL,73.93,528.83,Vermont
CUST_5890,Female,0,0,0,32,Month-to-month,DSL,68.6,2197.09,Vermont
CUST_5891,Female,0,1,1,13,One year,fibre optic,83.93,1125.85,Ohio
CUST_5892,Female,0,0,1,36,Month-to-month,fibre optic,59.95,2204.07,Wisconsin
CUST_5893,Female,0,0,1,46,Month-to-month,DSL,70.03,3253.74,Oklahoma
CUST_5894,Female,0,0,0,66,Month-to-month,fibre optic,41.27,2771.16,Rhode Island
CUST_5895,Male,1,0,0,63,Month-to-month, None,79.15,5035.97,Illinois
CUST_5896,Male,0,1,0,17,Month-to-month,fibre optic,38.53,682.53,Maine
CUST_5897,Female,0,0,0,53,Month-to-month, None,45.15,2425.75,Wisconsin
CUST_5898,Male,0,1,1,65,One year,fibre optic,99.46,6446.57,Tennessee
CUST_5899,Male,0,0,0,1,Two years,fibre optic,93.4,101.47,Mississippi
CUST_5900,Female,0,1,1,43,Month-to-month,fibre optic,76.47,3315.87,California
CUST_5901,Male,1,1,0,24,Two years,fibre optic,67.07,1631.7,Florida
CUST_5902,Male,0,1,1,51,Month-to-month,fibre optic,83.73,4256.29,Hawaii
CUST_5903,Male,0,1,0,43,One year,fibre optic,67.27,2911.5,New Hampshire
CUST_5904,Male,1,1,0,1,One year,fibre optic,83.99,78.35,Michigan
CUST_5905,Female,0,1,1,43,Two years,DSL,40.19,1737.83,Washington
CUST_5906,Female,1,1,0,28,Two years,DSL,95.14,2712.5,New Jersey
CUST_5907,Female,0,1,1,64,Two years,fibre optic,75.01,4832.7,Wisconsin
CUST_5908,Male,0,1,1,3,Two years,fibre optic,80.34,252.53,Missouri
CUST_5909,Female,0,1,0,1,Month-to-month,DSL,107.47,115.45,Illinois
CUST_5910,Male,0,1,1,23,Month-to-month,fibre optic,93.12,2141.77,Alaska
CUST_5911,Female,0,1,1,68,Month-to-month,DSL,100.33,6817.8,Idaho
CUST_5912,Female,0,0,0,67,Two years,DSL,99.3,6662.28,Idaho
CUST_5913,Female,0,1,0,71,One year,fibre optic,55.25,3935.81,California
CUST_5914,Male,0,0,0,53,Month-to-month,DSL,45.22,2405.96,Kentucky
CUST_5915,Female,0,0,0,38,Month-to-month,fibre optic,103.8,3989.98,Wisconsin
CUST_5916,Male,1,1,1,49,Month-to-month,DSL,96.72,4781.94,Oregon
CUST_5917,Female,0,1,0,44,One year,fibre optic,59.32,2602.2,Alaska
CUST_5918,Female,0,0,0,34,Month-to-month,DSL,66.68,2306.06,Ohio
CUST_5919,Male,0,0,0,57,One year,fibre optic,93.82,5385.19,Alabama
CUST_5920,Female,0,0,1,36,Month-to-month,DSL,64.35,2314.58,Indiana
CUST_5921,Male,0,0,0,24,Month-to-month,DSL,73.79,1791.26,Connecticut
CUST_5922,Female,0,0,0,43,One year,DSL,63.07,2693.37,Alaska
CUST_5923,Female,0,0,1,20,Month-to-month,fibre optic,108.19,2208.64,Michigan
CUST_5924,Male,0,1,0,59,One year,fibre optic,30.11,1781.66,Oregon
CUST_5925,Male,0,0,1,18,Month-to-month,DSL,73.08,1353.42,Montana
CUST_5926,Female,1,1,0,34,One year,DSL,46.82,1590.24,Arizona
CUST_5927,Male,1,0,1,8,Month-to-month,fibre optic,79.31,666.78,Virginia
CUST_5928,Male,0,1,0,40,Month-to-month, None,97.54,3908.5,Wyoming
CUST_5929,Male,0,0,0,37,Month-to-month,DSL,96.88,3567.0,Wisconsin
CUST_5930,Male,0,0,0,26,Month-to-month,DSL,66.04,1711.66,South Dakota
CUST_5931,Female,0,1,0,11,One year,fibre optic,87.1,961.98,New Hampshire
CUST_5932,Male,0,0,1,40,Month-to-month,DSL,50.76,2017.27,Alaska
CUST_5933,Male,0,1,0,60,Month-to-month,DSL,113.32,6830.65,Connecticut
CUST_5934,Female,0,0,1,13,Month-to-month, None,81.14,1074.01,Massachusetts
CUST_5935,Female,1,0,0,66,Month-to-month,fibre optic,67.05,4441.07,South Carolina
CUST_5936,Female,0,1,0,42,Month-to-month,fibre optic,50.38,2120.66,Maine
CUST_5937,Female,1,1,1,5,One year,fibre optic,53.77,285.88,Tennessee
CUST_5938,Male,0,1,1,68,Month-to-month,fibre optic,32.96,2235.84,Ohio
CUST_5939,Male,0,1,1,45,Month-to-month,fibre optic,95.38,4321.57,Missouri
CUST_5940,Female,0,1,0,5,One year,fibre optic,73.37,399.14,Illinois
CUST_5941,Female,0,0,0,58,Two years,DSL,101.46,5930.85,Florida
CUST_5942,Male,0,1,1,51,Month-to-month,fibre optic,106.86,5483.81,Florida
CUST_5943,Male,0,1,1,41,Month-to-month,DSL,43.18,1793.72,Wyoming
CUST_5944,Male,0,0,1,57,One year,fibre optic,37.38,2139.45,Indiana
CUST_5945,Female,0,0,1,50,Month-to-month,fibre optic,39.58,2022.36,Minnesota
CUST_5946,Male,0,1,1,15,One year,DSL,118.2,1770.91,South Carolina
CUST_5947,Female,0,1,0,6,Month-to-month,fibre optic,46.45,325.94,Alaska
CUST_5948,Female,0,1,0,17,Month-to-month,fibre optic,88.85,1517.43,Vermont
CUST_5949,Female,0,1,1,24,Month-to-month,fibre optic,95.66,2303.29,South Carolina
CUST_5950,Male,0,0,1,57,Month-to-month,fibre optic,49.05,2787.59,Nebraska
CUST_5951,Male,0,0,0,7,Month-to-month,fibre optic,40.58,326.2,Alaska
CUST_5952,Male,0,0,0,52,Two years,fibre optic,76.9,3981.81,Colorado
CUST_5953,Female,0,0,1,19,Month-to-month,fibre optic,52.97,992.19,Rhode Island
CUST_5954,Female,0,0,0,27,Month-to-month, None,95.47,2619.91,Illinois
CUST_5955,Male,0,0,0,2,Month-to-month,fibre optic,87.66,206.33,Iowa
CUST_5956,Male,0,0,1,18,Two years,DSL,115.22,2107.01,Oklahoma
CUST_5957,Female,0,0,0,59,Two years,fibre optic,52.25,3117.5,Wisconsin
CUST_5958,Male,0,0,0,64,Month-to-month,DSL,84.3,5384.46,Missouri
CUST_5959,Female,0,0,0,26,Month-to-month,fibre optic,58.06,1492.0,Missouri
CUST_5960,Female,0,1,0,70,One year,fibre optic,102.83,7247.44,Minnesota
CUST_5961,Male,1,1,0,18,One year, None,81.27,1475.33,Georgia
CUST_5962,Male,0,1,1,35,Month-to-month,fibre optic,51.03,1801.83,Wyoming
CUST_5963,Female,0,1,1,31,Month-to-month,fibre optic,103.79,3255.26,Georgia
CUST_5964,Female,0,0,1,30,One year,fibre optic,91.34,2787.97,Idaho
CUST_5965,Male,1,1,1,5,Month-to-month,DSL,114.58,616.39,Kentucky
CUST_5966,Female,1,0,0,8,Two years, None,59.02,473.81,Colorado
CUST_5967,Male,0,1,0,3,Month-to-month,fibre optic,116.24,357.83,New Jersey
CUST_5968,Female,0,0,1,68,Month-to-month,DSL,33.96,2325.1,Virginia
CUST_5969,Female,0,0,0,47,Month-to-month,fibre optic,83.31,3957.66,Connecticut
CUST_5970,Female,0,0,0,42,One year,fibre optic,65.47,2775.7,West Virginia
CUST_5971,Male,0,1,0,11,Month-to-month,fibre optic,72.98,814.85,Alaska
CUST_5972,Female,0,0,0,67,Month-to-month,fibre optic,67.49,4563.42,Rhode Island
CUST_5973,Female,0,0,0,3,One year,fibre optic,112.5,327.92,Florida
CUST_5974,Female,0,1,0,18,Month-to-month,DSL,100.47,1844.8,New Jersey
CUST_5975,Male,0,0,1,11,Month-to-month,fibre optic,68.65,788.54,South Carolina
CUST_5976,Male,0,0,0,32,Month-to-month,fibre optic,114.86,3697.72,Rhode Island
CUST_5977,Female,0,1,0,35,Two years,fibre optic,43.46,1525.57,West Virginia
CUST_5978,Female,0,1,0,50,Month-to-month,fibre optic,86.08,4321.7,Minnesota
CUST_5979,Male,0,0,0,44,Two years,fibre optic,87.78,3901.34,Kentucky
CUST_5980,Male,0,0,1,54,One year,fibre optic,57.78,3118.74,South Dakota
CUST_5981,Female,0,1,0,27,One year,fibre optic,108.74,2940.65,Kansas
CUST_5982,Female,0,0,0,65,Month-to-month,DSL,112.17,7283.03,Wisconsin
CUST_5983,Male,0,0,1,43,Two years,fibre optic,90.17,3881.01,Tennessee
CUST_5984,Male,0,1,1,38,One year,DSL,119.41,4537.85,Iowa
CUST_5985,Male,0,0,1,40,Month-to-month,fibre optic,75.1,3028.61,Oregon
CUST_5986,Female,0,1,1,69,Two years,fibre optic,36.89,2570.47,Indiana
CUST_5987,Female,0,0,0,59,Two years,DSL,69.48,4126.21,Mississippi
CUST_5988,Female,1,1,0,28,Month-to-month,DSL,45.8,1270.57,New Jersey
CUST_5989,Male,0,0,0,53,One year,DSL,90.04,4790.43,Oklahoma
CUST_5990,Male,0,1,1,32,Two years,fibre optic,107.13,3418.53,North Carolina
CUST_5991,Female,0,0,1,14,Month-to-month,fibre optic,70.58,1004.31,Alabama
CUST_5992,Male,0,1,1,58,Month-to-month,fibre optic,42.69,2492.65,Indiana
CUST_5993,Female,0,1,1,37,One year,fibre optic,94.29,3484.53,Georgia
CUST_5994,Female,0,0,1,31,Month-to-month,fibre optic,101.52,3137.52,Nevada
CUST_5995,Male,0,0,1,28,One year,DSL,91.73,2555.62,Arizona
CUST_5996,Female,1,1,0,34,One year,fibre optic,79.68,2718.44,South Carolina
CUST_5997,Male,0,1,1,19,Month-to-month,fibre optic,56.02,1112.94,Rhode Island
CUST_5998,Male,0,1,0,6,One year,fibre optic,93.09,552.02,California
CUST_5999,Female,1,0,0,53,One year,fibre optic,63.43,3403.53,Nebraska
