pc1,pc2,cluster
1.253285575568318,1.3419549846400587,1
1.9991957348507392,1.5624299856305992,1
-1.9333410592113203,-0.22307503158479958,0
0.6256048395100721,-0.49511831167549536,1
-0.8801519234958279,2.9110651707270714,0
-1.6100754776007211,0.44132224578170864,0
-1.4692978150403082,-1.2608315674183572,0
-1.1375576638353782,-0.14068358461106892,0
-0.9651972270468803,0.18472691911726768,0
-1.340360907515715,-0.6656071910204757,0
-1.3809149595118997,0.3317150388629395,0
0.26398188078324014,1.1741242139473633,1
0.8666231653529142,-0.020410174674681425,1
2.41524874939321,-1.0928270068117556,1
-1.2306165144474581,-0.42522873744860273,0
2.019127848096446,-0.5848892400896041,1
1.196274871287818,0.07689707385771699,1
0.20494569341797464,-1.602314201121969,1
1.766145868753523,-1.4564804715479207,1
0.8795880978994884,-0.48178882205694085,1
0.17554271366540194,-0.9635827794436567,1
2.017012459947495,0.22282864442064398,1
0.3424239870072733,1.0992132148395144,1
-2.3609350193600416,-0.4338004883278615,0
-1.12603129231819,-1.49004167480506,0
-0.4681347851230484,-1.798515372746242,0
2.162538968266559,-1.8418579356262832,1
-0.09076415044375007,2.716318884371245,0
0.5766226017251436,-0.8355065630578233,1
0.23980928574588575,0.017482804780420136,1
-2.2368759721311036,-1.5786337491693265,0
-2.277694218140174,1.4399818435290834,0
2.4018014629588356,-1.000394308274754,1
-0.871227678881975,0.7192003479278507,0
0.6491843076074203,-1.7092319358135128,1
2.0033742074672314,1.8589116281709113,1
0.42439592341940746,-0.3308347108120079,1
1.4641972193040718,1.1230504703252948,1
-0.3751870127913618,-0.6052052037988699,0
1.8583613042369782,1.486155046405615,1
0.3761331903127484,0.08300783976071918,1
1.2831891624804184,-1.8604554603252286,1
1.8957375450957523,-0.717525721131153,1
-2.6476764930900196,2.5710599499880615,0
0.21405385638916136,-0.6138750160014509,1
0.06307198696401556,-1.2629192068607495,1
1.5589261306763689,-0.4726063458736355,1
1.3277270402630232,1.7766432547737674,1
1.9322377363137113,0.20017930405846196,1
1.0555683222478105,-1.0220130611348064,1
2.015852856067635,1.3043504769182244,1
-0.6752225916591639,1.1170336270375962,0
0.755402280839903,-0.479718457638844,1
0.40684695963713846,0.7895608494608725,1
1.8846498405403131,0.5924795244623168,1
-2.4195106018463064,0.22265656012721247,0
-1.9209207807858455,-1.241972942929902,0
-0.43206884916623056,0.6910916142063365,0
2.1458503134298033,-0.9767255320317245,1
0.5468634862469169,0.3560662838971682,1
-0.7905367294499721,-0.29443648924162913,0
-0.0701390580597029,0.34038783910868964,0
0.4101444880578091,2.5735488620497864,1
-2.1712386651567246,-1.024920214497957,0
1.9446071242347935,-1.0580425308349841,1
-1.893864937496735,-1.5990633934069445,0
-1.7628609702009048,-1.5367655084532696,0
-0.5569360177389691,0.2164606183099559,0
-0.9308185814826091,-1.2357103965469025,0
0.3847995021205073,-1.5203911801917016,1
-0.9396462786691174,0.11441439431000089,0
2.622371828438406,-0.35090592101900464,1
-1.6412501508903243,-0.30854888722142987,0
-2.2701611414038165,0.08648102308390726,0
-0.33521625030380664,-0.6828031094924253,0
1.4515905890791405,1.8799480551889305,1
0.5909328196943213,1.3496916446153575,1
1.6453141366932458,2.898154296369203,1
-2.5670427025002294,-0.7477857062211735,0
1.0239905638874582,-0.49942257215897223,1
-1.591167541015907,-0.8990709765648108,0
-1.839323541842847,-0.6683511169841894,0
1.0896450252140875,-2.00519097902961,1
-1.7938056544012955,-0.700692045293102,0
2.177742252072138,0.19103203749241005,1
-1.6056204561848795,0.35151005061626783,0
-0.7356471978229121,-0.49811882463944784,0
-1.0541914751339092,1.5999773316964836,0
-0.6892576323479254,0.5499767193091584,0
1.9765998207057383,0.4852016921445752,1
-1.7138472345733573,-0.46846808004844,0
-1.7930470237436147,-0.9265252099372914,0
-1.665020289645827,-0.7055948397113321,0
-0.7540630013695634,2.208066858284197,0
2.1168002493696885,-0.6967553881328928,1
0.7639780823998775,1.5741435355179587,1
1.2526740401652723,0.31630684763195094,1
-1.2112520510652074,-0.42965523281204054,0
-1.063851202325954,-0.5625007453404716,0
0.537430416140133,0.8359242306546363,1
0.6492038518559544,-1.439054743243838,1
0.6046870251451957,-0.8418736066333945,1
0.8998922753995917,1.7008778035307617,1
-2.201353367275817,1.8624923976225989,0
-0.3573494378745211,0.3212511870454291,0
0.6155761166852519,-1.532147573473872,1
-0.9871272653892267,0.3836879002887621,0
-2.1832971453739654,0.08455474497883925,0
2.8447612617360445,-0.05811191838457391,1
1.2846219100970053,-0.9907674128450091,1
-0.6448838718704739,-0.7017950181637769,0
1.6701044830147256,-1.546035715728868,1
0.8770803783988731,-0.026682506601107936,1
1.7155428478208905,0.5673639317312592,1
2.3048320572538037,1.2211982745445438,1
1.3552045385029767,1.8681622879317064,1
-1.0595768212982473,0.6497779314293929,0
-0.8556946394269995,-1.7625417420437266,0
2.5114668557976683,0.23975184797865257,1
-1.179339121878792,1.888968052830399,0
-2.297841112013276,0.8467833207494461,0
1.9629307825930165,0.4819416855758514,1
1.9010792816214166,0.3769711984804536,1
1.1220132720187435,-0.3923124853234087,1
-0.05548039839126534,3.2856080000175556,1
-0.568619382201642,1.6107157456744883,0
-0.07090777286691982,1.2075715326555674,0
-1.1956608194520606,-1.3922212183083933,0
-0.5037145465801137,1.6578726397616927,0
1.2957960125557877,-1.23706864775151,1
1.1512587884800782,0.30979665826391534,1
0.336036671131029,-0.64247706243375,1
-2.084443586782325,1.0280301582122453,0
0.4239384339820659,1.1987465210688963,1
-1.2364833820660854,2.371997088469978,0
0.7166539798867432,1.3534999463512674,1
0.09509774334262308,1.3177619837976131,1
-0.22433258019073904,-1.603321633290923,0
2.0783845650155204,-0.6709565056076565,1
-1.7456906867200743,-0.824220144344586,0
-1.346833906319023,0.41376710918995496,0
0.13772513578914322,2.6727808237596657,1
-0.1194082123052509,0.5223208916719186,0
2.1559273165089348,-1.9344148521440343,1
0.14764028017247938,0.8806367073980695,1
2.4822259538533884,-0.2798111407677467,1
-1.4948513171499183,2.458296010956366,0
1.738929451007918,1.793029440336833,1
0.24152925832074076,-2.071521479895266,1
2.619411811496445,-0.08208790581470288,1
0.5726365423775035,-0.9092052890637689,1
0.10339625938934796,-1.7174536737659523,1
2.1561907148544215,0.3994720263441808,1
-2.529987824670379,1.570234438657018,0
-0.6446021666394626,-0.6170178439885301,0
1.0034612771220008,0.41366257638341386,1
1.2632467075171507,-0.44489780506321314,1
-1.6147198749615483,0.07390516267073499,0
1.1987730370968435,-0.4123786257052007,1
1.0623564419684617,0.8850403225112909,1
1.0370245329113748,-0.5311769074370201,1
-1.8120056298205147,-0.5984001263774901,0
-2.167711412274775,-0.38698602668028764,0
1.1409781249432058,2.2953781888463047,1
-1.8821816822719133,0.8279900534569072,0
0.18676390819919658,1.027957485218252,1
1.0200021182352106,-1.1449184439104896,1
1.6818588107229826,0.3008777124665698,1
-1.0807273189429545,-1.147119688454357,0
-0.6095053251347679,-0.0032778331229851854,0
0.20250202322498478,-0.240417803926453,1
0.799386411045826,0.11500894685668761,1
-0.505865359595746,-0.9118069688305553,0
-1.8709817752280298,0.4269738148873572,0
0.1681481185677172,-1.1260831859749372,1
2.589268510899144,0.5553398216198503,1
-0.45814907751445855,0.17968570805765294,0
1.091617075954862,-1.4066937293653252,1
0.11021544125237642,-1.1265201366589763,1
2.023341889051691,0.1047475259429595,1
1.1163841478355574,-0.14584930194989465,1
-0.34062676121165647,0.6131739180738378,0
-2.1309459249938447,-0.41618432360682545,0
2.501879893425393,-0.7472818830531553,1
0.595659285964152,0.6804049574456218,1
1.2071043109295174,-1.0734501190271442,1
2.301168884749098,0.153454518213479,1
-1.254886067691953,-1.1739293683124368,0
1.1259768920501496,1.0784555820076784,1
-0.29833591766386347,-0.10426267979046921,0
1.993946544221222,-1.4766671976650465,1
-0.6046875371927785,-1.419793753516445,0
-0.22413974043908813,1.843168629371155,0
-0.9435916098871465,1.025896923827208,0
-1.5050435874952046,-1.9292313058917263,0
0.2538450012869149,-0.8918328939864849,1
-0.7361884064994548,-0.6034741206866379,0
-1.975560115562087,1.237687058388568,0
-1.687602712550105,-0.13268326059088192,0
1.897665315562929,-0.6748593676252532,1
0.4704855511351914,-0.12413608183670033,1
-1.940612706670417,-0.5889851737455153,0
-1.0793148073051664,-0.0734797212755211,0
2.6629989786102186,-0.7776689160505277,1
-2.2648070180872844,-1.3610479844689212,0
-1.4644181890997785,-1.1870318742225847,0
0.3342134492955222,0.08832360776320847,1
1.0132904714232567,-1.0295249524457106,1
1.0391344731118661,-0.8757414392140576,1
1.0391618208288393,0.5369888019864528,1
-2.0904779923682204,0.7835010598952373,0
-1.6001888877730528,0.03425217404355135,0
1.0352246994631384,0.055654668618091985,1
0.8349219327894292,-0.5711637458421581,1
0.48431275510948246,0.5616851508493593,1
0.8583498405138233,2.234908829730476,1
2.3679698006682934,0.10608018383889034,1
2.0395287350268347,-0.8374763918098178,1
1.4615238102670338,2.0562242523081267,1
0.13510741636755882,0.9529735840353221,1
2.6594265584573145,0.41594770443898477,1
-1.3902879315571632,-0.996945594658682,0
-1.3504872604062095,2.0179957611162656,0
-1.6587937886600626,0.27828692521871234,0
1.2503497378035704,-1.0830500650033668,1
0.6181340412435659,-0.6967083757607302,1
-2.1362121331884105,1.7838296294316547,0
2.1670567409927566,0.39917618851961734,1
1.923143842000072,0.37566560085332557,1
-0.4647788994973614,1.3464478087830019,0
1.3649365798325614,0.9989682840932376,1
1.257294714971605,0.6341330702411838,1
-0.28805345444648656,0.5919303011325948,0
-0.14588896252478936,0.5451789576750364,0
-2.3785013330422116,-0.36329043164918173,0
2.6585438858015986,-1.6529082795797794,1
0.5259485524511236,0.7343914467602118,1
1.5636256967607869,0.44256723020947,1
-0.951933879663252,-0.74317741882585,0
-0.7829908388854009,-0.37038335443943343,0
0.7498919845310408,-0.6954946157870299,1
-2.5147605650043485,1.200825069329106,0
-0.41019903498911126,0.7421327299329384,0
1.4037646608582455,-1.7180746361017603,1
0.023163326779266136,1.658673233135072,1
-1.9014299105221333,-1.4466541375598223,0
-1.8744666950349538,1.2716500395816066,0
0.5396614131883949,-0.6874225075525733,1
2.0724261818451066,-0.885321890148145,1
0.8742695325342756,1.0523186907625082,1
2.6511847328117986,0.557658598689417,1
1.103287072121196,0.7490990909450918,1
1.7435844053107747,0.4055995771848626,1
1.1881458476186304,0.8162502712965026,1
0.32281125335589467,-1.6159934268269005,1
1.784008106383909,0.6893940829089172,1
-0.8383625521416536,0.99493632259497,0
1.2202894328822924,-0.17589153722223275,1
-1.2649776639667147,-0.4599705871909052,0
-0.7841536126416305,0.10895465148872818,0
-0.5228304018008325,-1.644410096737916,0
-0.5708388901106823,-0.5435521047136535,0
1.34378831162722,-2.085749260460456,1
-1.7382748886201203,-0.16884079617486022,0
-1.4026816027089721,-0.08266695998753842,0
2.6682242501793954,0.4419645897565837,1
2.7921138991075245,-1.3657404347936213,1
-2.4211200886641318,-1.742754555393684,0
-1.721610666214855,-1.2889028298645742,0
2.3752747257322633,-1.522031793223511,1
0.8038528269523495,-1.030869378358215,1
0.7981619377655362,-0.1416968282364033,1
0.2150568585415644,2.0224409629615026,1
-2.3133942302340493,-1.5869182891251503,0
0.7995462189150343,0.6342833565090447,1
-2.046648210439586,-1.5845447138390494,0
2.407489140067413,-0.6561535790835142,1
-2.070211724508128,-0.2475743833339935,0
0.09713199299265948,-1.6138365533943588,1
1.0384103382814815,-0.47333703219634626,1
-0.015680527965475095,0.6470994986824737,0
-2.2147658800243275,-1.251297206958434,0
-1.7902064823396575,1.1948935679193462,0
1.7812123155872495,0.010726092098976625,1
-0.40560872411799653,0.34350363675678464,0
-1.2269876062266847,0.667268330314139,0
-0.9529703813070468,-1.0400363975173161,0
-0.7092927383773465,0.119237112033862,0
1.2379344058620425,1.1083795692158822,1
0.6814631611964094,1.1308735744868006,1
-0.7027999028597114,-1.9775055015179954,0
1.9363495581058499,-0.6983744112467902,1
0.19770451599144723,1.091759117449337,1
-0.7754774853598604,1.3078982291294179,0
0.8392999547010996,2.084925053789285,1
0.018260478237734475,-0.6730150976272371,1
-2.1294274293911464,-0.7386910179542885,0
1.2429449609888645,-2.1092303248138475,1
-0.3078489314395154,2.2406748912125996,0
-0.6598985786839774,-0.4597465547882317,0
2.02464813813074,-1.0240074246402626,1
-0.8541919336022573,-0.800030427265266,0
0.8169369284975048,0.3051155804780963,1
-2.4438413788070825,2.2229062398442685,0
2.0389422311428573,0.5672085638189891,1
1.2414229446433669,-0.12896740113350702,1
0.9716828489564483,0.7699578886299737,1
-2.0569908770084604,0.4390334609736174,0
-1.273148107558717,1.1714876400017546,0
-0.1431368628649365,0.7422327252516457,0
1.783247134642366,-0.4376145118735424,1
-0.30742686050304235,-1.6746564098323637,0
1.5947091488586327,2.895874434462581,1
1.7852696646086834,0.5418316307953803,1
-1.955842869092368,1.4596752010268643,0
-0.3015482487655229,0.7459088270624851,0
-0.41045667504402505,-0.6363767076727294,0
-0.7350724746434634,-0.18149349080860833,0
-0.4686707310319489,0.5648057100147629,0
0.2717884034642555,0.35715240936547255,1
-1.1576666972656762,-0.12658405221045388,0
-2.1372368321594015,0.03641118630727663,0
-1.657858591456373,-0.9188714888421294,0
0.20542318790246294,1.1718385583491124,1
-0.0917864803809087,1.5883982723072103,0
0.013870500353013347,0.6871892466305219,1
-0.1081828552461092,0.7370445161102793,0
1.0210985220041446,0.7762605573767128,1
0.5335717703889215,0.4384333008233481,1
-0.07489840281240885,1.1199123429937061,0
-1.5494389029851132,0.03473140184359258,0
0.39255322582235286,-1.178560547137245,1
2.0037519143853464,0.758356653939216,1
-0.14798612041022507,0.5742724404393095,0
-0.11109372850358144,2.4798125428701168,0
2.181185601552224,-1.5756103808504904,1
1.1482746666583954,2.251587223775339,1
0.08288202366537592,-1.3441221515420274,1
0.6557742921980015,2.3950664272410704,1
-0.014379801155386708,-0.08813739914032631,0
-0.36172920849565515,-1.1044436983956025,0
-0.3237532159339953,1.2902194067597015,0
-0.14698360231557822,0.05597349656032935,0
-2.4483660962632143,-0.8646846868362851,0
-1.0672136650704231,0.3877827570667137,0
-1.376026895608613,0.28947976393143215,0
1.4349276618922058,0.8052423506687719,1
-0.9664351545279456,-0.3397124649184836,0
1.9251594745534741,0.41659105105123084,1
-0.11036533165028702,2.8020541378380477,0
0.44659029819804485,0.5717704022113584,1
1.7324194417023446,-0.7221033448344801,1
0.9978895932770688,-1.8569085612692704,1
-2.3416836163156973,-0.6282229785369144,0
0.8687848874223125,-0.6530869423704326,1
2.6331231790735163,0.07198695762305135,1
1.9473360474167873,0.08374319384603585,1
0.9931926031893443,-0.11649372097046898,1
-0.4864342834531411,-1.2533686648083722,0
1.190046288919227,-0.5262459180593342,1
0.22278757812697939,1.3252115803833582,1
-1.7938356590225435,0.1320783903251866,0
-0.6695199489868817,0.5713057081950415,0
-0.6273301753716665,1.2066789838685374,0
-1.5024244765683414,-1.3875788559680515,0
-2.153914865702791,2.3840471370335967,0
-0.19251737248830927,-1.2363156476790542,0
1.0465055234984935,1.7039543404134645,1
0.28377951466716766,-0.7035755292107178,1
-2.057789462449933,1.3077039408607969,0
-1.5797323262786824,-0.5917615518195327,0
-0.24404010769012016,0.5567655164729621,0
1.4644481012950128,-1.3801105576941017,1
0.16617586803937592,-0.9556679985021416,1
1.3284990059474262,1.54526803937908,1
0.9929465478997905,0.07172129033101032,1
0.171295235597225,-0.14723682459380474,1
0.11721057643108415,-0.49734875574300674,1
-0.6269105153102502,1.185851802081384,0
-1.8851235139331157,-1.6539820304760693,0
-1.1073602714775614,0.7850459305811702,0
0.4762706352128968,-1.0265701785124928,1
0.21188000925197417,-1.3501142956044718,1
-0.24380322268573248,-0.764629295204734,0
-1.6395338950318068,2.247269641478341,0
-0.6778786380064133,2.439653277420536,0
-1.4501631512237283,-0.4325109480177089,0
-1.4213124580446652,0.9889456598652399,0
1.6717206812294991,0.6440123053898733,1
2.099873656323372,-0.5541147055401082,1
0.7667815317540055,1.7583359041315245,1
2.339305059770626,-0.6924388795829295,1
1.1873198927462474,0.3193835586305661,1
-1.5654439808491134,-0.013755611134478929,0
-0.9032780815027144,-0.8812666172894731,0
-0.0021485842688131556,1.0414035030869346,1
-0.8764450492256644,-1.8242152606901767,0
2.313437213940579,0.8968114800726564,1
2.1693708168714574,1.3295024836622034,1
-2.228041315496384,-1.64360567963719,0
-0.9281010012268264,0.6472715003480999,0
1.3003551721304802,-0.18795185625279334,1
1.3383596003159488,-1.070867612045153,1
2.817734881696193,-1.7996795107125938,1
1.9098749959842218,2.054050578795606,1
0.4682189966306528,-0.8489698788185063,1
1.834973703207674,1.6194160295607065,1
-0.1766700145115687,-1.5285410822373522,0
0.6953840541088935,-0.7236665211721254,1
-1.6598985366697276,2.0576971417340215,0
-0.2462812642999068,0.9911595423858631,0
0.4287873001736928,-1.245791826424656,1
-1.0894641404910919,1.2065351960800998,0
2.348764493925254,-0.48167043500892126,1
0.3330994805543577,1.6520641593728893,1
-2.2344030604910827,0.6280474394197738,0
-2.1451063045360246,-1.144774608284523,0
2.489920465848048,0.9830262842609544,1
-2.130662587279805,-1.0683809241544242,0
0.686480985691767,1.1382651960916221,1
-1.103694607147242,0.35499574375996135,0
-2.3964285139926966,0.29468906793512806,0
1.996275272546953,1.6580885655874096,1
-1.9182480673645022,-1.8425253865447901,0
0.11740938520505168,0.15748446611620315,1
0.09091138102433323,-0.6758882661898067,1
-2.169403709652644,-0.9414024713963838,0
-1.7970486141202544,-1.298621252361042,0
1.3154696053632682,1.5232559431825212,1
0.8448705830319456,-1.0747138529541787,1
-1.7168377361686555,0.590123005214737,0
-1.7858129265925287,-1.2974154774559667,0
1.8746747931253946,-0.7647039473622406,1
1.4494362540043977,1.0758112234840693,1
-0.09662459895288125,0.5308446801885932,0
1.8222814631858923,-0.7734499214140649,1
-2.144406321015734,0.852668824614136,0
1.28662200248592,-0.7937718901899335,1
-0.9978938699720288,-0.5231884956831281,0
-0.45979857588187456,0.8774392446661844,0
1.458689691345237,1.4852217551869336,1
1.2740721647083466,-1.4592933151158567,1
1.390952881944535,-0.956820837065007,1
0.8448352936389918,-1.8624834917355133,1
1.1263780364238893,-1.440595546132998,1
-0.6885279571703217,2.4069429455205986,0
-1.802816382079768,-1.2211151680781018,0
1.6062779565683034,0.524710441118948,1
-2.2490653006694705,-0.5346691878882674,0
1.4352704042578324,-0.22444985708170787,1
2.3206498212261604,-1.1315472321367024,1
-2.0017127242990616,-1.455750602603827,0
0.5345348588865646,-0.6984293533318738,1
1.9744894298509073,0.894472514883239,1
-0.06502072889819384,-0.161874889293074,0
1.7617397835360322,1.3061230624520141,1
-1.7588341116144914,0.664168683451264,0
-1.09045214711436,-0.5306032467037941,0
-0.39854152769041373,-0.7486309659223492,0
1.3990850194430486,-0.40136909851710456,1
-1.6823890424323023,-2.1092943335581587,0
-0.3141796116945236,3.6038752041722892,0
0.12436636181540528,-0.9053308469189509,1
-0.2337937252617309,-1.0047659448524158,0
-0.2215959780235336,0.5974119197178186,0
-0.3940812216572669,1.2139197263254888,0
1.0148249447758717,1.508809603280953,1
1.6694675467175029,-1.270901798814115,1
-1.4664162612658485,-1.9299836265941561,0
-1.279559083806628,-2.054003192237092,0
-2.007449623099784,-0.6222219121136239,0
-1.7196412577388354,-1.2490211443121244,0
0.837106957448611,-1.2748611716254956,1
-1.7285000461084619,1.6789666266982355,0
-0.8238939991235745,-1.3864052827263071,0
-1.9546034756120232,-0.9560825711294805,0
0.4667069869580298,-1.6170288593367954,1
1.4448079199025778,0.3435446527543323,1
1.1270851357602933,0.10094395472469958,1
-2.0535162430072686,-1.7771590100177836,0
-2.3132317690898536,0.021510277293152913,0
-1.7445919746129448,-0.8814496004489216,0
0.04774914843526535,-1.1607236091373974,1
2.485909273563639,0.8207185650696779,1
-0.2826458080710872,-1.342432354497931,0
-2.365338640503519,-0.11880056422013097,0
-1.431919778988106,1.710327578775329,0
-0.2301411765942514,-0.22707096858781867,0
0.6186145955172955,-0.3437578077827442,1
1.765973371707451,-1.321795990613962,1
0.07736722431654451,2.5841609783528092,1
-2.3559626739967867,1.5717889462630894,0
-0.6366735626445674,2.0709164348405196,0
1.0376830377582276,1.1532257690441758,1
2.6508045851035797,1.1904202903660517,1
-2.220341027834322,1.8236036814302254,0
-0.05125357992396492,-0.5192066651770204,1
2.2397677006673593,-0.5113688721920235,1
-1.8027039932100846,1.5484744057278559,0
0.7309013427333728,-0.6389524348520828,1
-0.2471758563655069,1.7749004775811499,0
-0.23267270574399915,0.666058042945684,0
0.7865993770644818,0.8123570385364886,1
0.6564711513370514,0.6840469612179391,1
-0.3518146798268915,-1.6745860713285086,0
2.084211189653423,0.9163385995893615,1
-0.12762340313992404,0.6223170386505646,0
-2.0547856352239733,-0.4588619497218423,0
0.688044167892582,1.780172367257225,1
1.789072038518897,-0.7008805224773702,1
-0.7548338016010601,2.0823646266113363,0
0.5575872768898888,1.286002242479658,1
-2.03501843322416,-0.3290861472192282,0
1.5348129395019445,-1.5200550710994105,1
0.14691971177554583,0.6795488463374809,1
2.1600734812199223,1.042417143238369,1
1.1283900693099262,0.23266532844225352,1
-1.3751977005504614,0.7539269464423527,0
0.38279847845117176,-1.0953581599854212,1
2.1898301093992454,-0.9654472244476378,1
0.9302342381855764,-1.6794081458368262,1
-0.12307273831039939,-1.2838372544670036,0
-1.7073507054769232,0.7791199109279822,0
-1.688055785752375,-0.6136916726823508,0
0.13761154405324702,-1.9458566427559947,1
0.4340493633113993,-0.06472442754535312,1
1.8758063757850318,2.628205718690868,1
0.7709016540794935,-1.5484607886231072,1
-0.6597130007601562,-0.1880261525547734,0
-2.1296274466394673,-1.9719643743688673,0
0.525881142292578,2.1542016700573936,1
-1.6940655116999797,-0.8242051232093006,0
-0.16876507025953424,-0.3443881886801582,0
0.51930728398006,0.7469962657744164,1
-1.9041444098707256,-0.07488823201920686,0
1.0521901715285369,-0.27323720773495286,1
1.4953034660357039,0.39417540917035465,1
-1.3829463227583247,-0.8728018376930912,0
2.0453167589707895,2.327391076438051,1
-1.4605376873958644,2.473056879420249,0
-2.4498319664378014,2.0526460056179006,0
-0.5115145109293586,1.455412014606229,0
-0.5534873409097552,-0.1184167659399736,0
-1.541129658359125,0.4166343735863446,0
0.8839828676475219,-0.2358936420998649,1
-0.14231429340144947,1.5512798372486558,0
-1.9675093987513643,-0.12181353995044528,0
-2.198678087835401,-1.228784399210669,0
-1.4071902445441749,-1.0970200437030926,0
-0.43682811346220685,-0.509827582263526,0
-0.05577638377800646,-0.07501946270225524,0
-0.5708555848426311,-0.5419799306351671,0
-2.0103135757767743,-0.6011390658615576,0
0.19457326894564805,2.6377914996223297,1
-0.0368790651840533,-0.6983459814434663,0
2.6659442543290353,-0.9019330783330111,1
0.16557157904216208,-1.3174539154941578,1
-0.5470939949804117,0.6988905032857485,0
-1.8894935972827658,-0.8615077360738516,0
1.723580124164409,-0.5328205904876686,1
2.1089522291700136,0.5736241704192716,1
0.9858117313311657,0.12907883305611156,1
0.9369264531821498,-2.1628803215888825,1
-2.219903494159994,-1.1254943272605962,0
1.4742267954572112,-0.5509435215460128,1
-2.291851264159409,0.4942833198088362,0
0.6244157073169251,1.5412464470850602,1
0.7516372820791912,-0.5519601404324413,1
-0.5036956706253153,-0.6481739112836074,0
-0.9711435457662374,0.52160295857848,0
-0.5463031124749836,1.363377264513847,0
-2.2368025334277197,2.441561388769328,0
-1.3569510595067458,1.1923056135406878,0
-0.7682473099008776,-0.12242295522011193,0
2.175332743525448,-1.6795457462051644,1
-1.3789314440733076,-1.4037216170709534,0
1.9170204518054723,1.2285269903716691,1
0.26937178954079033,-0.9135125678167004,1
0.3657413865398378,0.8157272004026387,1
0.1876364507374317,0.1259643367038673,1
-1.3003631153959896,-0.04415074459577678,0
0.44931634701936596,-1.8385053694136078,1
-1.6952243692425748,0.46009280255251694,0
-1.1196585948161795,-0.9175982138080453,0
0.8965335394292304,1.553042362810165,1
2.2259347498385567,-1.6397937527941204,1
-2.0470844927579623,-0.5392146493806975,0
1.5724449386677946,1.3914265962168941,1
1.7150225007050945,-1.4263547773301584,1
-1.3810246018175625,-1.498231293066567,0
-2.5391395395248213,2.0021760017157,0
-2.5092841647081494,1.3122026862413594,0
-0.10825937272237807,0.252529214688471,0
1.886113555444861,-1.7325022059851225,1
-0.9724393155839612,-1.763824048236883,0
-0.8283591256768047,0.056053464721943336,0
-1.6292813200210998,-1.93343937318464,0
-0.6348816156959667,1.0971536032989162,0
-0.3704061135153246,1.3575240158920048,0
-0.48921721921571637,-0.18895905311959058,0
1.1209030466703225,0.8880547587747759,1
0.008316624553998068,1.692403054441629,0
-1.8088760025196873,1.7696503367591898,0
1.8818188974002217,1.606363208541591,1
-0.8403147520891873,-1.7476830141342456,0
1.3587586046010744,-1.3978965945940294,1
0.946203080122758,-0.246312506916345,1
1.36491507898649,-1.1143310711654242,1
0.636499166511255,1.524167744307976,1
0.6027363549474555,0.6406272882602765,1
1.531170238483586,-0.8887696071406382,1
-0.6233655440114931,2.1999150735645285,0
1.5736520248893735,-0.149467566852846,1
1.8276801860288705,-1.4479130775399938,1
0.6778173856683753,-1.9351713156792276,1
1.4492176509404766,0.6041564918384076,1
0.23140908678271638,-0.26266013487269296,1
1.19772024634293,-0.40759817138521404,1
-1.4728420603105596,0.3545272679252698,0
-0.3515343055169202,-0.5155912864910426,0
-1.9676407351589345,1.4893329637666577,0
-0.9334908814143338,-0.3576922495819242,0
-1.6868868250635,-1.0598889644042981,0
-0.12026006075505806,-1.074388494783436,0
-0.34208953350567595,-1.1692984805213724,0
-0.1733834682320794,-0.7325045621592868,0
-1.3990572511146566,-1.7289425908273808,0
-0.14118438623618998,-1.6388645978765193,0
-0.07010960979737808,-0.9683677224142695,0
-2.20021151309838,-1.5432631952405051,0
0.45690298656987227,-0.5302186804495052,1
0.1621004137221985,0.15074878716259832,1
-0.07884334365563407,0.3470277238014058,0
1.5829693020449713,1.4927310975902395,1
-0.47275135087741404,-0.9773071256896942,0
-1.1351499018999922,1.7664539674034736,0
2.0495370622594953,-2.003835672127626,1
2.1974170184789954,-0.6513226161522848,1
-1.8152151162031733,0.4447515854221902,0
0.8025675948040367,-0.5890715857130784,1
0.8509903793485109,-1.2991109852875566,1
1.1196958688031529,0.5828737799231465,1
1.7080974007300822,3.3657634368550626,1
-0.7467792731596603,-0.7471418001064332,0
1.6719352504848588,1.586809722180777,1
-0.27505695472172065,-0.8608064671087513,0
-1.9636904994947904,-1.9147016353852577,0
1.373754646130741,1.1778751706121593,1
-2.3054931014930515,-1.3897080043919532,0
-2.2807975315461233,-1.8638024506899575,0
0.9263919674248163,0.2665932524489013,1
2.5183810419451684,-0.28843361257976813,1
-2.1370231313907464,-1.3139780721134247,0
-1.4175958258115335,-0.6485348382933376,0
1.4559417390970455,1.8865866295226725,1
-1.409566159086799,-0.44780218409324474,0
1.0435820653374563,1.3494678856743616,1
-1.062114507832649,0.7213007038353353,0
2.0725773789410606,-0.877124263428531,1
-1.7045820371946876,-0.9239620998902929,0
1.0667746640638835,0.09253381571434965,1
-0.9448883358528783,1.525598997001453,0
1.3081828842098653,-0.4283439544585559,1
-0.8771405336722077,1.5485016758289456,0
0.738550278077229,0.48291519541543204,1
0.2818142019732681,0.8853129960913563,1
-1.224906094926565,2.4317650433491984,0
-1.9810997849302028,-1.3631490153316643,0
0.11502393059367157,0.3238499972211559,1
0.8930104481002961,0.28475600222939723,1
2.6471589264621356,-1.182575589370574,1
0.7095248666148892,-1.0203489977328974,1
0.9763697236982328,-1.196257181424341,1
-1.6358466587381069,-0.8816136701963369,0
-2.346361654736528,1.1540580102010853,0
-0.8266464067895568,-1.6342076066244675,0
1.190602037549143,-0.4808986885841461,1
-1.4080316385075904,-0.3222883615540862,0
-2.1625964707806573,0.1391204712873897,0
-2.382258870650579,-0.2934014871114322,0
-1.5531058672272655,-0.854078398954923,0
0.8905509020458243,-0.6187280914644089,1
0.7772392474435268,-1.8993588481650234,1
-2.00847861781817,-0.5201459460013675,0
-1.8143391591603968,1.4575684693423159,0
2.6403310062017624,0.69125357049631,1
0.06755521711013265,1.3230941387167734,1
-0.8851966108849688,-0.14627656145827894,0
-2.2522799846455928,-1.5850694332310638,0
-1.9755360943926106,-0.7632045738298314,0
0.0931429512828873,1.0808724297523806,1
1.013665209997739,-0.9963436492873033,1
-0.7278197141786781,-0.9523761437658581,0
2.3639521334846534,1.0952046667136104,1
2.9249471848608604,-1.3923953888290712,1
-1.3659761083326551,0.6245294684354671,0
-0.499244977246434,-0.695716032177679,0
0.8288213009187688,1.15449760859358,1
-0.45766161576079356,-1.3229661823751964,0
-1.500892208278068,0.5512733364605046,0
0.3876637044768636,-1.4748636826622277,1
-0.3413867159638121,1.094792633492712,0
-0.132729780047955,-1.20108720974317,0
-0.9636565713575062,0.20208442976292718,0
-1.139340597748162,0.47604764634845054,0
-0.7705083806874145,0.35038338965092075,0
-1.2871052604899145,-0.8002157050764934,0
0.9511046583585298,-1.1374094735671125,1
0.7326268338291857,1.3778056756350456,1
1.7428604573614639,-0.2965011409743763,1
0.499422326591191,-0.06915277211464638,1
1.9604068233911427,-1.5523602809929358,1
-1.6970619022308848,2.65192906769997,0
-2.2061501746094456,1.5586048533916181,0
-0.6293989833337653,0.022250293508337404,0
-0.7167546316987947,0.729917814662057,0
1.4261817978877618,-0.7524962289972917,1
0.35473225518251017,0.43471561600555186,1
-0.2202249928384378,-0.5601008371182546,0
1.216721960678736,-1.55597374924568,1
-1.2975749009128785,1.1487568887027568,0
-0.7740221775807153,1.460908494000634,0
-2.391436329493873,2.224183971671514,0
0.7092364709976028,-1.7358249903567327,1
0.31932853527383287,1.9755732415696028,1
-0.37519265270830215,-1.683292393005455,0
2.179649431085048,-1.3909127849684189,1
-0.8733463514503454,-1.3592730263506065,0
1.5306487625640255,-1.5634463189119234,1
-2.0573915825881324,0.06185345286627458,0
2.5503808136085646,0.8754994452345585,1
-1.6453445622309604,0.39894321972169167,0
0.23827354408129908,0.019524078797807598,1
1.8969757785107897,1.4280002450051188,1
-0.5586424319403865,0.1483810181686669,0
-0.2345848104713994,1.6027007079090105,0
0.2853128284280573,0.2910046592484744,1
0.3616897101723915,0.11731107674315278,1
2.278491685553658,-0.6140808261564707,1
-0.11077073188207782,-0.029728015161470944,0
2.0683307979058183,1.170675067073356,1
-0.14434459287616053,-0.360910137501,0
-0.48456698663425246,3.3276072467385656,0
-2.3869385202988416,-0.6197689475390982,0
-1.354992762913121,-1.0530849078625868,0
-1.6758363012449315,-0.7993360941489445,0
-0.018519088245529523,1.1837252095953303,0
-2.4945783617285753,-1.7361411254213936,0
0.16454464888156528,1.1145177357365488,1
1.9805394324453125,-0.1079621264371678,1
0.2111469837571282,0.9345413999205495,1
1.9069693286347797,-0.9830305904968348,1
0.1826853690033376,1.3965580138612164,1
-0.6693538829387248,0.9498504180068202,0
-0.793337826675368,0.6752132886952128,0
0.6744919467315563,2.170228015398152,1
0.37455629990120154,-0.274754084273144,1
-0.8464403905243291,-0.6175395925344271,0
-0.8733191314249992,-0.5548799931946334,0
-1.7869666314747246,2.248518908399641,0
0.012903082471601398,-1.6877119107102043,1
0.45915740979579533,0.8001504353973351,1
-2.4971736015713923,-1.912604100500792,0
-1.4514377308538664,1.8623988058790415,0
-0.05381907433436732,-0.9822137033939533,0
-2.307222094725322,-1.2107616392323313,0
2.524918471205844,1.4467118499540867,1
-1.2058730040571581,-1.158470165556805,0
-1.1223955117521929,-1.2124086019527758,0
0.16275554205638607,1.1508682888148845,1
1.158880890832672,-1.003988731324834,1
0.4648773686674724,-0.7973091454361929,1
-0.7022165992455257,-1.6107381369873228,0
-0.12145994413063056,-1.0296890237683758,0
1.3911436341204215,2.0835207107464506,1
-0.611353894712497,-1.2962719945475971,0
0.7721508249906246,0.7531001964884126,1
0.7024776802458561,1.408608017909339,1
2.6955672564876445,-1.473823356723361,1
2.2533835535686513,-1.306557649903724,1
-2.356799224012032,0.0013537617127171164,0
2.6759218350472596,-0.7549704641300989,1
0.5969549050976058,-2.0608625245211423,1
-0.9791113894471708,-2.0077932009411357,0
1.4267642466392414,-0.22286987205783582,1
1.1569578103528997,-0.7429646616519815,1
-1.9497567493621473,0.05669658728664606,0
1.4718578993316433,-0.3186092042494521,1
2.332260106586062,-1.1408766796502956,1
1.1888816809923515,-1.4244716463652898,1
-1.1238992846800262,0.42061736780813863,0
1.8092258691172094,-0.6723946737148809,1
-0.8140614533220746,-1.2481851898837097,0
0.3998166440143982,2.573845083906855,1
-1.9231560738627405,0.6838184446631234,0
-1.2048526087237073,-0.6430336519159352,0
-1.3723696197903164,0.9623810137906751,0
0.4066240476932452,0.18010855953115346,1
1.6023195473194431,0.20034424629468628,1
1.105218673232949,0.6463137856284348,1
-2.2414990016736587,-1.126755715358911,0
-1.493933851499838,1.6220299584609426,0
0.8637812982961125,-1.1610047245728754,1
-1.8346066453758758,-1.0611543251672404,0
1.9607412505479676,1.0827642365522387,1
1.8404925897074331,-1.9817191585806029,1
-1.3518025389177968,0.19463402624696213,0
-0.6286255508934223,1.1319899072751092,0
2.0361126627114716,1.7112008254061748,1
-1.8673588626431465,1.8381669149636122,0
0.9699471854422365,2.6023641620272637,1
-0.08055319615297718,0.17109300749120504,0
1.9939548854577658,-1.1715752313907504,1
2.1683521771919723,0.4128922595425152,1
-2.457303145759348,0.6304822854200983,0
-1.5022909443779546,-0.13946649734746241,0
-0.8685273350879047,-1.190203813297807,0
0.5427055727027458,0.42972647889473936,1
-1.9147044910927187,0.8076329348141992,0
-1.49254804290501,0.3350490493555093,0
1.3199897298536822,-0.774295975785538,1
-2.5156277430478324,-1.1706922525944687,0
-0.14719430052323773,1.7541741542515963,0
0.90552807686573,-1.2006064149504212,1
-0.9404048173427976,0.21622335968127904,0
-1.927342023735946,0.5408173201461391,0
0.20089530660641977,2.845989381933934,1
-0.005201131997406568,1.0268025049002403,1
1.6811903500760177,0.4437540871299174,1
-1.8838259819133825,-1.0328855824358327,0
0.8533695154192197,2.2585187962182736,1
0.18308252686123797,-1.1604667235700616,1
1.125417020088984,-0.13921257990681712,1
-1.235898075511794,1.646961464588288,0
0.44455440767737286,-1.5608186212183655,1
0.8424135270578562,1.4758002064988331,1
-2.3123161528022425,-1.3936804873635094,0
-2.602674091519178,-0.3763790565640667,0
1.8850429597709097,1.4585096455153401,1
-2.040530706960732,0.12960017828878645,0
-0.9212328025043279,-0.1437001123391826,0
-1.3123634282405117,1.138682017343771,0
0.30155317845320817,-0.37250808675610025,1
1.5794924637022534,0.16612138395741027,1
-0.20618415488391867,0.9480933826894921,0
1.4933248725005048,-0.0664769556571172,1
0.9437013181365279,-0.33163471044559034,1
0.10028568315202445,-0.62566095220726,1
0.4225068455384481,-1.2206080200920695,1
-1.351968852688179,-1.636343632361605,0
1.1781508143518233,0.6892019225828802,1
0.39867109905033027,-0.4390169253635329,1
0.1387136016169654,-0.47697103637670424,1
-2.2893529022800565,-1.6231035820051778,0
0.9975467826623322,0.38094115052023425,1
0.24258745568594411,1.6448365061932426,1
-1.934492601291041,1.5991434888038243,0
1.706874700593753,-0.36612366620397135,1
2.2721684037162704,2.4626631773559877,1
-1.1848407830476975,0.5085898788660078,0
0.9334236430415497,-0.2740019484197835,1
0.4644838271417657,0.05919611768304062,1
0.08521355548654438,1.9297984428074515,1
1.2933527170941772,-0.2700830013556426,1
-1.899308561211491,-0.4691592581777677,0
0.6959720016108807,-0.7188378911603465,1
0.5561233720547154,0.1134774978061695,1
-0.5349658971423434,0.08517501201633093,0
0.33982349655849264,1.5744892781856863,1
0.5937198953586317,-0.8137155458253313,1
1.707416182723755,0.8760423002868959,1
-2.22171072804264,-0.7114794506750812,0
0.03725270286278058,-0.8549261137359464,1
2.389182411505015,-0.44814289209990726,1
-0.6580442577138049,2.163755364616526,0
0.15677628553332126,-1.520026378620622,1
1.9168179921062725,-0.8325318461524962,1
2.0282715897190573,0.7647110867023587,1
-1.6178357567867236,-0.38436246069773633,0
0.8780446368333383,-0.12535167071755351,1
-0.6737650967621768,1.2361823012143804,0
0.2659640898077067,-1.4344489528540412,1
1.7919338463311405,-0.04515229328096687,1
0.8401425226638681,-1.4194509190549018,1
2.4345797115543144,0.280421848808142,1
-0.9509137360616573,2.6264984253431036,0
-1.5144184997939927,-0.4942778330848615,0
-0.24491042685517106,-0.6594014665136163,0
-1.3968266017500661,0.19436867835781724,0
1.0963405231883783,-1.3207367634863374,1
-2.093289612834265,-1.5779606549880736,0
-0.0006095271049339323,0.16063048426438398,1
2.471628335683384,0.8817777149001275,1
-1.9254134209811853,0.40023088198954593,0
2.5718390110974436,-0.45840669796072747,1
-1.2894332976407046,-0.1559995759887389,0
-1.2008645677127598,-1.186987150293172,0
-0.6951046725793515,-0.26280337135898196,0
-1.7818609649813277,0.07407377383076935,0
-0.3712775391908032,0.5488020016395383,0
2.126998238945926,1.404072149851201,1
0.43153937029990574,-1.940914955284125,1
-1.2856834142898423,0.32275036296532045,0
-1.554011791458523,-0.26993901359127515,0
-0.7559763696741715,-0.013249970833646263,0
-2.0421245418833043,-0.5635038390274372,0
2.2918216333220416,-0.5521403949469839,1
1.1663211930196455,0.200395543460689,1
0.6940185515854371,0.6650530568663081,1
2.1310723212579514,2.3423738383820827,1
-0.7110512761546743,-0.07279335381219149,0
-2.0977852910600148,0.008590628365583886,0
2.054933313390089,0.079040755582164,1
-0.28926059373251467,-0.3970275274534878,0
-0.19105914752946335,0.6782816518310059,0
1.5587505262154342,0.8099879114065737,1
-1.0672168776769515,0.4680974500531102,0
-1.4334109468272032,-1.5647755819237843,0
-0.39585346915872477,-0.06101136858495737,0
0.5135813152144881,1.4470800627230838,1
-0.8272634732615899,-0.0862274361385642,0
2.6159657085550996,-0.9295608540797669,1
-0.5824994075996772,-0.351166043771456,0
1.6727082259799206,-0.4937684776421748,1
0.0202991325502786,-1.4215948108519774,1
0.19340613361399675,0.6407226998959721,1
-1.263622843473444,1.8034842478260726,0
1.8932148970758107,0.7836359662422029,1
-1.4943693792048072,-0.5205343377293884,0
-0.6220827853191274,0.7290258260917207,0
-1.2956422621875554,-0.790147080367076,0
2.5404820349182105,-1.2103195068811798,1
0.6705937263541284,-0.2826003863593165,1
0.9995200464213414,-0.4134558535865319,1
0.9716259726518507,1.8534190329480094,1
-2.0697685976491327,1.4312044848947698,0
0.2777213659806965,-1.1167856063094974,1
-0.9405317200715839,3.3073904964048535,0
-2.005348185820018,-0.5649530101637046,0
-1.2565417026352885,-1.0613448905454734,0
-1.53774268812582,1.1089536755458496,0
-2.3039007247773267,-1.7712971747062283,0
0.4964804227452062,-1.0252787180779288,1
2.4315835600423967,1.1184916612796845,1
-0.6974128445464836,-1.352128552279011,0
0.6652324137717015,-1.5961119761320441,1
1.1439522356868994,-0.7215655604237399,1
0.15062445418514764,-1.2210597931866913,1
0.797264340454248,-0.9286809912942633,1
0.11578793683605913,1.0777239557825466,1
0.7176903081804823,-0.770668088238954,1
-1.3781381840361695,0.22038615019183705,0
-2.1301804286171895,-1.595686320118332,0
-2.0172939377914534,1.5483922909983208,0
2.0162786139455235,-0.1633413401573536,1
-1.1854095480594269,-1.8557407525739897,0
2.147923447634485,1.905542419313183,1
1.2270877530404771,-0.1962785021318751,1
1.2947324534662539,1.276906985003945,1
2.741454858690496,-0.1690339607301983,1
0.2853344590612089,0.9276661152264057,1
-1.4443924934434582,2.138453988118485,0
1.436130444267723,1.3882414229951263,1
-1.7470416179914645,-0.5333391090062229,0
1.2628176143599248,0.6910161070484951,1
-2.1062305509420054,-1.9739824051078672,0
-0.4895593147511019,0.20056869356614904,0
-1.3412993285704706,-0.47507966349915615,0
0.32473056961481306,-1.5313087776606613,1
-1.9703028583012234,-1.0462997364714792,0
-2.094740456443583,0.0881293539467844,0
-2.2443330527884386,0.9988578014527049,0
-0.5243276622302473,-0.1543522853451089,0
-1.3968347468531326,-0.689379489476535,0
0.9440327773371635,0.18092422460428448,1
-1.284009940611415,-0.5764771654212059,0
0.4526540767047066,-0.7441889008667573,1
-0.4952462699944803,-1.45126184338559,0
-2.212251379696331,2.4033434410219043,0
-1.0705169789683675,0.19297301665690048,0
0.7219210974031325,-0.6850322118323594,1
2.2599311727125366,0.983511632590586,1
2.682686691265801,1.2445482090240518,1
-0.7067496125652939,0.010460034293434894,0
0.02588216115482281,0.28389746469196264,1
-1.9147631153524147,0.48633525815818934,0
0.2822820452911313,0.7113125693394048,1
-2.010301547005818,-0.6817178714268779,0
2.3606329492537155,0.8486455880231397,1
-0.2642867497659579,-2.0767886239051716,0
2.4311917454720273,1.8479697497808698,1
0.636642776067457,0.10094792467932079,1
2.43720643047935,-1.6381223713613098,1
0.9410620042248001,0.050910908665364685,1
-1.9067937039766139,-1.1543694715914299,0
-1.9001743294292324,0.1890005607587214,0
-1.6629689840319095,-0.5944648354701545,0
-0.8034096711666977,-1.1606866139161824,0
-1.1939275338264925,1.0112287165543528,0
1.3782359750430597,0.2651848293836264,1
-2.3824513527534608,-1.337197879222812,0
1.249547754617985,-1.7541160631443704,1
-0.4516197032632504,-0.40120155440672484,0
-1.0594273278132527,0.3809379075528402,0
-0.8689589611208145,0.25858315487159256,0
-1.2423533814323475,-1.7903202380534378,0
0.38829962436955634,-1.023036158077515,1
-1.4439794912731703,-1.3737667893075152,0
2.461550283510033,-1.486684535213652,1
-0.8588253538806864,1.2541272138227253,0
-0.7467005417984265,2.3645164604162296,0
1.4327581566267338,-2.027215957212062,1
-1.7319419939800893,-2.040061157456894,0
-0.5512942207465374,1.188973365978983,0
1.2332031303027702,-0.7659609608562074,1
-0.41930198410804054,-0.5175032444410248,0
-1.3745415899818088,-0.6616548867046873,0
0.8830616324219691,1.3606911790386156,1
0.5057689321875316,1.940922514304742,1
-0.0008004459144843194,1.115400291810607,1
0.3204358886955839,-0.09678399411421962,1
2.7648299366432103,-1.758776264604157,1
-1.3553490501848726,-1.514061609518956,0
-2.3941961906684353,-2.207692617816572,0
2.094237174238003,-1.4674874592123932,1
0.5464633589691542,0.20350990095925325,1
1.9655380206601092,0.6699822479229841,1
-1.796563403016904,0.11082428518879889,0
1.6666523571987693,-1.4247732913189965,1
-1.2686131750971865,0.6264162032128129,0
-0.21290492139428113,1.5185263424658997,0
-0.5838377063915602,-0.08874139556439437,0
0.7881377523861863,0.27612813892808674,1
-0.09761901665393999,0.03484068319375322,0
2.178181994415354,0.27594059913336366,1
1.4564628782992777,0.5831693849122714,1
0.4087331182241972,0.5920269995886434,1
-1.2292899352162237,2.0380132423057478,0
-0.4672180599522654,-1.1507410521500674,0
-1.6238978901335621,-2.009367175947199,0
-0.7606663478083864,0.11261519273859283,0
0.30089053929764475,-0.9619845020185787,1
1.5226654246149267,-1.6876309878091655,1
0.336583226543813,0.210106190721418,1
1.8355766410484062,-0.5209107916595734,1
-1.321343104419519,0.5584443683634739,0
1.761874835324938,1.671966301987454,1
-0.40366662821888366,1.248353409525559,0
-0.5037538342308949,-1.1416063802392113,0
1.6970770479776367,-1.2796088100407037,1
-0.339769782358625,1.082488725352437,0
0.5785155285049113,1.5746265749412958,1
0.5997552745688297,-0.8286455648355198,1
-0.8521676669652917,-1.6106771873122003,0
-0.06112561721969194,-0.6521973735820283,0
-0.792925364278715,1.0556539060984198,0
-1.2035877503621828,-0.8621293550566619,0
2.3721505164381655,-0.7896144068538373,1
1.8548731737679884,-0.6090743262444597,1
-0.8736117143904507,-1.2279396918870884,0
-0.7538035328512471,-0.49944386124716755,0
-0.9241924768492809,0.6647744535656194,0
1.7401166307279943,-1.70146895444651,1
0.03449560293816793,1.5185740506394438,1
1.1914550759493447,-1.8573153376078886,1
1.4658395516507454,1.8464821004072234,1
-1.45672762414739,-0.6594742498874895,0
-1.581001425491331,-1.355045108368873,0
1.1986667469319463,-1.0323607142486981,1
-0.20885447426164921,2.0151376416008815,0
0.37183514088261893,0.2065828832928691,1
1.3036303386827124,-0.4879819961624826,1
-1.854961487812791,0.05835884024794252,0
-2.042592741058852,-1.6419376074507794,0
0.8587467237882199,1.4575319739968475,1
-2.294174738874944,0.5004965029620526,0
2.549609196140897,-1.887659745573679,1
2.511359443559477,-0.1847606117205144,1
-2.4879058343988403,0.5132835806803603,0
-1.8207155037191851,0.02961401919560358,0
2.2246579730740548,2.1157774954783912,1
0.8328841418112949,0.6573430616999377,1
-0.011450338696917051,0.9950802196914258,1
0.14102083834609722,0.9365218479125615,1
-2.329728402700604,2.8715325705542707,0
-0.5350731952684381,-1.4327653306070824,0
-0.36041026351534355,-0.8508351535046843,0
0.6849897459443155,-1.8343662622974835,1
-2.4156396497132375,-0.9468847635674813,0
0.37339635014951544,-1.3179953933218091,1
0.40937847727583243,0.0030831212329524016,1
2.3379068029425643,-1.2016866315828443,1
2.2188448108839323,-0.7700161911677197,1
-0.351373958521215,-1.758433179312278,0
-2.284331755357266,-0.689877760587992,0
1.0053540148641151,1.8525077143679485,1
0.7990531807410927,-0.9247428558729276,1
-1.7759387599293184,2.8405450128944767,0
2.0157510040880533,0.7761037005967703,1
1.2839007894884589,0.8595633933701613,1
-2.1193845665406905,-0.5696834081260638,0
0.03336913620197321,1.1038686873243835,1
-2.0244033261548333,-1.7829996840337068,0
-1.3754058910457485,-1.4453627950116084,0
2.206323761225454,-0.00921878491040623,1
2.043236974926157,0.2940761945712532,1
0.8926646029229296,2.025560843563864,1
0.09867200329339601,1.555038221730097,1
1.7699064992015139,0.6571423795849342,1
1.6422671474827588,-1.3655551703643782,1
0.1253371930378933,-1.6739360398325873,1
-1.5390012041408494,-1.0712680374102743,0
-0.8451665435822707,-0.5440407872896089,0
0.473793214885751,-1.696348915410701,1
0.5029921492669794,-0.04212590659762555,1
-1.3883154726351914,-1.7075912512092963,0
1.2020819292731022,-1.543042627802362,1
2.0473634499910536,1.3342214139877786,1
-1.2688668361813833,0.7612359740999669,0
0.30412429793954876,-1.5708629470706734,1
2.1119823390693644,-0.312253114287556,1
1.773732790590304,1.4038908560199403,1
0.06789589313683175,-1.017890230465196,1
-1.5516084025948573,-1.6633371753811037,0
-1.691439911254462,1.8244121653413603,0
-2.28351067961217,0.4488486350692318,0
1.3397647019350056,0.31809237718913086,1
1.2388754293924258,-1.9416269766404382,1
1.671981365420101,-1.1477004979453587,1
-1.82221869313823,-0.48487170074541625,0
-2.6067559624405985,0.9374714635946527,0
-2.1903157116142165,-1.4402903241496992,0
-1.9114970814132397,1.9880868778655998,0
1.4811414482427476,-0.2348094771116635,1
0.21794922359161903,-0.2237841172867671,1
1.2636054359714053,1.4142371133929514,1
0.3159512260807812,-0.06540348638780741,1
-2.528254372633804,0.9925045546211061,0
-2.2437308464261516,-0.7749959535444964,0
0.455367026007939,-0.10650801973709567,1
2.444902032727052,0.24854941121880259,1
0.7190659359735426,-1.6229330983461208,1
0.7557508756489116,0.6342928551078912,1
-1.486561683541787,3.271829473315355,0
0.35944645405896036,-0.9501126700711294,1
-1.5711398435555526,0.5955947822027151,0
-2.1036072931224195,-0.5826670355920951,0
0.7473965024598859,0.07478281458899744,1
-0.41815617443420683,-1.238841064552598,0
0.3278384711622264,-0.3995222140292916,1
-1.1805436891824197,-0.9013647749799021,0
-0.9936390884799696,0.24793342677068197,0
-0.3520674057675134,-1.340917777867049,0
2.332749213437125,3.1361789686408885,1
0.24054854861845862,-0.9073343109071433,1
0.9007583450523731,-1.2241118462655316,1
0.12406911449202035,-0.6455307824342218,1
-0.906153056879473,0.5414935640097823,0
-1.5642987796654604,0.8535659729169102,0
0.5110387488956506,1.0432446779724884,1
1.823177553569392,0.3249704476981087,1
-2.4448959135452784,0.2643054232155405,0
1.7368245069603172,0.620633621422002,1
-1.5211247886381014,1.1515866486164428,0
-1.7549590127896546,-0.2206459686218437,0
1.9088875308944169,-1.5931747849089768,1
-0.8501471809943739,0.2610214141236691,0
1.194466884333493,1.8670393735439132,1
-0.4082136537047566,1.2966750623819938,0
-2.615587018842379,1.4893610053905353,0
-1.9470207615803532,-0.27694342737123057,0
0.9558071693666093,-1.2866330204690852,1
-0.16311528984278065,0.6158876717890156,0
-1.3358526196636942,0.8215850227576095,0
-0.955710347966202,-0.2814270626463402,0
-2.631336390892689,0.3613920569114356,0
-1.6604238074362536,-1.2065622407505905,0
1.9648143679690742,-1.1539741405921007,1
-2.0416880792472383,-0.6485573863426963,0
-0.08014763632184353,1.3641066137990734,0
0.41816225739589163,-1.2333399368541325,1
0.5327230567986353,-1.7220424613786354,1
1.8671120198316868,-1.0575869071999926,1
1.229350633154411,-1.6061898855117196,1
-0.6627254486788157,-0.9080626269162412,0
-0.19108315312444188,-1.4305855535575644,0
0.6397254365677371,-0.7095127737692818,1
0.9565583284407925,0.34250194129395994,1
0.47877624530909835,0.27809535483680337,1
0.604220891792916,1.7276402317307684,1
1.2170500107196751,1.800173196754137,1
-0.17975004147483556,1.1993575527195683,0
1.343115283933126,0.2680465669724901,1
1.706254896935843,1.1580331091521021,1
-1.9880513154990824,2.7669140391475113,0
2.719183427349916,0.3551043242701917,1
-0.511985229229746,-1.1497819775354405,0
1.3843399747027136,-1.3356930418381503,1
-1.8778602753705331,0.5447925403211937,0
1.0085013182131655,2.2671778349504352,1
-1.4964835031176862,0.48911926455172927,0
0.8193604902576882,0.5418756300973009,1
1.8988034330231325,-1.3175706633618927,1
-2.2074556536096526,-0.41702783098122137,0
0.6758483702800336,-0.7355811339650281,1
-1.5957808497296146,-0.5690164623899627,0
-2.0373297631973486,-0.6732769490858632,0
1.679538676278775,-0.26898194698383965,1
-0.4626301784737985,-1.3670233130597107,0
-0.5587269145165201,-0.7019961316103731,0
-0.33660854521708206,-0.7086248392927017,0
0.9263675284665371,1.2126761488882454,1
-0.8725909182327736,0.07812135810890475,0
-2.1013504895817343,0.09728928634352046,0
1.1028839918939044,-1.2645354534645667,1
-0.3135594973427698,1.2348856750212724,0
-1.8933154316194973,-0.6259992941280382,0
-0.24511155274869662,-0.7378063511671245,0
-2.277796840492311,-1.492849838520602,0
0.8236092805199371,1.192972894796215,1
-1.6387414566376513,1.271788240200769,0
1.6618807424300912,-0.6606472601015667,1
0.10065223098100366,-0.4964890383766981,1
-1.8013677761665923,0.31346751035677667,0
1.457968655872186,0.8866332111072069,1
2.2893536032841664,-0.5607570340123567,1
2.6196005651127905,1.7521472191713618,1
-0.3884386849896543,1.4761953593740702,0
0.622123112885807,-0.020346675032587136,1
-0.7295148291826682,1.1738310337042952,0
-0.7195728281472477,1.1740380720519954,0
-0.7506394036643975,-1.038407067914871,0
-1.8617010133529197,1.4499949820682319,0
0.2747499499321149,1.6744758597757556,1
0.07262226383770268,-0.1635260637221121,1
2.554631430719541,0.8981177596238564,1
-0.8390569378520845,-0.9835756934472911,0
-2.039028055992365,-0.6148439018941754,0
2.566978984803033,0.2922246444093275,1
1.4034464487999623,1.224112549278586,1
-1.7246850989388898,0.4394627480438198,0
0.21076838703880432,1.8342587696349093,1
1.8286167876167532,-1.4381335614610067,1
2.0658763791116104,-0.08467062832535643,1
0.5699657984783807,0.06604834693929812,1
1.579820169897935,0.01970416687073573,1
-2.006961114811972,1.0984649035660188,0
0.024150477190491442,-0.4434697128636595,1
2.5952743831729244,-0.7783455524643131,1
0.48119285500778486,2.471840953402026,1
-2.140858280225132,0.2345615378691538,0
-1.4273253657960643,-1.9285951564895596,0
-1.8028780440166305,-0.16411292786984347,0
-1.8129423820106836,-0.23737591729383806,0
0.898302973959201,0.7672500565974835,1
-1.7471753282956188,-1.7910669123668406,0
1.8842807615427393,-0.012913146416272614,1
-1.6145273387886296,-0.39363109323550055,0
-1.6164399226430985,0.49483133134697166,0
0.8346856735023156,-0.3523441673103781,1
-2.1862118551424947,-0.737904608580586,0
0.8548382911740692,0.9186172434077317,1
1.3452932679382892,1.3636723078729847,1
0.9526686200809373,-0.4189105910242279,1
-0.18803779091586278,-0.13940566157718667,0
0.8547115318501256,0.7516790001103001,1
-1.8862981045710951,-1.3960335214519728,0
-2.2278844314790285,-1.6141721345934879,0
0.9011562898596074,1.646968635616005,1
2.109307901761415,-1.1084739996430208,1
0.7809536631146413,-1.660879208199785,1
0.6475386371214176,-1.7992209422099918,1
1.07621437970913,-1.6504202544888078,1
1.41280374834449,0.49993123914512994,1
0.7198687124891526,1.2631152595456752,1
-0.8891851701192345,-1.3057103311973917,0
1.9448141416639626,0.6099242432127674,1
-0.8566025859527129,-1.0883764217874772,0
0.605395300625504,0.9766917264180955,1
0.15098812583477758,1.501514867281105,1
-1.8501296393768958,-0.8947612193981692,0
-2.4138342058411366,1.014503629423403,0
-0.8949156966218069,0.6133136847484258,0
-2.3292815397797484,-1.700246808702429,0
-1.707718440599357,-0.9492358508777174,0
-1.0079843802387636,-0.1890725022527561,0
2.2141903636704447,-0.03028095300014827,1
0.5265060002075703,-0.5971230454314367,1
0.8833805392263331,1.0703511966715729,1
-1.6806023579226315,-0.7412307386563175,0
2.8358434894415487,1.1452436519834102,1
1.1005276334434497,-1.35481698858099,1
-0.5952329515376722,-0.006132789826710838,0
1.3950066265932357,-0.8454582765187908,1
1.7063589974119853,-0.5828629853969471,1
0.5095274492706018,-0.7918860817685074,1
-1.1487783603019468,0.46024297464393327,0
-0.03884311002075855,0.7644180454649042,0
1.395420925911626,-1.7333279638374077,1
-1.9577063148338576,-1.8325643186339464,0
-1.9098483335120593,-0.6178126502299025,0
0.15879800819040504,1.5804876804738646,1
-0.07870161327524865,-0.4197024109030723,0
-0.04375878733659863,-0.26515680083287285,0
0.6412841093183717,1.7100500980801092,1
-0.3493115599115941,-1.6101165253550453,0
-0.8925383529186481,0.1475027310410847,0
-2.522276863134659,1.9474692513068943,0
-1.9812296476723097,-0.3290170807409981,0
-1.644176020878382,-1.977109706592366,0
-0.206926564633544,-0.9881520689949513,0
-0.8882812451742699,-0.8041536330343688,0
-1.125190817350423,1.045237217125539,0
1.8859750284757775,1.361530057297784,1
0.19649419662672815,0.8332533177833451,1
1.3516186979370703,0.047393409512580975,1
-0.7883797530948145,-1.842986532361297,0
-0.44934468230135693,0.25767436217441664,0
1.525067346089865,-0.9202552923844874,1
0.21834549335461306,-0.7331913554014243,1
1.704567018794764,0.7224560122303209,1
0.9785731614873958,-1.0519156843181539,1
-1.7817032421477381,0.9377956186573716,0
-2.0886335056274596,-0.9771535524509473,0
1.672371513148331,1.204055992890312,1
-0.21340730941473118,0.019647498229790172,0
-1.629797747971242,-1.3247834550426965,0
-1.4842636283057316,1.8968518759403241,0
1.3803311781337915,-0.5473182855647525,1
-0.30305208909865156,0.6568285967584079,0
0.5437278255420291,1.5169310005167458,1
1.0187014352365187,1.675372229150656,1
2.264037280775609,-1.6953867770161248,1
1.0669559106807744,-1.330388614697942,1
-2.02876510086532,1.5563980254126042,0
0.9172152189713905,0.27082661306104006,1
1.6191863612582575,-0.7027575562530544,1
1.0097345224352166,0.8213475280447945,1
-0.30385999689151455,-1.5205560250192165,0
-0.7899717142653214,0.2557800061708764,0
2.3998638882874155,0.011876897792729602,1
-0.8741953882464998,-0.5159412095918252,0
0.28985511501354877,0.6061485919467791,1
1.3507923339962071,0.18051049959396093,1
2.1085657171295433,0.9887184468198394,1
-2.0840649619157348,0.9167046929091914,0
0.5317715688482652,0.3018485354925504,1
2.536416411996161,0.1504881056041334,1
2.32135828659872,-1.0405456228446144,1
-0.5092787130338293,2.0251211201244277,0
1.1876228809276568,-1.2173419114537722,1
1.094215434712474,-1.5092141786808568,1
0.5358415822458384,0.683920914549759,1
2.599843782388575,2.1073610673445313,1
-0.5839380142599867,0.11716250799832706,0
-2.2517976512746154,1.1790485312547596,0
-0.16250898241773187,-0.38053546779470154,0
-2.0784601825767726,0.7256018923805586,0
-0.5715912702526222,-0.9316172237856395,0
-1.203188586339155,-0.6001230217532313,0
-1.4192972826671804,-1.8085018094909118,0
-0.03879987488434801,1.8819940453152686,0
-2.4092509522089793,0.0352688534619342,0
-2.2296753396843845,-1.1543010898435457,0
1.170149066129083,-1.1115273281154492,1
2.0549393481420934,-0.5130130842606706,1
1.1224051291509027,-0.5075555604357206,1
1.2319356416556393,1.1732990742077987,1
1.7624374748765486,-1.259179703815359,1
0.18332419953027074,-0.15982053306411723,1
-1.4017933737478323,-1.1335366415434964,0
0.11129199920602036,-0.33732306253280725,1
0.15313943666654772,-0.5396648020300593,1
-1.3429001270881364,-0.4577152984993581,0
-0.5783239424687592,-0.31866554991726603,0
0.1546698275734495,-1.240126410021546,1
0.7220928512166189,-1.0424710765869887,1
1.4402201206278133,1.9155768068772345,1
1.9026086728312683,-0.40394126685586107,1
-1.8734583781021905,-1.0419989257692421,0
1.3526836940528553,-1.094153283708363,1
1.540833228559506,-0.21228623860933937,1
1.4054059550269256,-0.9678013154126048,1
0.5582849639198462,0.016717118371453565,1
-2.215346345236451,-1.9996364066634507,0
0.45112024098278336,-2.1802463785911774,1
1.4586572478629818,-1.360436811154758,1
-1.0359584583507884,-0.6735510687218983,0
2.571070145737056,-0.24675530158393072,1
-2.394598168417191,0.41540441236972236,0
-2.3081117789908463,-0.16392687799294853,0
-1.6794730952822003,-2.1068451169723543,0
-1.846389559760584,1.6989638940412428,0
-0.6389959661584427,-1.817467094564099,0
-2.552634043965541,0.32448942446105045,0
-0.6097540161344375,1.3456164824577526,0
-0.024147677350531655,-1.8134743573848282,0
-1.9714019008992374,1.0594563069847105,0
0.28806881217844715,0.7080604068143811,1
0.6226730165235018,-1.1773151335272298,1
-0.6433894931157119,2.5168652968571528,0
-0.262258737207965,-1.202256825029654,0
0.5916213883097832,0.7633806803139142,1
0.3826176756653814,2.54126636910216,1
-1.516424421224767,-0.27771810624455007,0
0.47188574077668966,-0.004822365616056423,1
-2.454726857534321,2.013955542567187,0
-2.303268754472898,-2.120477978389404,0
1.1090340537863321,0.6068442260530763,1
-0.8311120731188257,-1.079224850849767,0
-2.0824421797812187,-0.7842742254772105,0
-1.5750484088540597,-0.550000887525871,0
-2.2504695562315153,-0.25144678125198394,0
1.7402996383989067,-1.1868258332733017,1
1.090238113027659,-0.7391045522697643,1
-2.458902635928947,1.0952490044514929,0
1.2630893940091512,-0.055132955676216844,1
1.4057300540308841,0.7712568275939399,1
-0.7827449086873574,-0.5830058038738488,0
0.4292131386253336,1.1254363616720955,1
-1.696012151200453,-0.29302208067493013,0
1.6344264026079645,0.3608217960013764,1
-0.3435704285852955,1.672641328098364,0
-0.9468546009084567,-1.0502206836512156,0
0.43576363652148975,0.48537655830348636,1
-1.8749518509781857,1.4165982641183121,0
-0.6527799840651604,-0.7171026587740013,0
2.3780357197539663,-1.1988760750149954,1
1.7225044319131533,-0.08039139585662008,1
-1.720064307482258,1.8961121260535911,0
-1.5427707909125314,0.9186881938891412,0
-1.6384232245245962,1.5803343202151838,0
-2.0308456794985985,-1.4879913378231735,0
-1.5300756534653537,2.2185992805201646,0
2.0749754993105647,-0.11537473215170874,1
1.5235401018005563,-2.1431591244398103,1
-0.18469444653751668,2.3893994002259373,0
-1.4356342540221507,-0.27404512545818527,0
-1.0645798745229456,-1.5491743381549754,0
-2.425924349047727,0.23464542105336617,0
0.3353496691517819,0.5504713642097424,1
-0.5910258469225098,1.4715022726769709,0
1.2250448144554669,-1.0134250663193236,1
-0.33554450504745326,-2.0112262286552647,0
0.026192404336262725,-0.38025745737004174,1
-1.9937889183367332,-2.0659356367592268,0
0.28484011821424626,0.9815293869050535,1
0.6597907397074972,0.6187325324752627,1
-1.623206650671806,0.3283272102671265,0
2.0658017398500363,-0.5320697776015734,1
0.09709928076497984,0.6636592992337472,1
0.09179424178887813,1.1710756638511106,1
-2.2130029773562856,-1.759973367654895,0
-0.8951329958777668,0.7032196683791471,0
-0.18377035754191132,1.4694893701989744,0
-0.7622263088021689,-0.9823109666709604,0
-1.9816905465249113,1.1583592261328701,0
1.0487014932677299,0.6108504004950636,1
-1.6048497127435883,1.6140793750149034,0
-0.7495601856826624,0.36183560058701403,0
-0.11674565518291993,1.8190887511074303,0
0.7048425903151514,0.6781514320959888,1
2.0576252343357586,-0.7441651986402467,1
0.8828884367692449,3.0282897501359525,1
0.0824437349895352,-1.8992748573336544,1
-0.19903442560416304,1.1683053311900946,0
1.4390662338502769,0.2709460442271222,1
-2.302810028047602,0.9632785560821299,0
-0.4038354032181135,-0.20688582974660222,0
-2.352688328462012,-0.9953806861945983,0
-2.2198248463114676,0.9667886015813371,0
-0.3722218340786957,-1.8116375404745888,0
-0.3991018183363937,2.5782798407046346,0
1.9170789875229588,-0.07813623160019462,1
-2.1573356080793418,0.7104000059462622,0
0.5073938780810423,-1.4201058882559567,1
-0.006054900364007203,0.28139669815091806,0
0.6273166510742986,0.07988110566757833,1
-0.9179739066238418,-0.05156687334409177,0
-1.9398000703514462,2.1457854959809466,0
0.8822302513957053,-0.5241272685385934,1
-0.034903762669430155,0.8439216915670079,1
1.4180574299147077,1.1916195353458554,1
0.664414750931848,-0.5379943237474949,1
1.173370306614428,2.5563011025367475,1
0.2264917388600933,1.406615925519891,1
-2.4259775857535018,0.7360153975369009,0
-0.9571576550507755,1.183958420052896,0
-1.8653323491937865,1.1070666160293752,0
0.27473806297913617,1.1689106722926406,1
-1.42215055725945,-1.832020063024387,0
-0.9876391350923489,2.1803977036906703,0
1.0298798539843717,-0.34433806037569514,1
1.5960922617575033,-0.7869028373520915,1
0.06994283226357417,-2.0163410983009453,1
1.849406120314544,0.8353319391996107,1
0.0839985958296452,0.23651705075948104,1
0.5259968058567257,-0.5237570758064336,1
-1.2476266342206148,-0.5716122548324262,0
-2.2475579257697964,0.5881368049976177,0
2.341486582245586,0.2375095619156693,1
2.2259601370625943,-0.0027895591571820977,1
-1.4204972232988367,-1.8926154449041106,0
1.744534301019371,2.1371985844485035,1
1.4878236825709614,-0.6339412985601318,1
0.7666772637793824,0.089152197390172,1
1.0508354737665668,-0.11917485782283319,1
0.9437950517783666,-1.2114791288286761,1
1.0363562192985414,0.1652421918236724,1
-0.08058294033283421,-1.8215816654864359,0
-0.48440325500659964,-1.3295615000965506,0
-0.8111801276916623,-1.1094308486469515,0
-1.3992268249488011,-0.6667694993225846,0
-2.058065838560578,-0.799893329497533,0
0.4210292310636071,1.1534004275135032,1
-1.5334502532216465,-1.5999356035844663,0
-2.110357673049538,0.03228240941227789,0
-0.615767952006625,1.114625755620449,0
-1.0328835888288836,-0.509910576572346,0
0.5749237794408517,1.3294164848316576,1
2.21227800423799,-0.5391470493832317,1
1.1011441373911541,-0.6528024617598278,1
0.5323750027557687,-0.7373126787811932,1
-0.14344491701629464,0.3614971706170611,0
1.6838163381146989,1.3076293355677162,1
0.5098793926151769,-0.17068540037953356,1
0.47524454537685357,0.6319809029051152,1
-1.0266454876671176,-1.9939973907523232,0
-1.2252998395613142,0.2944168556555876,0
1.0397515859776743,-1.5085593233548922,1
2.0586746020196363,-0.9838110741172411,1
0.021000687205958195,-1.874662283057305,1
-0.6708219000200359,-0.5201803788341641,0
-1.0811232890651628,-0.90358235457821,0
1.793006843365761,-2.0645328523480715,1
-1.6878432322672772,-0.3147307401962077,0
-1.582901851534454,0.8907910444595754,0
-1.4894425607195798,0.5036725479145742,0
0.7926573421494276,1.1721326819965845,1
1.4413503641278718,-0.6231050620671272,1
1.5167314911235283,0.047123283893348356,1
-2.123698127899055,-1.7132369972482824,0
-2.326175387621282,0.4975314248878041,0
-0.1784424899650862,-0.8407301605410948,0
-1.2052778976007108,1.8119800497334229,0
1.0861058109464954,0.5951219329212684,1
-1.6328120937566535,-0.6249383775988073,0
-0.8044142178638215,-0.4518960070315863,0
1.0907617913623058,1.5381001515773862,1
-0.24591046918306916,-0.11047383897871083,0
0.2975841219628158,-1.1852042322872247,1
-2.307375911007631,1.716247715363953,0
-0.107240726345687,0.6463042303217384,0
-0.3649273779773494,0.4882734142122722,0
1.6269427850814555,0.3846043899395264,1
0.6680788252974522,0.3186722399075119,1
1.2199358751871285,-0.8006949532726795,1
2.0672195177073776,1.4926107574368177,1
1.400486310757357,-0.7187902179991925,1
2.4057712537241827,1.7977595631340582,1
-1.2287114437155138,-1.3945671937553108,0
-1.9210038311381126,-0.97274108672474,0
-1.8783680515915964,-1.4592725170319252,0
-0.5343293006594821,1.5239705326477564,0
-1.1214366889335055,-0.9887544374487238,0
0.28733906358421224,-0.08548504506576138,1
-2.17710507780348,-0.4291897127601456,0
1.877907675501135,0.11571320924118672,1
0.028273087497355878,2.862682286883943,1
-0.3238913046256735,-1.7288131097381112,0
-0.5882149207332651,0.03253140689478473,0
0.9699235670927567,-0.24743506708648627,1
-2.0147865674657393,0.520843526239312,0
1.7967282584702224,0.3680760766762333,1
-1.397226226966968,-0.8008279244458903,0
1.1173513036661002,-0.38830354380159937,1
1.351633027388053,-1.7593209102508123,1
1.721780833596603,2.057863147480717,1
-0.3581839592711584,2.3759055062130696,0
0.30400657797529806,-1.1175575134051159,1
-2.0801167312419686,0.29811600591275367,0
0.573534363247884,2.5908672587868895,1
-2.4263604295163526,-1.1947206093607274,0
-0.6596414349709001,2.758469841078161,0
-1.9520009674039187,0.7695111546919969,0
-0.15663133095537157,-0.9147398467320235,0
-1.540649424652306,-0.9556433125145174,0
0.5644951839863791,0.25173175800451586,1
1.5248121712118408,-2.0235313948513567,1
2.4672424788079472,0.1820385989112866,1
-1.297132400230844,1.733908607169965,0
-2.334047450512849,1.4709168605830514,0
-1.3094615556296982,-1.319640239454449,0
2.0886622614871775,-0.42328738672748756,1
0.5397517801066907,0.5128365889856971,1
-1.2883264380967232,-0.7496950613173473,0
-0.5332598285622798,0.6483237006024126,0
-0.03125286306004435,1.220473595513603,0
-1.8003224165860996,0.019165300599494894,0
0.31437530131762514,1.0396104244692723,1
-2.4741539286366,-1.2622840637215038,0
-0.2552401958239021,0.1611080262793877,0
0.34255983026110537,-0.0009540611266403154,1
0.5734137529310716,0.5017675232754718,1
-0.504614795373774,0.4409306847668848,0
-0.02432176926794054,3.1568401553492027,0
-1.849458071945309,-0.8221732579506392,0
0.15587063931549536,2.3046713637650345,1
0.32878478961639634,-0.729542197845102,1
2.1683417627245776,-0.3823369274035522,1
-2.4657429515250047,0.6518128296495503,0
1.7296373934064415,0.038804424440460894,1
2.4793762468264764,-1.425890155800786,1
-0.6489673932395051,-1.8635187271850526,0
0.35635669485770893,-0.32770002615250965,1
1.6654968428636931,-0.0019325038116120852,1
-1.3039506602321027,-1.2009466806405404,0
1.073061428030165,-0.7518633002395353,1
-2.205052205352715,1.3386535009821738,0
-1.9619182949984646,0.36540066816500005,0
-1.8665874892555623,-0.34503175888882487,0
-1.4947114065389822,-0.7027510847854106,0
1.7564399477526085,1.7591578259350902,1
1.2121548351893097,1.824338298747766,1
1.4075901899996341,0.6592520561398244,1
0.8331071807861544,-1.384166263075929,1
0.27715753117520403,-1.1590120323440893,1
-2.0358252146936553,1.4838930651384739,0
-0.8130873827281241,-0.3283286838228423,0
-2.1277073855601993,-1.8949623587379865,0
0.1403607584191577,-0.3776336406199984,1
0.3887438300049343,-1.312160812425051,1
0.09234727153608983,1.5866747572862936,1
2.131021743071852,-0.9306161919183221,1
2.056999313475209,0.06554022380160529,1
-1.9997691282649892,0.48934217989138595,0
0.7824916224787197,-0.13695202317636562,1
-2.185794943660611,-0.005050364802281604,0
0.25986172774427485,2.328807222260189,1
-1.5273737732240678,-0.5205722624584247,0
1.0938726472662725,-0.9090000385114584,1
1.2760858267207875,-1.7881619792220875,1
-0.629117266147742,-0.2831271738712438,0
0.3851746871118318,-1.7353455116031626,1
-0.2101707172405474,0.4372113049421773,0
-1.9439410243922888,-1.903774758257549,0
-1.7504021352883743,1.0296758102950894,0
1.3030939244140876,-1.1706935528248692,1
-2.121467352653491,-0.799586933675936,0
1.030693481347966,-1.6863375344732767,1
-1.073855849263846,0.14811802064886492,0
-1.3416043883939186,-1.1862594210325472,0
1.7682920317385193,-1.919578217723235,1
-0.2561060171927355,-0.3212078216758124,0
0.8720495908338555,-1.0567846595298194,1
2.336170205172407,0.4400620449399193,1
0.4373747960649257,0.20825012797594022,1
1.1986619172454718,-0.9049286375937196,1
-2.5189174211502507,-0.14817034689384947,0
-0.6810298289441465,-1.1469359638604926,0
0.19385486450470693,0.7544808601866585,1
0.3376755225278293,0.2149631848942386,1
2.9092403103548863,-0.8726878793629362,1
-1.0089721353218168,-0.20942461991558556,0
0.1289308983687755,-1.573675074537452,1
-0.7786043261689437,0.809453348547304,0
-2.101556945487912,0.18108706511680728,0
1.0271433523361815,2.5063925631391237,1
-1.6345609744793932,-0.7710951458626536,0
-2.18875656555422,-1.1768231511083105,0
0.2919844098948603,1.1239084706485372,1
-1.736528759635249,0.055073684351950036,0
-1.4431236726749344,-1.9517499870100972,0
0.7978523568099657,1.0980821365955489,1
-0.8026664242068319,-1.7983100383491148,0
0.4594277233245848,-0.8389366625052244,1
2.3561223284203963,-1.1650624276764106,1
-2.280344868279213,1.9928643245411184,0
2.5773954041291387,-1.601014219903207,1
-0.7564647537484476,0.03854512473710542,0
0.5842276345867947,3.2099415036724586,1
0.8536282587116636,0.8360028999732844,1
-1.458162448373892,0.28154596851763347,0
-2.4056754167299736,-1.0522124682592975,0
2.0976819074570745,1.9378368910692827,1
-0.18603285926365448,0.3902646452124896,0
-1.0021195354880876,0.20732528717974308,0
2.054839238889011,-0.3661327141188674,1
0.31026805164485916,0.9378312581830562,1
0.07021609898029624,-0.09565095180063943,1
0.7270295985622215,-0.10857083023486636,1
-1.8547358295607235,-1.2459606178065559,0
0.5465341841811231,-1.7893429044029174,1
-1.5662895434588353,-0.4537820389859629,0
1.3101064101951077,1.583918706093606,1
0.5410405786543188,0.2802440179901181,1
-1.5193746504290293,0.31080900554987134,0
2.480003168615832,-1.4197345064051503,1
0.8304715461456647,-1.5589199670314327,1
-1.1088778725622104,1.854584754178369,0
-1.3572073322259763,-0.7230099241636652,0
0.6532361807201298,-0.6132621330973174,1
-0.9073542911676582,0.9413668108313215,0
2.0578392041039604,-0.7903842143032821,1
-2.2670509007900197,0.5400687354581836,0
0.3977489513805751,-0.7355394788226707,1
0.5252237717702786,1.0425664719309986,1
-0.40605442083924026,0.8054825626536178,0
1.7085559862791129,0.8508970438669298,1
-1.6085347602801077,-1.2307204860896985,0
-1.8295810036927267,-1.665210309236703,0
2.142389516702144,-0.7028704606888447,1
1.9570074183568775,-0.7684016090145314,1
-1.7739350356351415,0.7226783844191146,0
0.4087979518665239,-1.4808596977811739,1
-1.9570487599300852,1.3714522566015521,0
-1.8125121968728506,-0.7786972994000478,0
1.9419295314357952,-0.6041878309112466,1
1.1806758749180526,0.6697396379519419,1
1.180820128849345,2.1873667707832136,1
1.5980452764632036,2.0969469724003633,1
1.3422316213777803,0.18744218822450953,1
-1.8254264277075474,1.2933260418063242,0
-0.3581113649942287,0.8892768204532976,0
2.855786741425912,-0.03676156547866932,1
-0.8742602593658874,0.5362497654634918,0
-0.7556715233788093,-0.7744821416721543,0
-0.44067015547238253,-0.16453389390206283,0
-0.7546907611152393,-0.5306352033480619,0
1.732047752520031,2.013393008085314,1
1.5445818868417245,2.001552592053994,1
0.8998605331282786,-0.1926522324411404,1
0.648043866203654,2.4919977338910786,1
-0.05655324055156156,-0.3756079956263689,1
1.8064428770151733,1.4914239333357857,1
-1.6049417603625407,1.3614865503321254,0
-1.1768317144179574,-1.6817123142607326,0
-2.108767059288506,-0.7968238527667699,0
0.08085268065198833,0.16945662860339605,1
-1.7491498427606014,-1.9349177237190935,0
2.38167527815443,-0.7132861324987564,1
1.8021466252657017,0.631163089117192,1
1.384857133777613,0.4296988764068259,1
0.13222485647219967,-0.4290498337319768,1
-0.32259612287741757,0.5403971842280495,0
-1.9135010555301404,-0.4819365608744988,0
-0.3408902121370935,-0.7615989826445619,0
-0.5741928527537918,0.21733924636127022,0
-1.8973416188734067,2.259754554497762,0
-1.3902932683341134,-0.010581714541729736,0
-1.9527009666596462,-0.4033452460472086,0
-1.0223133294282194,-1.0457993278289024,0
-1.4504759885331568,-1.6466063735290866,0
2.124961708072343,0.5957201988778618,1
1.3302286843096023,0.3205855659125354,1
-2.5977661084337935,1.8739939186451005,0
-1.5244062492524675,1.3662143273803995,0
2.037289282737555,0.197241279828398,1
0.1147046919522747,-0.924050894787627,1
-0.7603764963336948,0.05563874920165862,0
0.43460453410465827,-1.2717029278167,1
2.323954083512271,-0.7275933807840798,1
-1.4370474732700391,1.4796455613268735,0
2.6672246067240435,-1.4234796394313745,1
-2.497082775386647,2.860693786540733,0
0.5120185154742248,0.9682021673776638,1
-0.6715797513630222,-0.20840811070182721,0
0.27978537703259343,-0.0020164001521397745,1
1.8834652838195562,-1.5616173016342967,1
-1.6940306375900216,0.570630081977325,0
-1.4874896299088205,-1.6991886045926323,0
2.595133781432491,0.32062048865211135,1
0.02025922948900756,-0.5584782645951012,1
-2.5256325027670146,0.4193658049094816,0
0.5896783311400051,-0.7814725456428302,1
-1.3534612369447767,0.056514520539583946,0
-2.157173857778195,0.2910219053979173,0
0.9360349891189883,1.50969699765127,1
1.251342687994287,-1.2289484580301686,1
-1.8981072360553903,1.0492260261433493,0
-1.3103167208361937,-1.1362440199467585,0
1.215254576006014,-1.9358234250744966,1
0.36137947232546164,-0.1178913383657357,1
-0.05130779941737823,-0.3303908194340108,1
1.2804837028844085,0.6375984866779051,1
1.8655587473215398,-1.75419457451604,1
0.5610559832890578,2.120559608646006,1
0.1813173169946016,-0.2654705524783686,1
0.9656700890466731,0.1263725063704148,1
1.2735294083347934,-0.4682150087962278,1
2.369552093759779,0.036411709269500714,1
-0.8051559429651801,-0.443042458592255,0
2.1601186757946436,-1.5741584180539454,1
1.0439653709145256,1.5266973774870451,1
1.6737969814264733,-1.0800973356579582,1
2.100712624102859,-1.5248103906148138,1
-0.18337780077317106,0.12775361154774945,0
2.356686852076291,-1.2752886041844413,1
1.9847592878585743,-1.3302393506710573,1
-1.3540065957312744,-1.028820515162257,0
-2.5680448855691056,0.7706077421621517,0
0.6279094627035519,1.5547419254577428,1
0.4684526981231413,-1.9797328190866326,1
0.2999207057505079,0.33380349901731243,1
-1.3207785124328713,-0.6231330982613774,0
-1.7712340700074545,2.87308081805998,0
1.1504918141688816,-0.7661865821837087,1
2.6044525148625377,-1.7440572854946201,1
-0.35493153715213976,-1.3391185865879773,0
-2.045956553380121,-0.5767035879654945,0
-0.6700357351625075,1.1602364292646796,0
-2.0463552054945695,-1.4587973591092491,0
-1.8641420064667547,-1.1506038105369976,0
1.959797721325396,0.7102541869212396,1
1.0061268315480667,-1.4532202004152421,1
0.9331879636315986,-0.96579215745691,1
-1.8151627245529542,1.0926355769526634,0
-1.926066488844622,-0.899073676383177,0
-1.7389762920099832,1.5343289996192384,0
-1.3357829700178638,-0.3765703657661707,0
-2.0550703344503107,-1.2330480049735533,0
-0.2539240293456855,0.6040286218067129,0
2.069303355635259,0.30782631634393987,1
-1.192829882456947,1.719139473732008,0
-0.6478152938308007,0.9058465745017498,0
1.659128013078851,0.050945302335246856,1
2.240652998341112,-1.0602777516588473,1
-1.7802192030071837,0.6926570921421261,0
-0.8600164989280109,0.47408806052122654,0
0.009156823066363267,1.3094130712079126,1
-0.5511980092098805,-0.8136813742224838,0
1.9765292035886879,-0.4599106549301098,1
2.209940328292514,1.3077316931190581,1
1.9600831702989143,1.6475044239074665,1
2.4631170948518615,1.398962740749039,1
2.1809098002859506,-0.015294007979267443,1
1.948628134784203,-1.965468302873345,1
0.802243757611086,0.8331996648930659,1
-0.5678946999030686,-0.05603386023806961,0
-1.8436617275098441,0.16806935280358393,0
0.24442603742652783,-0.20577260004222275,1
0.3321310947363899,-0.19785673249342428,1
-0.6702917183269405,-0.4148457946709594,0
-1.559598576097004,-0.43005949580696157,0
-1.0384488174933297,-1.3218059506573292,0
-0.0023903878595979812,-0.495849386927144,1
0.14458951063662115,0.8669787170148627,1
1.8601255918828292,-0.4127808559806899,1
-1.25964299786147,1.182533134516432,0
-1.9260556639018995,-0.6935920087146853,0
-1.1050706126719951,-0.6434876458130435,0
2.588859704741681,0.57467672912453,1
2.18390508209805,0.9216742624715254,1
-0.436844298286702,-0.4537000199809681,0
0.4978291955973808,-1.1541256019628854,1
-0.40190227920794297,-0.7900133867870993,0
-0.7963288007139179,-0.43063910107826714,0
-0.9428164036470837,0.35323212483959243,0
0.7609360815890315,1.8266202745304665,1
1.9886941753284186,1.2222795370411057,1
0.3103488085299664,-0.5890435621477106,1
1.2447892354801051,0.3382001838056715,1
1.548768051574878,-0.34827251334648307,1
1.3603418538040346,-0.6149252031693434,1
-0.15345682640930847,1.7953225962175474,0
1.8331870239770378,0.23568417750849302,1
-0.3959159869886675,-0.450353367252932,0
-2.278492014652275,0.280901670452789,0
1.1936351793631022,-1.0487705188581355,1
1.1237000825755032,1.047160525388739,1
-1.2872968405665544,0.7769576880188137,0
-2.2416441570723022,0.6414745181716209,0
-0.07753081215001921,0.9171747516284176,1
-1.756968386523056,-1.3786215016407843,0
-0.19203196896000885,-1.6077547022367717,0
-1.3677851397592684,-1.0938815780552265,0
-0.1836757380637492,-1.244919886443524,0
-2.4739088497401656,-0.5723956612176271,0
-2.0513541741377748,2.0691514256444954,0
1.1778213126844461,-0.3433599577051159,1
2.0628448154513377,-0.7933562428302974,1
-1.7897597042567603,-1.6101202469496418,0
-1.366093506131559,0.9192116948773147,0
-1.8987474069495125,-1.5631941991272624,0
-0.09263991026228358,1.411070936763661,0
1.8192128316479423,1.0044572454494167,1
-2.442558296530745,2.107946754980274,0
-2.113315683303314,1.521164498043034,0
-1.212060835009459,-0.255132293218661,0
-2.316153224374502,0.03409123374404438,0
-0.847404232151568,0.17231635950494228,0
2.2845084563580693,0.8504408068043282,1
-0.5685417493401751,1.7011825087867467,0
0.8101609968576395,-0.1129276833721084,1
-1.4512586664325535,0.41841656353775025,0
2.261186071547504,-1.6020611918840126,1
-1.2792611897327877,0.3625838319260932,0
-0.9279742088397614,1.2946330855345005,0
-1.4132171937151128,1.0188219343464526,0
-1.5758458587810613,0.024172928088901036,0
-0.019520893904156133,1.1058687064284598,0
0.1368132917750005,2.154931199287084,1
1.6622643717100007,-0.8415556172036613,1
-1.732175212677443,-1.3067775140445328,0
-0.07481184968737596,2.066161454375359,0
-1.149794764407022,-1.1482178259796938,0
1.4935763215963476,-1.8877575962152382,1
-1.5996588020927585,0.11838417727099176,0
0.3425424506900664,-1.4338321246581032,1
2.013082123715788,1.5334995817767223,1
1.1505242841481853,1.2972765732788063,1
0.28714494530583934,2.8321732500521453,1
1.3508774590066355,1.2071048151028116,1
-0.5747495762377872,0.6063247081715119,0
1.7575858859155344,-1.0617229267992552,1
-1.4387798928425515,-0.24692220681049465,0
0.3932951747519329,1.486195033671895,1
-1.5686281718394368,0.2987968032650695,0
1.184759326140287,-1.9194617371835636,1
1.5366989827291608,-1.1665764836058723,1
0.277427340002517,0.4654842666405944,1
1.2521383384597267,-1.5367145120267098,1
-2.139424402637138,2.216315968886253,0
-0.02256068910243884,-0.24324094304833516,1
-1.8654723928984165,-0.4559674057741967,0
-2.460673826990156,-1.3964383482926257,0
-0.5549307256923002,-0.8693468731609931,0
-1.0180492443185665,-0.6033192203693483,0
-0.3172654198928708,-1.7792420015561676,0
-0.39629435390261103,2.1019536286690266,0
1.4717189565472981,0.7401524956908049,1
0.5302977472664048,-0.9916505306196154,1
-0.9139947475645891,1.7210511653990972,0
1.8734881176249318,1.4017449039386611,1
0.6686535274470095,1.513713645182762,1
-1.614000895136096,-1.9867637159482876,0
-0.9983382217036745,2.575033390568223,0
-1.0880839292407716,-0.39430402646963636,0
2.4855403787705015,-1.090260971045815,1
1.3259035848562322,-0.6625875125336751,1
-1.5867061073244475,2.210636667347004,0
-0.643077307612061,0.7565698523455829,0
-2.1064546282962806,0.32646138408529723,0
-0.9699834534439293,0.7519862154150004,0
-0.5021344059243836,-1.9557764206767407,0
-0.3295118677101707,-1.0965279739422376,0
-0.7780338655289325,-0.48470831889275345,0
-1.5629070999891417,-2.061627189582531,0
-2.148765211359581,-0.6042498737017555,0
1.3224835690463463,1.4922540353401383,1
0.777265354854193,0.6279544731954418,1
-1.7218281963208133,0.3566000234577448,0
-0.5790904966440432,-1.8144900629917577,0
1.494177982969259,0.8300990456142391,1
1.8561073772399859,-0.3175452525895874,1
-1.4694694374393718,2.300385890541105,0
1.8735429418164755,0.25075239913823233,1
0.12242837509980543,-0.418918956834578,1
-0.4536901052683858,-0.4574319302717703,0
-0.10786169283320392,0.5882081401183222,0
1.5139510739485473,-0.08596693630169633,1
-0.5988881299040845,-1.126726166283158,0
0.4100822254423804,0.8388165594889115,1
-1.0327846436262755,-0.9397647538046662,0
0.15441810389819335,2.037777465926096,1
0.9568630100586871,-1.2324360159143914,1
2.952229500309789,0.9992681970423688,1
1.4667074437979113,-0.8611162604962992,1
2.3689710799609713,0.12047866367351417,1
1.7646430680144016,-1.102176129175771,1
0.8262897566278754,1.8200131486018276,1
-0.5083407550949742,0.6873317657318313,0
-2.2500607060685636,-1.0856964297164273,0
-1.5890827893864035,0.5265294156020385,0
1.072284420909836,0.6341210864252506,1
-1.9731369605912816,-1.092436126500687,0
0.06719711956173968,-1.8508910398068452,1
0.5211588967708872,-1.2021385436394212,1
0.31858233447615014,-1.7366940792726329,1
-0.3965358860856213,1.3573024351230276,0
-2.0824764262820743,-0.6299225844513091,0
-0.696114154208528,-0.3056049931624131,0
1.850302426341487,-0.8403795538822649,1
-1.0475746898326133,0.44958629845187936,0
0.08651450441762919,-0.906031037955691,1
-1.356696362268428,0.13629002874977786,0
-0.25849849747208054,-1.486623285048359,0
-0.5432261991012685,-0.641702807188907,0
0.16232358113867634,0.908755402448986,1
0.07262690490787628,0.586977402928041,1
-0.6714579373100819,1.2907317343370113,0
0.9772432250524388,-1.0297330130769389,1
0.3978490032275199,3.291668824464353,1
-1.3170861000013925,-0.030316079852499123,0
-1.4044387137211896,0.02170850722556178,0
-0.8246384874054815,-0.16238770087452403,0
-0.25859291227624015,-0.7658506295538738,0
1.5255017401434063,1.106709795244726,1
0.40222384811911893,0.1385531447558413,1
1.2121606337929816,0.036681262746553034,1
2.145344109302543,-1.0376104588643495,1
-0.39852349250430763,0.19370832022161044,0
-0.11905718807292685,-2.1631914810195227,0
2.6312037777490733,-1.5842149573681268,1
-1.797267086971476,-1.4276205645863542,0
2.715732459703975,0.45756623843349664,1
2.2646301906465895,-0.4097824137761813,1
-0.24295754401394254,-0.8422659387060245,0
-0.050994206228640836,-1.0562937095271825,1
0.19582606853314904,1.5170319242697423,1
0.573906631051874,0.5441646499762571,1
0.26372302894180333,-0.9125372205410119,1
2.17857985874909,-0.8922857880687213,1
0.8897482478606135,-1.1531707031418261,1
-0.5140250404365658,1.599675133850865,0
2.4059994376245974,0.7587925031105388,1
-0.631694223093694,-1.553491395785192,0
1.7599923334494318,0.4118158026541098,1
-0.8369325961691094,0.7145194132955096,0
-0.9247667254290478,-0.33435093473182814,0
-0.2617104554330655,-0.4124019327999005,0
-1.8050386549796893,-1.5209794444462554,0
-1.3639521930142358,1.650268057441512,0
-2.215460032871365,-1.5358823745439465,0
-1.344346023734404,-1.1264465947479152,0
2.13042397889714,-1.568166934657992,1
0.17107724088337728,-1.0314833417765668,1
1.5421450533503225,0.2809493609462428,1
-0.3573284548188562,-1.8188451382497313,0
1.1650487508946952,2.251002386799467,1
-1.4395717342334144,0.07244091629766902,0
-2.4628477067544576,1.5646695853401877,0
0.04778854245268874,-0.6020863258510812,1
-1.8684077742124032,1.5497468345495666,0
-1.6879613384068777,-1.7087784113765325,0
1.7355482076703,-1.5750367808389,1
-2.2476358796145943,-0.48601752717498337,0
-0.2313499776315797,1.6393888734872086,0
0.453496690845139,1.400337054513897,1
-1.3651348485410157,-0.2574382248624726,0
1.426757550467906,0.03067062022783512,1
-0.4982098412039564,0.25635894591383346,0
2.1484271986331778,-1.827843120774042,1
0.9144606186023363,-0.05569937685118381,1
-0.659116049246254,0.20608642106613428,0
1.0732059779068066,1.7875846719236672,1
-0.6677271468155225,0.18285078155341705,0
-1.129456078508966,0.05180521889929546,0
-2.5810601864425227,-1.00944780660642,0
1.5722307332423393,1.5533701400117899,1
0.6713065305359945,-1.1421003952578803,1
0.2760869165027311,1.0937381502842323,1
-0.8729357463065247,-0.09734114900487723,0
0.16099860266084384,-0.25460223109084046,1
-1.048592269305163,-0.6456272140128616,0
1.6032646379839375,-0.5456290317932297,1
-0.34450124987465014,-0.8446064209706339,0
0.02893959091054473,-0.8505573270154354,1
1.058230446122681,0.6383468504664335,1
-0.748682333299617,0.810550299318134,0
0.9762450387065842,0.5071842191045208,1
1.9451439174029912,-0.5795285334073634,1
0.8387960620270051,-1.1811442681263702,1
-0.9832557846089226,-0.8415151460488717,0
-2.301061436607964,0.11701348739007067,0
0.47674964385112506,1.3233508729119667,1
1.9268477654293654,1.445106750070312,1
1.2937031903914098,1.9738150870718614,1
1.6438133812978297,0.9810108270872248,1
-1.2571180499347305,-0.8415159274500037,0
-0.748162877863502,-0.6271561613419432,0
-2.3399261018570536,-1.2214409690154564,0
1.2190904692000537,1.9114533456362572,1
0.12978705383375308,1.3520639123158422,1
2.053450880853312,-0.02624951127959413,1
-2.137404341245402,-1.050109228108718,0
2.494514458796795,0.08220272258230904,1
-0.8770659392187303,0.3044124155723542,0
-2.219369426464388,1.7916259078457775,0
-1.79624543377102,-0.7009814326207424,0
0.7484030237226573,0.5610818167235604,1
-1.328476539352333,-1.1146459937624202,0
2.1410703840381435,-1.2969997713075583,1
-0.22269347391080216,-0.3150723461078713,0
0.31684345292648153,0.6821961404916735,1
1.0800540408732502,0.15373284413291577,1
2.3424993480696505,-1.3340746809894113,1
-1.0168727098784192,-0.537710049465866,0
0.6928163952321649,2.186998747381172,1
-1.737350309581657,-0.6820644617360978,0
0.8916980307064654,-0.5894069174086105,1
0.7344420105132162,1.034315636583997,1
2.3241138195945594,-1.0854438810876617,1
2.441210990934058,-0.6976333135285873,1
-2.394398563168121,1.3324552190420502,0
2.086795380245466,-0.9362249813215147,1
-0.5602050320076151,1.0677397082602331,0
2.594071461689173,-0.8155519559072575,1
-0.6780329847941382,-1.4162095564869155,0
-1.4268877217166513,1.8071719126373607,0
2.583995387141164,-0.48539037363922416,1
0.782423450270793,-0.9402847411987557,1
0.006015348429240286,-0.48199936934058846,1
1.1960219987117946,-2.1305028508288784,1
-1.585823261347593,2.6546642871665793,0
1.9781381400356084,-0.9487813656424978,1
2.0785254980454075,0.7100156399308514,1
0.6018981563498381,0.31444676016028605,1
-1.8938071102717735,-0.12060201792488842,0
0.7709784685757802,-1.4139739234212922,1
0.1764307567303344,-1.2587196873942796,1
0.8517315682626239,-0.49664251119374436,1
1.4187693564283426,1.0938805694998424,1
-2.04618107857795,0.7147340212805128,0
1.6523890097571903,0.9185649830342671,1
1.4929392921420932,-0.2435152683632385,1
-0.736935340444813,1.345675878808346,0
1.166835976686825,-0.9044667364054295,1
-1.10696920994188,-0.05193395995192407,0
0.6028067387499816,-1.4055137725496034,1
-0.690393603814471,-1.4861946871372762,0
-0.14791028078346574,-1.9808536354041082,0
0.02231035264598609,0.4237077242666337,1
1.191503173778172,0.369398786165112,1
2.1526103153215534,-0.4652664736240196,1
-1.2164278461240827,-0.7096434052181176,0
1.5546715185382152,-1.1259475018074223,1
2.2750318072583076,-0.5973044270971751,1
-2.136885007162337,0.5387758897070081,0
-0.7321474162067406,-0.2523842352936261,0
-1.2998276899702463,1.2669715907649115,0
-2.401625749525164,-0.6533761195749601,0
1.4904893256991218,-1.353587615148372,1
1.570327626931046,1.9824284286544334,1
-0.6220155248205346,-0.10471333992455983,0
-0.2967583798733443,-0.777587074516538,0
1.2073137898085236,-0.5486948906555047,1
0.3386203640778769,-1.8267917787429027,1
2.368636139612503,1.2740545000197998,1
0.18792207432496605,0.04926715772573098,1
1.9776232470697055,-1.2543126594530665,1
-0.9790013872504351,0.013615532007445585,0
1.7456528281363544,1.7557546379155147,1
1.0724404739802462,-0.9801254246476812,1
0.07387649644264496,0.7490416104248067,1
-1.0799610964404374,-0.8067456271100208,0
-2.3268087483876942,0.4471547284972762,0
2.8052985682910716,-0.49079480443018664,1
2.6267077498581917,-1.063699425395686,1
1.9860955366720856,-1.8370250235684304,1
0.02150323048314885,1.5775391250206972,1
-1.6924801550417092,-1.6223510234023175,0
0.9062574172233091,-0.04890724660836865,1
1.0737018855388782,1.8907820896595369,1
1.9418308119149352,-1.3755583978198493,1
0.7348130901186699,1.212934688396535,1
-1.9551105564368558,-0.797608965012981,0
1.0962776650426207,1.1446964219590616,1
-1.3817148169271867,1.962566545244861,0
-0.7011446808536682,1.2310326527266788,0
-0.754267764148889,-1.8253681251993292,0
-2.2964323010549754,2.4677405422354473,0
-1.0134948455963886,1.491920781251618,0
1.0937677166584987,3.4301630444595435,1
-1.7686556598098095,1.3072400378279947,0
-1.1542986953138903,-1.2779634105932254,0
-0.6556705192014446,0.7535258277816407,0
1.115798446209498,-1.7509979998400165,1
1.7993105143000006,-0.9963278811156361,1
1.2989050749867646,-0.4125423706925955,1
-1.2570491886799446,-0.6559768244703799,0
-1.901169217818069,0.9254525251693125,0
-2.073135228850969,-0.0499402833036216,0
-2.031780419203762,-0.8028544466093478,0
2.1400401690387056,-0.1252849041394433,1
-0.5129578469060576,-1.1079839026823552,0
1.5287230523752287,-0.20308076579665787,1
1.9823134852370472,-0.21750683400659018,1
-2.0435922577184757,1.9842083595803381,0
-0.6814642394369984,1.057278603380439,0
2.1909353740222275,1.1171934653817144,1
1.1999894372282043,-1.4487937133299509,1
1.2869582390877494,1.435750881088782,1
-0.5712057457618613,-0.49122712857758577,0
-2.099812359951211,-0.035636683072961306,0
-1.380683454988021,-0.8689694764466434,0
1.139860887620898,-0.6817102872797547,1
-2.404450714298895,0.6281030372897811,0
-0.9020398096173823,-0.41811227447534427,0
-2.443959340462242,0.6162822064606566,0
0.31814692238865405,1.8283089623683444,1
0.7686091964595029,0.6458723491842625,1
-0.011057733031288064,-0.3074662424950727,1
-2.14860706766376,-1.1778825688902965,0
-0.3515007486561983,-0.9721362572139944,0
0.12389413444372108,-1.5073449135208876,1
-2.536104666190301,0.9116669616500822,0
-0.7544447229273452,-0.05432341417028752,0
0.350529713355221,-0.26029247845380804,1
-0.9535161773926897,0.3346230142671248,0
-1.4134414044466592,-0.36640467647557223,0
2.5073826232298964,0.3670768738207617,1
0.5839913135170177,1.408776778964087,1
1.3433433973710323,-0.7743309881184597,1
-0.12514061882557292,0.41282762517316063,0
-1.1764111860674777,1.781962254449859,0
-1.816070493323266,0.7458049161924342,0
-0.9325880098516959,0.36626930755929743,0
-1.7067347338618848,-0.5027204337579266,0
1.458264329042929,0.40349525843623657,1
-2.089500973108397,-0.1856452291049731,0
2.0026222403539142,0.5262654978848921,1
0.5900522648282299,0.9247012478405624,1
-1.821055962189488,1.983488623137156,0
1.8244151770463202,1.0187091298671724,1
-2.5570089159152185,-1.2270078802671152,0
0.13748875879987268,2.1724388228679823,1
-0.2274473547637762,1.1385022344436653,0
-2.4248926261165162,-0.11058302183165397,0
2.1832807233199474,-0.26976311645493267,1
-1.8622151596638432,-0.7286241558739124,0
0.8449835916782459,1.2124136355050212,1
-0.46226791162344416,1.6915194127886637,0
1.7016615263119776,1.2201436815634574,1
2.4264053227927573,1.1755020306143469,1
0.4124417877869072,-0.8436078334745358,1
0.002591944213332027,-0.26904840183776646,1
2.227844334597983,0.018720532230219522,1
-0.40245758466389325,0.19349985145511983,0
-0.2231441702452375,-0.6022320863620418,0
1.2451616927991607,-0.22649874853677052,1
2.3867906538854657,0.005296151187082099,1
-0.4296034439111498,-0.33828863769260736,0
2.482972525150626,1.7984206233897386,1
-0.8314045796247749,-0.33359082567637066,0
-0.3300877196969295,-1.2133689254077713,0
-1.4469837823606742,0.5461893604033828,0
1.032383553977964,1.700280801968086,1
-0.6561477653436951,-0.9791912424628657,0
-2.109971577338,1.119322991981194,0
2.283013875355224,-1.430506518720089,1
-1.0706905814161776,-2.0561404081372006,0
-1.2548901693910313,-1.1153624262230948,0
2.5247094350105765,0.6260109827608672,1
0.10325103316537386,-0.15696656520809044,1
-0.14047751669732395,-0.6090136675088427,0
-1.953002330939047,0.33610352904772656,0
-2.4221185064376725,1.8205394606370695,0
-1.9815930046282086,2.397419615399216,0
-0.03436184880707113,-1.7126501152844575,0
-1.4052836501982806,-0.3382171193315678,0
1.5157303706839917,-0.7676334835788984,1
1.2415732389556422,-0.7581612732328638,1
1.1223904833338132,0.29487651390996883,1
-0.8141958595777506,0.7192137466384597,0
2.0808101688019267,0.7800703398798484,1
-2.25744340610591,-1.167089805538271,0
1.4009215324325057,-0.6665169510303485,1
1.0992681828111805,1.3147434404388294,1
1.438693179604578,-0.18624425099746433,1
-0.08845654645833098,0.722019451165468,0
0.8572553072048291,1.5377094703086387,1
2.0121558099837262,-1.0692532865812754,1
-2.1947910323180913,0.5585477383331563,0
1.8799407942190767,0.055902377916147494,1
1.9795238825783257,-0.40987470850185637,1
1.8725311331692107,-1.1803610209810982,1
-1.3980581792209674,1.0417327391498237,0
-0.026183770508268686,1.4077401507498877,0
-1.555008781188007,0.570959805101741,0
-1.6641634742615123,1.3201418653278858,0
-0.42972195578399985,-2.0115592400215734,0
-0.3112324859420944,1.7391354188788712,0
-0.6602980469633593,0.37762239870069814,0
-1.5272041379438133,-1.5606625856543448,0
0.532684808521608,-1.8299649546041037,1
-0.5778498687554805,-1.3099024356020197,0
2.2525506747005726,-0.43139442144467066,1
-0.1456160586366618,-0.027433607568147833,0
-2.3382979182063526,2.1193337751600256,0
-2.5352616192137765,2.4922146419305378,0
0.9840074513507218,-0.4147372852526307,1
-2.000271633335676,0.304550213013389,0
-0.8770830939369427,-0.2480032765188964,0
-0.11979984381477542,0.6585744020725951,0
-1.1990350730272064,-0.6509697292907799,0
-1.0090461214720314,-0.7663396855762779,0
2.0607075435714926,1.8978592805746586,1
0.7805901448893007,0.07758441647713388,1
1.9805194183243786,-1.7759686430335466,1
-0.5037206808663949,-0.22804506927877496,0
-2.2495981810545618,-1.9787865836603702,0
-1.412951055145794,1.7816034237949094,0
1.357034835177503,0.14651581732666707,1
-2.111292250790524,0.9379284638652065,0
-1.3042947245043162,0.35534114131469496,0
0.627357266774777,-0.7439238905746142,1
-2.14763566469929,0.04221544665314664,0
-1.4028779050886395,-0.42478412250161834,0
-2.0649035572630616,-1.2863416366984444,0
-0.8067052378009157,0.49163924491771616,0
-0.7334968793249093,-0.529902208838813,0
-1.6399507823265567,-0.5298486833999418,0
0.09144844191625849,0.9891204641831247,1
-1.4097695554189853,-0.4858634883420345,0
-2.414424086148978,-1.0766319712721417,0
-0.15773513179103532,1.110464694935132,0
2.0868730048133655,1.1945399422309095,1
1.6565272212636564,-0.7802543515626958,1
0.8225609278582965,0.6972243629855256,1
-0.2689983600234015,1.2705255146218648,0
1.3262561131344612,0.6350796637348428,1
1.3827829139260919,-0.06839234605697625,1
-0.46976007330016534,-0.11963951122392497,0
0.09290652370543538,0.38480016840259257,1
-2.225220081969365,-0.5609523271779473,0
1.6720772071450152,-0.1933081998309125,1
0.7126588675753955,0.008455110238706376,1
0.18009877713400713,2.337298944601108,1
1.735087496969953,-0.7957189209589755,1
2.2221807550896173,-0.1841062563471079,1
0.8000301735231655,-1.4717944302473938,1
0.9434134974550944,2.1460609615379327,1
-1.9643483781775806,-0.7824496211397953,0
-1.1048460697905247,-1.2272184411661458,0
-0.8053031838998768,-0.6229728504629466,0
-1.025077346435674,0.3044500448969709,0
-0.37579789266362706,-0.0030276826957841285,0
0.7864362724598644,-1.4602444893743534,1
-1.4052825609483603,-0.1343351180248531,0
2.3131531741815694,1.2083565291689307,1
-2.4373053682028982,-0.731162037686002,0
-0.9416464627340346,-0.5042366754772867,0
-0.4388064589552092,-0.0004342234353407748,0
1.2284637932909155,-1.14872030680857,1
0.6888655250025373,1.6956816693475099,1
-1.7111867587426035,0.3546121711680653,0
2.224121898283313,0.41378373337367325,1
-0.8620916780673027,1.1162715093539242,0
-0.16408062843958743,0.3431910910381012,0
-0.7572658679591923,-1.230474599470982,0
-0.9766238863914153,0.058417312900353346,0
-0.22989144967503108,0.86017415647605,0
1.894157976117189,-0.0874883384322041,1
0.03776099261107652,-1.9046368424320272,1
-2.3237165482699145,0.2945504647896894,0
-2.1067605894665387,-1.428824202983611,0
-0.7250557880656158,-1.824848859529197,0
2.270984630417311,-0.30031382039538507,1
-1.0154072973574182,1.1826123403424247,0
-0.3635042152833692,1.2525670280711916,0
-1.2853527113133179,-1.0853509252868894,0
-1.5363835111447086,1.5993113292271097,0
2.284500749951229,1.640796368881789,1
2.1393638908059036,-0.43397999759479483,1
2.2013493979599525,0.7375493698311358,1
0.3727136911244383,-0.5167016878012997,1
2.2197621184698537,1.0039989808671868,1
-0.5648219631118285,-0.824944502199163,0
-0.09054231521483576,-1.5849685256393928,0
0.17657974674010934,1.052907789331579,1
1.6612518654299753,2.0697642971399124,1
-0.8339310634996892,-1.8139434345477103,0
0.18598736682181713,-0.2762689250251839,1
1.1903146656166517,-0.9481469376115044,1
-0.1244783804102544,0.4782009349360822,0
-2.073333620426122,2.2031101178224866,0
-1.144052574215567,-0.4468960053028502,0
-1.523481121329734,-0.6061828626516392,0
-1.084683794332823,1.1434974775776325,0
-2.338024043719814,-1.101476468839477,0
1.1973224380796443,-1.6789357986886206,1
-0.04820901153175605,-0.12889446904726282,0
-1.1071133367543198,0.9515783923487414,0
0.20435143419800775,-0.6033341441801715,1
0.3831456151576348,-1.6672975243246184,1
1.5128850743203657,-1.5751885007062825,1
-1.3295440555351625,0.02952869423949428,0
-0.1828467739327553,1.556878751203271,0
-0.6162849056675547,1.696140483013445,0
-2.1489111470753626,0.24954919707080847,0
1.910817830805293,-0.13493296395555204,1
-0.897616219671738,-0.45251794124248756,0
-2.6388504826473222,0.9042801395958865,0
-2.5345144881928046,-0.26421941345505323,0
1.2794191758635924,1.5672402493925266,1
2.3808767689540984,-0.7640793428016293,1
-1.722598957821796,0.14780808077452812,0
-0.654991800899185,-0.21523496084555743,0
1.5150915165848977,-1.0899824894492707,1
1.8145997512748993,-1.0658418110957595,1
2.12698948227671,0.758511990723813,1
-0.6408561557400705,-1.9970259400079549,0
0.7436299268074313,0.4457544385065919,1
0.22629613486651012,-0.587705484028059,1
2.8106531034466893,-0.8300003722838485,1
1.480026724093684,-1.4265013117579088,1
0.33990164038042125,1.0424212566914135,1
2.258263653605095,0.9765835820102865,1
2.1065108138958792,2.1712970365646878,1
-0.9180832230609832,0.06285593514810145,0
0.37523361126983945,-1.191190597373021,1
1.2206438511631832,-1.7253083965683462,1
2.0789193321316093,-0.18213344550534985,1
1.7189993277122317,0.5830392471891398,1
-2.306328246952624,0.19962403884596058,0
-1.033411328611365,0.1534726632379746,0
-1.9062010393579407,-0.6466170605047374,0
0.4682129095654388,-1.8832391763611702,1
-1.1552640563294971,2.181904518916574,0
-0.5450064399070389,-1.200775360818413,0
-2.1516972787111723,-1.4543998144912962,0
2.236116501562951,0.1610699076173916,1
2.0687404812381103,-0.5868356411418568,1
-1.82244793472167,-1.015060666831395,0
-1.622680140243226,-0.6615219432435782,0
0.16717859233296264,-0.4461618366928728,1
1.1900954682178684,0.9237700130354113,1
-0.45542534425156644,-0.4121340863836815,0
0.14416628013375762,-0.8684644395645622,1
2.195150238587214,-0.49264111725972015,1
-2.4588280374177724,1.636382779481901,0
-0.29102385206760717,-0.32579280835791585,0
0.8495921085074555,-0.8232312373688369,1
-0.2435055439461429,-0.9412866960081493,0
0.49948629703476577,1.1827220645649894,1
-1.259568220731716,-0.3325792981742968,0
0.8347651315358239,2.215585680307651,1
-1.2133522711420412,-0.5298594796382843,0
-2.0257104956345207,-1.2446281579091885,0
-0.835844682665702,1.838249932308739,0
1.1818045541600026,-0.2883796777003154,1
1.1090823064549855,-0.9083753418342765,1
0.6234656882991857,-0.6151938624420523,1
1.6226112102932317,0.9825321085813171,1
-0.01594807362864668,2.5436209770208142,1
1.4220673971555584,1.6740479221703404,1
-1.3138785421201642,0.9854185770186795,0
0.17604800206411905,0.6763259916207959,1
-0.22281436468018778,-0.9756481370279408,0
1.0514865824211768,-1.5491296038904405,1
0.3971573182360001,-0.4935000932949672,1
1.028651336789029,-1.0599606827059942,1
-0.5012654742936551,0.7656028226913009,0
-1.8005610580030098,-1.6997683433127673,0
1.0406830126624318,-1.2393113352430545,1
0.422664104356388,0.823887722242877,1
0.6667573980920276,0.9691762080584262,1
-1.1944055654744024,-1.1614818802365496,0
0.674903214002732,-0.1816690708348018,1
-0.3163789113006925,0.03698746463021346,0
2.2756326452544924,3.143470230219905,1
-0.4523677856697982,-0.510928056153633,0
1.112775520856213,-1.534628913816042,1
0.6112195707601309,-1.5739065255193392,1
1.8995287765042541,1.7025317353886424,1
-0.9667263870143932,0.6615851975223285,0
-1.5246606972618404,0.1953784766352048,0
-1.6877585964811943,-1.089014833376551,0
-1.5910979704871766,-0.4767709798592772,0
0.4066193116835791,-0.4080027486269678,1
1.7293490100700029,0.6235882337624722,1
2.2993016753171673,-0.6383579179135515,1
-0.7528851676825553,-0.8953204511647794,0
0.29153693019794424,-1.6075207901195787,1
1.1620561517602646,-0.7253043607637657,1
-2.05509265091464,-1.9036258666150125,0
-1.874084811021144,-1.2135803542236239,0
-1.3355082544122658,-0.16811023472920325,0
-0.5050263266643062,-0.8376745142435229,0
1.506981983681221,0.3120088865386318,1
1.146747936290542,1.7258231717148642,1
-0.7068578356311569,1.4699429030949687,0
0.055936401125514804,-0.35808939138652524,1
-1.1072182392825722,-0.8906340258374325,0
1.0020645452518335,1.6553295198449676,1
-1.6651931458309892,0.9241059092828804,0
-1.5956688734225108,-0.16011324721613568,0
1.5348599455790604,-1.1126304943715224,1
2.3893852875634614,0.7532912964206812,1
0.6190277798013344,-0.2782460481747242,1
-0.31577061607649826,-1.067495597871718,0
-2.3101423084101564,-1.7400841657675947,0
-0.25813729824780973,0.20693131461245506,0
1.8317289250933617,0.12381245082284864,1
0.6232586712380005,1.1619155257177618,1
-1.3000428993014712,1.0983035913711126,0
-2.364733681536266,1.3724586139711974,0
2.221230148176333,-1.0142568959360116,1
-1.530304888569384,-0.06760514453325978,0
-2.0424356718601566,2.1494938050643744,0
-0.07450658190863522,-0.07119044824819165,0
1.7817219649774074,-1.6475589897181306,1
-0.7475749445506786,0.2914417697191798,0
-0.5878085477213955,-0.10474537278017243,0
1.6874058709882669,-0.7102414614456091,1
0.7062397077489964,0.41285240184806615,1
1.4187310713109187,-1.0162764329966167,1
0.9893062507308231,-1.8098078230012842,1
-1.9894834006122895,2.198899197599341,0
0.038759376878627544,-0.04702400469486773,1
-1.7694617277138633,0.7129641194823934,0
2.6142008761365867,1.3447917115059123,1
1.9385670274029962,-1.1532446109325534,1
1.3929438429199417,-1.4309899942925934,1
0.5565779193720121,0.587105701560067,1
2.1968135761874117,0.8058396981505122,1
-2.0255518282385845,2.14935082547955,0
-1.973719802040766,-0.8633583422932858,0
1.0592312179212122,-0.33356894554555677,1
1.6446417160052156,1.3039129778786753,1
1.2662042118189674,-0.8659726156583794,1
-1.772574589158436,0.13439576354487504,0
-2.3580880696224473,1.204589333046704,0
1.2594322520656023,0.07832645719616305,1
-2.493682032883771,0.2726436224842782,0
1.6992202538977679,-0.7302237392323555,1
-0.9970487778874274,-1.3656037157080636,0
1.2649977401682255,-0.975452828522585,1
1.0510757305228418,0.22841754054412178,1
0.9138486531125797,-0.8311274314123605,1
0.7380140681189806,1.417809618405466,1
0.47229435158923183,-0.6638114549786648,1
1.6034873644731924,-0.9277367686594775,1
0.20993129709046074,0.4556767914200285,1
1.3078780581447473,-0.6767320705215005,1
1.152985885154979,1.4971492406321185,1
-1.1100886775780403,-0.055383419180947746,0
-1.8325846362878941,2.477096123795097,0
-1.3467874321617828,-0.5268299984548619,0
1.0478581241995355,0.1399145240468797,1
-1.3251122906752564,0.7709728814493818,0
-0.21015366483789202,0.8230641370715067,0
0.6861242610544102,-0.516261127305486,1
-2.0280799416999717,2.2630847843855255,0
1.9125131541287628,2.2854706704133623,1
-1.3359981818396842,-1.0861443124870218,0
-0.6233109641935481,1.347444802963298,0
0.3077321360781522,2.9869333647990466,1
-1.7366368612918928,0.3502043498068478,0
-1.993109522643573,-1.8123240090975257,0
-2.3051834383477465,1.6418663147990946,0
-1.3354747214336178,-0.1440208945353651,0
-1.4343114752587458,0.33088282637194644,0
-1.8580518171224747,-0.24243861397258387,0
-2.0873851435028365,1.4596234258893865,0
-2.50330510435121,0.6605289517003629,0
1.1575403608546364,-1.1564529355513058,1
0.5611243944320755,-2.2071786501437836,1
1.0928937419792093,0.8769997498106458,1
0.7456885046483909,-0.1909926917334441,1
2.2900790865132596,0.2797153912199345,1
-0.48807699061325827,0.9156130430517703,0
-1.4292069861571683,3.769310385200125,0
-0.2824767285695039,0.9842674895670508,0
0.44805488281856864,3.1534119205891478,1
-2.1969281883940885,0.01279469711215836,0
1.1960540627982885,-1.1234978746877853,1
0.4543824171126831,1.4845996338499265,1
-2.184610544918687,1.3361543802483702,0
0.16991595578387067,1.1855326993838204,1
-1.87889556860989,-1.1686227630198012,0
0.6190962040117498,-1.8349358006094523,1
0.5563413699615927,-0.980855366879141,1
-2.0375849673615556,0.6216343885150182,0
1.2097575104634444,-1.7667229307092192,1
0.11174309491930139,2.835161027850754,1
-0.12942998944853273,-1.0134223706269119,0
2.5332099726041855,0.26398842997225924,1
2.328801388325812,2.0983552809636756,1
1.5624699606801227,-0.32401851856103964,1
0.1947843565411919,-0.9547306018927331,1
0.44942051880111333,0.6650902550124645,1
0.13459521575786892,0.48088536952875927,1
1.5784272914523756,-0.7347807928299781,1
0.09564772536937942,0.4705380776085767,1
2.703771366650444,-1.208848425914679,1
2.34139633942373,-0.2120809259706308,1
-0.7167984859980489,0.9475279069146928,0
-1.8928351849773137,-0.22071558962968513,0
-2.4328298671314257,-0.6171537319862817,0
-0.23143073975145342,1.7134437705015055,0
0.5841148917202196,0.9292848634801353,1
-0.13322853050763508,2.218305120271904,0
-1.4973373872666582,-0.49497952163597786,0
1.5120598536578231,0.1315905137043346,1
-1.4962629055469412,0.9820961829318938,0
-1.0048379928140552,-1.8260394997303977,0
-0.5974618700694526,2.409671277682855,0
-0.7498612966830934,0.11027381209483889,0
-1.6753012451788913,-0.759988442525792,0
0.8419360058494265,2.4553332994648325,1
-1.9004955320243238,0.22351209757405055,0
-0.6051512233399082,-1.1832058344600958,0
0.37773793399302635,0.8097847878945367,1
-0.9119791049007995,-1.4234912046773487,0
0.9286194605763617,-1.4497818820288515,1
-2.21277904962623,-1.6536505559178978,0
2.6284862651750656,-0.7562386301760782,1
-0.5506243213061875,-0.25627137660816224,0
-2.0634559254516303,-0.4997611286846974,0
-1.8866632305414295,-1.121340631236622,0
1.773813084362665,-0.8418880452130754,1
-1.9094768588190378,0.5520569856872358,0
-2.0512993216855118,-0.3067758650997013,0
0.35488381495331023,-1.4560802975073086,1
-2.1814820937685866,0.4009067880122863,0
-1.3871485465775952,-0.6230731386647773,0
1.2670718258470786,-0.7359773486171504,1
0.388438862542967,0.3043951262469583,1
-1.8852090635045877,1.058297465010964,0
-1.4920448959104868,0.3707024789465323,0
2.4182347242021858,0.7853123379896206,1
2.015918276336067,-0.24066720586576767,1
0.7938139036257779,-2.037584120182511,1
-0.8026336882179579,0.29048612706779664,0
-0.011425191640185208,0.5888802708938959,0
0.7473096194735596,0.35647576452675844,1
1.0224277915886086,-1.7079115851608773,1
1.8966688941117151,-0.9896726366958649,1
2.353270351338849,0.4750898887010474,1
-2.184864852720301,-1.1115063781772183,0
0.9448368988297234,0.43251363780213836,1
-1.9626470578791755,-1.6674333122037313,0
0.3362068366179233,-0.7666256569330152,1
-0.29948733147277096,-0.2933313805905976,0
1.2511303137869947,-0.7197634461568154,1
0.13145680373265833,-1.5079565735852496,1
-2.417680260864257,-0.5152312915400896,0
-1.9796818375885876,0.3212659262165031,0
2.218529254495068,-0.03473809784274634,1
-0.04962257096920741,2.3155661141139623,1
1.3564837944985118,1.4111732754465973,1
0.8884683187829686,-0.4284408235447176,1
-1.351351857403774,-0.5577047479167613,0
-2.4008845004826505,-2.113491364220389,0
-1.2375803431283519,1.8401262397615774,0
-1.1524204124390691,0.15089244288801307,0
0.43695400064851375,0.758940754339508,1
-1.4264381820598422,-0.9618745231279993,0
-2.051197185979218,-0.10394276064848912,0
0.3024620519627199,0.0513063496933604,1
1.2454700900976865,1.0857758401285627,1
1.868838160983998,-0.43359748023972644,1
-1.7218764001108324,0.34244482405034926,0
-1.637053861973039,-1.0419754499391802,0
-0.2000809358249732,-0.298002628846726,0
-1.1302089799612678,0.25846826816939317,0
-0.7437954199182141,0.27708883768735126,0
1.4261698374547611,0.6218692637924073,1
1.5388053275581914,0.560424254162556,1
-1.6985945523475527,-0.07758773125542273,0
2.1959671892430883,-2.028993140551223,1
-0.11878995132908639,-1.6860738391255645,0
-1.8959767610994778,0.27115749094660346,0
1.6338814692133288,0.8953073619600039,1
0.8658275334307559,1.6635276279360802,1
-1.0980026567010346,-0.1182324437706575,0
1.398322790143138,-1.0393113243597636,1
1.5488127968441243,0.9621016831863342,1
-2.4295069892412213,1.000355068320482,0
2.70290056939379,-0.22658038172906744,1
1.0097681020085498,0.09231743252327085,1
-0.8322307446198481,-1.326584846094917,0
0.7318556355024445,2.078192721216608,1
-2.5950012857698703,-0.7081281547042608,0
-0.5702825656550958,-0.9286564852157435,0
-0.6954546704124716,-1.7196913478166493,0
2.6305745384512553,0.232994973392463,1
-1.1194718919872257,1.3568654463793548,0
-2.5125957911025694,1.6220351057962583,0
-1.5775998472735928,2.2405468551487666,0
-0.3809912382663627,-0.5681955939900921,0
-0.34356299160424497,-0.7742804254735052,0
1.6788565580416541,0.988074103866709,1
-2.4959122778499085,0.7076750416798229,0
-2.2286192765515103,1.4148729781504277,0
1.7820629179157816,-1.1061908817899182,1
-0.329645056056322,0.7638319586759225,0
-0.6969981485412097,-1.5509861452311489,0
-1.9400591801515137,-1.6105200291683723,0
-1.61034764600857,2.182649797602993,0
-0.23483614574840037,-0.9324646569685091,0
1.164435755491016,-0.24174576943681378,1
0.30800990683500207,1.8120208014355077,1
1.1097778119732804,-0.5781863236343199,1
-1.6100843591251286,-1.4444088980657028,0
-0.7936354359067923,-0.5396865895821729,0
0.6898923527751715,0.07222979094904114,1
1.4506766782467955,-1.5371939962116978,1
0.6323359861224399,1.2738050586552445,1
-1.415052647984555,-1.0081871056108829,0
1.5353748193508687,2.0678722755554277,1
1.4358341227106928,-1.6245954533605182,1
2.0375033533320166,2.1195354764453187,1
0.7985852158528406,-0.7714652909367546,1
1.027807457623487,0.5921833733751642,1
-1.559942753588113,1.0628562276511309,0
-0.13786006422074104,-1.6610727924576132,0
2.3611954095803296,-0.12580917380527315,1
-1.1927609220025424,-1.0559505466142525,0
-0.11729558249309922,-0.09848759256865802,0
-2.13981335637808,1.6169335378377658,0
-1.3932032052831813,1.4516763525619365,0
0.1322666853932068,-1.5836797656687365,1
1.1762607741230888,0.8799697335311537,1
1.8792047196409432,0.16020440357260812,1
2.255338000792299,2.3868692149047814,1
-0.34561610499193685,0.13377472101280813,0
-1.8978219766591398,-1.737780890632378,0
-1.5498663441803957,2.511450407168325,0
1.0439954077434115,-0.5708787063217433,1
-2.0667779602940333,-1.523157911189379,0
1.622569418531707,-0.5162740431725857,1
-0.16599263748432588,-0.6880675025527434,0
-1.974506461007334,0.04057241166868231,0
-2.0246109796990215,-1.7927705051818914,0
-1.0687306941840198,-1.1510462099803107,0
0.7889946604860112,-0.7148036768177695,1
0.561747933929161,-0.39599144296358363,1
-1.2449526123591261,-0.4151373100779003,0
0.7345421704223316,0.9345119585605192,1
-2.4581700702997664,1.920182914909847,0
1.6024566336176254,0.10777158853236507,1
-1.077622614401034,2.8204713637936685,0
-1.1400357679613913,1.5681649262059918,0
2.0785093581372363,0.4239418361745929,1
1.5854323764531169,-1.0508208097235707,1
2.2087538455435345,-1.332154130317515,1
2.10340517963285,-1.147293496259034,1
1.8815963535767664,0.8363878195451334,1
1.0347048252842015,-0.9890757776034597,1
-1.7705907589281376,-0.9654870690338319,0
-2.454296977455793,1.2688783921706976,0
2.4246631689895626,-0.31739219567387716,1
-0.7565115326376486,-1.9881706720126724,0
-1.1963028513396792,2.2482244773624114,0
0.44312135627545324,0.19148601661078613,1
-0.49164860397610066,0.1414273109635496,0
1.566523683624541,-0.49286655792011996,1
-2.169943425795554,-1.1104083629758388,0
-1.4278713416214037,1.6021811608020626,0
-2.2197780143225483,1.2255894145084625,0
-2.4205895821613232,-0.6587708144215525,0
-0.5809057706855516,1.2134347472309424,0
0.49013957285222187,-0.29102735106813415,1
1.4228085010149074,-0.5839892008542569,1
-2.356239082849974,-1.1289709891795023,0
1.385483660659294,1.567654698632777,1
2.1697286913427156,-0.04822779592882559,1
-1.2488150420903352,1.0937766085998062,0
1.4690867024273868,0.31461767247561956,1
0.911911266155898,-0.8535687915019706,1
-0.2371368883750601,-1.6938758231227204,0
-1.9934151429182958,0.18040790406470142,0
-1.5313251596169641,1.6898217850690083,0
1.8662983000308153,-0.26944974501639607,1
2.0143619642669726,1.0295159111571217,1
1.8428222759016981,-1.9724338302567612,1
-2.335714131714647,-0.6209859033777699,0
0.28140657449539475,0.4700221300635341,1
0.14955881702329157,-1.1609826609184246,1
1.4763251559107404,-1.1332970596063527,1
0.4405694895581571,-1.702281839887231,1
2.0554137177518816,0.633941781263554,1
2.2354870252284496,0.5595776441970532,1
0.7564655396275086,-0.09758459647610185,1
-1.664458149281215,-1.129884294277944,0
0.861704650770703,0.6437077501562747,1
-0.39897548230587276,-0.8681560697229354,0
-0.9495498232766645,-0.3460761953489052,0
-1.4675487897375104,0.20264981018346095,0
-0.6681815872191471,-0.9660112611242839,0
0.9053970769585462,0.14062581659298717,1
1.9404537510640583,-0.024896633163364323,1
-0.33378112311568353,0.28988445450457234,0
-2.315280494899993,-1.9486325719120567,0
0.8332477343999265,1.0868854767123501,1
-0.9347390607941245,0.9814808560791576,0
-1.1396927387246016,1.0408420087312886,0
-1.4640653475356105,1.6556190888618154,0
0.9041747529592666,-0.2851717910024615,1
-1.4469767424100815,2.4578783156041313,0
-1.2328177519614725,0.1299248846999359,0
1.5107658661287706,-1.2146615035922665,1
2.8428374808936208,-0.5991161297923759,1
-0.4223460762752096,0.5011574415348077,0
0.597126014313611,0.6049506482055466,1
-1.38464696839424,-1.1603808478186166,0
-0.13870423886426153,-1.4556516966211195,0
-1.6613771077538033,-1.6898613337703936,0
2.116037674719938,-0.3202998067685475,1
0.024339540214677678,0.4214496476698053,1
2.0634481053935043,1.0856983249843766,1
0.9464324038167983,0.8871784815033937,1
-1.7357241634930936,-0.6849318889267724,0
0.43038675100328194,0.056164107545314756,1
-0.265946447132008,1.063754202128952,0
-0.6095338760650162,-0.5126549676108081,0
-1.0372819013131762,-1.8137119834615594,0
-1.166293348028441,-1.5863218754122608,0
-0.17061365347362856,-0.8369958002917364,0
-1.3207391159279347,-1.595644633159782,0
1.7870495635507102,2.0652543551541056,1
2.0451139426383445,0.617759168486282,1
0.7325879859977741,-1.1299875220826574,1
0.581959840685931,2.1786845769072305,1
-2.4905195815860344,1.1547024793391811,0
-2.2443146943742986,0.18733132827549148,0
1.77092163797793,0.40172378506445916,1
1.2720507284358646,1.7953851933676281,1
0.21140089852302096,0.9400404363936125,1
-1.9204120543535743,1.1455720846992228,0
-0.17105700568933638,1.6028399284222679,0
1.7241841469503345,-1.307744713484606,1
1.9640758276756929,-1.2880785532215633,1
1.5328830045658601,0.4711920695251425,1
2.0039137937861033,0.24248214089019915,1
0.5261982488298028,0.8490346633422315,1
0.8103755843339506,-0.9284024889119917,1
-1.3078653587566946,2.22538959385298,0
1.6897677486184217,-1.764702067754091,1
-1.253340304854144,-0.73595398557181,0
-1.6469285054250842,0.9546954712983712,0
-1.5376117123519057,-0.5698861884210292,0
0.5994504826850858,-0.11171088655408926,1
2.19321685341788,-1.3801624643918493,1
-0.4312919513787735,0.404928353089956,0
-1.5056427725984052,-0.946823898688104,0
-0.8417891183869575,0.3222943978234273,0
-2.442697534014365,-0.8040297518894411,0
0.00787159747460416,2.583534953387431,1
0.898325203359393,-0.4274966507553421,1
-0.15026341916276695,-0.05780497395702011,0
-1.90020155280547,-1.159856942505912,0
0.9222755892268941,-2.1378951370469483,1
1.7937050241616992,-1.7040745919427969,1
0.6914876242121324,0.7760464935638937,1
-1.6818553481574006,0.02334437933984207,0
-2.2765601328079916,-1.323621955747104,0
-0.8957721545307514,-0.7037279897796878,0
-1.2966416567753076,-1.1437075527796168,0
-1.394457401919039,0.2788590956580663,0
2.6314658041254986,-1.1792795372585498,1
1.1049821051512683,0.31465303605173545,1
0.44328643139189094,-1.3504072828800617,1
3.0149128136701324,-0.9828346584612166,1
2.07685363231498,0.38695304945493325,1
2.644585840836026,-1.31245747179425,1
1.095768525848607,3.181723371570729,1
1.3167559007200127,1.829482289191124,1
-2.2279417485144952,0.012884148786703187,0
1.9167275692805823,-1.855906078221825,1
-1.8129164435867084,1.0391148217345108,0
0.1422693546661974,0.07536613505146034,1
-0.5620488769059022,-1.359308833104452,0
1.3860901249066124,-0.7819506801545548,1
-1.6368036851625631,0.646039878051288,0
1.4611611014262347,0.2504560579983821,1
2.289923184050019,0.5371076082160985,1
-1.845559711027392,0.9810623234515522,0
-1.2059012802873377,-1.8226051344891965,0
-1.5569956715187971,-0.7101847276583272,0
-1.3973771228607164,0.6262850727965621,0
-2.001829099825892,-1.1209569902101508,0
1.8457424008217793,2.997915388166187,1
-1.9192684071016088,-1.681697234611661,0
1.730444366312518,-0.30951601306890414,1
0.07860932146347603,1.4725141365119234,1
1.3587664183681598,0.8574668095631542,1
-0.032571332132521155,-0.9716247383071485,0
-0.9026426684761396,-0.9601621533132773,0
1.8081684904710715,1.7815675257883652,1
-0.9645686055843741,-1.2582621307333495,0
-0.41649906293093164,-0.14528316998660043,0
-1.112755331970018,-0.7313724938825306,0
0.5320592690268621,-0.385791170699519,1
2.6080611681070582,0.41035906140889367,1
0.11208448584766542,-0.4202729190320871,1
-2.199322937570794,1.326550479967473,0
-2.553829303165902,-0.6237141072337391,0
0.9811415622149151,-0.8755455233831041,1
0.09697802119646654,-1.0891919130952266,1
0.18214961264553284,0.42358778455122503,1
2.05005690382976,-0.0007177690643111467,1
1.156535556737668,-1.5417119405232844,1
-0.8980372018908769,2.7866379010240347,0
-1.1040176265694503,-0.7940791236502921,0
0.7828932996910495,0.16325691638921214,1
2.2002783921452354,-1.6963400172220484,1
1.2076190369365107,-0.9576806839890384,1
1.8809495302579757,1.63645644290174,1
0.5373093165191927,0.03575654921716065,1
-1.9972728282913248,0.25396328743964414,0
-1.1612679667157833,1.1785682698937205,0
0.048706357616371425,-1.625617649013166,1
-0.2711251588746936,-0.09714716038259208,0
2.1954079877766293,-0.6361733648925727,1
2.2143721171781863,0.6934574253788798,1
1.1023024326314315,3.1132425223474924,1
0.835415733735073,0.43256045919070973,1
1.6582545822420098,2.203742514766022,1
2.4873386350860116,1.1025817262578665,1
1.9910816430369462,-1.6434504186297003,1
-2.14417007246707,-1.8425981483781304,0
1.3550631694849389,-1.8098145766374114,1
-1.1811575605960414,-0.7877175896898536,0
0.6484426467175067,0.5763923043787154,1
-1.5720093162720743,1.0007540674912772,0
1.3148772789703818,-1.4213895651948252,1
1.5532211944837662,1.512806161210757,1
-1.8378798341049176,0.09344870125106763,0
1.8574296310058782,2.118950749988656,1
-0.6493061245003244,-1.0482945209286414,0
0.941693348493241,1.363570729322673,1
-1.6828142302241758,-1.6404055362265115,0
-1.1036883629563725,1.9009225066545397,0
1.2095509940675322,0.2689282129847892,1
1.2443360267076333,0.37139938814625983,1
-0.21751929616636542,-0.8053733071882838,0
1.417881057195707,-1.0982053839753587,1
-2.0600738472986913,0.814780294603992,0
1.2601618146261078,-0.8797105943733113,1
-2.040034922899859,0.49492442688092697,0
0.9429643111903735,-0.7355989826169209,1
-0.4517243763004931,-0.47980695238105076,0
1.0424433897894376,0.5397702369862232,1
-2.1389567924695125,-1.3111486705348505,0
-1.7599290087492407,1.3783583186688713,0
-1.531732022392648,-0.7742991168003697,0
-1.8250800459508236,2.295517659087965,0
0.5993187604062953,0.053695949341298344,1
2.4847859480970116,-1.9484793781919398,1
1.6993642136564298,1.531601697510668,1
-2.439562714753186,-0.7254735275726654,0
0.08399744574069144,1.0486562446639103,1
0.44274231854562784,-0.9615340443415977,1
1.9322554808416144,-0.0019128670725624408,1
0.017461248281245095,0.694662316384509,1
2.405666934587722,-0.9228047472923762,1
-0.5522670043442769,-2.049256350498213,0
-0.06389183610799293,0.3905052208641041,0
1.7946947181086634,-0.8930329819373349,1
-1.843688660271799,0.7844638506059304,0
-1.1965316290211367,0.7081037857121831,0
-0.6724571892083447,1.5540899804571127,0
0.4501968059643099,-0.41858264537119033,1
0.8705944811196135,-0.35127435802015483,1
1.9053709145858555,-0.971334904578009,1
-1.4715771818942582,-0.09982245581170429,0
1.3150902039883516,-1.5334143585879083,1
-2.275624732005878,1.0477338421871116,0
1.6947724940393285,1.216139824763781,1
-1.4423920591083323,-0.5802162917318523,0
-1.453483745564097,-0.045137703460205236,0
0.8697693760431325,-0.45992619941851637,1
-0.7322174345445897,-1.0840368214922127,0
-2.2369362246877453,1.8376368271348036,0
-2.460023574865449,-0.18011674886819243,0
1.6458320800034423,2.184313257838518,1
-2.004147017637972,-1.9055582358224719,0
-1.3763187860461918,0.39493593524210246,0
-0.809499254370278,-0.988613913448942,0
-0.31371074683653155,0.7170702463874298,0
-1.6063734317167773,-1.793972649772872,0
-0.37943006632930965,-0.6293740629215958,0
1.101195177416971,0.2698341222458718,1
0.9952317930570451,-0.07427950060930788,1
0.8780078110573366,1.433761368412911,1
-1.50612335987318,-0.6308058081971248,0
-1.0368813273033857,0.4158476352781648,0
-0.1704953383241564,1.3446732883565664,0
0.9475440177771783,-1.0649806672696331,1
-1.105897572506309,-0.35941184958987904,0
0.6214558091060074,-0.4408298171725257,1
-1.0704110310417088,-1.1856795158671223,0
1.2989391239650154,-0.9316887215986154,1
1.4422958287334717,-0.5112228442448024,1
0.9210359512863887,-0.8539752279601037,1
2.500337583763799,-0.682389451988334,1
0.1650807108739775,0.19358559967290356,1
-0.7890307456517376,1.59625449115295,0
-1.1332830311873896,1.3767290341760203,0
2.208851905236078,-0.36745832365316494,1
-0.24558960872649682,-0.8118366352065198,0
-1.7590331815257931,-0.5981843862830755,0
0.5379878768424006,0.235221686858481,1
1.0592787810668312,-0.5251782081461494,1
0.25995946299029615,0.4447105718965628,1
0.2622495583818283,0.433011299415749,1
2.4802210973072127,-1.8991376047587196,1
1.6625068759668942,1.6771754029192794,1
2.0369851084647017,-0.7533628280913232,1
-0.5861424997041877,1.270295729846731,0
-1.886232359344187,2.2131178288453848,0
-0.4416327693104294,1.8573855366369223,0
-0.13397984074172656,0.2843606869000752,0
-1.698702300422989,0.8417804746630836,0
-1.9629754748641635,-0.13016242328565183,0
1.6667590971154254,-1.7397480141079829,1
1.6010242101675585,-0.6818629098198712,1
-0.55269349059912,-0.884370113574874,0
1.3770529937011255,2.0504904384784535,1
0.7220348244352747,1.3540269293886125,1
-1.185808801212332,-1.1838698958590994,0
-0.5277607100958155,0.4168751641900986,0
-0.826488794007299,1.3166566227389054,0
2.0481572139940116,0.28591763534049175,1
0.3410684623291368,1.0155659915999533,1
-1.4661192496552036,3.132803581395936,0
0.49897901318435967,2.2130067127648974,1
-1.4396513117115965,1.2163378396632543,0
-1.6099745801961391,1.9070551214718283,0
0.48947443224925025,2.831416688897552,1
-1.0288228091244982,-0.022815714214961924,0
1.5204683522743594,1.7888341130641643,1
1.4714712646096102,-0.2337410058475809,1
-0.308863899642554,-1.5517871007986654,0
1.130730878950638,2.2432262509714866,1
-1.5672287683809325,0.22441922072631915,0
1.3562018245596348,-0.9345571311715735,1
0.6499108461409614,-0.796962651608444,1
0.7014837802639357,2.110535028467452,1
-1.5839906590297037,-0.8854608519136035,0
-0.7155289937328119,1.0466652396601823,0
-0.7363726945909802,-1.3592613324337495,0
2.294294671185979,2.305518088065156,1
1.8491093764305637,-0.8433085160372649,1
-2.5097140205394437,2.4504036014778836,0
-0.19155901516249133,-0.791946069431569,0
-0.030010974923985505,1.403414037161311,1
0.10399593013332716,-1.4713439066456702,1
0.6140863879652387,0.2974802206585947,1
1.0952012686163128,-0.7068073457216015,1
0.9527573082130587,-1.1186758733996187,1
1.5126596190051949,0.061321347051109976,1
-2.0778055727935,-1.6775448183455937,0
1.812078173208441,0.03852965690584165,1
-1.2323818325520546,-1.2078424559945344,0
-2.310075762734994,-0.19400681366860884,0
0.433957169531653,0.21854254375633764,1
1.0857263925969969,2.424019989217387,1
-1.1037367282521509,-1.2573143614888986,0
-0.41776012600145584,0.10138960636502375,0
-1.2203628556250592,-0.6203859380892962,0
1.7663267371587124,-0.2869262274772604,1
1.7549699534031067,1.067536052311095,1
0.05534484372041137,-1.5579635405352992,1
1.2130720029403914,-0.5358319020135646,1
-1.4819506376576785,1.5786883235300357,0
-2.3968530655282585,-2.074151958873699,0
-0.6239251248383592,-0.16339855445459933,0
-0.2705029032369858,-0.5502030320681869,0
0.6682021450447623,1.4589867182364489,1
-2.3837703639160925,-0.7494383883100948,0
1.754384079318271,-0.7578501049912688,1
1.1091406657744607,-1.1502317560086222,1
1.995251978039801,-0.6813153323847188,1
1.0488303785156976,-0.9187484141269866,1
-0.7260977224200811,0.8185141661837946,0
1.2706975400296199,-0.02074052867435472,1
-1.3676818008246359,-1.063670332656752,0
-1.9764785184359253,-1.5701114937973673,0
-1.0387941931143023,-0.5878286348980012,0
2.8221747140532667,2.7237520570412026,1
-0.9453484244409666,-0.9096209339354225,0
-0.6441834427912456,1.9495828287931776,0
2.51684761882658,-1.2585997982376518,1
0.6100358563445396,-1.2617227628585452,1
-2.2297826018987896,-0.9841449329748695,0
0.05509363494615696,0.24285702428512468,1
-1.6875302434822237,0.6190103767594484,0
0.09446757936557972,-0.03168577159294306,1
0.6877142849155566,-0.9874889435253433,1
-1.431789252264787,-1.791477306530156,0
-1.6788614216438866,-1.5853656431495655,0
-0.20376400485382867,-0.16999886344866322,0
0.8152264578178945,0.8876424992863069,1
1.5644621348154735,-1.1131392195643035,1
1.050986739076834,-0.701039446061991,1
-0.4615590528980401,0.8191368986232758,0
0.6126252900916536,0.5522370040843297,1
0.6585019472568304,0.12847144412953904,1
-1.8719148818800806,-0.6625139934390308,0
1.9433575451634313,-0.7122084767610588,1
-1.613351605100962,0.15617871297443198,0
-0.022441788453082364,-0.8069659386805191,1
1.458952175411649,0.4175778658348508,1
0.8423754080083838,-0.43800793523496073,1
-2.35702883501132,-1.930285608147421,0
-1.285783900305658,-1.6240004614618129,0
-0.815054750929139,-0.046107846847435185,0
2.000430598887574,-1.5903855721221434,1
1.5206923986056806,-0.9706363244892829,1
0.7709822466003662,1.3558619384713682,1
1.057484104454714,-0.7824232918800077,1
-1.984150787226432,0.8146364378968206,0
1.2699893712056307,1.2663230263966425,1
-0.1929539974449315,1.079041057279147,0
0.38680227989050453,-1.2890807714136603,1
0.7836455065389171,0.9070938793604678,1
-2.366625137975374,-1.700989051979997,0
0.34888465729915585,-0.6724524215730501,1
-1.0753563732688973,-1.113340310536588,0
0.8296024749044568,0.21233172246241838,1
-1.5597923796412831,-0.5097402152989337,0
-0.9564983387838389,-0.5046112284607268,0
0.7275812421243845,0.6457128678215615,1
1.8525472163926595,-0.8090630813496956,1
-0.6057758157206956,0.01571894929070561,0
-1.5683942435274676,-1.7394760135212302,0
-2.2185936803995054,-2.0324692989373787,0
-0.10898570462503404,-0.9932564853775606,0
1.0882066954036884,-0.08965586229019012,1
-2.0972976891557233,0.038899317794901855,0
-1.0215510424945375,0.8714530957083929,0
-0.9058381533540782,-0.8086470207155948,0
1.8746593222297336,-0.3283532264242746,1
-2.538687586737999,-0.8806331063685174,0
0.2747363235351199,-1.4670100790255232,1
-1.034945012760174,-0.17146051498133624,0
-2.110906325040468,-0.3476297081791678,0
-2.1435611009118833,-1.4026006779100975,0
0.12196497368853983,0.40997114315593763,1
-1.4010306297510424,0.45884349487404696,0
1.1145437267270213,-0.7088426836361649,1
-0.16687803547286384,0.5244079683031536,0
1.9466010914374752,1.5620970968044676,1
-2.3471027246991976,2.4230621771955096,0
0.7776575609316826,-1.6773883305473603,1
-1.279941316820602,2.297087186695643,0
1.898113670281937,-1.3912450347631746,1
1.256055680715834,0.72837172980658,1
-0.7497542943009641,0.5192143941652452,0
0.7198716138527069,-1.2395879621968982,1
-1.4979186224101266,-0.5195075661334998,0
-2.5489525315241783,-1.9228926931074466,0
-0.6892492596129061,-1.3853831535789873,0
0.03540891961869925,-0.13806438562263323,1
-1.069204988075431,0.9234135522609702,0
-0.7255481181189308,-0.8163891694421682,0
2.391315202370898,1.4557172463350132,1
1.246553171894966,-0.7758765256525029,1
1.771055062298225,-0.24869128349369968,1
0.11218732730041134,-1.3342572088089015,1
-2.192136649620851,1.758513304383515,0
-1.2813031225414002,1.9814286879651255,0
2.340484036524323,0.4408923327219688,1
0.962138130989191,0.446395917405098,1
-1.3584864307023503,0.10425672039909473,0
0.017656259232740223,-0.22895452446262332,1
-1.637323375591758,0.41531173533551147,0
-2.272286635823449,-1.6371242111512623,0
2.1420552461182325,2.2230073659072827,1
1.4433500065440221,1.5816390178720203,1
0.724642909095282,0.7583155681093731,1
1.1419053447024252,-1.1920259316576969,1
0.882502668982861,-0.6324024862818542,1
2.3787193465753957,2.351428863843789,1
1.3682663017050043,-1.519599608619774,1
1.4932989091853321,0.6902101213885635,1
-1.4347639710058708,0.42071459973459513,0
0.7490346336868001,-1.4066395598407202,1
-1.8547246340924333,1.5188584754135395,0
0.8667029219711079,-1.0423581037090683,1
1.7077755448930836,-0.7458550166019453,1
1.2875594276380327,1.4288160534292125,1
1.1899804190210073,-0.5050549311615242,1
-2.340712018806585,-1.769535379281466,0
0.26833323134828846,0.47108402539583205,1
-1.7466216810637296,-0.3114393163334296,0
1.2034663137831885,0.8064264358847445,1
-0.639938691532845,-1.6266016060205537,0
-0.004205175802514368,0.5690389012398304,1
-0.9459574693966263,-1.2442206999117937,0
0.9401624803969808,-0.2835361348774771,1
-1.4999892113307474,-0.23245534128860434,0
1.0690900591707393,0.29744895399465354,1
1.3272362030876255,-0.30204113316246245,1
-0.5347592070506029,1.3605973835744405,0
0.5639970504376433,-0.28075172960138406,1
-1.2495965075036848,-0.4540753803192455,0
0.21502643848584072,0.307148852286402,1
0.6751682673321562,0.09982617635279684,1
1.496164331413516,-1.4151907686996061,1
0.7108773466306793,-1.172495371814512,1
-1.5195005979324718,0.0669724092672142,0
-0.07756357021438834,-0.1812274995284697,0
-1.4931867613380907,-1.3741222489187388,0
2.2509934456343696,-1.4463569711893607,1
2.314956648351874,-1.9468456655190174,1
-1.7986996557023462,-0.5118691436001657,0
-1.0875841664489092,0.8476667211152872,0
1.2979496300159343,1.62213207853247,1
1.012296618428307,0.11984432307762799,1
1.6178769498210297,0.3045898237131619,1
-0.9346559329850982,-1.3470292242972626,0
0.06264887701297236,2.606478579431207,1
1.0084304312861576,1.42920560984364,1
1.8552178274320146,1.6384552132380326,1
1.2051576283406997,-1.0019593507161098,1
1.1160083910839487,-0.2608322041005616,1
-1.806126081542411,0.396805418904984,0
1.9085906305183729,-1.6690097118620768,1
-1.418733286499762,0.6317736994901443,0
2.1433678458431658,0.969879855548227,1
-2.338830621774832,0.012776044794647556,0
-0.05269299104504818,-1.0324331292196995,0
-1.5636945975958998,-1.3360637016446848,0
0.9117288053942801,-0.23541795126523488,1
-1.1592266554438908,-0.6917430834114033,0
-1.4331568363040943,0.7721418643204386,0
-0.7671281437971946,-0.5472283720502255,0
-1.022146774694162,-0.4355019476764872,0
-1.4347586379664221,0.5938411137403202,0
1.6165072345913292,-1.0400559476154418,1
0.6239683797957108,-0.023428698929815583,1
-0.9859881088343891,-0.7836407840936831,0
-0.5900380606637475,1.556651566734725,0
0.3282698777512737,0.47069279550821674,1
-0.19114265578306552,-1.6649354723341747,0
-1.2197230604646625,-1.8641026285752842,0
0.0922054931808031,0.08898592479898626,1
2.5495232246694495,1.8015930851057096,1
2.2874055199516232,1.2409084047781351,1
-0.0706309381922479,2.4861363948776543,0
-2.5316575212597217,1.317783682133038,0
0.07069715791114538,-1.2278083429157693,1
-0.15634274918667232,0.753138812071192,0
-1.500541945342211,0.05086864124730933,0
1.3852217856334235,0.5201021734270617,1
-2.0594438247876674,-0.9604519600542707,0
-0.11296160789782418,0.9924384576826909,0
1.8407107012306496,-0.3141300850302191,1
2.33176030064109,-1.7974464329382411,1
-0.3456056149221308,-0.751656745492014,0
-1.7030569821824393,-0.5892213333128397,0
1.4404666392688974,1.0272444200815611,1
0.20192697204435886,1.7832312917080246,1
2.43697779853747,0.9772626653513946,1
1.8494829907846173,0.3322824445535162,1
-2.2382208692134373,-0.8866196531819288,0
1.4586723508018995,0.5881430108596031,1
-0.2393362564994879,-0.7385609317745528,0
-1.6684652353473006,-1.0567137022698088,0
-2.257478785398033,0.349143947741404,0
2.604345887845936,2.9248967523016973,1
-1.5747047032806336,0.36953277720690403,0
1.6869727468049953,-1.9043443204656199,1
1.9488941853989732,-0.7073480634049916,1
-1.6448120351667583,-0.885107058385473,0
-1.733768388759555,-0.42044375821200586,0
-0.05342602513317697,-0.13981778641329384,0
0.04063404598208788,0.34074828027944704,1
1.6275305131208528,-2.0193351606171004,1
0.35824200706528386,1.4390544038380435,1
0.4695099411360074,0.31101183672113075,1
0.05537590564270998,2.182012491124224,1
-1.6475514011644736,-0.1719431521407427,0
1.8571449716714248,0.6207818471391598,1
-0.8404290002197871,1.8878845595025173,0
-1.3724253759348972,0.2983742175744978,0
-1.8205381250307313,-1.3584121134429457,0
0.6933224875813015,0.902927156056106,1
-0.2015458444370918,-0.19526810316965101,0
1.3952868054685756,-0.9380423670067279,1
1.8782406314082416,0.5569358817987446,1
1.1821198521608502,1.522843691087226,1
-0.44486460465929256,-0.19195582237775816,0
-1.5889883729005336,1.8865174905786546,0
2.8465669668051317,-1.3177794649914287,1
2.307061173564324,1.173513482273223,1
0.8659754268710599,-0.8069854898878774,1
-1.8306288481850423,-1.6478849899814958,0
0.12962066795504848,0.9956587401566633,1
0.2897232282734724,-0.2822530110880284,1
-1.7307396676897298,-0.34914630440856353,0
-1.5227720282389932,1.604112315629762,0
1.4871702492506556,-0.8552781890226706,1
1.5896071679962716,2.257594931166809,1
1.080931619356932,0.26746039009076983,1
2.640851163031835,0.3350858538380873,1
0.5220282004819041,-0.18790845060226682,1
-1.177647676612834,2.2804198524758554,0
-1.6538163910311685,-0.7777182755290334,0
-1.0110614273139567,-0.9559089208160236,0
0.8180679830333375,-0.7541343005787184,1
2.6134588607490183,1.735904494765038,1
-1.5998749567534332,1.6455374301326362,0
-0.31694037109746787,-0.837223625955358,0
1.4193046642582212,0.17223754960838344,1
-0.15018330742020441,0.9640874548642343,0
2.1494879491319376,0.6176052397575084,1
-1.3334248941511446,0.45879517595238817,0
-0.7904984350337043,-1.5165449102210435,0
0.0036144813841116714,-0.03717031865469411,1
-1.4129802233716178,0.9921105573868919,0
0.9729811005185492,-2.122184508289903,1
1.7662421209746195,0.836712450492988,1
1.8173435247261163,1.1439072864631141,1
-0.6160025738800227,0.8287233846520864,0
-2.1544619132639533,-0.3207712770409342,0
1.3090996863097157,1.807893404147726,1
-0.11367386369577141,1.2582665604571948,0
2.592471481214935,-1.0697914998403228,1
0.30222190640459556,1.7109938458741594,1
-0.41216838677628853,0.6899142752959208,0
1.5541366754651655,1.491046045804561,1
-1.557106881095454,-0.6328706800215765,0
0.9158469280327769,2.27230807774729,1
-0.13835294213602498,-0.9426056318028269,0
-2.5480135843421983,1.3840140276700903,0
-2.405628316046256,-0.8925789490901799,0
1.3487899251240905,-0.06923365310703122,1
-1.9715321413830877,1.1951439185704311,0
-1.5745352431659636,0.4918965886686866,0
-0.27940480339055285,-0.23668985361567227,0
-0.04356793631829536,1.8287745667114836,1
0.7206947930137788,0.1506211473315231,1
-1.9534912723236246,0.7089280640322179,0
-1.6830070791258813,-0.6924326038135347,0
0.33675867586496,-1.4247963121337204,1
0.5677766919219337,0.6788156915843869,1
-1.4168602104102306,-0.5613692728732815,0
-1.702675978005144,0.7378727041889211,0
2.0151496983761317,1.8353470552584548,1
1.757890035042284,-2.134139649533396,1
1.7443353440507663,1.5136499759083253,1
-2.331602386440131,-0.26922712083904693,0
1.4831519541189835,0.03305431239854012,1
2.6875999334795977,0.5874306261170607,1
-1.181646566715355,0.23105171390758394,0
0.5232549365126525,0.43368883405099423,1
1.2329578473678862,0.5178230356818405,1
-0.0360761507234713,1.0933012144198444,1
1.1227681731441668,-0.9558011834085837,1
0.480580338152945,-1.4401596055315697,1
-1.688160512546938,1.6490503051491232,0
1.7874194948485564,1.3109501451340666,1
-2.0212721126911464,0.5445794747195642,0
-2.4394374983191858,-0.2962014709319962,0
-1.638953948322183,1.433597813352332,0
0.15110876240732177,0.8118346179417723,1
-1.50562450466335,-0.10733932093541107,0
-1.1045892288815131,0.8761995506126364,0
2.7921124599532052,0.7828368402459068,1
-0.5298453559611599,-1.2821278085178132,0
-1.9550042142479156,-2.0490278246196607,0
2.230707710813525,-1.6055177701796257,1
-0.8623799756538519,0.07140828279130063,0
0.5618689517853431,-1.7942409668284793,1
-2.061505156812701,2.541781173286816,0
-1.1809826485183295,0.23604853198606646,0
-0.3657567871276364,1.4179170649377917,0
-0.03282689788463791,-0.32217226917163416,0
2.4063514364158665,-1.4967978526889105,1
-0.5340982377150797,-0.25090034419216467,0
1.8107648763231934,-0.47972576847141624,1
-0.41468278000770475,0.696320771635308,0
0.3974300961716759,0.8494135714442156,1
-0.1261042063688976,-1.159409255863398,0
1.677958024816094,1.5633029991125307,1
-1.8237373578717702,1.0806572972543869,0
-0.6125026597091762,-0.8700025367394688,0
2.4030239984761,-1.1728962269541328,1
-1.045963123107611,0.5239624523674187,0
0.6951793910820301,0.17806905231821757,1
1.4235224286434007,-0.8378131713980099,1
-0.9235443905416567,1.5454342308213125,0
0.12443996389486386,-1.236556231561414,1
2.058436238656333,0.4965154401430214,1
1.238017352777066,-1.0747159206721753,1
-0.7330148410151508,-0.27833992160813287,0
0.11943736831438945,1.0686963935668525,1
2.0336683874797714,-0.9173505706203048,1
-2.0227599491039623,0.9346494753600484,0
-0.2914022007868097,-0.7492674059184137,0
-0.11323922817983205,-1.2752768541623554,0
-0.008735373993679131,-2.025528666157434,1
1.5037991189900397,2.575115671844675,1
-0.15978277054064935,-0.4543527164433073,0
1.005260650003631,-0.9550804159812954,1
1.610555253823331,-1.6384488223681628,1
2.7506656736109156,-1.6045199440234499,1
0.5650942252541535,-1.1105541942160002,1
-1.381554771142583,1.4729096940790658,0
1.7611464844624796,-0.2743393553015867,1
0.40646073015420325,1.0933156611148598,1
-1.9483930990443408,1.149770199470491,0
-0.18197425983996762,-0.6429436335634631,0
0.6491601395884082,2.2582213957780692,1
-2.008752374919698,1.4020530526317265,0
1.2898592071176787,1.7641358395213689,1
-0.1876850486282975,0.5017868185490459,0
2.4115207062591626,0.31937231468323235,1
2.521255150179379,-0.1757794370233388,1
0.22293641626342717,-1.3942311251705641,1
-0.27270721175548285,-0.718892598430023,0
1.0535087056693355,-0.44864286922873436,1
1.3736572319273415,-0.10641302322318644,1
-1.8902831969006777,1.4249482765337707,0
1.0483763330113394,-0.17526487896936463,1
1.2286774622033916,1.1542729228229658,1
-1.789484551976088,-0.918102771235409,0
2.368643364901526,-1.1973756380416893,1
-2.6868760991903122,1.8703934924522634,0
-2.007010174626624,0.7655421093812259,0
-0.7597758269310319,2.1162047632063006,0
-1.1941550073684648,-0.2254991513802907,0
1.6788650788317838,0.4920683295620323,1
1.6699043834549692,2.0237861306303135,1
1.3471100668014617,-0.6793015368585609,1
-0.6228204934072685,-0.8098083449622689,0
0.44891351225237774,1.4788387893927153,1
-2.4514552598968273,0.6328450013481906,0
0.2502217699699585,-1.3290266891149547,1
-2.3165200290739247,0.24850251642608345,0
1.904656370452668,-0.2805869348924138,1
0.13447396015003954,-1.5095576060351283,1
-1.67923039113279,0.29350531272379654,0
-0.8857187950866464,-0.1866889236019099,0
-1.8392446626537964,1.4523812740686077,0
-0.9553183050759156,2.019018718829913,0
2.2254823651509485,2.4893156147200592,1
-2.105187742745326,-1.2451068988431961,0
0.908393596028145,-1.270887553956265,1
-0.33501945789620236,-0.855601713677647,0
-0.6224218402631287,-1.3239716953768181,0
1.0775569388216613,0.5678148816817641,1
2.3659452062488198,-0.7057648787300632,1
-1.7737837147674922,-0.8833924404790281,0
-2.3676563451879504,1.7662084835649985,0
2.4606282344116104,0.44451214080443635,1
0.8752924395026437,2.0438415187499177,1
-2.212432133104056,-1.586145687955959,0
-2.0540347333771964,-1.174934809391654,0
1.511965688439098,1.8546602228755784,1
-0.7753748008005595,-1.172461306109256,0
-1.3541157473560976,-0.044619134726448406,0
2.3459531588411378,-1.6288130605561348,1
1.0638139921588115,-0.26326184929873075,1
-0.2998615865474257,-0.6793500003222275,0
-1.2303540739616576,1.8779512078241072,0
1.1202308177508906,-0.00472582473576022,1
-2.135035791637773,1.550788743103292,0
-0.2950133644946543,0.32284273590178536,0
2.178486878528135,-1.8029144060683753,1
-0.09603287610780137,-1.2018573265100714,0
-1.701194850824912,-1.967932499314673,0
-2.5516961302091765,2.007031910132763,0
-1.1736489969228825,-0.010571207196914678,0
-1.7213757037013078,1.0857410393778544,0
0.20108090879995832,-0.7052262933898232,1
0.6582758142346123,-1.9067136828023998,1
1.5681874811293348,0.39920351431714585,1
-0.9073471931497039,-0.7048308153174934,0
0.27842277616591127,0.09334011084840715,1
1.6756483962141042,-1.6471468409776153,1
-1.281471952668481,-1.8933755086423196,0
-0.12242078384779044,-0.6789261127890739,0
1.8251388056594353,0.43477999774660814,1
-0.9750666295914916,-0.09700108887693382,0
1.1758307858698163,-1.8379780932025085,1
2.1645640493024807,-1.0862724464145272,1
0.3772502419137802,-0.49540736109845906,1
-1.7934011887084038,-1.0256849744605283,0
0.3078484016068579,1.7480395868368936,1
-1.8149102472661316,1.3669060255968195,0
0.3636912838123,1.4071811102719822,1
1.854275497062473,-1.0579140281754396,1
1.3626921385735793,-0.8017192926109272,1
0.7934530955160893,0.40397134724290884,1
-1.100152354854036,0.7849365300772838,0
-2.3144910076887832,-1.047782141898701,0
0.9400802605553151,-1.9075311467614373,1
2.7594809436596246,-0.9183990293097569,1
-2.4528836801106184,-1.5595644507885233,0
-1.5342708023936222,-0.5932117556073457,0
-0.2249897711922447,1.3134335570988278,0
-2.210661008889831,0.4646463009796006,0
-1.0972750658987058,0.30949066958942617,0
0.1744846890576273,0.36477944918460004,1
0.4993625279162818,-0.8812145985672292,1
1.7328841756405107,-0.45627584871909377,1
2.5833539838019837,-1.5882000263493907,1
0.08607542656397582,-0.5482692238156216,1
-1.5484465181731761,-0.8893620523156771,0
2.272817399002691,-0.6644634255616606,1
1.818437108800261,-0.8984820523033359,1
-0.8268391044942539,-1.1329601772295412,0
2.6353548718218502,-0.011678267241615081,1
2.0101049913053597,-0.9862274362787478,1
1.5340212662352264,1.279399335964773,1
-2.365630462063092,-1.4906495986167974,0
-2.496288602810949,0.6001863876222232,0
-0.5431197440386952,-0.7679451253113464,0
2.0719262146614352,1.4137704968990414,1
0.4030632147680143,-0.7345844566138497,1
-1.4629281256948479,1.047277622288251,0
-2.1969560276479125,-1.5162514278668509,0
-0.5031796413638339,2.042490115960706,0
-1.098670261181704,1.8103994715860994,0
2.2293787079507337,-1.449140473519666,1
1.6031282095476327,-0.8427344039631797,1
2.421910778393596,-0.9534306147918249,1
-2.0153131934325947,-0.515641724319267,0
1.359366079738315,-0.9410580409335949,1
0.8181203744193344,-0.00402519385379424,1
-2.314715520370538,0.9119236632670721,0
0.4225024981984987,-1.6749587949352156,1
-0.7466517939091166,1.5536503777808877,0
2.2344845811220884,-1.2365225766930164,1
1.1719183035256764,2.712531708201559,1
1.449694571741148,0.3195737506114773,1
-2.068380218443293,0.3423841856931479,0
-0.03220151095546468,1.40916613078973,1
-1.2701203730651713,-1.2393170273034602,0
-1.281708917631835,1.400465530150309,0
1.6083128706578358,-0.6000137625526044,1
0.5627382386806751,0.13384410208934916,1
-1.2825162994572186,-1.0240062816100568,0
-2.349930600063307,-0.74903823597234,0
-1.688670828797115,-0.10566037430803002,0
1.5304565332199378,1.4947912885257626,1
-1.367090202200634,-1.2372051222251956,0
-1.1779158605168036,0.10362611772542257,0
-1.530662999722106,-0.42933254029741486,0
1.6100927015764497,1.0822995939848288,1
-2.228450386551413,2.9424843341488236,0
1.1224317709819571,1.503819586941325,1
0.09086589174336211,-0.5637217129803025,1
-0.11737330654098323,-0.6746940514684047,0
-1.2457274726272076,-0.5053457443797769,0
1.1525739211108426,0.1251142456223221,1
0.8200823910474657,-0.26190926843105466,1
-0.21424053125654752,-0.41423780267828497,0
0.9696779665805678,1.4425896670268066,1
-1.2671390995960887,-0.9343766574501068,0
-1.1472584843439928,-0.5064277890296623,0
1.6685053135369086,1.776189207870511,1
-0.3102881128467323,0.12572697944067157,0
-2.3621838888742444,-0.9568991204360034,0
1.5431009326200054,0.019823666420364705,1
-0.8258313377458795,-1.2692244879297778,0
1.2341426415606689,-1.5113850898171113,1
2.06474112097576,0.0020154950131849314,1
-0.17746131835993087,-0.36305680524294603,0
0.6786542858615403,-0.9766065235991512,1
1.929560733218663,1.3956937721229732,1
2.195404962358774,-0.4610891054212174,1
-1.3302389501446805,0.0217680856882978,0
-2.3897160395520536,-1.3305897847824268,0
0.8617544927732794,2.3298904378788974,1
-0.9702670334874334,-0.2930050626150114,0
-1.7838565575304135,0.10434215619551934,0
-2.050771781024147,-0.21996508880345517,0
-2.5141706067697562,-1.0654773462900022,0
-1.0297953154354837,-1.9718977833340268,0
1.1279446565232134,0.004789639706851534,1
1.4366791994290793,-1.4183040076801534,1
-1.9384642097009173,-0.9165723408258486,0
2.461170450494904,-0.7871409336333456,1
1.3311678040872914,0.6185233642659411,1
1.7117481552791178,-1.606548264614541,1
0.8126771020638246,-0.598002387092636,1
-0.6719530683919855,0.23675422548160174,0
0.21160047896795112,-1.5680676589335953,1
2.2843899916583887,1.8779006659324837,1
0.3494879253980443,-0.7574878086399008,1
1.0695353552041038,-1.4969180800222204,1
-2.299177909370823,-1.1434043583667262,0
-2.001542374171814,-0.8289601296160489,0
-1.7602945563678658,1.4131664255516192,0
-0.09349253339642546,0.8622197065059983,0
-0.49864019174791563,0.24077098634793903,0
0.05645361093097767,2.0203890378636506,1
-1.1192678828791025,-1.3879866501288518,0
-0.7336077885472235,-1.149213433561771,0
0.691559103171694,-0.026214845334651904,1
-1.8983873087362986,-0.3151519180747245,0
-1.1127102525534638,0.44350982771790626,0
0.2268587910511249,1.535510417612779,1
-1.5302787759191738,0.7545501724141453,0
-1.152917610450671,-0.850390835135751,0
-1.717947938330206,-1.5883932142274233,0
-1.111562902181277,-1.2292607809687341,0
1.2158704692704165,-0.2180490403721527,1
-1.519987166989645,2.4938187335897424,0
2.000396451378436,0.6997908804360452,1
-0.7886095920759914,-1.538970093031157,0
-2.1811708375912047,-0.35596200679124534,0
-0.5602103794650335,-1.0499995593594753,0
1.4906836830703651,-0.9205294378776891,1
2.1782831910579508,0.20124881893140634,1
-2.318396126461508,0.08999009245074974,0
0.3073664455867303,-1.3786848101942195,1
0.20842941116421543,0.8973434215052533,1
-1.2682313316265148,0.0061876739246112256,0
-1.4282054624039784,-1.080937956109315,0
0.18281638559974117,-1.2639925639844618,1
-1.4377501756940094,-0.8855209877646081,0
-1.9139912346209982,0.9160056846585872,0
0.5855350654763145,0.9208570418672436,1
2.3278520423261497,0.041734833478537514,1
-1.340851598800987,1.037576599722854,0
2.834871475196089,-1.3725935677604908,1
0.19803573238105326,2.1088456573825907,1
-0.51282210245953,1.8271789902340214,0
0.4897764318774982,1.0573859574674884,1
-2.1022166154456587,-1.1687878587787885,0
1.9950897054516532,-0.2774140789868945,1
1.0019124395838743,-1.074009543704299,1
-1.3619501152297813,-1.956295935607498,0
0.18467011554524054,0.7014449399189265,1
0.9334079342292959,-0.36790302311164974,1
0.8386950849492185,-1.3242614923015803,1
0.5683266656952761,-0.819421729745655,1
-1.8523598924338847,0.17510868749977182,0
-1.961011347893197,0.9590678814901489,0
1.9903534146118893,-1.0075179267197099,1
-2.445107693545575,-0.43772971747304446,0
0.4381408955644336,-1.534338084028262,1
0.7798508652888864,-0.27834667786963396,1
0.21118246355541043,-0.2802543249671697,1
-2.2610062887577596,0.7290812491654094,0
-1.2708171487338735,0.6994969087474588,0
-1.3717872707481251,0.7826697717196834,0
-1.904982031438908,0.17914112267661042,0
-0.5526083126354641,-0.9440208923603687,0
-2.02984918307765,1.4504542794284356,0
1.2327059025319398,0.047944159003165676,1
-0.44314242482251065,-0.2513384029313807,0
0.276375478021161,-1.7521183772925442,1
0.7131126573518589,1.6051330860094395,1
-1.950396593712845,-0.6957661054895703,0
-0.7673346396417896,-1.980742088630326,0
-0.2252794715312954,-0.31969088556919145,0
2.187729874324115,-2.1285296235153086,1
0.6561856393218566,-0.16020250377107412,1
-1.384850272987437,1.0717883531530559,0
-1.9800141093658536,0.05094553644453903,0
-2.3230181040639266,0.18796673925809293,0
-0.3689633534085135,-1.2679364094950702,0
2.705989407984749,-0.3430878630576657,1
1.6799601418499799,1.302937931150605,1
0.20071241205751755,-1.0287847685735727,1
-0.4163727033944731,-1.9900404868775707,0
-1.9062741973639676,-0.9407974393456996,0
-1.735941151159714,-1.1965534408020135,0
-1.0204636213187186,-1.1431673385787056,0
0.8481238484162049,0.6177044105402237,1
-2.07628238844237,0.3092864565223957,0
2.5975421254305058,0.21404907624973524,1
2.398589368687284,-1.4327562025067495,1
-1.8857475940137347,0.19585142342920625,0
1.5238451038607232,0.7070246735951825,1
0.6707792656935743,-1.7043499127089783,1
-0.17358997884757466,-1.2204296801606027,0
0.04573939138976251,1.9035010306382536,1
2.049973026700229,2.0408118685239267,1
2.1890492520662597,-0.5722133622927692,1
1.7692869816299173,1.222961763129002,1
-1.6520907918956294,1.6326574152725768,0
-0.806740708194121,-1.8585201257713924,0
-0.7074821371032884,-1.9767449675748159,0
2.3210071473854654,1.1364914398059858,1
-0.035268356351942545,-2.0167174935029197,0
0.4993975311210168,0.0784670692193859,1
-0.669852746733846,-1.717904373032955,0
-1.804546342103127,-1.700070005364919,0
1.4724925985110309,-0.657492211105828,1
1.8277912101026808,1.8788724523623803,1
-0.9609693182191834,-0.5057557263358747,0
1.5775852817785891,-1.4223681955935379,1
-0.76194203559953,-0.059180393642384255,0
-1.2265145655948693,-0.08826658400057852,0
-2.3432397177262927,1.3923665149790163,0
0.7711191140481173,3.1708180010062326,1
-1.674060259841482,-1.133563309538149,0
0.8279647612860963,-0.022578368660876036,1
0.7760204986608851,-1.755228212054348,1
-1.3514838615372857,-0.9921388992928643,0
-2.2064238617838776,0.4264270194202957,0
0.1265217009735703,0.24179073843677057,1
2.245713275568478,-1.0846531569285447,1
2.30552872524066,-1.137715401931422,1
1.2983481632183955,-0.7215562190308056,1
-2.248828824928934,-0.14033918050364969,0
0.2553663595994984,0.5481782869419332,1
2.0511218290657913,-1.5178586329851225,1
-1.1391616520083363,-0.5059709648405799,0
1.3495978850717905,0.6798246730264453,1
-0.8510242491252907,-0.6058472714633341,0
1.0522549855887742,-1.5740529144155042,1
0.09239420333396689,-0.7064130853501362,1
-0.1467392046723264,-0.4098300466998186,0
-1.0947428572793358,-1.438682506075149,0
1.7593515843582523,-0.27098248377048567,1
1.4942519218328818,-1.1686333430932911,1
1.4282557400898652,0.948807522503612,1
1.2095860000788683,0.8611630153082105,1
0.6382599350228264,2.2282468400965834,1
0.5310559394980517,1.9810616533631213,1
0.877645604632055,0.3093453015398756,1
-1.7539623852947077,0.3848774933294927,0
1.8171329684525717,1.9983505386220193,1
-2.172424492195104,0.042313459511271134,0
-1.1967731395553773,-0.5766387577285861,0
1.9888655278309966,-0.7027652350342283,1
1.8236331696176293,-2.077464909992364,1
1.8437761098919065,-0.9920405967738126,1
-2.611555895629904,1.5046647276651957,0
0.16392601128545486,0.16319683486718606,1
-0.11746201863313101,-1.6509393127231489,0
1.4678437243912563,-0.02623391581694895,1
1.4739600520486078,0.9013603451510265,1
-1.937555265634923,0.2080465602965148,0
0.8944511158680488,0.11777789876476824,1
-0.3376030008070737,-0.7623739698732377,0
1.205220876598023,-0.26604333358580734,1
-1.3781209442259512,-1.010642906195387,0
-0.44036502170354574,0.6886434508910945,0
2.2211308659423294,0.5661515572965635,1
2.7036936450843103,0.19580038326587001,1
-1.1271439716213367,0.6296784221913683,0
-2.0765141683270745,-1.9253257555489767,0
-1.196109726984148,1.1185678500508138,0
-0.8092028112207891,0.06933666972632985,0
-0.7595068680168325,-1.419855257092904,0
2.1407030322904896,-0.7851387549528916,1
0.9445854010053348,0.7222032786635971,1
-2.548156193202218,0.8617236873750037,0
1.3427168569769543,-1.4993440003632932,1
1.8081942068256769,-1.3787118602127517,1
-2.2337127705961755,-0.6534580047433376,0
2.071655487061175,-0.37814002335240493,1
1.488110120461343,-1.9262982102331598,1
-2.2866605380348495,-0.15507523464599154,0
0.6876997449841092,0.6276199919693595,1
-1.824890091660723,0.47993029721165037,0
-1.735859980185002,-0.8360513632616677,0
1.513483216167101,-0.5874907986045139,1
-0.8052070600436706,1.0435155854221976,0
-1.6259657551513398,2.149592299483984,0
1.0089186109180068,0.6903449911323604,1
0.4816364834193466,-0.8079526778824155,1
0.18768371860542868,-1.821807796572252,1
0.34507179877982397,0.7533423080774894,1
-1.7527978677548361,0.08294483991590795,0
0.8761023154111276,-0.8182927626062899,1
1.435599510180808,-0.7179541123453128,1
-0.3726323617253018,-1.7951121611451892,0
1.7580386098068566,-0.22640834177512764,1
-1.5122036799755987,0.5286765330518628,0
0.6603036372584833,-1.2932550140795247,1
1.7817564171840872,0.018053030914560675,1
-2.4336096343564844,0.2513236306712342,0
-1.6871005209143413,-0.07641874419358541,0
-2.040730382502759,1.8101312862259533,0
0.7954041304361734,-1.7899805011023355,1
1.2866448021598393,1.4741982436351826,1
-0.8022913900113697,-1.9562904271880792,0
1.4766928375114075,2.3536286232709074,1
-0.800320476669287,-0.6538380800951826,0
1.850864680103951,0.7463069566927049,1
-0.153427098919755,0.4806677726261225,0
1.895110005936908,-0.24660225548253217,1
0.25562868105422987,0.31300348890026375,1
-1.7516864088050186,0.8220596440658868,0
-1.8771567560300166,-0.7128056669400297,0
-0.5992473684953946,0.15767587433818264,0
-1.888072832060691,2.296679787507992,0
1.1759657524471943,0.7934588666384731,1
1.9342485192754786,-1.8485072038140506,1
0.38962184408509026,-1.1530074954050393,1
0.49456823796982075,-0.5159997974173758,1
0.3694844414285362,-0.18077095082763636,1
0.08853771377630187,-0.5600472693265157,1
-2.25529440579375,1.17416815122409,0
1.5099066030057227,-0.49919062175879336,1
-0.29086412078506807,0.4746966819503433,0
-0.4461883233353888,1.4704546854661613,0
0.7288937499323028,3.1247138129771987,1
-1.187427466971586,1.5415957485060732,0
-2.2233576998728957,-0.26485080266694766,0
1.0420390660153103,-1.8824114310417692,1
0.9493813990568691,1.9388488332967393,1
0.9434441229369795,0.6486217337011281,1
0.5448720327318695,-1.6682871577115006,1
1.1865355878030839,-0.31048955372040654,1
-1.4752819220535875,1.4629434873225655,0
-1.3162117307401788,0.2169591927286878,0
-0.4591699337756613,-0.5545338677100811,0
0.24400833563572033,-0.8098961566588847,1
0.5090712750742271,-0.7143664552595634,1
-1.7754138257381369,0.36227266956155424,0
-1.4633297254469995,-0.8817439527512992,0
0.3061987337366685,-1.8238230166749112,1
0.6930671834524071,0.6595487876790204,1
-1.4020420043586372,2.3107912366346826,0
-2.2357597884383607,0.884204779087948,0
0.2852096305540921,1.0038258439876437,1
-0.8079559877898636,0.7944666718574672,0
-1.0755555543890019,-0.012644286478494693,0
0.9174703575407636,1.5216885650733945,1
-2.2048929360573717,0.7831410252297765,0
2.562578729090382,0.3941531835212879,1
-0.04563066903196338,0.5260236953105379,0
0.41708863275184516,-0.7552438088255665,1
-1.4551748205028472,-0.885582496890416,0
-1.8103570009525964,-1.0094814882189138,0
1.785765378340078,-0.8511946913856552,1
0.7675412850590535,-0.9062731044513799,1
1.8299227630087578,-1.409727730966516,1
2.485254287765433,-0.5498806463257746,1
2.059605848657619,-1.2871810321788102,1
-0.035736661987241555,-0.2760446557005559,1
0.6870220011950756,0.2050531451791392,1
-0.06277919149423719,-1.0239669685515236,0
-0.21748757101183966,-0.7410190387704605,0
-1.2247424999122507,-0.8581086409724075,0
-1.0758937668504056,0.6610983635589057,0
2.1613232479779207,0.10529736294541459,1
0.0865720827398566,-0.8027639729543643,1
-1.8649577439273333,1.031355496556282,0
-1.2535523131767028,-1.6080688122408562,0
-2.1660405298989134,-1.7109046939201997,0
-1.6443520469282908,-1.266521339551486,0
-0.41551793916319724,-0.6223333269235769,0
0.4211490890218811,0.81887103916293,1
1.0810702224478614,-1.0858631315448093,1
1.5681174418364625,0.27762967033013775,1
0.5084460807380521,0.34034769443419866,1
1.7752287774590234,0.6175089151456131,1
-0.2743787857154495,-1.9197853909838614,0
1.4931679119706232,1.22477706163192,1
-2.071679183225001,-0.8983297039475202,0
-1.544622915812723,-2.014889192226011,0
1.488815911153837,2.9295625244157626,1
0.13132272718070853,-1.8603515973600415,1
-0.7669974098309235,0.44929114967658035,0
-0.914278631486953,-0.9682825977399336,0
0.039559698863699665,2.0645600797016983,1
-1.0825601704797196,-0.6765586984170417,0
1.843291364011476,-0.3330363958855071,1
-1.6208976327388445,-1.8634382924183277,0
-0.21510164124910353,-0.03658786391575036,0
1.3241893820969224,1.2561186242150053,1
1.6740113991612111,0.8187892969168337,1
2.212431688807163,-0.014766381316376143,1
2.2983423520703754,1.160366650001757,1
0.585180400686287,0.9321308705723909,1
0.09139083330906622,0.6232442323676872,1
1.0655192588753462,-0.5566317546243778,1
2.216154002740091,-0.5056596723213926,1
2.1846450269237625,0.45374498756146653,1
-0.16611032234760204,0.7157168764713043,0
-2.1512152972347987,-1.9126975768614387,0
-1.921631850522201,1.0366473946985097,0
-1.622998815633664,-1.7265410707105127,0
2.197278733972515,0.3462391972159722,1
1.9492130665201735,-0.22625338635191217,1
-0.4230877410596078,-1.789505293081386,0
1.295872917929762,-0.6595524599798643,1
1.3612316816765295,-0.6784566697468187,1
-1.4333973371371023,0.5017452785247808,0
2.1962606130603683,-1.356925318585148,1
2.1651582539439875,-0.6504437967249903,1
0.10100562839693894,-0.7743623798325892,1
-0.9164117640314458,-0.9735617228241664,0
-0.0037599792991155423,-0.5262244581101507,1
2.1468034267462777,0.36971739955110294,1
-2.40346378262053,-0.8597179396532278,0
1.2868562141225446,1.793564140920751,1
-1.6578643214124689,-0.774995053130763,0
0.5677521606668315,-1.6564529946375748,1
0.15353812392634753,-1.4634285171181656,1
1.945741931170315,-0.6340351459785276,1
-1.8391908815527296,-1.0551756349086423,0
-0.9736898322370329,-0.4500886388593494,0
-0.039305061379786656,-0.22062918794671993,0
1.9361266619356452,0.4884673620041666,1
1.7279515213744827,1.123314098416642,1
-0.8690920750570952,-0.3762571338028031,0
1.8621906427568247,-0.4465976358849051,1
0.3283168945211954,-1.1653645900072243,1
1.8620218069741439,1.0808641060378577,1
2.458538312169863,-0.18265648871040718,1
1.3034303548762112,2.077522800724238,1
-0.9688195058946915,0.9242068386617942,0
-1.507111905291758,-1.520191718508118,0
0.5347841824989815,-1.5295499593307293,1
0.10910751279409679,-1.3774745988075359,1
-1.1669790407562866,0.18738074338410382,0
1.7516333731946798,-0.24036436530255242,1
-0.9554832398551976,0.29157562867160025,0
-0.12036305673574513,0.6362744618363109,0
1.5949279678915242,-0.23118807055038634,1
2.251093082529343,0.4737855027112847,1
-1.035062305972474,-1.2034686577824445,0
0.44599411565191893,-0.11231662642614781,1
2.016909473349306,-0.05433739097947693,1
1.9601084944143348,1.0984903893719045,1
-1.9171687117768572,-0.34759014136936855,0
-0.348061686442395,0.4210093074476793,0
-1.2297241979656783,1.3167548485093006,0
0.24021756794532795,-1.0272531508197233,1
0.8037513938660757,1.0367425577591804,1
-0.6027560833426431,0.222800080940599,0
1.281892078781305,1.8254577645143328,1
1.4516573797271441,1.948710957883696,1
0.14462671265204546,0.835429434721067,1
1.655321524648826,-0.7206166413040854,1
-1.1132677124878554,1.6601117325933852,0
1.8348472133575142,0.4425848881555494,1
0.26422956800064,0.10837906052085577,1
-1.598967435100578,1.14531802711508,0
-0.3869718814492007,-0.2669791890662794,0
0.7467121574985335,-2.0218014703779406,1
1.1501062526607038,1.5995107885123767,1
1.0570477385910404,0.5375543953414316,1
0.6246199874662977,0.11637785890382768,1
1.8849906431276489,2.0302087115815453,1
-1.4760652450289815,0.29190186288938524,0
0.8132083682823554,0.28685522006810826,1
2.1261610949789596,0.30940815875542116,1
-2.6047995348911392,1.4433727653252277,0
1.2321466769152203,0.7517258222352096,1
0.27656888789279443,-0.38906456659222544,1
1.8979779923694498,-1.0143489314296228,1
-1.92162546454467,0.2484195835824392,0
-0.3312315173283591,0.7556185706263897,0
1.7539380811873662,-0.5044365581315546,1
1.7299246023586299,2.521371204728144,1
1.9382720809533303,0.32323627587995085,1
-0.2907682194266872,0.288148503425562,0
-2.212832692220602,0.8427256568554827,0
-1.1446784772395302,-0.5462128360370021,0
0.9274438290504678,-1.340978627201351,1
-1.7534060964886995,-0.00466905099205156,0
-0.8199809563482152,-0.6314948113346315,0
-1.8697728573034176,0.8462743278857013,0
-0.670727829791726,-1.291264609492142,0
-1.4340432545570265,-0.5651995891654661,0
1.726758039369519,0.6751773885641174,1
0.83519277102396,-0.7056955031962642,1
0.6599197979994782,-0.3591712522454943,1
2.203031210049726,0.5116779727049764,1
-1.485939252243958,2.4258859584074393,0
1.5100978412598292,-0.7184264066324416,1
0.7987180736630409,-1.4903274697253241,1
-1.6083524987696114,1.2702538378023287,0
-0.11763252829103804,-0.6123887262489354,0
1.831989236890729,1.184296291614705,1
1.742127702673561,-1.8756565026485092,1
0.313842427535019,0.9607242300853912,1
-1.4752213015044604,-1.43454703726458,0
-1.127684738899756,-0.347112536836339,0
-1.3916808581122668,-0.7434228109512496,0
-0.6766841391007395,2.0241398471670045,0
0.6248256445991712,0.35639758879264327,1
-2.4849051870690615,-0.7966615464858775,0
2.282550432815659,-1.3884128659570405,1
-0.6856332283885825,1.11524939460999,0
-1.410879743244062,1.3312204119109827,0
0.6034575618443551,-0.029572195192761885,1
-1.607765872499512,0.4541779266743894,0
1.1435755317616492,0.523405015235816,1
0.208646352469194,-0.03646700471195491,1
2.227630484247755,-0.6222361958079652,1
2.154964987284395,0.2469428298915527,1
-0.7638448466425865,0.8004776006726805,0
1.9846627579293106,1.3294121545584927,1
-1.6840205034351825,1.286416426362186,0
-0.22646816303351455,0.002399727972972443,0
1.833347804286083,1.3641387670019243,1
-1.4970280740063644,-0.7370664429303546,0
-1.097114787691161,0.21903434048740056,0
1.549800047512828,-1.695518108117044,1
-2.6157488885103026,-0.20400670041405639,0
0.39085585981474824,-1.0633764199791376,1
-0.754603513042198,0.425872072260023,0
-0.7599042586078387,-0.49525240255657477,0
1.198293057103835,-1.7781637928025726,1
-0.24820441958008588,-1.4836272290465415,0
-0.330848787627144,-1.4575688212788842,0
0.6074693277306386,-0.7201823073978867,1
-2.239162655058975,0.16249306946715614,0
1.5004282534325617,2.451629025118885,1
0.2292938496518605,0.535614111517491,1
1.3643641523562635,-0.41876019606766884,1
0.6834044825979863,-0.5307708849084218,1
-0.8839067512747479,0.03054537018660397,0
-0.33890243110086293,2.0684328810292474,0
0.06646426216284243,-0.5091072380932697,1
2.067947907618152,3.72285499114135,1
2.211631028060723,-0.8602947019132721,1
1.2405442435242922,0.9685567486639012,1
1.417226801164333,-1.2874330842485766,1
-1.3623506678778352,-0.4953024844926269,0
-0.9251893017154452,-0.5509961710184401,0
-0.3755128378401765,-0.22890729670126297,0
0.4786729890895668,-0.8491810121935488,1
-2.2386434317449324,1.9664910263503907,0
0.25271266143332516,1.3047198394125505,1
0.9079008963027422,1.0249732113773793,1
-0.4458864403291545,-2.2045708038060705,0
0.5821507413631715,0.06422289476920656,1
0.8098166554887228,-1.658086099334127,1
0.5414144701345678,0.6981750072180356,1
1.0834787429663932,-1.2206847848782882,1
0.5982553522215591,0.5017286274817243,1
-1.8361993475952396,-2.261877690785349,0
0.18519067056200875,2.2682548142357395,1
0.5595951879745042,-0.3399418701831554,1
-1.78447389108307,-1.6191006750015031,0
-1.3727352269773259,0.5428424917780564,0
-1.4691078166403864,0.6744263588500049,0
0.4355104016011252,1.3727852726067313,1
-1.2352029184851603,-0.6910517222227601,0
-1.377579250315235,-1.7621921260208442,0
1.1863720219217115,2.4610363416665355,1
0.8870277139317162,-1.2782866448477215,1
1.3604847924407848,1.1533860722097455,1
0.6364755695735189,0.19828782922583943,1
-1.9099439685472186,-0.4050891033797376,0
-0.7815415550692586,0.6938504581315549,0
-2.59616447021958,1.405662227826098,0
1.8605835893468758,2.180043642012252,1
1.575097138312296,-0.9130090041052978,1
1.96995290716498,-0.4268146539344934,1
0.10989213808658904,0.36948014056387835,1
-1.4981517969652718,-0.5538100293265771,0
-0.7302449033383362,1.9742755559978669,0
-0.48585524691616544,0.5166183112486837,0
-0.1506390585807021,-0.8947533049671007,0
-1.8278814515319641,2.5189856850720544,0
0.8172793954379645,-0.4179586876204645,1
-0.20116021811458418,0.10765053397797092,0
-0.8628341686395774,-0.5088121257791146,0
2.27856064964543,0.6251537954947253,1
-0.0213315670185127,-0.5856422980987731,1
1.0294077096225756,-0.30563166611030523,1
0.5919966840428376,-1.474799482496918,1
-1.3682098002681995,-1.2251311228770083,0
0.8845284988965613,-0.5517064370276189,1
1.4732358892421982,-0.5151664399067815,1
2.242232580893201,0.675779132010326,1
1.2610863328495425,1.9424639874375251,1
1.7445962544305178,1.8996483489474052,1
-0.9121679076395601,-0.1517443441584325,0
-0.11160875470265355,1.8339314857266067,0
1.705925128700581,0.33383928462088086,1
-1.1075061922757599,0.25413607192696486,0
1.4609884439666223,0.8404093928690531,1
1.3349232982611001,-1.11846026198488,1
-0.271376629519651,-1.0972560809333687,0
-1.2677246365968948,0.29717125622326435,0
2.645809961700052,0.4790684640762617,1
2.269038223256096,-1.705673543433801,1
-0.6880203972727277,-1.6499148269090864,0
0.20354414390330666,1.1904246790986357,1
-1.7384164835148077,-1.794720544145937,0
-0.8497656262059967,-0.8337211435052179,0
-1.4544700135376156,-0.05180550710336246,0
-0.012129916510419607,-0.6032141858327544,1
-1.9798754699159633,-0.9317426585744916,0
2.5929631940379267,0.09560375674463256,1
-1.1072330541911417,1.1242927416639823,0
0.21076469038381254,0.18347136330702607,1
-1.7651629897805852,1.3504141219478423,0
-2.150810476257808,1.1008860639307958,0
-0.8866229561999565,2.351395427986146,0
-1.2764744968587398,-0.689643487844409,0
-1.3000158975417386,1.3899163282162208,0
-0.6133658259238757,1.1375724685511943,0
2.0229700785861664,-1.7298663410034143,1
-1.8007462069684754,-0.46359043529170874,0
-2.0429839252753834,-0.558389480196784,0
0.6407295320715675,1.4723039170554508,1
2.0132190425836125,-1.34424631014102,1
2.175568111406155,1.0308699311620297,1
-2.2850985096044156,-0.052489705786709084,0
-0.572990325597652,-1.1480731811197735,0
1.7185911858441734,1.29443583079054,1
2.3402244972556003,-0.7402643822875762,1
0.5928533991926209,-1.1427870883426676,1
-0.9224776941279139,1.0388150785230685,0
-0.014823306912604485,2.232743688885352,1
-0.19015338518075683,1.3735447221953563,0
-1.8031436891110961,2.059628695847655,0
0.5179790971556036,1.7199450764319715,1
1.7376029738102627,0.9321325876120109,1
0.44035332797264903,-0.3156168892212308,1
1.286385027580683,0.4932905705773486,1
-2.0464732807057295,-0.017368483454865802,0
-0.29817943474773523,-0.16243805086771898,0
1.5650992497546574,-1.1129751811771005,1
0.31808156940782084,1.0157438827011638,1
0.750830808565796,0.5312806864726893,1
-2.042613109889481,1.2085975732133378,0
-1.5217189895387486,0.20691017392858402,0
-1.0326913714256154,2.1727247357898287,0
0.05072005713570154,1.0750500907764224,1
1.8647649990293524,-1.2338122871507913,1
1.9555260209065701,1.3550695746542405,1
-2.127920709592,1.688055490020608,0
-0.34484382125856583,-0.3173090123697268,0
-1.713880070007042,1.0034817290845388,0
1.4865179407521751,-0.4657415002838506,1
2.1528726773158477,0.30363752915322406,1
2.552778940473875,-2.056911213722216,1
2.0601544799422538,3.5058555617669644,1
0.0566024218061093,0.06369195698096497,1
0.6226450341485,-0.6427050839136601,1
1.1731647648038948,-1.4143304043610603,1
-0.7605324026016448,1.5749549401141065,0
2.2609392266156134,1.247486145697923,1
1.9849540096271316,1.1066469600566173,1
1.8361390639536048,-0.0576617418257836,1
0.605933760597082,-0.6853524628150305,1
-1.3970134572466413,1.7282019056680515,0
-2.3448357300449794,1.106788408797184,0
1.2167922505269244,1.3704202675758221,1
-0.9403859882506501,-1.2949813768378662,0
-0.4830109739218509,-0.4184849880799141,0
-1.9424456759904993,0.349422557498701,0
2.0555731449427537,-0.6066319829466363,1
-1.3549853941978485,1.1079197153615477,0
-0.39954902968482253,-0.528053352598417,0
0.0682497425947854,0.11711791340145472,1
-1.2838712818327616,0.03497022330509758,0
-0.402499526200923,-0.84908816746095,0
-1.1124927106237565,1.5102125996641806,0
-0.5193849155702018,0.1236100305711918,0
-0.2917899408659742,-0.13344257320829087,0
-1.1287758279321023,-1.0496873236471074,0
-0.4743758885704944,-1.565295776382046,0
-0.7724690744406411,-1.806732788683318,0
2.026125008703228,-0.6357458111012777,1
-1.6903752503619798,-0.891573274039597,0
0.16129632261830967,1.5554042850054612,1
1.8156389865522609,-0.7224423861990531,1
0.8082861108083025,-0.9698986783309385,1
0.9641264369258732,2.0374965371515956,1
0.9559848801195122,-0.5830606000007034,1
1.4151704538481744,0.2758190680932445,1
-0.011638809017384604,-0.43108517023094506,1
-1.0670739328499916,1.526553193138691,0
-0.217325583600692,2.0704589274856278,0
1.6084949489304083,-0.29511230214467593,1
0.25630225524269046,-1.6242521875175053,1
-0.17196690690963054,-1.4911760614310738,0
-2.1566562583510374,-0.5965695098386659,0
0.9642799347423617,1.7009268826099877,1
-0.14137992600121346,-0.6606084126672198,0
2.355751998594802,-0.15160304305269576,1
-1.490660955491409,-1.4933618894840563,0
-0.4173521168114046,1.5218364347990505,0
1.5871415564453613,1.4626785772216708,1
-0.4118609940768123,-0.7307186285000393,0
-1.9841458109770043,-1.004437449025146,0
0.5887332840760497,1.5580998497665028,1
1.5244768126855615,0.9352176930425128,1
0.8834059519767516,-1.2446283850171924,1
2.690174759209012,0.5412333014620258,1
2.134684995817484,-0.16410706074491707,1
-1.7356915499274137,-1.3624833565408463,0
-1.690080128736047,-1.791541005503921,0
2.651153719770951,1.4754058798182892,1
1.218582590760487,0.44791578995490755,1
0.16015564875637173,1.400978637031752,1
2.4243991399110505,-0.9420091138613186,1
0.36244535938423805,0.22580441308455879,1
-1.7238728027319845,-0.7798582910103582,0
1.526327705611793,-0.16799697884365736,1
-1.9988887170582819,0.46983444901764126,0
2.2597001234145706,-0.16015025596874405,1
-1.5231070210795428,-1.6537830003497378,0
-0.688080143961672,1.6421763965572564,0
1.7793136038224107,1.772495431834448,1
-2.1221107260285956,1.4409170563762204,0
-1.7807416629954114,1.424394991954395,0
2.0209707570779614,-0.7264091024089361,1
-1.3717361049907169,-0.5571593955505256,0
-0.7951105283766357,-0.7135008276737227,0
-0.551507137924002,0.36748550436036465,0
1.8761861469803105,2.1021691048411837,1
0.14684358889244817,-0.5751326540717774,1
-0.05728413995618924,-0.35773932361133254,0
0.12420810648132977,-0.5591609806286661,1
-0.37924687587891637,-0.7833612126151015,0
0.3665097412958035,-0.6524172644977011,1
-2.062389918880355,-1.315643698852817,0
-2.2748585094736384,-1.8053501637359637,0
-0.8988483959646913,1.4420798025849928,0
1.9873944430025046,-0.5247479917104966,1
0.23753431167427463,-0.613842382548978,1
-1.7109034116662087,-0.11423802038877306,0
2.0520665342135325,0.13572122185440105,1
-0.34317892181724874,0.6906334278225131,0
1.460825112019452,3.002395548109657,1
-1.740322784718193,-1.5148105522965234,0
0.7563243065441801,-0.393832686630033,1
0.7822835199728181,0.1798029469670972,1
-1.026877902565765,0.9466824986929071,0
0.5307058882410581,-0.5224678385386528,1
0.7937105127682057,-0.6435935719638963,1
0.4523594523601836,-0.9409898244285991,1
-2.4553671438536067,0.18233793881977467,0
-1.025733390928913,-0.8511814645346532,0
0.3238317126461375,-0.6102784213866799,1
1.1456495962664346,-0.20219517708943655,1
-0.22297938289442304,3.857834875991725,0
-2.2094908202376287,-0.7888675570161551,0
2.581175307850256,-0.7910908023939187,1
1.0001300352974885,-0.021139939826343268,1
-0.2798780781783352,-1.1153234991805987,0
0.6589199245649889,0.780149925590978,1
0.018659519133437576,1.4528731709415994,1
2.1964971032809655,-0.8203834991896097,1
2.6480200696695073,-0.14424888408905345,1
1.2139733475352825,-1.791050104782367,1
-1.921533778055078,-0.5803701867079714,0
-2.173392728396888,1.5956349985852611,0
1.8299778056669789,-0.3858331419947189,1
0.1414251278731604,-1.02089147358092,1
0.7595171333124662,-1.2045950906337124,1
0.3302836252584299,-0.7508793950440074,1
-1.209991404711213,-1.0941612510663106,0
-1.3454024420681598,1.6548463948312278,0
-1.512805004204542,-0.2162273065611551,0
1.566443696842582,-1.4902504736091782,1
0.6182312226020144,0.13784342119446402,1
-2.113756694785415,-1.0585565006220619,0
0.718956179024318,-0.3242610557108929,1
1.6832542363982865,-0.6159676783937279,1
-0.9693901759633364,0.9547803017360886,0
-2.38708184397216,-1.1367811444132518,0
1.2513871621612456,0.5095007314463721,1
-0.18270636878681562,0.9914867281418535,0
0.44020981219242505,-1.0996712301486715,1
1.6603696902209757,0.19610420245110238,1
-1.4889909510389294,0.14898163764598182,0
2.803292564252101,0.5312756601477685,1
0.8281983793344233,0.28555782368018146,1
0.07548046648903958,1.0234854605844155,1
0.6677511744709276,-1.1017113340983153,1
-0.8101076078098486,1.9335079092848737,0
2.248360557221914,-1.4787980816105923,1
-0.33455561258880384,1.1632122364167423,0
-2.4300200810297268,1.6386222279462226,0
-0.031580953329377354,-0.7406927584298504,1
0.6533558216656088,0.9188134146162129,1
0.7853290564530584,0.0023282458315689314,1
-0.6371763129624616,0.6510292897726314,0
-1.255536679515667,-0.7180076905854689,0
-1.2480544617192257,-1.6265288836041516,0
0.2972918826366857,0.5730538021530704,1
1.6186136492713832,0.7512521683888637,1
1.6429374342952514,-0.060919295554672015,1
2.2845365039228587,1.8771614409986763,1
-0.6562894931947869,1.3640008024247332,0
0.8201481762265429,2.2416404840606763,1
-2.0419788324716137,1.631865729997636,0
-1.4842192015119353,0.08727672767532191,0
1.9531192783723599,0.5041691846236532,1
-2.2953204790997717,-1.8280960029403532,0
-1.90180213027047,0.6186705321342928,0
-0.7610540333119791,0.17636550267956774,0
1.2004109633453297,-1.0070475697297792,1
-1.4786609162145659,1.1110377106258271,0
-0.11754549866402823,-1.3198730494072275,0
-0.6736226439293491,-1.1166708269754824,0
-2.3405532540879452,1.4699542343416767,0
-0.6756175803851476,-0.7152342925137783,0
1.9977508974642688,-0.534552441701074,1
-1.553762701220527,-1.618577289417607,0
-1.8421338905061737,-1.6456357681615317,0
0.5345335455687209,-0.9228436805353489,1
-1.399996216830323,-1.4482507095555337,0
-1.2107830548657026,-2.0345302612453207,0
-0.44972756810075076,0.41652760291514823,0
0.8309351602051614,-0.3486995001807803,1
-2.397315647833786,0.7317519332542818,0
0.42199364299300113,-0.1305199675379787,1
1.8571132623030104,-1.9252326653643101,1
-1.890364695351698,-0.2509135520742348,0
0.5205311994827521,1.5939257012959867,1
-1.089742079930743,-0.8903664795707245,0
1.1663262245776487,-0.7624878274621354,1
-1.889892306411181,1.4997278228793691,0
0.127881922798525,-0.32984006080795314,1
1.3954363792986662,-0.895098903853523,1
1.722922139265329,-1.5445024429444159,1
-0.013025236919612751,-1.5427220209382,1
-1.9196001462671932,-1.4792553931464831,0
0.8592731734741031,-0.48911979533133787,1
2.481987709988473,1.5012064755421268,1
0.9703690569000896,1.1849555003662533,1
-1.7068685355975022,0.8200000522580694,0
1.7242658577688164,2.7588161967644735,1
1.5515744596127703,-1.0929436388494542,1
0.7097731118304472,-0.7477366938291417,1
-0.6197283838551402,-0.39697219900209013,0
1.217048082402772,2.3666486453960247,1
1.6228029393975294,-0.7509977927040097,1
-0.9215464527788058,-0.5255095344252809,0
2.1070226151251235,-0.8064588382507181,1
0.968278959174169,2.450389764707973,1
2.410723190193992,1.2199897484138522,1
-0.20103662979853737,2.1412707158056765,0
1.410322744277273,-0.7324023493522853,1
-1.4987872571425003,-0.7624330163806959,0
1.806758394283788,0.7717250014266234,1
-0.24406068919041535,-0.37615181449754165,0
-0.6783774260268928,-0.2424331632052647,0
1.7766944088888974,0.12446901550513095,1
-1.2933013291500448,0.3569819889234822,0
-1.757186423837716,-0.8548902055897366,0
0.024810622767311476,1.674798007857683,1
0.7589889044629904,-0.2564345867904184,1
-1.1046721306163465,1.1522547495815423,0
-1.861944405699599,-0.4452724096246711,0
2.1579966279745366,-1.5100420646986952,1
2.0860013915677476,1.750973267041671,1
-0.7841764468022073,-1.640511823199656,0
-1.0582380544861654,0.8841780883196221,0
0.4400249588843328,0.2918132881955219,1
-1.4347421644006904,-0.0033560184851468278,0
-1.431768429543134,0.8570192172777108,0
-1.0305030949481964,2.0971618121270783,0
-0.528238014103458,-0.5659361005659427,0
-0.31401355809266096,1.3376458423294428,0
0.6730642720503881,-1.2372170923060624,1
-0.10929159511059738,0.9680580324170317,0
1.8409515917585815,0.24250496060425009,1
-1.4106478711031545,-0.5019763888206832,0
2.295330574626595,-0.45057541185524436,1
1.8286031057976888,-0.39297846695516864,1
0.25591163448084764,-1.5227276062331043,1
-1.4338449372050766,0.8673036863947706,0
1.767103618223188,-0.8642669905297421,1
2.0986932933210416,0.2632189352243399,1
-0.3285170925945824,-1.326217558531038,0
-0.10493918266454175,2.2989554386353546,0
-1.5430656659593225,-1.645127684804495,0
0.33435673823113066,1.883397617421859,1
-2.2634447821929036,0.5938863015696536,0
-1.8448964332894717,-1.024150996123242,0
-1.164616311678797,0.3223083703359878,0
2.728393629301778,1.1619803085539786,1
-0.06252060638297369,1.3229292364483873,0
0.44318226620818135,0.384785953328069,1
-0.4683900151585517,-0.7144935111582351,0
2.3725598135390586,-0.40092202563997176,1
-0.5030207285641732,-0.7552414291958105,0
-0.40793713202631987,0.9814906336940813,0
0.47304016252140413,2.198517772537288,1
-0.29026552851183807,0.930395587897069,0
0.03203542556568203,0.32928264822083675,1
0.4253093406978713,1.4706337237543514,1
-1.3801207719542468,0.4037713197585576,0
-2.246024627601574,-0.432580935760133,0
-1.487167191100453,2.1714418439618406,0
2.446817465160561,-0.6819517451085723,1
2.1720214116738075,3.1000878400975065,1
0.5371807286528723,-1.5839431687221865,1
0.954226128232248,0.2827242749053528,1
-1.5334840015906788,-1.9122248946158074,0
2.1968401199280456,0.21317536289497174,1
0.9536221303978202,1.0841277359952142,1
2.5888885159291566,-1.20836440976638,1
1.965649758444534,-0.23016809400765925,1
-1.9988648497707522,-1.392725443275057,0
0.10542590204674537,-1.5591051679118562,1
-0.990967225998083,2.0197259428730043,0
-2.276981370326147,-1.0238109253353251,0
-2.438743384305743,-0.05661368483966356,0
-1.0210645644787462,1.0068771991411278,0
-0.9759663216973677,-0.35834338337189453,0
0.18715941916695936,0.25691495692461574,1
0.8787475798240152,0.04194387513447334,1
1.6852639138139216,-1.3932586682838428,1
-0.4159807576308413,-0.27938639388635433,0
-0.4931325468710851,1.5270442415220642,0
1.015718455990321,-1.0989929045143603,1
-0.9337595581256336,-1.0427839351510257,0
-0.8206981980337756,2.380560949860302,0
-2.4125043036816987,1.235565728512289,0
-0.7495270980885939,-1.1012757730263947,0
-1.6400512385504329,-0.6661483035575657,0
0.83908817166216,-1.232226076132096,1
1.4156237737921897,-1.2067092529650538,1
-1.041976465650794,0.949795610711715,0
-1.0205107437503385,0.21924188403444,0
1.8710193449769499,-1.976074041923535,1
-0.5932067979141313,-0.8002648485788515,0
-0.6386498021853244,1.6664194738954703,0
0.7006014831950546,-0.7172287925393952,1
0.16511814569088293,1.572213708637607,1
2.0702819679364834,-1.5941314195770033,1
-0.9273587757680749,-1.4698178898016465,0
-0.8673815146426559,-1.2101802938181971,0
1.9924619631265856,2.4010037485353264,1
0.9835672250763843,-1.03364176268067,1
-0.12157279765818486,2.0281639423983946,0
1.273307935766194,1.485269381424235,1
2.1257570314312186,3.0704213838194145,1
-2.6187217345320732,0.8770519302301495,0
1.151637187912503,0.3549046382130807,1
0.21874037879877,1.4387609714476026,1
-2.3252452069623852,-0.6265235930995319,0
0.7068845165640039,-1.805202004152357,1
-0.4765693643133233,0.8213200980275926,0
0.8524233018743179,2.2659868977845035,1
-1.005046799271816,-0.7810118242693196,0
-1.9622702097951858,0.7433178581730208,0
-2.4330781656288805,-1.0833067887907695,0
-0.16162119386995183,1.4799634529101708,0
0.4223311951029042,0.3541182582708897,1
0.009567957964517959,1.2275651605501876,0
-0.4489265866328658,-0.12444106621292594,0
-1.6872633420779513,0.4444290441337434,0
0.5308193616576702,0.7537898460989677,1
0.32122483209333996,-0.7858153842437234,1
0.45257218994873316,0.6021637621998043,1
-1.6038088689776255,0.19444713122296609,0
2.0083655266049805,0.6345155622256742,1
1.8621829236473046,-0.11495448818199552,1
-0.6931416474952884,-1.4452215224800726,0
2.7909581455146473,-0.12419328852781969,1
-1.4965815941037435,-0.12763999351813346,0
2.5915707940816315,0.5668029120197771,1
-2.036272944889513,1.3318008501381664,0
1.6986528425193896,-0.03727449144617079,1
-2.181997277673535,1.0855972805377903,0
1.4920038501890613,1.4630560305618014,1
0.7821403194750747,0.2823400885376698,1
-1.7741180283741063,1.1127370145770614,0
-1.4533976224572402,0.08052832352953482,0
1.4160980775975163,-1.5105180612693778,1
-0.5552615564181594,-1.7041375894445059,0
0.023210965210725732,1.039269482045182,1
2.627672645169774,-1.7225387136773809,1
-0.16542208592694327,1.0689677700841123,0
1.0153780822474954,2.0518599710493244,1
-1.2846143604940712,-0.6445681660968487,0
0.7266089082179028,0.6646665201353436,1
-2.412791395059335,-1.1849994990375698,0
1.4339477257874194,0.8901243754411995,1
0.5856536195216371,2.960604845496589,1
-1.7885882992005182,-0.4141821965288523,0
-0.599471030228616,-0.13570014460386928,0
-0.1498236425774501,0.4956223445185456,0
-2.0036713638865566,-2.0939350941291277,0
0.35420710994927307,-1.304056067794288,1
1.4584812671649163,-1.8803035145286096,1
1.4202713795000705,-0.4131160205177356,1
-1.475552119271442,1.488857670124402,0
-1.928152113123585,0.10785879962002975,0
1.5017038090554662,1.9353003336647983,1
-2.2448538539042047,-0.0505768168544492,0
2.727495423167816,-1.4985867050665758,1
2.3461471781847965,0.9347137404813816,1
2.500244091361065,-0.6854535486347924,1
-1.453546183006231,0.19707692122113873,0
-2.5270856532364667,2.1091446345319076,0
0.9780954531354402,-1.110223069970837,1
0.2562214981907117,-1.6636931797049126,1
-0.08710488949779072,-1.0512002848207924,0
-1.1463777158470558,-0.7824622652792359,0
0.4381179307527443,1.1927145228494962,1
0.18871156924945695,1.5170882088171216,1
1.870266322197024,-1.1161507786959226,1
-2.1094673004536473,0.6378956039738805,0
-0.04178731712527275,-0.45337051234104103,1
0.9121906329822259,-0.6310451415309088,1
-1.6015598742099322,2.616389074493577,0
-0.5617294058175346,1.132183610159026,0
-1.2035861857391355,2.3320347734881457,0
-1.6578098603123421,-0.8704259277413762,0
1.748368119279453,-0.8258528439704478,1
-0.11442253205413451,0.04365297056451656,0
1.2554426558665726,-0.7754853962564339,1
-0.3808111517977395,-1.3325378165672173,0
-2.1211868408697705,-0.28829928794279175,0
1.2879334395308704,1.5595970187277288,1
1.301567030754083,0.19042088441654015,1
0.8412246466708403,-1.7664133008060787,1
-1.7828949593375145,-0.01337325430113373,0
0.14598597458065485,0.04928350194597214,1
2.602324753309762,2.2478275001531065,1
-1.4632855070953674,-1.562286123778204,0
-0.22137882464952968,0.8109224649414942,0
2.1448071019078907,-1.7504920455064807,1
1.1759937394836726,1.4420715856556603,1
1.1725837539953736,1.0557183954461458,1
-2.1306275269700565,-0.31438556068124257,0
0.5378238933704561,2.455293555438897,1
-2.106360347809325,0.18264168745580855,0
0.041061946221182366,1.068805504065454,1
-2.0489682623422705,-1.8796501577106732,0
1.0700104185533414,2.3394982691174087,1
1.086303577651959,2.445744823358252,1
-0.5942039104203292,-0.6692803760021264,0
-0.6217969972174321,-1.0789796436048364,0
1.3366599077745638,-0.9772989227292858,1
1.4521778407079313,-0.43150302232632576,1
-0.24506431649414573,0.5352060316882457,0
0.7620867547093343,-1.5948802249205314,1
-0.17958873466731717,-0.6478102741366596,0
2.0783504197103926,1.5972732745146812,1
-1.50907429551187,-1.3798915576104194,0
-2.40782758841139,0.7121707657734867,0
-2.2919867497186597,1.5278215718200236,0
-0.8663068034592112,2.019691069053985,0
2.0832455665719634,-1.7895049696560679,1
-0.1993578119104193,-1.082254656261941,0
0.6277949302306001,-0.7483312130945552,1
0.6987263737367587,0.132329129480805,1
-1.8598014804953231,-1.0500086959517954,0
0.8303972172990656,-0.5873914058054757,1
0.6740017323902273,2.074007379092492,1
1.3253949519331456,0.2738297447785737,1
-0.04816049085880695,0.15944611534697206,0
0.618132216191508,1.5284952847372408,1
1.0030715668803747,0.9598702224907777,1
0.44640403564027276,-0.4896532763854301,1
-1.0189719150253596,0.36294850069960494,0
2.472028021298181,-0.7341780812960634,1
-1.9337434829329847,-0.2516667777696927,0
2.1594714152924706,0.858051691236969,1
1.134693723774417,-0.3779191456712812,1
1.3758805056967072,1.2380448195598843,1
1.4536505651958613,-0.6971601352295238,1
0.9737757241578198,-1.5630774121257391,1
2.219226161350129,0.6626833542118843,1
0.09235061054165497,0.3520051328742041,1
-0.7731249432895282,0.4863900811242,0
0.9673157312945715,-0.8111545295663496,1
-0.9521250296530985,2.18131599510477,0
0.4944083531091059,-1.5341905251393388,1
-2.319317333863408,-0.5177077493288322,0
-2.0304548133474123,1.0432819913495766,0
1.7897129845041502,-0.37966602859614407,1
0.7260947104855983,-1.8982866387740525,1
-0.1286008695194573,-0.09246817317250161,0
-1.9367887557241936,-0.0019088258557951598,0
-0.7445729674314231,-1.4375320576900106,0
2.4303443060213428,-1.4571320911775265,1
2.092992758746079,0.3964206048529937,1
0.42520103765967454,1.6979566434971791,1
1.4625652513436893,-0.4404507114231204,1
0.5701562015019043,-0.12088221798830298,1
-1.6293839657228015,0.3451240859374858,0
2.1810161600856968,0.7735187132834186,1
-0.9925062021423582,-0.45338994535296706,0
1.4422345085644042,-0.9881555875588022,1
1.800662040467244,-0.5013854140106506,1
-0.36168821519731575,1.0235667812080314,0
-0.41883280039148474,2.2291245646962206,0
-2.099273073647614,-0.6933039131655089,0
1.55348432063611,-0.1502676101545899,1
-1.6509141549859185,-0.6112725456490815,0
-2.3493722811800066,1.917082337747141,0
-0.2955189965093661,-1.009074131155156,0
-1.7343668157745198,0.15008953547011983,0
-2.3585897846977644,0.29642604664818206,0
-1.543021673577629,0.7596124204039597,0
-1.2711888827036417,-0.20222670143355065,0
-0.24913886527167778,2.562102756966282,0
0.8210233939713669,-0.9460582695285528,1
1.7661202835843839,-0.9086546735179111,1
2.432567745580433,0.012909164069028978,1
-0.1659428917545202,0.0667559288794014,0
-2.0777746274547035,3.0053104138416016,0
-0.1419908065663359,-0.8920183272951212,0
0.6094263751817126,-0.9084945566952345,1
0.3207068301305308,-0.0013896615026380288,1
-1.775531421197627,-0.14008079095045622,0
0.19362759032059276,-1.7430358493954894,1
0.2728202918821152,0.3138937413930135,1
0.39081985282812437,-1.0260501369619237,1
-1.9670456235058436,-0.14694307699687448,0
-2.4318604005750513,-0.2798904745846732,0
2.1741350674191042,3.092059302017848,1
-2.2879541425226613,2.000408831411467,0
0.7040254916712463,-1.4824484841226555,1
-2.3716350307909657,-1.053819997245252,0
-0.787444318321123,1.9877172381498611,0
-0.4862434673667114,1.6512739051563545,0
-0.918601427477993,0.8877306349956212,0
-1.0195907696170081,0.7490706199979028,0
2.5077804600927323,0.3441602146931113,1
1.236413510267978,-0.49668365543462034,1
-1.2542203187404317,-0.7722202968194041,0
0.7434826062616137,1.8575099301123505,1
1.0382705041320468,-0.4399968733717882,1
-0.3184319088261821,-0.048374593750824924,0
1.7817187508253305,-0.48435819385351025,1
-1.5811432137850987,0.5643547444075311,0
0.1472799525233581,0.9680346919655131,1
0.10878667009782438,0.9699504197752783,1
-0.46910082565618183,-1.6632139610404617,0
-2.3025830301280616,-0.5259925464621202,0
-2.2704847457586435,-1.392412582220833,0
0.6873727666506501,0.4295383777736306,1
0.3683804838614475,0.0008038950590335547,1
-0.8450384794858516,-1.5651687000343157,0
-1.5160049363583263,-1.078100326943166,0
0.21578728165011454,-0.4133078392401465,1
-0.33878352006221923,0.4270640030379722,0
0.802913805810932,0.028392730310797865,1
-1.0300812272841524,0.9090988038395783,0
2.374783119316003,-0.010631924532511938,1
-2.5089130041520513,0.8217613888898546,0
-1.5767968962693815,0.5067306707488984,0
-1.5378288677058078,0.3858868993347341,0
0.1749370589016136,0.549599901135262,1
0.9739006788704323,1.0984428225228022,1
-1.1515332732786852,0.4656298285002486,0
2.291791963044591,-1.6316408376870517,1
1.2582867067686587,-0.2572873754132829,1
-2.1316121766364935,-0.9597308147702515,0
-1.3653461088247103,2.0108337438922614,0
-0.3598292551684632,-0.28272362436027965,0
1.379769457715937,-0.827311378987454,1
0.16505212922246965,0.21021738893277375,1
1.138549826440196,-0.28638170094745535,1
0.91533964409291,-0.5771594643233219,1
2.2074181293564417,-0.9392864116703088,1
-2.1871635744302176,-1.6069939334539645,0
-1.6287536186010754,-1.5856532408280937,0
0.1944621237121685,0.7743557369950914,1
0.3107816259379378,0.5337992853676791,1
-1.4684807023087785,-0.5555871218671293,0
1.9440014821595852,-1.0276354095586555,1
1.8373536990207457,-1.7902415649705827,1
-0.10912877141715636,2.072377862325748,0
-1.3560140902658264,-0.5367244470502425,0
-0.06635597075665287,-1.8519667311429133,0
1.0880775198863417,0.27805195962476337,1
1.7763867995183804,-0.7924185738624656,1
-1.7348601735084657,-1.302948096867127,0
-0.929669028094911,0.7315114251503753,0
1.0450215710297195,-0.8953685278506205,1
-1.3176317145954914,0.1992278626576124,0
-2.522307711405633,0.16531303306249634,0
-1.3816438605552415,-0.01843212109011888,0
-1.0720018691889908,1.1502855145520985,0
2.0480773935309355,-0.23880145429216104,1
1.414487305448661,2.0115777124106846,1
1.271089803674276,0.3874706153705233,1
-2.0830380456056807,-0.28553120737631077,0
0.802621280960724,-1.235693773804277,1
-1.7598828269848796,1.694846046836647,0
-0.3603976439640285,0.21532442260828277,0
-1.7607510076465742,-0.5328518258507218,0
-2.487324277882031,0.13752814948684206,0
0.34984782577254847,0.16248108289423735,1
-2.0200339550932465,2.7274923844613665,0
-2.0039928127298365,0.7350463918833531,0
-1.4357586101496784,0.8140068703601734,0
-2.337354820353392,-0.395603767690108,0
-1.1388426719264326,-1.2114470013237453,0
1.5840317080081514,0.4315313920597771,1
-2.0329458345955347,-0.6836096208679243,0
1.9511270343777891,-0.3244257905489912,1
2.019812537931186,1.2960433854108673,1
1.8137811327084266,1.5550374308929853,1
1.8681498471313402,-1.7822813195219354,1
2.256882314862639,-1.463727559055425,1
-1.578161486067215,-1.1548527827199755,0
-2.092191513529696,0.666014584960012,0
2.354577368351701,-0.3394786742443411,1
-1.8101150210945172,-1.3433814666410488,0
-1.7772598347503306,2.0795330255178417,0
-1.563948659706198,-1.684564975653176,0
1.1020707536638497,-1.3566111618647718,1
1.8096146466734233,-1.5888413804430384,1
1.6642137525615197,0.20980532245729022,1
0.005803775997967498,-1.6358190400646793,1
-1.3311690866572812,1.7356622656491454,0
1.1627476861051889,-1.4080053407620943,1
-0.18276977422682011,2.202075578592286,0
2.6230205229457852,-1.8531858167632191,1
-0.4530048614381431,-0.6992801345845235,0
-0.012426415703130715,-1.040577723999698,0
1.1607468320523058,0.9562358696487417,1
0.842491585143217,2.2967504959118927,1
1.2398230073433898,1.5239773152005216,1
-0.15319611387121548,0.7665710067239769,0
1.1704005245937554,0.5794733041076577,1
0.008699185600294184,-1.242457666468439,1
-1.2253990418940295,0.42227752023601073,0
-1.0695807859534492,-0.9085964110472872,0
2.7032842451231387,0.4886864242611858,1
1.845121961755167,0.07800411493132814,1
0.7094890092064619,0.15815858098131363,1
-1.5095384940431176,-0.17317825234403134,0
-1.7358933837460766,0.9565837356847319,0
-2.1440384100486853,-0.2199572070986499,0
0.8020503323107617,0.6404442725726971,1
-0.40885324537720225,1.7385001102756483,0
1.7367073625842495,-0.8600556109363697,1
-1.5339898345498373,1.5936546182740248,0
0.02141285724265513,0.17330261278241654,1
1.5324841570099008,-1.2538368499244883,1
-1.5268836661306857,1.2706639977418277,0
0.8615194014684964,0.27280210556221185,1
-1.3715633413674366,-0.1936860609312274,0
1.919144332960867,0.04641651084092263,1
1.5863036401004085,-1.0390186166893445,1
-0.8009373113068791,-1.110345344719532,0
1.0006043084448384,1.2572005093642895,1
-1.5331708497125451,-0.2793732277398244,0
1.4537154012742664,-0.6848153020859524,1
-0.13423586988590563,0.6952354143699896,0
1.7969811913082456,1.5220744770935366,1
-0.8598092300188583,0.6048758291997334,0
-2.4282006894207284,-1.1537701773181694,0
-2.1000647677162076,-1.7322476347003093,0
-1.7647445656239484,-1.3084399667146753,0
-0.25200421299419484,-0.9850006863931807,0
1.0213180770980979,-1.1164780037174638,1
-0.44893014788412444,0.49617685397677946,0
0.25530756289968903,0.7380000186062744,1
1.7179006206565441,1.2343517148608574,1
1.2431834572764717,0.2790253189995505,1
-1.3356633567722744,0.779895471181672,0
-0.33379582285214715,1.805103378370128,0
-0.010540932787051947,-1.0047490372736774,1
-1.0551417868941981,1.2424325146259436,0
-2.33656206868399,0.26127957769920096,0
-2.186090604513964,0.3355110712967916,0
0.1291551806541695,0.10570686743864494,1
-1.701038282618675,-0.7607873679347285,0
-0.8978305957039119,2.0298510137952177,0
1.3581777812200124,0.05299432134687665,1
-0.4838225518241023,0.30761632082682855,0
-1.449178501526105,0.6822578387722319,0
1.9001458430217704,2.8366320022800307,1
-1.1506289119965973,-1.47118654595926,0
-2.329333119734026,-0.6725364871836572,0
-0.718603313145949,1.5480872802532257,0
2.538338675648967,-1.7876674934960133,1
0.04955033240814175,1.6952315984824966,1
-1.021528201815408,1.9089999474368584,0
1.152629131635802,-1.6824601699253265,1
-1.9086404338696514,-1.2998501127583433,0
1.2225328279887362,0.045662967250194586,1
-0.13046988868516318,0.15596876075208133,0
0.624613192006688,0.8289067132043703,1
2.7204668459055426,2.2078518271840366,1
0.14358264280454114,-0.313741649334555,1
-1.9118709724925513,1.9456634250103169,0
-0.30827379167308777,0.44536679219632747,0
1.00218003988128,-1.2792993821312473,1
2.0194427277660227,-0.993654888475418,1
1.6326908270692022,0.46431645899959273,1
-1.1199172811439286,-0.5446977117585794,0
0.07305741122466616,-1.0240351381934703,1
-1.928617479312109,-1.5322821332080516,0
0.0669013104426534,-1.3129985816121612,1
1.2560369350636769,-1.0789749555698707,1
1.926550161860392,-0.03901073745371186,1
-2.2046331096594547,-1.0552351827464777,0
-1.066268173733628,-0.7888816346553744,0
2.331275889791385,2.569950285026858,1
0.10303621080468026,-1.0155455880765543,1
-0.7826541885442434,-0.9732926506179279,0
-1.4294555246486633,0.48715190162124655,0
-0.5937947679349965,-1.1048709225584654,0
1.8469367631875717,0.6487657644622947,1
-1.1327270443426327,0.5515690744749044,0
0.5081732065372595,-1.055983193718488,1
-0.3925994220162268,-1.3297517316281589,0
1.9321612313116996,0.6215643214342053,1
0.5643568742049198,-0.9360344986399015,1
-0.9184464241569049,-0.054214904916625895,0
0.4036590893896783,0.11978330589789943,1
-0.25490387532048764,-1.017653540105573,0
-1.697938137217916,0.29823220935611594,0
2.5368780326583704,0.5811878943791658,1
0.8724649833926711,-1.689831282150974,1
1.2335298279654836,0.42989923349202097,1
-1.285766717606681,2.0787006036242475,0
0.6529286611561297,0.37518786559226247,1
-0.793554640427221,1.8865287906264645,0
1.325697772622023,-1.201839592165853,1
-2.013470092945752,0.19051777285098193,0
0.7420293090813277,-0.4555418913697429,1
2.1959766552453734,1.375982937356878,1
-1.8785877367431743,0.12020217408353934,0
-0.6317850351748904,0.9000794002590856,0
-1.4556611128394574,-0.7530082986437219,0
1.3450771332312121,1.2393245471860461,1
1.2895753867747557,1.939878252469942,1
2.4428725256113863,1.193135664683119,1
-0.48788924867986483,-1.4941010668765244,0
1.4573099455565508,-0.4116167316853854,1
-0.37724717378915584,-0.4331766062970877,0
2.14297008892255,-0.6196764465788315,1
-1.3969727141771429,-0.8874654679059348,0
2.037752604504675,-1.1799477779358245,1
-1.1707438281452403,-0.12596258617336148,0
-0.5989466337216341,-0.4215435063757515,0
-2.225003392747334,-0.920949504301431,0
0.39938732498419727,-1.9114550052485844,1
-0.20274618769570005,-1.0149781810041003,0
2.53584494834531,-0.42501150341287863,1
2.369216851315227,0.7245335218769421,1
-1.7012110559193316,-0.8339385317814058,0
0.7435635477387565,-1.3121138676736535,1
0.9886875340057991,0.050781750500736356,1
-1.8488393823863887,-0.3723663197931521,0
0.8475041983329475,0.6653691761667914,1
1.2983494749076248,-0.37330477068079304,1
0.8394761464931748,-1.4804807029679043,1
0.8738343842036067,1.5088499758907954,1
-1.5822852830291032,-0.6419080360807854,0
-1.3176123172864396,-0.6517174129941656,0
2.1777553176758717,-0.24688745037903587,1
-1.268715865484694,-0.7370523987861979,0
-2.4370781800473673,0.5965618697826421,0
0.16878343970874407,-1.893392427538417,1
1.5193867637556389,-1.2497643586543572,1
-2.441318340613001,1.7674743805750839,0
0.37134586351810117,-1.103187786946495,1
-1.6107875667588611,0.24304993955176968,0
0.31341617516697806,-0.8479078058006757,1
-1.807860960898476,0.21785914525172068,0
-1.347832486902271,-1.759161913697168,0
-1.3337444958107285,-1.054736401201253,0
-0.7267363675038423,-1.9293872982995106,0
0.3021629005302189,0.9023288442527831,1
2.2487390233083677,1.105908664189403,1
-1.9409780214467574,0.2487592349944302,0
2.033349692556416,-1.456897862890962,1
0.04463153296699625,-0.6712787109007308,1
2.6931845795579976,-0.9388588670632703,1
-1.2075011250353336,1.642522048643893,0
-1.6059134464982656,0.9601203780572901,0
1.7617368651578422,-0.6136800529960655,1
-2.37197221871144,-1.1117569421131916,0
-0.8888933501120062,2.1058505360647675,0
-1.8608042031553096,-1.2415817693842004,0
-0.7691197018650149,0.7508069241114806,0
1.7034579331860362,-0.44424868531058037,1
-2.3038280147922676,3.0856930404424743,0
0.44547264965561684,1.2237604286798436,1
1.1134269555522556,0.06258380233038591,1
-0.9937045143762607,0.6167145053978305,0
1.1309654150455064,-0.7926087958337275,1
-1.1060076568702382,0.3537587988692976,0
1.1414639886598745,-0.8447409285088475,1
0.39117412037032484,0.5043300650090214,1
2.21989134763839,-0.5265051467479893,1
1.4940870590562088,-1.929901871284287,1
-0.5536749553141369,0.7722922029964397,0
1.9392838747317973,0.762217528916361,1
-1.9201670427498763,2.770509523032384,0
-1.9466567974404303,0.6523945911408936,0
-2.304743333008745,-1.7810898913346924,0
0.9149666694813913,-0.24841795645419726,1
-0.38027554410601216,0.8546677124990448,0
-2.2411126806957955,-1.3413574950776523,0
-1.8356874917751265,0.3657235140533698,0
2.5234185776120284,-1.8224853644365528,1
1.9351380792849802,-0.24084937370047624,1
2.302673844557375,-0.35101791317028713,1
0.886020477090141,-0.5976063027141316,1
1.6124758798230852,0.5553883937714117,1
-1.3737422565815702,-0.9475159514030056,0
-0.2127054912273679,0.279074746349148,0
-1.633291059602413,1.349982745115244,0
1.2273697892875608,0.21943201354256237,1
-2.156080162787925,-1.64176643586107,0
-2.1183450468165472,-1.1070704823049076,0
0.6518643992738963,0.7678205458828299,1
1.2418918974014996,0.3635085937506729,1
-0.30392508676951324,1.4723306433218757,0
-2.26936456134748,0.29460699006977975,0
0.6214930703282101,-0.919741910910428,1
0.5964024872456707,0.652596525973577,1
-1.379105379050414,0.45706028958229994,0
1.7769844920385554,0.9053034335209978,1
-1.4457437358796645,0.36400129967232786,0
-0.3067605634369164,-0.07074291325710375,0
-0.3584392115660321,-0.31311982407541805,0
0.2833006940195878,0.8106797517543979,1
-0.7780196685087382,-1.0136852576551871,0
-0.15456246259714604,-1.5365701242761691,0
-1.69979759742289,-0.08445627841617342,0
0.5899458033698058,-1.2721116952177867,1
-2.1586418501031797,-0.6050847131355725,0
-1.4485558761550963,-1.6614895347174716,0
1.6625604107099468,1.489221167400573,1
0.704446288785693,-0.1353756635617306,1
0.25604806324037377,-1.9808033905890756,1
-0.48214544386658187,-0.22116959677225612,0
0.6349234195619853,1.1546795622581616,1
-0.3316640585229367,-0.5676152260388642,0
0.14581273595212307,-0.5245438876157622,1
-1.794713661770715,-0.004855785522566436,0
1.0453980972034913,-1.4473785968326531,1
0.33655670116854697,-1.3343573984825616,1
-0.07546822039347725,1.8036986156204704,1
1.3878141209165284,-1.0585192580964462,1
0.8034756152327857,0.9758772651613773,1
1.8107819773467493,-0.6217652582191744,1
1.7208733100084053,-1.173671212702386,1
-0.8376775078401881,-1.7958395075896716,0
-1.591059589557645,0.4522043244292435,0
1.5948304711888424,1.2334909856915925,1
1.3728968852424206,-1.3748644360711468,1
-0.9003260542164483,0.808054149518325,0
-0.4378881026868404,-0.24515314679332983,0
1.3567265911450006,-1.9112531974860043,1
-0.6140063170035641,-0.7278052172732864,0
-0.1303095349533308,-1.0192875138055557,0
-0.5973423934092351,1.7505030790043667,0
1.5429854056156505,1.722782190438314,1
-2.28726095472194,-0.8207455958055023,0
-0.3225922667194868,1.1759905264801929,0
-1.4898554039371057,0.10496028756538095,0
-0.03847747103374639,0.7463588016259405,1
1.2941078238321244,-1.4783033540911745,1
1.203613046791371,0.3062326462528199,1
-0.44688089617091953,-1.7257942338367447,0
0.40576416596430287,0.6679490209636513,1
-1.3510357487620759,1.8088110702649849,0
2.446745625359301,-0.961063577137103,1
0.1739646451025131,-1.576643853545844,1
-0.26133792020218694,0.14777179262091877,0
-1.2686886396850456,-2.139390698018911,0
-1.304998409344623,-0.0032701784271054746,0
-2.1579486551304123,0.4001935812761436,0
1.2869334004248996,-0.8274482777941274,1
-0.3502973082258951,-0.9933524974814341,0
1.6998444784070725,-1.2961958118876256,1
1.8630802202264758,2.2048836076483367,1
-1.7685780708096939,2.302342428917046,0
-1.9218548139703717,-0.9657822251139808,0
-1.8706979748307582,-1.632012697555496,0
2.1047213310209436,1.2618237573595086,1
-1.8097323090192305,-0.43378547440795934,0
0.5284984158879503,-0.8391868797873465,1
1.1295935542985514,-0.5025031707738153,1
-1.32751449484767,1.2816109550851489,0
-2.0201127846546645,1.8018749381152972,0
0.3076890306081874,-0.45834810397173215,1
-1.3518467327808783,0.5430290198967134,0
1.0710019059718683,-0.3266752576410137,1
0.28265237001539656,1.7111988272219842,1
2.002583586191771,0.8565790434295585,1
-1.0222027504950533,-1.408821194876733,0
0.895258703031996,-1.3178816915351361,1
-1.0435805964425655,2.7230116533548174,0
1.986407269135027,-0.14882895421536307,1
0.14987090481799478,-1.5663206300746588,1
-1.3214646558643086,0.3252737823357874,0
1.5804739194591246,0.5189025861124038,1
0.8640807950619042,0.12357315557624982,1
1.8302288891292382,0.8171785160272139,1
-1.079902709057854,-0.6275657560234256,0
1.8381048541841798,-1.445553702843593,1
-2.07027230824127,-0.7593401971804621,0
0.6225711422576474,-0.8928022597328957,1
-0.5013739506554733,2.997172843031098,0
-0.4593865330698528,2.2676318547693213,0
-0.1049402151465109,-1.8756218633158177,0
1.625863335028945,0.10940838108011014,1
1.205343079730615,-1.5306911573906965,1
-0.504067585204957,-2.01793777729251,0
2.145255058063601,-0.3460093924526969,1
-1.7537776819389252,-0.17277518230516137,0
0.6798271818354593,-2.024394071266338,1
0.7869778494879708,1.9186046613319676,1
-0.8127591844521274,0.10883248475847673,0
1.6997353869546996,-1.234985995202294,1
2.3871566075017854,1.7880824447975336,1
0.8778360326966117,-0.5862257307972335,1
2.477725310765515,0.7246456001551523,1
0.08655282478882848,-0.787634584208357,1
-1.911209847224498,-0.38584995624773505,0
-0.08482796255365817,-0.2215596150585283,0
-1.5815473550329056,-1.3714364023430523,0
1.1048719203283486,-0.7645311753345123,1
1.7943659400093817,-0.13729830489195027,1
-0.4946301889695476,1.6478413140385593,0
-1.7309798224073714,1.9373263710579853,0
1.084892578591153,-1.9564523960297922,1
1.4630947459281003,0.6014353727969265,1
0.8324039928903678,2.2973839836871504,1
0.23962631301337828,-0.2932055972619175,1
-1.17743843941091,-0.4807918870149906,0
0.6736798351373039,-0.7320770088500715,1
-0.4608027216826103,-0.05526964174686011,0
